date,2330.TW,3711.TW,6239.TW,2449.TW,3264.TWO,3037.TW,8046.TW,3189.TW,600584.SS,002156.SZ,002185.SZ,005930.KS,4062.T,AMKR,INTC
2020-09-02,,,,,,,,,,,,,,,
2020-09-03,,,,,,,,,,,,,,,
2020-09-04,,,,,,,,,,,,,,,
2020-09-07,,,,,,,,,,,,,,,
2020-09-09,,,,,,,,,,,,,,,
2020-09-10,,,,,,,,,,,,,,,
2020-09-11,,,,,,,,,,,,,,,
2020-09-14,,,,,,,,,,,,,,,
2020-09-15,,,,,,,,,,,,,,,
2020-09-16,,,,,,,,,,,,,,,
2020-09-17,,,,,,,,,,,,,,,
2020-09-18,,,,,,,,,,,,,,,
2020-09-23,,,,,,,,,,,,,,,
2020-09-24,,,,,,,,,,,,,,,
2020-09-25,,,,,,,,,,,,,,,
2020-09-28,,,,,,,,,,,,,,,
2020-09-29,,,,,,,,,,,,,,,
2020-10-12,,,,,,,,,,,,,,,
2020-10-13,,,,,,,,,,,,,,,
2020-10-14,,,,,,,,,,,,,,,
2020-10-15,0.014989853152834477,0.005768359287458178,0.01171585573694737,0.026075233319276383,0.016286026610550685,-0.022503581087234922,-0.05825108858491624,0.07582415225645447,0.021513591812388363,0.04253848763095159,-0.03920607300472044,0.06911529206178359,0.048264510376948594,-0.022996844546833088,0.037808181725667085
2020-10-16,0.009865593077468886,0.01312556754432749,0.01435156690090068,0.03012192128718829,0.006047610649668692,-0.05629869828214272,-0.12738253718845252,0.06815676718374108,0.04401428693120947,0.029888862512005496,0.04360837367713319,0.03529146307928891,0.05585071020828951,-0.025153806581071685,0.025703909919809288
2020-10-19,0.023039528593378558,0.016089223562431063,0.012003402152403154,0.00849439820142776,-0.002104649739351837,-0.01919272367558604,-0.12228206306452993,0.06515133404947986,0.0030447920162198494,-0.006368726105714231,0.008320926398662859,0.03618016668884999,0.09548728163026889,0.01754112788080549,0.04592631533506996
2020-10-20,0.016419235995231943,-0.00813694654739865,-0.033253024913729765,0.01581853813047835,0.015329798199768948,0.05902318050841705,-0.018236362766188847,0.09912343437377565,0.05287972846470562,0.016118065606187656,0.014405087205099247,0.03568297612412447,0.1234616287699574,0.04287858591707318,0.06049333762525485
2020-10-21,0.024661022396292382,0.011555365748941483,-0.06277109435670823,0.010295733468886289,0.02018557078723378,0.02564950141202839,-0.08974392476498211,0.09157259527110279,0.05488315302279495,0.059077375443871094,0.027019755324413877,0.035299549550144804,0.1645679398401578,0.14149453253128258,0.05733066808077848
2020-10-22,0.01399424797131743,0.03270220961031264,-0.06988405892067677,0.03474733740524044,0.023877812521831535,0.05312676880683513,-0.07212531110502109,0.07264377397907022,0.0344183271045478,0.07848215400065695,0.06271533246045413,0.011960164566752772,0.13266511019391025,0.10734909459258635,0.04771821242711563
2020-10-23,0.004102260187029159,0.043580555682124864,-0.017617092856839954,0.041456060303005256,0.04342386649034256,0.036032687629790464,-0.05198644156621396,0.07266431954757954,-0.038133967706043256,0.05095528478373577,0.01356553459603467,0.017172705736669396,0.10548267137733658,0.11998245411045785,0.06872247136000915
2020-10-26,-0.0025935964283592796,0.06342428481605493,-0.04039786075693119,0.02188383375116472,0.04214785159428152,-0.0023619684141750683,-0.08077928611748829,0.014135115946197312,-0.03537835929115549,0.06306519638871103,-0.013870710088279559,0.0050328630925275675,0.07472332160714552,0.1490998355812243,-0.04156807472275417
2020-10-27,-0.011160864968843543,0.03502637924844826,-0.021733796696008757,-1.7651090520742416e-05,0.0034991687084280562,-0.04466733329512525,-0.08833648751193675,-0.017500610783426754,-0.012810581266498144,0.08059779336995576,0.02302841782358927,-0.007684420510830209,0.11459292302034058,0.10560680776172734,-0.06823854255110734
2020-10-28,-0.030203753095848274,0.024688992963646936,-0.029368356501146192,0.024474059889549225,0.01701183611042563,-0.13460941159833967,-0.1847787020954388,-0.03229130334100999,0.010299932440267431,0.08934805110195054,0.06075042044820904,-0.0046663772027929346,0.16767219452601412,-0.04071772619110478,-0.08701014058167666
2020-10-29,-0.028376631436405744,0.01896991442805017,-0.03773151115155136,0.03460020133006175,0.020625880397218556,-0.2595934438000451,-0.17380852555569537,0.03346939318791205,0.019793815886247554,0.06576720499706037,0.048068629477756655,0.007090865754057596,0.18138657912369574,-0.018290791928221153,-0.12308082173924366
2020-10-30,-0.020328194821021023,0.037975867346108194,-0.021652773118658437,0.02286037003907128,0.01806987858270547,-0.2204592298143257,-0.14455022155138622,0.032691388651745465,0.029523486332761695,0.08515295490905209,0.04768552149294807,-0.006226810912551881,0.13735831437571377,0.009205196302546965,-0.11578448658384721
2020-11-02,-0.012681130522998414,0.0932238727796706,-0.01780161613455432,0.031085956224175086,0.009643147800724077,-0.27261475512154604,-0.15223618161781152,0.09080731037388166,0.05642404520100459,0.12633166865182718,0.04526941456830688,-0.0075045932420920725,0.10068443776316988,-0.00498573293841012,-0.1250162896127474
2020-11-04,-0.003978733224634313,0.10379969277343319,-0.03630400405971303,0.016139184488674886,0.01514467124997667,-0.22528582358549784,-0.05792113672252943,0.11847508768948288,0.034742999490832274,0.09042495865795469,0.014804632311842182,-0.03489371392119437,0.14680249167552328,0.024207231935029168,-0.12942048592752112
2020-11-05,-0.010637308841451129,0.08826390502178078,-0.022778827137848838,0.01676120831790197,0.05664059613942106,-0.21403051363990036,0.0073009949320593515,0.15347812434340644,0.029837521329680063,0.10421926444604507,0.03496823929336708,-0.012833841790188497,0.19769279872887668,0.04194839841596515,-0.12410264915830824
2020-11-06,-0.010463264873251154,0.08812463112102115,-0.02729457147093566,0.024674112476456338,0.042420097963968534,-0.2663342259825281,-0.05044724599161288,0.09318703879856473,0.15073646003884894,0.18812315715323324,0.14869945910042265,-0.013069606599115116,0.15623745395447755,0.09810566211772154,-0.11864771853019165
2020-11-09,-0.007528585786933548,0.12526457081385114,-0.028302296013762357,0.02460205907542454,0.03548566300015084,-0.22274598970328088,-0.031721427468674374,0.11238122698725724,0.20794118598904365,0.18958868430452325,0.16956720986977475,-0.02280381316301401,0.14992335755774097,0.031566564149503734,-0.16581302826787653
2020-11-10,-0.03054670249085277,0.14271435761899204,-0.02059378694772228,0.03965160006424562,0.037028709987110914,-0.19027153581018907,0.03986085556526979,0.12064361756224201,0.14230421936772572,0.1054653251932411,0.08984534651864402,-0.025651738963303646,0.09370919245436712,0.015336494578248408,-0.14202897104449227
2020-11-11,-0.036048209508443785,0.13317758118737122,-0.011552949804813091,0.04786766424763621,0.019495894222141603,-0.16975242301224353,0.029940117228688487,0.1211955779195769,0.05316569812284411,0.0015368545025359961,0.03369164200548861,-0.03016770335591676,0.04994226843974321,-0.015485027638984308,-0.17979282684276127
2020-11-12,-0.026447091394852115,0.15571700757111748,-0.027358712259923423,0.03597711649501048,-0.003185425931166233,-0.19316677375486674,0.017723352894843863,0.03752886987577399,0.07967301849629559,0.006519591462413873,0.0652394177327475,-0.034173253005053986,0.06496830199804586,0.030043283501763766,-0.158134957040373
2020-11-13,-0.015591201423619647,0.11711911342319446,-0.02257276023980736,0.021700215752872246,0.00045807451825583684,-0.18254529506292275,0.006563809194933934,0.006567072416413966,0.11503639828314755,0.007351260713829841,0.06764298492955306,0.005147841756717703,0.039581611189635435,0.00766508672950514,-0.1945883997246124
2020-11-16,0.012977076349140063,0.11159432392009075,-0.028456195170855146,0.013924079751665052,0.0015022534954775464,-0.18136356356958586,0.014930239731206538,0.00961331054225377,0.06424878023786895,-0.023456478833608643,-0.005009279214116445,0.0345810618605536,0.04116893721728032,-0.015616475228608248,-0.2157138566645529
2020-11-17,0.0065968456038684505,0.11089033810721183,-0.03473429980562586,0.018161524595659242,0.011960678399780829,-0.19336186534677505,0.07652182647423682,0.025625620761124956,0.11964391334968254,-0.0005289399896057576,0.024956153274833442,0.026400806796760476,0.0133703107540976,0.03253549055031214,-0.19624461692996542
2020-11-18,0.02757394834190697,0.10794061294520996,-0.01593125459221334,-0.014765130530659844,-0.016353841615208656,-0.22693321351396725,0.00788093757224903,0.005966860302077472,0.09154442508798297,-0.03986487539474654,-0.009262810392955942,-0.019024328502260504,-0.031504640545021195,0.006729403993955758,-0.23510408057915577
2020-11-19,0.013820172951753092,0.07650132380834239,0.0031479875187766793,-0.012918745192759824,-0.029009100964612428,-0.21170707716991036,0.01908245467911686,-0.014307695947640905,0.11199678215232438,-0.02230999185544322,0.00937359311851458,-0.017259742831147687,-0.057913617048680546,-0.023976025158924816,-0.21932985013266804
2020-11-20,0.008846124538199064,0.07535299725604086,0.02271706130614124,-0.012829661719689855,-0.00810405288176776,-0.2079248892772899,0.06592401829578384,0.025136594488647263,0.11127867735138704,-0.01226612372181555,-0.0022092452107924584,0.0010319377796710744,-0.012883481084367265,-0.01899212204756495,-0.20476706154677887
2020-11-24,0.010066182749366829,0.059927897336484605,-0.03701460502861049,-0.007513521990321785,-0.009605298305676989,-0.13761555307558893,0.1664480614241959,0.14025034674271095,0.15458755514194608,0.04653814832808591,0.032872041221246,0.006037351805270125,0.07097646071380259,0.024177573914630116,-0.1938532490850951
2020-11-25,0.01003666224043352,0.03661032727549278,-0.0226820257666435,0.005264721988302502,-0.022951918179639,-0.12205888506356094,0.1723360229221172,0.15405911007586662,0.19688656027520057,0.0318863298775944,0.07600310479961599,-0.007910833863299688,0.1105753580889205,0.044539315541086505,-0.05591655542819503
2020-11-26,0.010439287167851447,0.06900086012285012,-0.03131752623850157,0.021074054104871134,-0.03952752581891827,-0.01161616490715639,0.24059456879856253,0.22854450186646968,0.1386621614960888,0.03503785868999812,0.03433475343674752,0.01249126786160834,0.11944938194962212,0.01752560460843154,-0.034263240235082704
2020-11-30,0.003759745400416511,0.12265669004911958,0.0022953557747434003,0.03777482143679459,-0.019884370477457107,0.07263446895109596,0.3878099922084519,0.25338939045735087,0.17207900409931226,0.037075776553278594,0.049399228286299585,0.00784160945554531,0.06781415082637529,0.222086786129805,0.0017118508621593725
2020-12-01,0.01715756248352862,0.11144371781584148,0.0016290343924564021,0.02487779317929479,-0.008383493482934691,0.08909847325073525,0.30098257515309834,0.12974297474634156,0.1564144570870616,0.053646537597358504,0.036203705508343405,0.01749886807088482,0.048074315639582144,0.17963961316880242,0.029358915302763494
2020-12-02,0.030193653003803674,0.09142623721815993,0.05269376579663785,0.015355592112180051,-0.0028160717010396324,0.0739035774280182,0.2897994606414199,0.1217599579989706,0.14110346865719064,0.04310557886313177,0.02716631222479316,0.051747828495324485,0.07817069948533073,0.16596263280902387,0.04057339879412704
2020-12-03,0.022548170254512008,0.04819892617518526,0.06344743677528628,0.0008254438250002889,0.0005837381516755925,0.10556559579847938,0.2541422174905683,0.08438040327107216,0.07837738952789428,0.045539971156696724,0.021398592739281894,0.045026145193402825,0.10423535442172863,0.15610741180061372,0.048003423840030784
2020-12-04,0.0135947286351181,0.05123152834495283,0.07833997944920468,-0.0061692204071067125,0.015553554804423289,0.03870828105609658,0.17712890602169,0.007608202198948005,0.06478746334158789,0.04717979654769611,0.016334108157515993,0.07488772660360593,0.061214615087940766,0.120781827282646,0.06012752500204187
2020-12-07,0.0282088353456226,0.03339430356136153,0.06275376261943157,-0.028192204192454606,0.00804408510377698,0.042482021445689355,0.1740631256930048,-0.005697597283775974,0.049199906313185285,0.010519790460235628,-0.013110887415552122,0.05917376301009092,-0.0009192122860034457,0.1323299840914917,0.05597506804359727
2020-12-08,0.04112979833257,0.03190691280310176,0.04382877741246316,-0.029650430157946904,-0.006250177950056321,0.06948739509746749,0.22146981952042238,0.019361051107857324,-0.020893911823048325,0.010245704387802118,-0.10073349047131831,0.04287182427756393,0.05284512644700029,0.08844917833910879,0.011102459931516165
2020-12-09,0.030021415148256618,0.020034725656979266,0.05905485555181848,-0.01751072866577838,0.02997741138330809,0.05358712429329199,0.2223263489493597,0.009745255570122069,-0.1604027361784102,-0.09544199180467947,-0.1965723592993165,0.08115794414249604,0.040107547342828564,0.11349026877361669,0.03691167269910815
2020-12-10,0.037341086120464856,0.02175819146207078,0.026834497330543126,-0.027148836725153433,0.01865749802565294,0.01945521938249184,0.19139951357534624,-0.005430235125448171,-0.14135391104257844,-0.04583578672875489,-0.14584492814590055,0.07386455851503687,0.11278035346497342,0.07278854601523094,0.02632021657165151
2020-12-11,0.04475276850900772,0.012018068323106146,-0.0081860443133661,-0.03315446200925727,0.010835063122293404,-0.0134385379789429,0.18630184490291912,0.0015450743842218007,-0.10135215621684138,0.003419065091563374,-0.1401009425350493,0.07543797281300335,0.11961040072753867,0.1090550444973576,0.04646796290013186
2020-12-14,0.027447137341177118,-0.017552788414331624,0.006445375432392299,-0.023622470335889573,0.011169266267405692,0.036816578888593215,0.23356193545305584,0.046740078877972976,-0.08626725749533809,0.01783368466281307,-0.15073136424081687,0.08628466451913594,0.07673962283526611,0.05223646612395949,0.016543837324635463
2020-12-15,0.024817338744184167,0.025233903923856216,0.01626321547769545,-0.03103466025590492,-0.009634184456047253,0.05392366189344866,0.1799589643276486,0.04677064393554145,-0.09551009401134583,-0.00760759379719568,-0.15944278522881752,0.06482570889970199,0.10264784590864287,0.08686933726999693,0.07595675363440209
2020-12-16,-0.0018209856097602187,0.02377928776715893,-0.0015823185686293303,-0.02769327187738299,-0.0024873868827328255,0.06176635168916697,0.18802547138652162,0.06712868213542178,-0.136640563629291,-0.0009403404110698566,-0.1550396563755523,0.021073120384086097,0.06689934486952082,0.11752966304179374,0.07276266344380769
2020-12-17,-0.0016416464141321974,0.03872557108700096,0.02273349054910219,-0.03160440267384047,-0.011036018339888598,0.059881932025080464,0.12599858823490395,0.026035250214689193,-0.1580697270022436,0.009205025172885566,-0.16020751564844676,0.02958798530526753,0.10585078978882163,0.08492440144728026,0.07189636670565613
2020-12-18,-0.007318336929290951,0.031161162721555585,0.025065101415017235,-0.038081573229943926,-0.000632473131591739,0.05703265217573686,0.1443797784401828,0.060015225120825834,-0.1525497398071181,0.011693090387337915,-0.13026069022577735,0.053084660838614975,0.10682940613581696,0.11368645629053882,0.09085591727714687
2020-12-21,0.0054337972826108,0.02697918332257075,0.010671818298468992,-0.040718802286023675,-0.00661310612328099,0.03776472495758271,0.18299220413155215,0.04141767680179857,-0.12110099391342598,0.020374178635075464,-0.12014270729384047,0.04304714375262973,0.0767804347631935,0.09543049050395247,0.02305197994300759
2020-12-22,0.009958212266919737,0.02458497820945507,0.011569477870998636,-0.04746429759281534,-0.02384722468820885,0.013604657315917756,0.1458052034985664,0.03368734114472891,-0.11029557087160004,-0.0159993066341376,-0.13662453488427642,0.045958345547918666,0.01950680007981634,0.08815160408008281,0.0013436415168650295
2020-12-23,0.010729116295871026,0.010170049533197376,0.003202918442067826,-0.05877430299097495,-0.029510721128524965,0.012926939708104268,0.08230320027689139,-0.045263837907974905,-0.06741936620732494,-0.0438857756270326,-0.13068475808936303,0.05655477804106035,-0.02665872469188807,0.043497613768188094,-0.025749702020199883
2020-12-24,0.013934334784634739,0.0553932096523381,0.01700522881471664,-0.05736804272205843,-0.011699351996980252,-0.02928902349492854,0.061122846384047004,-0.03985806819882337,-0.11375369615858602,-0.08968164234115068,-0.1816970088847124,0.11539327078650269,-0.04106510800553395,0.010360527790597401,-0.04651037941271163
2020-12-29,0.018342895290552004,0.03788568763640124,0.002870808685724306,-0.07942802629330778,-0.02166764701102969,-0.09141446758285948,-0.017072025108399044,-0.12790432092906062,-0.07646713722721916,-0.09523180761039021,-0.16365192737443518,0.12285660800296441,-0.0699548363225542,0.041817215345153765,-0.03885430968579778
2020-12-30,0.029865179181185805,-0.004184311566792054,-0.04177723656523819,-0.11455280226259906,-0.04965636449634588,-0.09720726678068739,-0.08215222597735472,-0.14860356896414925,-0.09303463694676248,-0.07032341632147172,-0.20627036162977544,0.15375358974426262,-0.08714893994725947,-0.037052337878395444,-0.02445242618972579
2021-01-05,0.026656511968245325,0.03142258288971117,-0.046294090899180775,-0.10926108126508263,-0.05309540221245447,0.008743663923389933,0.00081308650104156,-0.07846001257851679,-0.06813592694062215,-0.02686823541146839,-0.15986191891035112,0.15341891944645486,-0.0914470023735231,-0.04995929070655243,-0.04101983838254336
2021-01-06,0.02983953703569786,0.05388434997501962,-0.10746841792218284,-0.10935440305986341,-0.06487542781014866,-0.023114307737076845,-0.021708534280964184,-0.09086413460855157,-0.12802056078925214,-0.04599498436209998,-0.19531012835445102,0.11673518962862107,-0.1083177574408762,-0.024686076373569926,-0.03843838164120396
2021-01-07,0.046429715241618964,0.0401174959834171,-0.10480006168325265,-0.09698587977980941,-0.06920651241877174,-0.010587371310093713,0.02711073899532271,-0.07351163662891147,-0.12214510019500815,-0.0921804501700759,-0.2293593049450135,0.10618861304237906,-0.11667168188697427,0.0013911754384351716,-0.05179306263860986
2021-01-08,0.055390029018331635,-0.0024966085273233907,-0.12802473111722457,-0.11217864235835585,-0.10824359610597006,-0.007582515793518763,0.052846397515800406,-0.08781758733064327,-0.12105471471832557,-0.1308343502838875,-0.1966843664812437,0.1442007497086092,-0.07892557559188815,0.04783990578176879,-0.057537302185842895
2021-01-12,0.058063695438685475,0.03971212960166537,-0.10142505209433972,-0.11514912283133182,-0.11244442943065783,0.04256463167357191,0.05220871697783268,-0.05620858499576094,-0.09203106642874444,-0.09288813958282321,-0.1904772556282703,0.13279665530029117,-0.05637245035548699,0.043593171894745084,-0.06669924816645915
2021-01-13,0.05223914467648107,0.09810151916385443,-0.08923406782808693,-0.10709912634545082,-0.10843544761204923,-0.01571080430670463,-0.009369238845744449,-0.09016464217426046,-0.04729237213167305,-0.09033896296328411,-0.10919600272022181,0.12944230991461703,-0.09247616927045685,0.06586687841844956,-0.009179543831629652
2021-01-14,0.04423886296423313,0.09811759995499889,-0.09516202149975789,-0.10658847421080828,-0.1449800738667152,-0.0034119966085002784,0.03151473197364421,-0.08834267401752094,0.003700059189052897,0.014177295912277232,0.0015436650889846387,0.10527872739746907,-0.04144649488058358,0.06413612609424962,0.0545289409519875
2021-01-15,0.07080663167315289,0.0701991589873428,-0.10466847033265612,-0.10639382176848942,-0.14666953699700702,0.03821224482481117,-0.0007178866524735067,-0.06789118612582808,-0.022151195329602233,-0.0706211135073035,-0.047204069280202085,0.09574472409368164,-0.06125041366951561,0.1727169704011966,0.10240312471413687
2021-01-18,0.07409520682459735,0.11911210220978463,-0.021406140358996573,-0.07074829474807297,-0.12045672213468357,-0.004618187309217647,0.04412519531404256,-0.06187040350231633,0.0901897981064369,0.049180781641326735,0.047770819483928056,0.05536055737821956,-0.05813915128566649,0.11705569098261766,0.07116215360876423
2021-01-20,0.12205695892283767,0.13363265387383555,-0.039511597338323476,-0.054524648820551774,-0.09546892241089977,-0.07266440137160823,-0.045079441670847986,-0.09843734199391062,0.08664078007574032,0.06807013568811814,0.008071599543223257,0.05315869034458759,-0.06376688771223649,0.17610615194814316,0.08979517852409412
2021-01-21,0.13752875079497223,0.10356189433454993,-0.06719061009207176,-0.06497363160898156,-0.10209607926069036,-0.09403732477599813,0.04957026134617995,-0.07945999892351202,0.04006065784592052,0.048215771518364536,-0.024537157987567948,0.03159431692351228,-0.1005917706755062,0.12081550810850003,0.05484946356807982
2021-01-22,0.1104754455718477,0.10974334358947432,-0.006740209241710288,0.004874714511004602,-0.0757892662037093,-0.024516567655286176,0.15829482355839825,-0.03841351485226137,0.054217719377203294,0.0630234437515901,-0.051353543739368374,0.04173583660617067,-0.04901842720088992,0.1028688477350466,0.1385003204112844
2021-01-25,0.08980898881339915,0.07198923404825366,-0.014724105804514435,0.003835839770961358,-0.02813113164717375,-0.06896480599475371,0.07746059792381105,-0.06890642192477162,0.08574234264573105,0.06387007546882144,-0.04607492675568234,0.07939582955413288,-0.08415906594851907,0.11249447997453035,0.03354794617102215
2021-01-26,0.07785468181812782,0.06120941251014825,-0.016188059371657147,0.0031758884846061486,-5.621767442257064e-05,-0.06465002481104454,0.13415476121198522,-0.06522365379972293,0.14703102454593453,0.07232409170410692,-0.04811762618983395,0.07040705376773719,-0.04382466399930238,0.09731502770355725,0.038593990368172834
2021-01-27,0.06962395338790572,0.05932921898108154,0.01831109181326595,0.002745065419263046,0.016877599614002925,-0.05882531382764972,0.15916705892968977,-0.05063988965986553,0.062353091812443834,0.016950233691129815,-0.054235165618408465,0.06435027953086289,-0.03040267504434538,0.07394377844385763,0.10620105520854774
2021-01-28,0.06408062593621722,0.040217638438761416,0.009436881821523635,0.004717604004981037,0.008719885793187707,-0.07718754576270492,0.15374646561641594,-0.06637308404278434,0.03475373318367042,0.04907118586724511,-0.00601237414150449,0.05536448256886056,-0.019783023625699198,0.03396616924627513,0.10369497403439781
2021-01-29,0.0686847331645853,0.04765929669727699,0.004411997724707503,-0.008062633862776891,-0.007857993675818117,-0.12286488867066747,0.09431016069085253,-0.11352220755241668,-0.03896402439419121,0.06430322235002688,-0.023367392603718035,0.034338963999366645,0.007549782461769489,0.05972197442740519,0.1744229077327768
2021-02-01,0.08622198975918222,0.023055793045528128,-0.009700214845683675,-0.022258816808866475,-0.03345060166304151,-0.12485258922000386,0.13977026793190286,-0.18326109347057118,-0.023059483061337094,0.1315680544868812,0.015307220675533306,-0.01874965937091644,-0.0008055667895733032,-0.0015046548435882906,0.1419777284458922
2021-02-02,0.09679740262524994,0.05040182772492488,-0.015328079376372351,-0.012291366500729248,0.0033443490090991207,-0.1195070057551908,0.16223816433213656,-0.18921341806550973,-0.05777205513377717,0.1020762176163171,-0.008964431689129054,-0.044999546537080076,-0.0142458841723839,0.026776217406814726,0.13979538952884135
2021-02-03,0.08847265078032243,0.04707876178711928,0.01326524564507675,-0.02125194898155476,0.06183720786998281,-0.1467662029419609,0.14910225477593397,-0.12980000493416338,-0.13421940365537405,-0.011006634604466797,-0.07772841835600058,-0.062457739385961775,0.011880595317351195,0.07359181499701295,0.12860509071897994
2021-02-04,0.08325857009533279,0.022009913361375755,0.018875493628488116,-0.024322060259985692,0.09840753546384677,-0.20302936525538434,0.15799376120125785,-0.09247013671706013,-0.1040869138525952,-0.053382365810378946,-0.12694699757056932,-0.08768786922439908,0.03305542727521227,0.07684872042058562,0.13677885075596657
2021-02-05,0.0711365012741885,0.06988407868517643,0.01984363481519001,0.026426820832841313,0.10626252236552108,-0.11127411121342706,0.21004512719941848,-0.11128444942639981,-0.10013389466970102,-0.12193872415590114,-0.1405488276128964,-0.062401659957241284,0.009173034432459759,0.07990475325193143,0.1359112053448337
2021-02-18,0.049369825825989144,0.08410989943189501,0.02433639002368046,0.03002517089349667,0.08795197702142794,-0.11069565518246621,0.19326671025602787,-0.10333383366061698,-0.05843665224761013,-0.09516953420738428,-0.0956598911433989,-0.07269552759195216,0.00221393266025402,0.011189317993414466,0.12779730298781505
2021-02-19,0.032341863535139445,0.0866280409366604,0.05057227874719976,0.04521103127040668,0.08952710656736942,-0.06848032616178301,0.20522053066448073,-0.04057863138275118,-0.030263750836734937,-0.06485068279056597,-0.0699137428045768,-0.11400536517595372,-0.007934022041555286,-0.055248244992589055,0.12417284877929896
2021-02-22,0.009509504790030113,0.04576327698026583,0.018812103233761118,0.03672991764283966,0.0956682825630153,-0.08200617214220271,0.20825905702191316,-0.005516066189093907,-0.08445263781030156,-0.10359057473993867,-0.07766676550445989,-0.12230007060040965,-0.025049205518060724,-0.05490454455984922,0.14092904923322333
2021-02-24,-0.007817419910157636,-0.037117218910732,0.05478416913724919,0.043684492582379206,0.11380315199051363,-0.05881995734312606,0.2796553247826793,0.04840999239544075,-0.0939502057805282,-0.10146092952207313,-0.10847792519863309,-0.08095382626704806,-0.07141272193907083,-0.06339492748259076,0.14657070916907916
2021-02-25,0.011114132522319964,-0.035686251907110556,0.03104741703485911,0.07258985755189262,0.08101651461773376,-0.08275726016739349,0.2795835661190358,0.07619885355053407,-0.1372549766097732,-0.1824528206161548,-0.21071066247070636,-0.06016183941412673,-0.11086242303443253,-0.04928877704371745,0.09385077439933928
2021-02-26,-0.025755449780566403,-0.03848983677685944,0.045164053646612246,0.07579981764405536,0.13911440624457527,-0.07167119953703974,0.30397965029544866,0.059575811082901,-0.09219306378225806,-0.0881330921111696,-0.14712500466477232,-0.04944075028026698,-0.12077764747729788,-0.15068638258675013,0.034065191907963005
2021-03-02,-0.030598690740056472,-0.03965999410366941,0.004775458052708466,0.05409356656064318,0.12178057287968902,-0.05359636289954983,0.2589117985567031,0.03563703040535493,-0.164946402457038,-0.19458536610392196,-0.2039928989957986,-0.001357090377539255,-0.10751558331404032,-0.07871679186769243,0.09677592931899832
2021-03-03,-0.06184215635182638,-0.041712176925281896,-0.0013017183627966056,0.0011002819278659037,0.05999287173912264,-0.05905178280515555,0.2217687951870771,0.0031470908428564565,-0.1822357946552674,-0.23587699495047904,-0.17678091176119187,-0.01984607802470917,-0.08731832637299641,-0.2234987031026491,0.04228731177070845
2021-03-04,-0.09482095699208962,-0.04857034946338415,0.034525295261833226,0.025166582566791745,0.08317660355866789,-0.042576062988590846,0.1927180576498301,0.020115329485694583,-0.14389795139412997,-0.1920309518740017,-0.1332611131126029,-0.00858013268481414,-0.06822249859802726,-0.19112250065947553,0.0492705784210966
2021-03-05,-0.06366162958332318,-0.058729357645762176,-0.02200422978818306,-0.04136109389680074,0.0705603662248075,-0.118990513850913,0.1500091820416733,-0.0192062615186971,-0.08910999393405908,-0.1571815819966076,-0.07421270160185733,-0.002514902836579652,-0.08984233364478077,-0.26174694735989745,-0.045040360162087595
2021-03-08,-0.04602131904263171,-0.0271698497091806,-0.01729762415421071,-0.034001453946649385,0.01726720296256297,-0.07843189797065539,0.17589979768939246,0.03061716948680676,-0.17601085880359268,-0.20018957653028052,-0.10926439885079206,-0.03556569019778186,-0.1037311459356276,-0.23469702826655509,0.09058539644301776
2021-03-09,-0.045737527824762064,-0.026268138943095043,-0.008171767934275279,0.008992804002334945,-0.02284652839297989,-0.12152610306446093,0.11482244057330712,-0.00913267597011469,-0.28594423362246657,-0.2841872162189254,-0.16359032412255442,-0.03253133223589205,-0.14748026040872855,-0.25453667448946765,0.077303176845488
2021-03-10,-0.040106269396675526,-0.026222995065140198,-0.01904446764616513,0.018188130000012598,-0.025828440753288842,-0.0835318979196274,0.10860340327801138,0.06590503609566087,-0.2383109859946822,-0.29170194996831095,-0.19551378292405172,-0.02689544713117309,-0.09187892505532942,-0.16538679425719138,0.12653040032988927
2021-03-11,-0.03222906769145581,0.016990143121843715,-0.02331763789482262,0.01376552004050971,0.003492710156857079,-0.02250235840037984,0.15610977926576408,0.07754117348718788,-0.1741347432384613,-0.27131460029508053,-0.21098177896347875,-0.02599451211094006,-0.0720284188752352,-0.15087170886567888,0.11453688682039179
2021-03-12,-0.030105865305866092,0.02096902794991015,-0.03070785426034929,0.024319916224262245,0.010159274065725601,-0.042191484761326725,0.17315534992726503,0.09960102071361403,-0.19548573213661508,-0.3521831566668008,-0.24775967114941402,-0.018598802383547025,-0.08996657565379418,-0.13154523660007345,0.06335078523361862
2021-03-15,-0.05013090484923305,-0.01600998302647072,-0.011850647688118644,0.052118211890654284,0.020433672670623446,-0.025797111165633213,0.17441153198338794,0.1538551780817728,-0.25497431337298704,-0.4211025059396244,-0.28737972190513383,-0.024716830582414195,-0.09110777132648333,-0.06573127414639099,0.08504533904014316
2021-03-16,-0.06211981476019006,-0.021193959826546177,0.009392813348169458,0.06314841005859369,-0.009128744877502953,-0.03939935347249529,0.1301716882432743,0.15209061433589138,-0.24152259414494484,-0.4143898976845714,-0.2766422774683096,-0.010757491794077673,-0.06841322786310101,-0.07892007253067097,0.09659621796983167
2021-03-17,-0.06295504884951265,-0.019072235778946317,0.014916460697888843,0.0873155241505597,-0.044914489888132056,-0.003066814323148259,0.1656520877424696,0.10575865324835217,-0.1679476909209611,-0.2978496183705879,-0.17528315803678535,-0.012481873764982804,-0.08124080676852402,-0.0901043338614291,0.09585105987983636
2021-03-18,-0.07006624991189948,0.009861648703332948,0.020034844693322423,0.09919537738880185,-0.09048653105151137,0.027303415245368,0.1590277222386467,0.06870713737290284,-0.24122479567863764,-0.32748976861102763,-0.1856772108943705,0.011350499870844966,-0.06623246633495636,-0.05638042441165163,0.10813488718749344
2021-03-19,-0.07689566395501893,-0.03340665554448946,0.04413131712541708,0.0600350346305126,-0.07247521021241482,-0.05184453287402979,0.11843026485235791,0.07877451166490221,-0.1863520262077753,-0.2639049831124278,-0.13835070119816806,0.006720947907534913,0.007434605188314583,-0.10750490585535218,0.0709160789156251
2021-03-22,-0.07256305420241703,-0.04983580159629519,0.02597296032646429,0.0502387207062167,-0.021408716104606026,-0.07014012302867895,0.10799732624347591,0.05166761193678532,-0.20975114748860998,-0.2875226916665766,-0.15199752416900647,0.017669752686541,0.026581998343005994,-0.029896633024467642,0.0777800143274718
2021-03-23,-0.06303833966415481,-0.019555887263878857,0.01195504264734519,0.0676302623276455,0.005283335668798406,-0.07108072379295088,0.09345337508515411,0.02008178078811243,-0.2195270593942611,-0.30706998029131194,-0.15659233188134714,0.004800046212996123,0.008733598999003195,0.005145276732997861,0.10621909567695921
2021-03-24,-0.07750492581422751,-0.002321589523949341,0.025329987439118212,0.0677304510344906,-0.008833250672070983,-0.09963236457250335,0.1562357199696151,0.004120189958597947,-0.2015032157539391,-0.2795400325835703,-0.14675227746814445,0.013059959120325454,0.0636079465686063,-0.10109657562217213,0.06367479910668591
2021-03-25,-0.06985108781750468,0.009444013030387555,0.004601437488196025,0.05088121017662253,0.0006335020071323583,-0.1120830522746662,0.08452000252164715,-0.024278895070319134,-0.23065888602428003,-0.304253693523074,-0.18294933418062753,-0.0003601503625006164,0.13991791130418513,-0.1282359928953834,0.018112758197724843
2021-03-26,-0.06048371525442739,0.004270133310829344,0.004089624918176021,0.008932200460367218,0.02098715904163545,-0.05254270033969044,0.10096895897123809,0.03863744471785893,-0.16892920408330456,-0.2508497533192753,-0.14937839214846965,-0.03663920947811533,0.09599162735667754,-0.12066855713394091,-0.01602848804407636
2021-03-29,-0.039737570404869804,0.0195704347154467,-0.002647157031880315,-0.001282173348819915,-0.033295894605589876,-0.11447322923007167,0.07248525457836352,0.012562362974016889,-0.20787787291469587,-0.2650656720249597,-0.16326442256254536,-0.04317525989322396,0.08979391104795972,-0.05421245055360782,0.032918565006385514
2021-03-30,-0.05323312427613017,0.008672220637432088,-0.0035173532966071633,0.005611390160801422,-0.04072114520329653,-0.07084518977516224,0.16418854815299777,0.08226167833405754,-0.19629536378526297,-0.2525303608817818,-0.1718217183109938,-0.04987367480301799,0.06355091582835007,-0.14363426698776435,-0.01198187027116851
2021-03-31,-0.06727113185059305,-0.008780608252889677,0.025209390765340053,0.03504417099225325,-0.008988280259964315,-0.016716036373014054,0.21928047323068306,0.18326765208694196,-0.1901917288516889,-0.2581186965142754,-0.13653873412395579,-0.04045040558965485,0.0777155848294308,-0.013442675402428134,0.02703968296720191
2021-04-01,-0.03519957115766614,0.0018129336290744202,0.0026415486048004602,0.03869517266246664,-0.011568123119392315,-0.052886058717565465,0.1918427734554407,0.13318711125598737,-0.18080948950427964,-0.23949882619024038,-0.12323060366229749,-0.030465528156505106,0.09901220935255192,0.022605902713650983,0.025257900484872697
2021-04-07,-0.03984259980631001,0.03025851171334959,0.07044900995180498,0.04747942455706656,0.0030365772222858967,-0.056602699320316086,0.08464653491058188,0.17418113683323883,-0.18643463161049634,-0.26455036031977014,-0.13940952929642575,-0.049324521955667056,0.10664016648955173,0.04532416530196151,0.01913547196727511
2021-04-08,-0.03873388134901043,0.01656691383771286,0.04573368886232618,0.05856604574788654,0.009066735617870067,-0.03810057157018515,0.10604267607019591,0.1269439401020432,-0.1717889539545077,-0.258091587084084,-0.14409031890156682,-0.06747683651946429,0.13225580597830663,-0.00833021241208469,-0.01968205663222622
2021-04-09,-0.03224532858023779,0.04214882827547789,0.04762496922482459,0.055419202776731166,0.034187548242561885,-0.004006986323978445,0.14010567030094245,0.16191399065193554,-0.11344423677824839,-0.15834647021251286,-0.08720206551707188,-0.06683948178680196,0.15082451927565768,0.04489007905597534,0.013447656638636396
2021-04-12,-0.04047571309484589,0.04995932972053635,0.055455300090754375,0.032713677057699134,0.01640143193922078,-0.04777796630432507,0.07256686253125999,0.10780165252060352,-0.13098115679423722,-0.12407888902758074,-0.06915443709930313,-0.06211780634192479,0.10426054604365688,-0.026077549573166367,-0.011352299376375649
2021-04-13,-0.041615005240429825,0.029881001242598848,0.036753830042632246,0.011994146116854024,-0.016714582892181848,-0.09329863513326797,0.04903669947581679,0.0855550526986266,-0.1595679758301422,-0.1490655415223261,-0.08216148783042354,-0.04729261429185411,0.10140745156988826,-0.00517090404225809,-0.02851543915607066
2021-04-14,-0.03606254684652696,0.009633582284370612,0.030446823457706634,0.019157443841733582,-0.04141637427343167,-0.08158644383635472,0.04051859690276449,0.058423730897810444,-0.12684989767078886,-0.12074025029514468,-0.041981519540911005,-0.05477573882026543,0.09584934747440904,-0.0659118232629802,-0.04608387603207301
2021-04-15,-0.03257007898612051,0.011820167014533978,0.02162399034359229,0.038993084205765055,-0.034950550027426905,-0.07991941921310458,0.09332320131209848,0.11525227513515533,-0.09511009144137994,-0.10905660828233721,-0.018931987445423182,-0.05421407365919306,0.0762892900560214,-0.07039593047686364,-0.06828423286337594
2021-04-16,-0.0513593375335943,0.032457338447202916,0.029127752901832886,0.027146439835124728,-0.022400489054445624,-0.05717698149913347,0.07422270569449296,0.171531588253157,-0.0888749389938932,-0.10494776772915976,-0.018670011906971762,-0.06962022739307891,0.07040708242258072,-0.12777344208646077,-0.07036149314311237
2021-04-19,-0.0642513200306444,0.016701164022360326,0.021175473530265367,0.004927030377043715,-0.03237369590803432,-0.037606557868297696,0.003719240196749851,0.13542499971964148,-0.09371555885652005,-0.10949620543406124,-0.02426363832500822,-0.08279514525175313,0.09044015113835549,-0.13068271302528467,-0.10197793487799237
2021-04-20,-0.06166646213306906,-0.0024234851768798193,0.007967289310004094,0.000596753100898656,-0.024051444803614486,-0.04872134099724584,-0.036388500625927245,0.13764074928051914,-0.11020197242983609,-0.12938840460083856,-0.04094953524444633,-0.081954376997565,0.008797828757059145,-0.17942569868585911,-0.13381760765408873
2021-04-21,-0.0663720560195966,-0.04971380878448867,-0.0035244442938654336,0.014336699266008626,-0.022575351685766923,-0.028410155577697105,-0.039168386321044746,0.13501304298792766,-0.12607736383966855,-0.12034607778623735,-0.03833080226595342,-0.09183021717996703,-0.04046657739787424,-0.19399546002808254,-0.12327695482137148
2021-04-22,-0.05793396155933021,-0.054555724200064354,0.001272738771440754,0.007368859702932121,-0.06346434917257364,-0.019818311633808983,-0.02561465074213609,0.11585540490484315,-0.08804397051814322,-0.09442596420346155,-0.027987969193490003,-0.0819675366370087,0.01920274186611813,-0.1612651591889417,-0.0944173435085343
2021-04-23,-0.053717135690622794,-0.03969621276934629,0.0025386117773871647,0.015615559650706615,-0.04955086077878164,0.0009881852717530948,-0.006759330221647708,0.1527353119827008,-0.07773863538933923,-0.08745079032238245,-0.05642905742677218,-0.08722267593926059,0.0028966352181403338,-0.20955279916590736,-0.15376221020270947
2021-04-26,-0.034377722620180476,0.0061269027488344285,0.031998418383471394,0.07335064977783912,-0.020347205233277307,0.03523949053349196,-0.15667654606967313,0.0819812096822426,-0.09373023426184496,-0.08659913705370093,-0.045020868736348696,-0.09361014515818725,-0.06474979966297673,-0.11622443234767725,-0.19977698747202885
2021-04-27,-0.03223669808912297,0.01592007916427285,0.014520271141763602,0.07903459271895934,-0.04697003586312151,0.08535337544570704,-0.12490202680156914,0.05034523136462621,-0.10954618928573845,-0.12422446236769935,-0.05837784360462461,-0.10288380728932225,-0.11853796773993852,-0.09318543946531703,-0.18456387568162483
2021-04-28,-0.0543914335302578,0.064829076849828,0.022547321756783673,0.1082024173451002,-0.029790558752191748,0.1497288616961454,-0.13440623830595944,-0.013041526707144008,-0.07058187972776597,-0.08794715554336408,-0.02044219915364537,-0.09946983195525019,-0.0061322977139241786,-0.22989037616530628,-0.18097806857740986
2021-05-06,-0.06466078408781023,0.057112848282185935,0.019114356000854954,0.09301159940327089,-0.05378302561569126,0.22532409163100214,-0.06857703233650525,0.013369828526088867,-0.08646648970657544,-0.1216213146565337,-0.04565140935676959,-0.10287775168325552,-0.024324904272701814,-0.2767680484992376,-0.2253286761552284
2021-05-07,-0.05325782839559004,0.07664916663880539,0.016692102754312946,0.10193803580835137,-0.015446693182772558,0.1976757921665524,-0.10881173931461968,0.0036697347678754655,-0.1558458235703747,-0.1812026128105782,-0.07194223989719944,-0.13168811721932552,-0.04857597289098295,-0.23546317611290338,-0.2196841194231567
2021-05-10,-0.05784428343598469,0.07713815221160941,0.00729876763904698,0.10680749328160452,-0.0018217649331076224,0.14166254518432647,-0.1430244663785501,-0.10448953196096411,-0.18842026331277284,-0.196439513845302,-0.1345016161936528,-0.11080275200348699,-0.07832201786280213,-0.24578654981527526,-0.20458672608037767
2021-05-11,-0.06702874040089601,0.06331421120807879,0.01058084824206866,0.10298852315028048,-0.011176428513992948,0.13610251511183327,-0.18269780386365547,-0.12392276355115575,-0.16059645369883147,-0.19244461824435427,-0.11190279596268421,-0.10630995952567734,-0.10669891443943735,-0.2916881337445969,-0.19102319832086087
2021-05-12,-0.04314325754516188,0.01845949491664653,-0.05363578342934569,0.07514966134556664,-0.04842158553550409,0.13937648759141197,-0.13451508571462545,-0.12323243525282451,-0.07937737212977358,-0.12260746886204665,-0.04760146945766264,-0.05999692790021269,-0.10622064574899068,-0.2116551678508007,-0.13640160795557651
2021-05-13,-0.050239385599003344,0.07021654499283056,-0.005786033448285655,0.056686922578270266,-0.029496959683554133,0.1809986825018612,-0.03508070602212887,-0.09048730018082338,-0.047897200639301474,-0.08406828558876805,-0.011216746986150161,-0.047057620001106526,-0.12877528324517487,-0.2319262257825209,-0.15171178933651355
2021-05-14,-0.04146815905226958,0.10028081549919834,0.013865457997500025,0.03346565865228365,-0.037476552681943456,0.18396803701008108,-0.03266040995810876,-0.06936715793859663,-0.03114001548266887,-0.08385491830754105,-0.0073295128206382065,-0.02805982412633304,-0.1077192612541232,-0.22181584732632914,-0.17071941391862888
2021-05-17,-0.017017751587972696,0.10728157035865582,0.002375794219054511,0.012754605223227355,-0.05813821000005168,0.21761865616923506,0.0735564604249761,-0.027532403587927134,0.04502997473643122,-0.043211792947284,0.04942133160893264,0.0011609594064555528,-0.07206247584529463,-0.13790906850785664,-0.1334107544228964
2021-05-18,-0.028345384021487202,0.08832951563196068,0.005271591877515913,0.05350523208187882,-0.01894014968784638,0.2517606746214759,0.05666509978642681,0.0044985600038156826,-0.056906290932736525,-0.10731794054035604,-0.014399226329785075,-0.06077630693812036,-0.09480729070174815,-0.18213890670840496,-0.1434912349031819
2021-05-20,-0.03179878681095505,0.12828685890473115,0.03666981142859205,0.03337496775251908,0.01886437159651677,0.22917908983535215,0.040250148286484766,-0.022835024186449282,-0.09759873318897094,-0.1779660368717676,-0.04602858909176688,-0.053983157323708814,-0.06231385515408941,-0.13505301689540453,-0.12309412167691244
2021-05-21,-0.03628555571535827,0.12434532505574175,0.019172834084652826,-0.011606824714726155,0.011385971556200039,0.28147856236072544,0.03324009327110128,-0.014369518871848869,-0.0938827865476679,-0.1766554696723996,-0.05378082773953413,-0.05129358127376585,-0.030518594228000934,-0.13799769266698433,-0.10021433395134748
2021-05-24,-0.027828447871506456,0.10031442538512106,-0.01623707209721105,-0.0017308925872916159,0.00041524555148778064,0.28874728633832136,0.08605347780240924,-0.04786295519166334,-0.06923160623527624,-0.13614477005734593,-0.022067099603841678,-0.05134404395412659,-0.0399625157895076,-0.1242852218063328,-0.10816599487228623
2021-05-25,0.00021858772970806406,0.12272253781664402,-0.005207428959371013,0.03395863817988243,0.0017397839780126934,0.264498391916234,0.11792491555095597,0.057918909678593034,-0.06951601883849035,-0.14775044058071785,-0.012006201212630851,-0.05122114985298454,-0.04323795591096036,-0.10319005407880938,-0.09799532234817251
2021-05-26,0.005917134576977151,0.10071419229284342,0.0191123679985723,0.027672397654446623,-0.005546906299288501,0.2400584189372122,0.09981309275207206,0.04972249208886381,-0.05582694360504137,-0.11303000623644,0.02960226563662216,-0.05903633621886495,-0.01590472970237289,-0.0695857527344345,-0.08151360965141731
2021-05-27,0.01300433088042624,0.13695702748932415,0.010116461828111989,0.010436161170346708,-0.002570038236455602,0.22345897738165957,0.10943140791471756,0.057410928312935705,0.003362090973580756,-0.07779157004951831,0.05628443693331808,-0.050451752010377354,0.008251898123010581,-0.0159891733558776,-0.07043303893092462
2021-05-28,0.006128329117136427,0.14675471522721503,0.010859503793864578,0.03239290622296767,0.04437848072040837,0.2549365943074516,0.07294759146375629,0.07243013352687419,-0.06688902118936663,-0.10685754115677837,0.0003430193011599858,-0.06398481489215607,-0.013982605826372813,-0.09586684999204884,-0.09434459298310921
2021-05-31,-0.0003401522164502291,0.12854295471583213,0.011418163701388762,-0.003215415181303777,0.014712900812174745,0.29212002394315617,0.09940249479318197,0.0787080077392048,-0.0764762681358172,-0.10787888293258596,0.005095633870255023,-0.06366739494984552,-0.013967030335275132,-0.05547963119482727,-0.08689083638060516
2021-06-02,-0.0031248519450507717,0.06497709569736837,-0.012701086848030702,-0.06344146319136831,-0.016173186126611117,0.22744591407749368,0.15504430949569176,0.10283755019046331,-0.05574510409942113,-0.09780312372026384,-0.008144124738379,-0.05416182638521297,0.009055021284066905,-0.051418533779796105,-0.0207903773344488
2021-06-03,-0.00481742978629171,0.07057373003939463,-0.007741515567761065,-0.08816143108851818,-0.00470804792765947,0.29227808601014305,0.19401196340705373,0.21966762406689364,-0.050370734473135226,-0.07425892220481756,0.005658115048280843,-0.025871373272635917,0.07274304256184003,-0.04426610543690797,-0.005709330808268076
2021-06-04,0.010833188446687486,0.024234027857227114,-0.009025516421143576,-0.11445177810926027,-0.031703518453886886,0.16984032235388402,0.1871338518798814,0.18861651301958482,-0.08701454868020825,-0.08952562361539917,-0.015416195920823605,-0.01931829985320732,0.008031410181596532,0.06736613772496233,-0.009853557303271365
2021-06-07,0.014995948140463233,0.0672587186718161,0.003721403747709684,-0.06983136684006291,0.032187759558566176,0.19112325789536153,0.1776277585671392,0.27868938424191336,0.0022844936175031583,0.03744666363614524,0.05245087154834205,-0.006705198556419462,0.090483677432525,0.10376432322682488,0.023549159069512188
2021-06-08,0.007086511955860103,0.03477007091621037,0.0016660052154231497,-0.09390381438481785,0.03530598222983691,0.19272113073560884,0.14759840704158828,0.2128052508936808,0.033815037891162025,0.08152612717555774,0.07909049658157241,0.015575249688887988,0.10560178399593409,0.12492979199473161,0.02396203543485853
2021-06-09,0.022416906397850295,0.052205875523122225,-0.01387278718173926,-0.10089174996124267,0.0306514267966409,0.25628925740757325,0.2187315573618141,0.25602744847617087,0.05853979538591514,0.10905324100097968,0.12702020019276922,-0.006388964418415327,0.1133646082307267,0.1333505951807165,0.01762668596823372
2021-06-10,0.025492519477673975,0.08490466524485785,-0.0008336749107112906,-0.10481378211921677,0.04617700973028416,0.2735641558260832,0.22605016627895252,0.2952169905452229,0.0035622487960965676,0.07627950033056552,0.07601170702314675,-0.03319329486248235,0.09893423996878398,0.15299591762073061,-0.0023550296417966243
2021-06-11,0.004863601322702221,0.12170948399779466,0.02958862502651194,-0.06800625253807885,0.0488139249709489,0.24843149972831408,0.2124786499564275,0.2277516271386011,-0.11783013311270463,-0.04550186678800572,-0.030375054426858505,-0.06338176699924303,0.10890004483512411,0.111926577714215,-0.02403193482506158
2021-06-15,0.01607441461342976,0.06318466864039568,-0.021214122980485334,-0.08593420663492152,0.018329290898900827,0.20787307047709128,0.13861209869192237,0.22312850539743706,-0.13008521607407575,-0.06710124441983317,-0.03522243673274328,-0.0633349074221628,0.14422169027791287,0.14375325455627375,-0.015871140223405272
2021-06-16,0.0049948552068584395,0.006607135240956963,-0.04170002155534247,-0.08060895460111264,0.018740595358354192,0.20937496704906616,0.11066051124717086,0.17574108323244214,-0.14243299081112015,-0.05975357495989653,-0.05067771407339883,-0.058821970104312726,0.14568443761801275,0.12338478649265093,-0.012934375403681392
2021-06-17,-0.00986992964212835,0.012128666293046597,-0.034438282216002564,-0.022528095609063936,0.061594676604993404,0.2560117087078373,0.07528376685153071,0.18421933148119768,-0.12231907838560246,-0.021567618472932926,-0.02166720722065052,-0.09874756185922362,0.13261207109021197,0.04242380964318222,-0.08593309579900917
2021-06-18,-0.0014176946758064635,0.02037463437131154,-0.0033699706157867826,-0.05535159522025343,0.0543359254568499,0.2116700646729818,0.11759956099740154,0.21556839038384953,-0.014671828172295787,0.05592573906060028,0.044555682975294386,-0.04924884767764273,0.17711228054719047,0.10851415558147942,-0.031815597778626664
2021-06-21,-0.025894479396568637,-0.010309513851157193,-0.022451197597510936,-0.0370138901119407,0.05060394060582553,0.26491625613472625,0.16269494146993357,0.29251760579411057,0.019233061429275944,0.12653803606231218,0.06683151038744262,-0.0462195889873227,0.14225449958313383,0.07045009166370367,-0.05876285119186975
2021-06-22,-0.029712194349432786,0.014446718984167384,-0.002400727557350796,-0.026654375045796264,0.05392213435654547,0.24610499791745946,0.17869436337154798,0.3352158888282286,0.02684533128394584,0.12990101874925786,0.06732877044153429,-0.03716576197043667,0.15795314325147655,0.07454436377975189,-0.050455325817463384
2021-06-23,-0.004918635207009664,0.018256462438511367,0.027754407159488,-0.01260346869069684,0.05580036616971648,0.1849701683314411,0.16013150389414932,0.3018072393367961,0.060721906532274605,0.1471949018121983,0.06779695462340529,-0.043868721498538876,0.12189393730421824,0.0821355995204083,-0.06573476891136498
2021-06-24,-0.027893911402487398,0.006860549999635812,0.009724622950485179,-0.04665852338222118,0.045302754057672756,0.16975534273437676,0.19145546326425888,0.22484092219943677,0.018513818473346322,0.10420691172900826,0.05236148037042326,-0.02120663426215763,0.0931355687538491,0.061148285988996104,-0.08075395998843862
2021-06-25,-0.03218028251878932,0.03073284579218971,-0.030666628738946766,-0.053937381797607514,0.068630634912072,0.1641015089836321,0.18061612645688008,0.22228613156550073,0.059897930878597516,0.15142874512327203,0.13508222464406083,-0.01759519984163138,0.11256251037710385,0.08247301284602665,-0.06717589659659397
2021-06-28,-0.03627736033586068,-0.03415485076177688,-0.028866358153537414,-0.05433990693597884,0.05685875980144717,0.1878606853075328,0.15897704152168157,0.19188105477176826,-0.00507201786460465,0.13470769073151023,0.10010747407505372,-0.01896148671875192,0.09936367016362138,0.040487487789708704,-0.07845784111281681
2021-06-29,-0.025812878197715355,-0.027709814503524444,-0.0320128614798568,-0.05054046114129279,0.001056249974145912,0.1577758493477216,0.19436667541114783,0.18929134459646163,0.000316278599032882,0.14079803249444678,0.10286491305448853,-0.01617739015930869,0.0940009256031159,0.06943459718338824,-0.04921666221812479
2021-06-30,-0.03486208710511998,-0.04286225946373423,-0.02931123540186345,-0.008027047390987613,0.020585697047156654,0.09845133863153968,0.14399313479055997,0.17537693649506714,0.030140747419469593,0.15926708104791198,0.14568675265944964,-0.022123957871158312,0.09070881782316279,0.0702261644532512,-0.0486295981511187
2021-07-01,-0.030703709845392085,-0.031477166744225515,-0.03147716674422557,-0.01654299138904733,0.011082332533719846,0.07974852927681447,0.13930185200159617,0.14930709737412406,0.04191475118545873,0.15726319525504806,0.1173148718682881,-0.029568567371214827,0.0814499730351814,0.04329691101380087,-0.05290574954422134
2021-07-02,-0.035921561838442084,-0.02654842454580214,-0.017202656865638044,0.0060886938394728585,0.03269446666239886,0.01377968851364117,0.12781509623568954,0.11486319059175804,0.10009975812169958,0.1563981824559631,0.1352948692241125,-0.050340210977739414,0.07014554312712862,0.016026795053444898,-0.060612811911796405
2021-07-05,-0.04663762025447296,-0.017364669624137075,-0.0020688062231333237,0.017578771580776392,0.04704259376010497,0.072330637120649,0.1304378847575448,0.21301245255558,0.09901047110822203,0.14806950836637928,0.13782257590266822,-0.055564229213130895,0.07025206184535446,0.011920310996706207,-0.042986807865593
2021-07-07,-0.038432173001239855,-0.04413968106311822,0.0070595863089869815,-0.010695543826638426,0.04905541831264984,0.02382943740255175,0.1393387424760998,0.13009902546088603,0.041248799698941796,0.041073299963354626,0.11294239076105861,-0.0570683697036993,0.04359511548356673,-0.034858170519820486,-0.0749759329236927
2021-07-08,-0.04481662510468626,-0.06752867142362273,0.00982836935758677,-0.010580854077682944,0.019286061379733432,0.06710565614435715,0.13068245537887713,0.2511979486549236,0.11460095159435124,0.08225870731366991,0.14063041270597143,-0.06958251539450472,0.030753154986996323,-0.0548901412710614,-0.0737169678303668
2021-07-09,-0.04148018697088593,-0.05836871087436768,0.029509480288568313,0.0017199464896343886,0.023144101667564948,0.07086299805782206,0.1010204283054873,0.2717898214741328,0.12203983568800525,0.08211415285783424,0.11199655003335646,-0.06098747216715039,0.04489254919232813,-0.08825006140778306,-0.07732076969767726
2021-07-12,-0.045434674696380434,-0.06394445707587526,0.026547699651083917,0.013061146483736963,0.04537753234098313,0.04379742945529996,0.16398044176462945,0.34309793067096284,0.10658329812296957,0.08262204130695383,0.1124206744317609,-0.0532882184242591,0.055512573751746674,-0.07448848561256338,-0.06385243413677005
2021-07-13,-0.025797666285717225,-0.053350580520016844,0.00442534615387144,-0.016883738114030405,0.13228361401822425,0.04804959307691728,0.15505539478672503,0.3078485391960718,0.08641526794019261,0.09820375196544096,0.07955789988056461,-0.05073634740640948,0.017994528163542467,-0.05750897653943575,-0.05606898637783214
2021-07-14,-0.0182991381655854,-0.04859532402954153,0.018476541747722453,0.026827307193038108,0.2198560739905601,0.08758072502363251,0.1927360673402141,0.3380192686499015,0.09608495060631805,0.06916443300309977,0.07005885222674113,-0.05023656337884175,-0.019499502151449133,-0.057007382517607424,-0.05024153401503412
2021-07-15,-0.02424155587568566,0.005573640320696183,0.0089981691860756,0.021805219702579315,0.14904989755345305,0.08481429008317443,0.16350258490623415,0.4265629191950198,0.08113474955985106,0.03835891088883259,0.06785583612805446,-0.06172006572754912,-0.064684806708593,-0.07939339359237878,-0.06713416882520767
2021-07-16,-0.05909897707052794,-0.03293710948798889,0.02574682380244883,0.02074867950327336,0.16488467885791608,0.035760199633887546,0.1742917564941564,0.3714459422036306,0.01016989055777201,-0.020788464082802827,0.0007992373288089327,-0.0481282475647814,-0.05895144593874946,-0.061173029261660364,-0.05390465698895136
2021-07-19,-0.06430409672525489,-0.00980863809969823,0.004809323649881375,0.04581517234547983,0.1780712907827801,0.057345633966381704,0.1246864236680918,0.31869040452443814,0.003578101779207199,-0.029480927135463797,-0.026132109192294806,-0.051459475993289344,-0.08644602008527963,-0.09938069250913442,-0.06658295303803421
2021-07-20,-0.032407110275156026,0.024827352513153045,0.019066196498108007,0.052562402066495484,0.25509140954045484,0.04604161937710105,0.1237806364827061,0.3118839740759125,0.04844619345339063,0.009985733226887006,-0.0007401727310061279,-0.044091886470252,-0.08525082080422891,-0.09954610143198869,-0.04595521832391328
2021-07-21,-0.012197520969963432,0.04219414742757849,0.028122818632259516,0.06394215022598249,0.26892994555050426,-0.004265958970990191,0.02905793297113768,0.24521465085045724,0.04684936104094489,0.033313444468287434,0.031184367943006053,-0.0469566540946236,-0.09304319029280589,-0.05213431960028676,-0.0338851719390888
2021-07-26,-0.0249060215620584,0.0408546928866223,0.04315786586109577,0.07154193677395082,0.3263405843160814,0.08490123757507792,0.020550269189101633,0.2611098915598368,0.035938123456305204,0.028186394870544862,0.032526382320516634,-0.02966828525213666,-0.039539760389343176,-0.03287382861929894,-0.06336748669428877
2021-07-27,-0.004654516057916558,0.05698717160196132,0.05942520874686191,0.08129960552785484,0.3017661371313801,0.07653907661078652,-0.015263791432981733,0.2083111240172857,0.10631725164130523,0.09403429527492851,0.059605089943619904,-0.03530930409667171,0.009701689799149593,-0.017618137665914024,-0.016159869352633804
2021-07-28,0.005197594790377791,0.031111829497057042,0.09130169355930187,0.07124605826678329,0.24993351093342184,0.0883180971376811,0.0429742427858647,0.19682203073609328,0.033801447045977984,-0.01657486355068455,-0.08445287439493648,-0.018073986234503736,-0.019539986643452717,-0.010936936332657243,-0.03846628517977593
2021-07-29,0.003294122583742759,0.08609423384483283,0.0934532024414137,0.06823639510214183,0.2703713483666573,0.15947220891191144,0.1279318770397334,0.3013411293112013,0.07002367421439493,0.02656597153909479,-0.057737075713537256,-0.0347541182836372,0.015789882566038138,0.028286746288838815,-0.048160944923249877
2021-07-30,-0.0009234514189849219,0.15421846580054716,0.11671389304743293,0.07676739433405114,0.33856815276413177,0.1435693497492522,0.08669960042642788,0.2616080431724536,0.1417088352217697,0.05177048304759657,0.00447654875940362,-0.025091194125631877,-0.03568437254231463,0.02629590121760364,-0.05467329620805897
2021-08-02,0.010341846422429135,0.1814730406510845,0.1105481941335317,0.032483150863125504,0.3793441358759842,0.12261354343734746,0.06051338699418651,0.24720779463032228,0.09693441188121393,0.022781266072702477,-0.03320974101997609,-0.017069958093554022,-0.02463835930496719,0.02615437657827599,-0.047348503977549944
2021-08-03,0.015244504966647587,0.19710186745916947,0.1365392463881343,0.07304290632592811,0.39198066277587457,0.19142271544492823,0.12287683878286815,0.2903090097918829,0.02706117820694587,-0.038302834924527296,-0.047052738352063195,0.011308865790221834,-0.00953551787062687,0.05503552905633305,-0.042507636444638563
2021-08-04,0.02287185330892358,0.21494222114079792,0.12767601331053088,0.07871706777995272,0.3651485491345908,0.1430176409759435,0.07093980623090645,0.19430027972389846,0.0023929773136498467,-0.00805731493652817,-0.045700389565588695,0.02661683606994633,-0.022115859527551712,0.09607253522079293,-0.037336267282603086
2021-08-05,0.030704308989791318,0.2177686117814176,0.126521195671384,0.10924473999801024,0.36797233498216664,0.12353200007968604,0.09315212233187464,0.1373352407716616,-0.02196820882810324,-0.03677846385202471,-0.08052376408895062,0.024853230161521966,-0.00048059851988677127,0.14089055734325587,-0.040680827049877744
2021-08-06,0.019793210496753783,0.18247834271442925,0.10528632565441176,0.1271648465689387,0.31946577478465765,0.0740415492848264,0.056779530030418024,0.1110459724276015,0.025103149671986957,0.005127507082888727,-0.07118699137439888,0.023343145801562937,-0.027614623650130204,0.17607177821996522,-0.021628535219704148
2021-08-10,0.033342270924752865,0.20290843912585976,0.10182287713070654,0.12962560205522772,0.3426893582052031,0.027431058459494673,0.07622939303905485,0.0590501661342725,-0.022601944840935695,-0.017571990616533584,-0.07625766598681039,0.02860716196371374,-3.379983346724069e-05,0.1981529688579702,-0.006758002434084309
2021-08-11,0.03254031369407012,0.20988728313287697,0.08709871031000987,0.1291116968557336,0.29895587070994945,-0.006975322350146362,0.03196606678181302,-0.018075142453161663,-0.01992066398452841,-0.01538591280775653,-0.07290410831892524,0.00752482678488553,-0.03176540607244416,0.18402461288688968,-0.004491721089947526
2021-08-12,0.01948170552149084,0.19362051715322193,0.06007872912430948,0.11579155543500005,0.3151379950846309,0.041153356888251974,0.056832067636317096,-0.02343000901919834,0.0027053561809817217,-0.012088097906211015,-0.06090145741597014,-0.0065021708152365465,-0.023037969990650803,0.1621675809980515,-0.002527478930183291
2021-08-13,0.003347306993178617,0.1382579637590503,0.07127095569562664,0.0848029003321899,0.18400958076758125,0.03892282384699974,0.03892706599160556,0.027084062217854865,0.03736431557365805,0.004350043813796667,-0.003721952505511994,-0.026336551094915894,0.012978985726003589,0.14130116283570057,-0.011032766880761213
2021-08-17,0.005190606089115618,0.15863335923350658,0.08742468609173626,0.07726195259900753,0.12528981315531967,0.000412653898735571,0.01781675483231382,0.013587467174258072,0.010442478475085504,0.007131504237932185,-0.028265760070489754,-0.013581948198159097,0.016674835758060502,0.15183860401626478,-0.0021916450711265967
2021-08-18,-0.013055795072242332,0.08747377857647987,0.10200100943726653,0.07902224840528072,0.24065604973425714,0.008506119584753336,0.04711215630994725,-0.06282093928192678,0.028479087399654768,0.015575462303632881,-0.030211963214682447,-0.030720621795386732,0.03986445465845645,0.10443231332267733,-0.010058627422931843
2021-08-19,0.021460159351583075,0.10664832478693465,0.08918835896603425,0.032403092218026924,0.20531296409244784,-0.024123281799175833,-0.00885333586806869,-0.10639636159679511,0.07963163570715631,0.04891433559765618,-0.002759940214935974,-0.012202685794653417,0.023389970160474227,0.12644163872754743,0.012475144579245673
2021-08-20,0.016918827137063372,0.09852538515482628,0.07966771094427355,0.045772495172426514,0.198320923568098,0.005131640436230461,0.038432031645608045,-0.02097329597891573,0.09861242993351588,0.07162337559050724,0.040049975016351935,-0.011509177239264923,0.023854160485697024,0.14828832760775285,0.02852389790707835
2021-08-23,0.004755361096040134,0.09755082728068631,0.08288880893114473,0.046399282797999986,0.12227905741545142,-0.0008556658163703657,0.06160830262863848,0.036468107238686875,0.03415667345279855,0.015813063545578987,-0.0030593512842030934,-0.04221878717104115,0.02672169341932351,0.15387351115074455,-0.012616750281515737
2021-08-24,-0.00014137955888413045,0.06803935512930154,0.07451751546493124,0.05088467469920929,0.14782894019818,0.008310310881250144,0.029715168912468726,0.006687957011248913,0.04904189557255745,0.003371856507344839,-0.018429253521448197,-0.013554955675142727,0.03770529384090024,0.11528438230546284,-0.008932785158463435
2021-08-25,0.00781668344447295,0.06556030674279889,0.0333169112645986,0.024420610363322937,0.07217698472455625,-0.01731287671603382,0.06962627519755027,0.05140463556186059,-0.015346780535998583,-0.06435677015962182,-0.06590759763547072,-0.029006202955934562,-0.004537454139885155,0.10905777220300511,0.03315121617695524
2021-08-26,0.014135374639179604,0.06474170222655784,0.015273347174461244,0.05278132263552951,0.11853181535643798,-0.01975939880124536,0.06609902574368753,0.11327825469905295,-0.08172382133167294,-0.1069389686077088,-0.11696419991316603,-0.04877816870081961,-0.03387559392533132,0.11381889640719428,-0.00021396480907720505
2021-08-27,0.008074571470810116,0.09849738443237654,0.008363327540268833,0.07686389407430802,0.22817565557447717,0.03781711236975252,0.11344162417574966,0.1520225080530233,-0.057407838128502364,-0.030197746677947612,-0.06186798191353854,-0.07785459320716592,-0.010535214182926439,0.07543773488904598,-0.008074821232824214
2021-08-30,0.015868583213619614,0.09685563563993171,0.018370939629941047,0.0739223991664287,0.21340434218330673,-0.026869975156382425,0.054804744016353824,0.09379370931884412,-0.10486823177716953,-0.11115878406792884,-0.09487574826650624,-0.06658460890529072,-0.027843393860698812,0.09468149279286317,0.01291111822069066
2021-08-31,0.021448266359934298,0.01544799052625645,0.008419246740286601,0.04654759106122097,0.1959307566073245,-0.007620453474873945,0.0895835851128789,0.11017523150627995,-0.12451738463885653,-0.11958405838288633,-0.11725225158259245,-0.04681930087099792,0.005414175047727954,0.09149730941907475,-0.01230821509184643
2021-09-01,0.01838258642880153,-0.008774907172205526,0.010614123898385036,0.06781394588967002,0.10959802865951251,0.01822538176437158,0.1349343311704302,0.09178023402377034,-0.1263293758926507,-0.10945928548483153,-0.13186812182214003,-0.03999778061007439,0.015846535239569665,0.0844425591818235,0.0052001857812329355
2021-09-02,0.01353513388378988,-0.016847241537613966,-0.013159297788075536,0.026804563678949428,0.07385696042756329,-0.0072450897542209736,0.07543095968176272,0.11541631088805082,-0.06680048581655784,-0.0566102607913454,-0.08090377868770593,-0.06486038829346383,0.03899036128728414,0.08327880721970335,0.010449940953344977
2021-09-03,0.0240324185611277,-0.031566334726917944,-0.007068172679141116,0.045951630230203155,0.09383856327015505,0.05522239429362513,0.11672190188390585,0.22943370362293936,-0.08041317658890812,-0.07591017762386704,-0.09572597914961739,-0.0825887554123785,0.051144038638047506,0.06396088595846117,-0.0028187134378045153
2021-09-06,0.04167471458916061,-0.03757601587965986,-0.03384268321914377,-0.002762280094467301,0.07407187927506109,0.04189463716133704,0.13133012276039546,0.24971517002659316,-0.058241537130858,-0.054197446289720785,-0.06856994540970246,-0.06373915445739928,0.07120187317145471,0.04628543798594306,-0.0039019122314239985
2021-09-08,0.048411949653960396,-0.02643034555005297,-0.029893499446873723,-0.04419922396421591,0.05777747863301297,0.025886669934270606,0.06526914986159948,0.17753189899536637,-0.10116205733761469,-0.06544979161362524,-0.08326130609883864,-0.049025331600072,0.10367869398156906,0.026799009285883024,-0.0028267474147403437
2021-09-09,0.04392005861696746,-0.005174980963429998,-0.013731982681071037,-0.037483141722145924,0.08921781384310584,0.049591885579570366,0.08305261376323991,0.15558736050953692,-0.11598704624090217,-0.09223719277237008,-0.09885353733887592,-0.05737625331772914,0.10396657583114768,-0.0175349188293748,-0.01796418287171786
2021-09-10,0.03507455892410907,0.023515630692732603,-0.006832942442836526,-0.0322968792975373,0.09845473639351171,0.0624703781992155,0.13769036206483576,0.2265792178180146,-0.09984809404419842,-0.0798456743161366,-0.0649671773064755,-0.05132467927974624,0.14905787888119168,0.013495294157347015,-0.03447923408566325
2021-09-13,0.031757886707991095,0.004846427440969192,-0.005634807708084111,-0.041522240317763914,0.04151211455347259,0.03181532594500408,0.10172488121005885,0.13957186866777727,-0.1137859591022774,-0.09476902210292881,-0.08055917910032429,-0.017640723920515827,0.16727840500962635,0.009726554651317748,-0.02877606221337764
2021-09-14,0.02381596144048198,0.04043123935829712,0.0037886155214593986,-0.0035032452743990194,0.10564376852793705,0.05517647531894246,0.16379412950677164,0.1573505109001312,-0.09406540590536794,-0.0767072637885019,-0.06471320881277165,0.007379531264975758,0.14996812078613134,0.06146306131590085,-0.009750478781164057
2021-09-15,0.006851872541708104,0.02927940191101963,-0.03987300144491948,-0.022112174920062594,0.09386114217801422,0.04100640393774549,0.1667504757812096,0.15760299788668442,-0.07941534669326444,-0.05610213256057334,-0.045251502994343884,0.008151565915981887,0.1607895188862668,0.05916140263222239,-0.025088298134380627
2021-09-16,0.03126279450664482,0.04800719903218048,-0.03959679555455847,-0.01460342853224278,0.04994857435956629,0.07215142712598899,0.18740283681027214,0.17669049516505864,-0.09153735138385882,-0.07920789284369373,-0.04625274836722948,0.014643565054227592,0.14272720986216142,0.1287602453979002,0.014749520881908174
2021-09-17,0.030692027339487782,0.021580006051633183,-0.03869586513341672,0.011005789132111476,0.0703001560059105,0.11080950974674594,0.22136973261160675,0.2590890117752943,-0.12865672865715838,-0.10743730857096256,-0.07006794717855158,0.012828678395049947,0.16589803801549832,0.11377596494354104,-0.008041278218969744
2021-09-24,0.04751336291867285,0.013163397959668255,-0.032291680934051936,-0.019927731631572687,0.08752632305809649,0.08254073240851789,0.20235946131926008,0.20064469437114585,-0.17758108021509594,-0.14865051965138631,-0.11139661912676868,0.00437862104840453,0.20265792243424643,0.12029066594862599,-0.015606223801330477
2021-09-27,0.05021073706382406,-0.02512816017697006,-0.03960897703167482,-0.04036658884314598,0.037575639880461864,0.03861249427973057,0.13921155188139556,0.0784388056319002,-0.15096264489765882,-0.14555802482349467,-0.10855904586151399,0.022398082974712533,0.17435844659172192,0.12488065804651208,0.017214312319959735
2021-09-28,0.03854232376724798,-0.030891970749283737,-0.03661365562554489,-0.054991459912998614,0.0139263334059877,0.05452336955066048,0.20206915812197423,0.09040553019572584,-0.15058775197563706,-0.1293639141138634,-0.0961343382869666,-0.014425289086714033,0.12665873341907433,0.12316036273813491,0.014365096368530866
2021-09-29,0.02478748515116458,-0.07845622139289443,-0.03284165496268848,-0.056791280554919,-0.004814562379748644,-0.0007084941390597677,0.08721688641063319,-0.002258569806903199,-0.1002414146624111,-0.09199818713274954,-0.07626159957632461,-0.00769336891277872,0.1327887647163795,0.08721386387133784,0.023949076912601064
2021-09-30,0.006063112784390562,-0.062134489945266935,-0.017200268141965208,-0.08010907597974834,-0.00021056666893759513,0.024716522736145025,0.1420963644783777,0.03730774258558245,-0.07945572965969877,-0.07450682626606175,-0.06239909033772939,0.0034873629809862583,0.11779729683729623,0.04784401694801829,0.011002488661087939
2021-10-08,0.001767755161250384,-0.1260267629056664,-0.023615745634100377,-0.11391404672990602,-0.08860407178125251,0.019581153290104764,0.06792546429395863,0.06620446288800452,-0.045743458232383793,-0.06437485663653619,-0.051746102752188494,0.018864099423978473,0.13268204448465473,0.076761316808617,0.040163623277695154
2021-10-12,0.013313932854743582,-0.148606542015714,-0.05865720217760115,-0.11811938292436419,-0.13804559000223438,-0.03009129318384471,0.044333586999394825,0.06388430622029562,-0.036540954520287605,-0.03114069653821855,-0.03757324139065943,0.000757167708672471,0.13181781800859066,0.039665092780288014,0.04057376117674999
2021-10-13,0.003943099641652847,-0.1441812089706952,-0.07696072391111297,-0.1292702931376464,-0.1369270731620802,-0.08102223803067826,-0.00853269278634683,0.02259072925023864,-0.02915766797280117,0.001370037383934375,0.000832889977788076,-0.017530920274274178,0.09873790704716076,-0.07203428692694841,0.027970931305790037
2021-10-14,0.005736520340488271,-0.1189237382065581,-0.06957595027299776,-0.14457464030233308,-0.09117937677662313,-0.08252787581305776,-0.0237580785284508,0.01691654701894585,-0.024301831674428176,-0.0031129027815589017,0.007726529492168677,-0.01348322162041525,0.10978050701274755,-0.06457509593473959,0.024139433421147327
2021-10-15,0.028998382115768717,-0.1162072739548109,-0.08287384633677583,-0.1172600136714261,-0.02752137568825408,-0.03428184711764043,0.026735984191850415,0.010615337910433453,-0.01021969367922626,0.009237221592273026,0.013144454745487755,-0.025594868078793714,0.10893001467558544,-0.10421270092428053,0.029660498212654096
2021-10-18,0.006842719881305193,-0.14075986183206968,-0.09497796974372272,-0.12551452245026573,-0.057414189400501026,-0.04450601435778451,0.0056076515549638994,-0.023703568190875934,-0.028035915033975956,0.021104302743512604,0.02572765814550615,-0.01619088359393532,0.11859415673007914,-0.11313905271963964,0.054721159353750715
2021-10-19,-0.006789321701713813,-0.11576842536787263,-0.07599717679734064,-0.10617102757079505,-0.01959827077649362,0.03835974944202539,0.021878595267508127,0.013682861312530048,-0.06646142842171421,-0.014423195957072199,-0.003729551133252018,-0.03245823881353013,0.08966061155292732,-0.12202294768042232,0.04615535393459019
2021-10-20,-0.012054846728175306,-0.11467781151437512,-0.0816659009500866,-0.08018104376126595,0.024176872216068623,0.0956083166980255,0.09394368098692385,0.15268854564792056,-0.08821862924419077,-0.05092997867426241,-0.037233534238499066,-0.04770963348363312,0.06070835088564036,-0.1251905206867562,0.04866830366118449
2021-10-21,-0.013547554748920526,-0.15212070068670364,-0.10825924340959633,-0.0907920452634828,-0.05096217522892882,0.0661479145405671,0.010710435085606096,0.07484991099960647,-0.09238905791712404,-0.04261571335813541,-0.033991366744529294,-0.03408273568438425,0.03326267367575281,-0.06299418326661382,0.05491183373738029
2021-10-22,-0.0018579230299891336,-0.1892521784795595,-0.11266958682407544,-0.09175964966100433,-0.009756939925389452,0.07612884026803812,0.015377782849078647,0.07299151296251005,-0.10595968394149707,-0.038817060022713734,-0.031381707227445044,-0.021402444780761462,0.029794648273519908,-0.07133139089947024,0.07923944422771617
2021-10-25,-0.004219547794673706,-0.15528967050939047,-0.09415797697621159,-0.0765473365577774,0.01990004228655662,0.12870926602227897,0.014526376988689083,0.1403412847258073,-0.08327651276307646,-0.021545085037932843,-0.02815878879479594,-0.03938414053382863,0.027386260874122104,-0.10555187636161653,-0.055097911306061786
2021-10-26,0.00019224786716320885,-0.15176505700357723,-0.11062224289796987,-0.06620395898824766,-0.020973500508518206,0.1696270906389521,-0.020565892208916914,0.09400210935383058,-0.04868676428891494,-0.010535973527621478,-0.01674717566170325,-0.039482164406691805,0.025149597139543123,-0.12888508705625482,-0.08615687051397566
2021-10-27,0.003019797823963555,-0.16294665014634424,-0.04604221239896994,-0.05417483027542769,-0.011078763258351665,0.2643877505536689,0.028226863650310685,0.13524028470153393,-0.0793897389951066,-0.02404255688020185,-0.027749489238390823,-0.06586344051445298,0.08866232326820356,-0.1592396700648543,-0.10771726565966375
2021-10-28,0.0009593372686519663,-0.11860033689119964,-0.035375592000740946,-0.04288606350405949,-0.0019685843277984505,0.2740981103531921,0.014009955697244392,0.1158347484413984,-0.08983453944690445,-0.010255572161874893,-0.029464212690442526,-0.04800198200027175,0.12655413699828144,-0.17868231140930868,-0.12919156471587934
2021-10-29,-0.004403532997560966,-0.08629462057163079,-0.06328380590250787,-0.05371768562715462,0.02048279450359708,0.3259575875486311,0.04519579000760632,0.07514073875729488,-0.0656448026216242,0.024688686161266515,0.010093472117687963,-0.0720888563789531,0.11749411983265684,-0.1732136054469696,-0.11688075785706326
2021-11-01,-0.015415545814564557,-0.10515209997440161,-0.05845914811981248,-0.04027524219160908,0.013875772347300364,0.31951445944968404,0.09041832631286162,0.05311827943171166,-0.035809365721401365,0.06937026756080666,0.04723787556373371,-0.0635126461785269,0.10040874787818194,-0.19078599073344346,-0.10193290538227384
2021-11-02,-0.015465673868000296,-0.07866032577771048,-0.07130257130043513,-0.031542142598270845,0.02797958522022609,0.3947053722745554,0.1424260160436176,0.07843281676014036,-0.0008663021662380643,0.08957947801843463,0.05622678083054489,-0.042810412576622436,0.10099904931372122,-0.14859443555909638,-0.09104909743630551
2021-11-04,-0.015709754454492575,-0.05951991565676873,-0.07231912239408742,-0.019661535935068447,0.04327869506171422,0.4100831141925334,0.14234650857930797,0.0729423333523811,0.00889863215118325,0.07714835902087869,0.0561864330469366,-0.026931240637349932,0.14495238181311343,-0.13519934359674426,-0.0936981001591839
2021-11-05,-0.0017946616379223568,-0.01566842925029055,-0.07590144782434169,-0.007864324834954889,0.09898232473492063,0.44900131439731994,0.252453909600032,0.1416514198929003,-0.03256413419695969,0.04404021167599226,0.10027207049732012,-0.03993866174485469,0.14424135793492998,-0.09641205277539014,-0.10804975572853723
2021-11-08,-0.0005946984484765105,0.010840239124528805,-0.08938945804074594,-0.0076845563651702364,0.034442967224700416,0.4132936512266935,0.17262627389662466,0.06548888371378281,-0.06976959845158259,0.014135389732711667,0.05412724027280402,-0.036384580740178946,0.1281669080342115,-0.06947876270883066,-0.08863588317222038
2021-11-09,0.011287271218587941,0.04316566465613858,-0.08186793512904508,0.013850242230085102,0.02314353433656935,0.38745829431239864,0.1744658083469438,0.011684065452985504,-0.06058445595942186,0.02587571783311171,0.08495893077876926,-0.04801947946902367,0.13115972967005085,-0.0877690088319307,-0.09165320871103705
2021-11-10,0.0011511076420287203,0.05029233074814021,-0.062318683600254,0.0279955772063043,0.08180032903854106,0.4586575800419541,0.21350457680380264,0.035347367529135254,-0.042881904348771926,0.014396931258531809,0.11626017811324757,-0.0284649725530325,0.11820788693147732,-0.10856735726323383,-0.10333778123919846
2021-11-11,-0.002601281989817794,0.04671754143920698,-0.0475835061596348,0.04434476723200037,0.05608125909347145,0.5016531102749487,0.31263017680729865,0.08398801508663534,-0.057475887021023575,-0.011806507647658115,0.07493017672014368,-0.030725693912237076,0.14509753811140896,-0.032460466240773034,-0.08879802877543178
2021-11-12,-0.010755116227860628,0.04699024596264917,-0.05008335683256063,0.050723044199009304,0.021246289056587042,0.5269854763898283,0.3090730741021964,0.12786068988024335,-0.06065638241971949,-0.011321636838676652,0.06566101803035707,-0.030796296620467498,0.13351917643825928,-0.010089366275075867,-0.0964147771559841
2021-11-15,-0.03306471040886813,0.05104548791978575,-0.0301232984105059,0.03974766701250329,0.008638288971922481,0.4398584600209469,0.25295864877327434,0.06381307431765049,-0.07933899736202177,-0.02939077330600659,0.05384217582131112,-0.012430656338258711,0.10471473349339472,0.010742572913716747,-0.11454333713488146
2021-11-16,-0.020817267562160624,0.05997327719480178,-0.03662212691518202,0.03832772042837432,0.008431310950598292,0.40336910867521814,0.24696795424717288,-0.0014313224961882698,-0.0756097564772944,-0.045878686495938514,0.01578659688383599,-0.02310158094560623,0.07169100889157581,0.01617374347626116,-0.13252435694571582
2021-11-17,-0.030006474404837974,0.037642073740221715,-0.00821183207539028,0.05100662922136287,-0.01594325297271043,0.33376721591700703,0.16346689212992715,-0.05947294829096306,-0.041876364305168945,-0.015857179199788574,0.05256221151329099,-0.0296158626366807,0.034734730190487395,0.0432587743566796,-0.11934353745113163
2021-11-18,-0.02686606943566247,0.034971172454368316,-0.012629055593926852,0.04401370233468932,-0.03666223633817456,0.27261565655453196,0.12347075330318846,-0.13495158146250708,-0.058339759568505234,-0.019995828494172363,0.043146179817587615,-0.03755924669639328,0.014111173986553482,0.05135970979666121,-0.14547869550753761
2021-11-19,-0.013999137188199867,0.054960077430196486,-0.019270289888142472,0.0647485737370321,-0.023126528571947746,0.3138223305795318,0.18466755192541207,-0.07753073816325118,-0.025733438884288362,0.0032551270863917514,0.07338748717911847,-0.020598167859555483,0.08037318549502093,0.04093304455245669,-0.1579891291779154
2021-11-22,-0.024770560645551692,0.059407421968537655,-0.007142590612895794,0.040037910485631184,-0.024077397479538742,0.30665217597018846,0.18477163910960437,-0.07897159801805476,0.0054736419569234585,0.021320998142758563,0.06257281400853554,0.0280018102908179,0.07999524488715315,0.054992525678416865,-0.17174478950456978
2021-11-24,-0.02618775947667734,0.037680533050399756,-0.007406332569888263,0.02058076203382761,-0.02932347801958246,0.26827189805171847,0.19726967792247918,-0.10190091329349371,-0.006406716272506885,0.013290745332491749,0.05931657140667718,0.025846810681045246,0.04135201697516111,0.10311760586524532,-0.06065329424662763
2021-11-25,-0.028657761400997822,0.03847832402646545,-0.009344735257321046,0.023850653811031408,-0.01893516118313532,0.2986726563673438,0.23097482388466695,-0.03786921840549362,-0.01127371610031025,0.025716762413700855,0.061980530310952964,0.005890138082602581,0.06690734939698262,0.07768713899972621,-0.038692164037387344
2021-11-29,-0.02896560410813756,0.046475399262131234,-0.041716718781796974,0.03167697751565837,-0.0003730890709900403,0.23484475168716845,0.16811656865035884,-0.0758544987392945,0.01159018881993712,0.029752821787873307,0.08027874276072772,0.02479291275086526,0.015690772868320824,0.06593452772290329,-0.030709371826673437
2021-11-30,-0.024884660544565618,0.02226466022387802,-0.04310858741389392,0.03585728904360963,0.008508198783695853,0.25522747949038305,0.24058453972282445,-0.04402388616018704,0.05581936874753968,0.12991805153261138,0.10422977325389071,-0.005323111772566003,0.004572693723998544,0.08172227745717303,-0.005561315136090594
2021-12-01,-0.021981466587293025,0.02945786916010551,-0.02898959317233013,0.04784766947473973,-0.011362578225259656,0.16063270052949952,0.14687088440515028,-0.0994295148274178,0.023870644747920333,0.053897689084291045,0.04261751641657541,0.037823300777624,-0.01927378945629421,0.020397597303880244,-0.03787531093851021
2021-12-02,-0.0004088096125987317,0.052069525983188925,-0.041224417693265014,0.030256946950600716,-0.0457042116967038,0.11467081853648242,0.06690090622659639,-0.07520090098890186,0.0026830194825828713,0.0017603832090080096,0.007751986539235256,0.05191400278233718,-0.07022985352553746,0.049283310756372656,-0.07221928047600329
2021-12-03,-0.013806877095404652,0.08479893991268062,-0.04797941594598912,0.05509092046966779,-0.004012256928153657,0.10064320054050313,0.0637286054599735,0.00046491154483652153,-0.012847920889120013,0.011242183439114706,0.012189203863639808,0.028073818030601078,-0.01786149909559953,0.021341297177127433,-0.0635986341985394
2021-12-06,-0.020597709752599558,0.056899350110967806,-0.04791286515249263,0.05552252923476739,-0.03860184555861235,0.09224331462702828,0.018467297200893684,-0.020367590414111847,-0.04025899123548371,-0.0017129077460199538,-0.01011521663810866,0.032426073010201076,-0.07218093633005351,0.022065466051605725,-0.08126283668014
2021-12-07,-0.024344633844122637,0.028231656612091705,-0.03516388654258401,0.051324350708222166,-0.08671462902915295,0.06134564735223891,-0.008496966580487264,-0.08304445286584028,-0.04124203379332059,-0.013293633579022135,-0.07552302294878199,0.05898047020488559,-0.04675037590547726,0.01708291278006252,-0.0453250853983132
2021-12-08,-0.031114568723147246,0.004953577465082903,-0.024187428313905412,0.04133639666397057,-0.029435329728551174,0.1127223430215003,0.034849128220455494,-0.011043630381235792,0.004497635820714829,0.017723578443016308,-0.01528379009632519,0.058127830459448276,0.0057364152382595734,0.07956781052028,-0.022031945713690826
2021-12-09,-0.0333950400083492,-0.011296413607155387,-0.0369356981717843,0.031830739105293326,-0.030694206281052572,0.08862392462183655,0.02806630221786377,-0.04467463807846983,-0.022680825082312395,-0.020211341852726328,-0.050565784703828,0.07246923894602159,-0.04073880605316971,0.06793233206664384,-0.04740804247244884
2021-12-10,-0.034018190326992076,-0.010226358979752881,-0.0381752809134647,0.03314806844398893,-0.038209218963819014,0.08824523775237647,-0.01385806615445273,-0.08264267812176052,-0.0476048732029869,-0.021346681267424117,-0.08708048009301644,0.06592855688041382,-0.03912708837415979,0.04987766645116984,-0.059484052511160956
2021-12-13,-0.033623247248843385,-0.0033880095827282797,-0.0286779441403211,0.042160266267113056,-0.04009736489775467,0.09025847751785976,-0.05033035874422076,-0.037191606067562444,-0.058079038349784784,-0.027287438904301964,-0.08694089092859059,0.06608670871426708,-0.01734649239015379,0.07531455413903801,-0.05149980775205304
2021-12-14,-0.02038492900293351,-0.00954033969345569,-0.030857957354711835,0.02638456208725387,-0.03211877775284422,0.0476369074517109,-0.06544743144660092,-0.10088504363666595,-0.0399945376326174,-0.012784343854067126,-0.06326968185059356,0.07198884705706224,-0.03453266709699754,0.027424562159516275,-0.045423709952380764
2021-12-15,-0.022143063971541116,-0.025599861681217417,-0.03568311479025177,0.02951539419854038,-0.033150012043158594,0.10610851839973123,-0.007543979486152486,-0.03399680486122314,-0.035664504406778486,-0.012470740722672069,-0.0754366853345192,0.07165770282440925,-0.04156404782761802,0.015708726814320645,-0.04390385538987651
2021-12-16,-0.016302751540680366,-0.009855294166546735,-0.02420929591554108,0.023016085564637412,-0.004921742283742203,0.12313311064684274,-0.014762328610212982,0.019696725001332016,-0.03035879895226512,-0.011596754232459539,-0.04596609875073909,0.07186466147912715,-0.004705768603813776,0.04339310414617539,-0.028541988057114775
2021-12-17,-0.010511385513143762,-0.03139700962535413,-0.06015270231819675,-0.01590729661827367,-0.016742670352744182,0.09693376772773166,-0.022800168370112006,-0.017806211119861803,-0.057562304402185904,-0.04612295983054826,-0.08796835858669705,0.0853737749169475,-0.025349981088654994,-0.04600393752331128,-0.028644514463955606
2021-12-20,-0.017923808808686187,-0.019173868882517153,-0.030681669100143277,-0.002357531512780009,-0.008384397167566449,0.11935360790791738,0.011292444092373177,0.0020656738926794205,-0.029591493019731296,-0.036270754102989966,-0.06957137374693412,0.09329709689820917,-0.02210753515098174,-0.02671951782468729,-0.012816413489303902
2021-12-21,-0.03579178162677987,-0.022330714439290578,-0.017294743273348845,-0.019575148537276377,0.006866120628396866,0.11625053408156416,0.024238241384484827,0.011334588065536999,-0.034329173195938534,-0.04319205540613147,-0.09142038398496277,0.0839681156635387,-0.04162409518896082,-0.06706562014601755,-0.03023329922783813
2021-12-22,-0.02885159638971313,-0.020218736482217226,-0.027325141123325597,-0.011062750561105839,0.0009332068501985424,0.1329811141650581,-0.012598860555419922,0.008726256174277802,-0.0795766319532969,-0.06885721493889274,-0.10025355399475333,0.046877450311575114,-0.05734157483538321,-0.04975659115039982,-0.006631198065292776
2021-12-23,-0.012122588568144466,-0.0041810354600015365,-0.0272225231269895,0.007532413666767268,-0.019795814273822987,0.17084814653889324,-0.03137364365807915,0.013402219769292567,-0.10078797551217877,-0.07689144466387965,-0.10019256284151784,0.051780846286703014,-0.023164376442310897,-0.05320504802304504,0.004022518778763862
2021-12-24,-0.015601353032308862,0.00037262278340655097,-0.02433104925928331,0.007245446626606256,0.008952193879352421,0.10780323339363385,-0.06478147532498402,-0.001577256801851723,-0.12315051215262418,-0.09461272673217408,-0.11277830064616168,0.07390407031008728,-0.05969317145839537,-0.03736711067184062,-0.002854541208506256
2021-12-28,-0.006352852564133343,-0.00047860767432272855,-0.025748369389169606,-0.0026649776909830614,-0.029470059907205637,0.0837341642336451,-0.08057916481891114,-0.014527468258814125,-0.10449456510571276,-0.0817231505324072,-0.10917367611935253,0.06461034438401875,-0.058551137824352284,0.022581845781068477,0.01869971587613556
2021-12-29,-0.006863502562658774,-0.002691543615301162,-0.04521877467837335,-0.02642897585569781,-0.03756080117028521,-0.00683343384125934,-0.15237597601638986,-0.0516205573548546,-0.13387453240273306,-0.1682134021613273,-0.13206080265079534,0.06709810684039372,-0.08744119476966289,0.02621814179225712,-0.006563409158856004
2021-12-30,-0.004524428674121728,-0.006751151953469037,-0.048793807896778785,-0.018175515717574864,-0.05189634672575122,0.015132977461187913,-0.10728922061398305,-0.0025030328575963434,-0.11727887533611114,-0.1262711377747473,-0.10382703256135994,0.02882585709329258,-0.06519930972643678,0.11209807863087254,0.02157036836917625
2022-01-04,0.003598818079609434,-0.008241464824942202,-0.04774415637843685,-0.01963295656445596,-0.0687959140914765,0.08285561206289604,-0.07985117824657828,-0.019396620808988407,-0.11138380619100419,-0.10766165442673842,-0.09503124957843523,0.009240342627619802,-0.006260562830588345,0.14088438793843594,0.06046613407220047
2022-01-05,0.005716837340355163,-0.009068678863900004,-0.009144166975029316,-0.02783064659214879,-0.07565439398469725,0.031827294418369845,-0.09165005042858354,-0.08988661877961868,-0.15096024748597647,-0.13259848595381218,-0.10215775025731083,-0.004915140345012947,-0.049717019997940815,0.11320625242432966,0.040659703988992324
2022-01-06,0.016346536131141925,0.0027183764163953295,-0.023817162547785237,-0.04695200536660221,-0.06772465654972565,-0.008303919851665231,-0.07868818320005966,-0.0752251946748902,-0.1280857453894012,-0.11605559070628768,-0.08201107344547243,-0.013954384904066863,-0.06562018588429058,0.06752778686785521,0.06602480760409979
2022-01-07,0.0060718342838764205,0.020135327943979098,-0.02116167042697492,-0.032041084372183504,-0.052101199767268236,0.004187415739156153,-0.09680994406357946,-0.08994038248236003,-0.09837066167051067,-0.07854153150227716,-0.05882151466333063,0.006747417567924047,-0.06627263723716115,0.07910361130202631,0.050874273763115374
2022-01-11,0.026027461260711898,-0.00427773007150839,-0.03210630661618746,-0.02050177033744266,-0.0861472438761815,-0.021850192784023448,-0.1113779747315311,-0.16131874708266514,-0.12330905550216764,-0.08927016986561398,-0.08139558987056972,0.017539036269276193,-0.11562193098735768,0.015230058650234746,0.052262004060436684
2022-01-12,0.02965473949560321,0.02386292694397718,-0.021053705583699206,-0.01519304911469005,-0.07945683940194515,0.026971710371967883,-0.12116049350539493,-0.12435922190131321,-0.10837719500360987,-0.07689886279548497,-0.08541741800284364,0.0070710382284728535,-0.05334766042945749,0.04373131161412952,0.08039701123262638
2022-01-13,0.0278557768263355,0.011192975736815158,-0.020107070943693406,0.010089755493608632,-0.09529568960433182,-0.001451866072998298,-0.07596860544488471,-0.1175265041189244,-0.10243047443956155,-0.10289167739083527,-0.09501469523073491,0.002820453197892925,-0.03830828169527206,0.07007690048449172,0.09393976492990841
2022-01-14,0.04952219671810226,0.019337761787465046,-0.032828177294483146,-0.01701039358631551,-0.08028258068179073,0.02418664545594562,-0.09253681438793304,-0.13843851122657358,-0.10857430345897001,-0.11294014319519363,-0.09218971672342946,-0.005082874513095692,-0.07339057736874233,0.06259749790843311,0.07583462475653835
2022-01-17,0.05296507884195817,0.03152137979474667,-0.031542837418154945,0.03753231015760777,-0.04220175238872781,0.03547424857085901,-0.049929492277052345,-0.0713078481863636,-0.10883217813800916,-0.11306845562046397,-0.10112391629462036,-0.021226219275801206,-0.06340254568948567,0.1313914954263731,0.08517717415427545
2022-01-19,0.050843666424645356,0.024609423557545473,-0.03209816861299036,0.05127666595824565,-0.035896739350543494,-0.007681835030438178,-0.12070842585915442,-0.11183248701928483,-0.10781394778673126,-0.10478290886490993,-0.08246673220862333,-0.02641642670947522,-0.10828384452511808,0.07719496598058959,0.08587965319164309
2022-01-20,0.04094608246809667,0.017440197702577875,-0.016467996993193373,0.03798669259761278,-0.04286456880649314,0.013949961704524227,-0.09448703636292932,-0.1324715261054621,-0.1167630013694112,-0.12497791516377754,-0.09089535394823156,-0.018779151428277824,-0.12957887114999678,0.01935322205595502,0.05310588522581339
2022-01-21,0.0413379723380502,0.012559235634597266,-0.00013092277079998493,0.062492969346622795,-0.020237535118305283,-0.052827238244864905,-0.13287735988936955,-0.16301267397368968,-0.08367438591545862,-0.0828533949028919,-0.04601103428304554,-0.01400911350681125,-0.09589274083847521,0.0814138837466219,0.03921586262614213
2022-01-24,0.06173493895385668,0.0043846053206602065,-0.019369757817813194,0.04858556549445975,-0.022296468692960758,-0.018319636585358845,-0.1348152996543277,-0.12936672292401097,-0.09365497261952682,-0.08097475460647419,-0.05237910579739258,-0.02212765545412737,-0.0810421131655048,0.022665121965912555,0.030267379192281285
2022-01-25,0.06777339019038886,0.007494477420838586,-0.007808835747618509,0.05827304630033481,-0.02754074321495964,-0.04774377351490833,-0.17197904377502482,-0.15704052076321096,-0.0873605039591252,-0.09644271954403194,-0.05321045187036266,-0.02685699218741,-0.1451405467243106,0.0902797381151656,0.07161198969453347
2022-01-26,0.058549558352132325,-0.010714600297769994,-0.008273832750758048,0.05195059730457163,-0.03652259973881039,-0.0688441473310476,-0.16844366125004107,-0.1489137160426145,-0.06049619419083152,-0.10412440294820569,-0.0584855407699284,-0.039746081679783024,-0.13365115691453272,0.016523308835117462,0.033653447628368194
2022-02-07,0.04102492627740423,-0.009485437341959169,-0.04116774791682584,0.020997779915476633,-0.03559426170684221,-0.11344492108822668,-0.16530935476703346,-0.17339447149683118,-0.03730246408907578,-0.0901932212276152,-0.038190907701903254,-0.06562984243202433,-0.20773027574173508,-0.012231858224642234,0.025701633527193513
2022-02-08,0.03038542169036068,-0.026734533255617532,-0.04915431899424699,0.009002395439265898,-0.04369136866210038,-0.09988997113946296,-0.10071738532177554,-0.14408872210234058,-0.013285982445913613,-0.08005411460667655,-0.02651206693873176,-0.07597146765894555,-0.25982979867478406,-0.027392064588691784,0.01972758115424561
2022-02-09,0.021477649161513623,-0.01377846547358369,-0.045804279274738735,0.00131090752240981,-0.0007780372519889389,-0.0396409678872891,-0.05708009749640297,-0.0899097077261306,-0.013146784422891078,-0.07560958867640599,-0.03192849412666887,-0.07931359424580578,-0.25875513760198,-0.014905001386225969,0.018419428750516886
2022-02-10,0.03742901278205618,-0.011294098284901799,-0.044999931098953866,0.004065692790705289,-0.030132463797044595,-0.03982583477778845,-0.07840218798676557,-0.10040368799465604,-0.010992038691103212,-0.08009985218081594,-0.024099262111889064,-0.04000121264317763,-0.2255025873540863,0.026906343111632036,0.03679116940314109
2022-02-14,0.034492602142246975,-0.02991679637268846,-0.02452966661828826,-0.010975417528324427,-0.037663744501618523,-0.036041871507887735,-0.10366616503939985,-0.09731394954417272,-0.018475512882731415,-0.06558723463011817,-0.01962604394913292,-0.03414502856880841,-0.26573395165269026,-0.053457993181480756,0.025584959373688987
2022-02-15,0.005795921151620698,-0.02757775003614088,-0.0029228875537002375,0.012361661102709753,-0.02164924180919031,-0.022499080735750354,-0.07860978168159183,-0.0787359312746927,0.016507080444908895,-0.04694556158172902,0.008911130797944034,-0.022783746425398765,-0.2745511762537781,-0.08195450397892629,0.00832718103305563
2022-02-16,0.018429741182565407,-0.05647025360798286,-0.035852785543412424,-0.006632521970560468,-0.03432422487612308,0.03885313362221632,-0.05181158676733233,-0.06275000637880523,0.014116006221722044,-0.052624965543851765,-0.0016201131787194623,-0.008195949024194071,-0.2555293905569653,0.05082242010393462,0.010673280261059126
2022-02-17,0.016958539782233772,-0.028357907156669193,-0.013371598105391708,0.004465862146143862,-0.034320248797608754,0.07384736863703134,-0.03916488531043005,-0.07710128580740938,-8.603208519231131e-05,-0.05568993360525476,-0.01740193689477154,-0.008240501964635355,-0.2265673612046612,0.10401161332095676,-0.01651070705362645
2022-02-18,0.011264948845838785,-0.01861496776901478,-0.015127240647017093,-0.01226213449113861,-0.02084006542291622,0.11243110636151943,-0.0007645722092586293,0.0006252618702176083,-0.008321687842462677,-0.0549773574820307,-0.01011642364428389,-0.04452132939423495,-0.23614375921291741,0.05784370900519292,-0.0417477723594194
2022-02-21,-0.0057108498626535775,-0.01048197130259515,-0.018096846619123252,-0.01464068912868216,0.0032831450854824973,0.1017150113687707,0.012487091850758247,0.028973353594639262,0.023013148127834393,-0.03467638629232117,0.022002376266787582,-0.052724420001739575,-0.25657197915971364,0.030892506449275214,-0.12571430745275242
2022-02-24,-0.022988274780776946,-0.0073429238291286,-0.016005945602159233,0.005341306193484996,0.01167246605436656,0.10734713063072698,0.0183429973912006,0.04756518714486335,0.015324997057967193,-0.035158474539321194,0.01975447197358804,-0.060507720212518656,-0.2891160574444374,-0.005618401889784186,-0.10857884312229155
2022-02-25,-0.024429576872820408,0.007578333961835437,-0.003929885184531606,-0.008481743778816442,0.04558897694192893,0.14247618713435983,0.012312402750773499,0.11849244499161693,0.030210748875171056,-0.01602949611469462,0.03045670848641735,-0.04210152589698321,-0.23080612942146345,0.059643862199445785,-0.06014287059452089
2022-03-02,-0.046023725961909345,-0.0021485902923555344,0.009373922271034452,0.009063943002298791,0.0416179122425156,0.14733250468078174,0.04036785630708728,0.1069428521571113,0.02139578869872283,-0.018515496942853038,0.02522878666849937,-0.037264624757964354,-0.22669878277418515,0.017423025011122806,-0.06441740061454415
2022-03-03,-0.05771616565845045,-0.012978528022505653,0.01654397896093776,-0.031430065801742624,0.03331278938845328,0.12728961006367534,-0.007632256421217676,0.04816081963342134,0.006269349974978522,-0.031759763029457266,0.007128133637741896,-0.020369425600681834,-0.2182187235476788,0.018408486294178406,-0.03242098438645524
2022-03-04,-0.054418995007095794,-0.0012117662596410894,0.02543198642536823,-0.036323452628445496,0.020919149183585894,0.15576787453328644,0.0662668011482479,0.07420415239427003,0.023004517240919453,-0.008175108271909926,0.017896483667826146,-0.00840176005958998,-0.18670809189158383,0.07669095360749395,-0.031987709884357285
2022-03-07,-0.050822779057778544,-0.018605266069894877,0.02283617246258246,-0.039657187394172067,0.017058704516953127,0.05892282197585752,-0.016579789658159205,0.006661284952764968,0.02531769052534627,0.025550094286276415,0.037338147003386446,-0.018733126488119062,-0.2054345801974058,0.09970519024072644,0.02341899200916775
2022-03-08,-0.05504529164078903,0.007683687170900011,0.019002060665392922,-0.023600827834559746,-0.008763200719248687,0.1340215019146439,0.01724088050321826,0.010115416750964501,0.006785587017557382,0.0162163388678509,0.008829478155537807,-0.012369466194957907,-0.18106627802741,0.0607385561392933,0.04830714133311548
2022-03-10,-0.05994842285450419,0.011576114519940284,0.014233249298612138,-0.023186915101800765,0.006220713623632912,0.14519564868832402,0.011197946661330671,0.021251640966205132,-0.004737824663793355,0.017372625800423425,0.01244684604238433,-0.024993002905034867,-0.12337898105595513,0.10768515958592084,0.0317812117028321
2022-03-11,-0.06848028704875611,0.020039933635087992,0.010925293891242832,-0.02820070959132595,0.005972248988598106,0.14758946195169398,0.0245916659109211,0.03392247060983766,-0.0007646600408279802,0.04977474757783151,0.047590630087479546,-0.009493359189778172,-0.139236206633601,0.06682893053751146,0.006704729433824219
2022-03-14,-0.06729253131088822,0.04551561040549612,0.02386816301632963,0.00617869733647089,0.007635135587008901,0.10306378765104052,0.02550344912329472,-0.011259982136256674,-0.044539781056835315,0.040762630192978766,0.03615612139009794,-0.008052500855309369,-0.15788153835429627,0.08728898344380448,0.005607903917041468
2022-03-15,-0.05808551478648119,0.03499304251530472,0.06050409521073574,0.03316040113583321,0.016502634333804,0.08668706433706863,-0.01090334977488372,-0.07274450948970002,-0.08919193272536108,0.008848571054795196,-0.004624025141935939,0.037966530292201844,-0.060953782951928465,0.1349352884453656,0.004341102251533668
2022-03-16,-0.03923773239276648,0.04687465610706848,0.05179653502077908,0.04295045391578184,0.008273651770248802,0.054012823008142474,-0.06174053949535363,-0.10338701038641496,-0.06798882888304036,0.03262829281637358,0.02640131411635549,0.04363386816235157,0.037646150812611134,0.1656066614200584,0.012820524701814828
2022-03-17,-0.02431255164046836,0.04421974018041763,0.04090528477100949,0.026266092016178966,-0.015676094440736144,0.019158584716477356,-0.05760276224267902,-0.11137691720111331,-0.06168077084595991,0.026270326176401126,0.005067013789272989,0.024378109290168398,0.0515538905987758,0.15605779145710313,0.020386733851705696
2022-03-18,-0.04125902910515547,0.04897150127887173,0.060849572523817785,0.02345496137316655,0.008996309784417789,0.02014956534249046,-0.047230543117697366,-0.07791800751777789,-0.04795203263043657,0.05205059111132393,0.015885244701972945,0.006018237307808982,0.05992317859561219,0.13360777225958442,0.01871318899163915
2022-03-22,-0.04340793563447792,0.05653755511455888,0.048931044105879506,0.0348166935303067,0.016556981193713904,0.04961101223271214,-0.025736708561080124,-0.05989357461785383,-0.05832335314616777,0.03033358470974079,0.008497605497679084,0.010656015182928885,0.09468839748704944,0.16689090979442267,0.02572490518349918
2022-03-23,-0.037453384031380904,0.05378181593440079,0.02630783712677462,0.016780002401474203,0.021970522640188395,0.04432953858084088,-0.002222607397109444,-0.04163624935601251,-0.08336946503199816,0.011926870259366118,-0.023595911918807277,0.0012174017924432012,0.11768598281060377,0.14229143131600308,0.035377545089530005
2022-03-24,-0.03880707274562756,0.04162082808251516,0.029000782844438466,0.0364447524803066,0.03347127148413914,0.011262297495508777,-0.047178555260748434,-0.021138850955078503,-0.08033714654573565,0.016024276450124275,-0.02437499824143874,-0.006294320555349647,0.1301641604195295,0.00840180211806213,0.03226344606956355
2022-03-25,-0.02220037442321149,0.02560236171920255,0.01781225793432717,0.025957307220229375,0.02886438946001385,0.04123402200839321,-0.018703801565888578,0.0009715306057910267,-0.0719192754829141,0.02155818605379678,-0.024210392832158867,-0.005681803804553437,0.15355698715282318,0.016342861096985017,0.10698965059757537
2022-03-28,-0.02647597059991122,0.022920092677467974,0.02673634394239402,0.030595030182186345,0.022698926009084075,-0.0038496307721633816,-0.04611211519194258,-0.018181578078827032,-0.061462975019859756,0.03199525523864899,-0.016830760027124914,0.009195038039870235,0.1511644176382662,0.061740825280461875,0.13176218108698898
2022-03-29,-0.012300432506857167,0.011120978796685388,0.03281305893324318,0.024802182546173224,0.017443326086696187,0.025061981121997867,-0.021431196258855145,-0.0515345014290014,-0.09021942178376396,-0.007195090003209947,-0.06726865361631873,0.014113099634006698,0.2150083536976352,0.07499536984096822,0.17799037471046977
2022-03-30,0.0036308493135341624,0.006793631350106244,0.018469857769427694,0.012407403473116307,0.018821426446582357,-0.003754748781956141,0.00281329472358105,-0.05824421787426992,-0.0885746845985389,-0.01673822831901617,-0.06424862497862438,0.0166496354891488,0.18615333027982278,0.09555620911648821,0.15639984637069887
2022-03-31,0.00454620135583475,0.007126253125996185,0.0051930575139221,-0.0013872149533390443,-0.003308579000560863,-0.04008958025177756,-0.038932275824894225,-0.13851469185986076,-0.12199884768497737,-0.052556300108889675,-0.08423826035795434,0.012698030857949405,0.10843462766301187,-0.018249644030680023,0.10119179226700065
2022-04-01,-0.001835438730204697,0.014122415886718975,0.0052680722407485725,-0.00882533435589089,-0.011208841284703952,-0.07439450969703487,-0.0495528646582486,-0.08712851715114012,-0.11130719925871446,-0.04306006177700605,-0.06885597680653444,0.010403480855221359,0.11621322243543902,-0.002703425302175655,0.0849047953073076
2022-04-06,-0.012752600532280167,-0.0005875360211748948,-0.001747920007040521,-0.03947820776431088,-0.030400400876811173,-0.10353345358111499,-0.035140812108757746,-0.04023106314880942,-0.10327969963015349,-0.049729585917187125,-0.05825764296852598,-0.00676360118801253,0.06224529565976694,-0.08863924926850941,0.02966119412032131
2022-04-07,-0.013311798109055556,0.0009315217754942706,-0.0015036064900678103,-0.040950514827774176,-0.02928532924295002,-0.10603637652212339,-0.06225700004231749,-0.09672163206110129,-0.11644789675272704,-0.07861532126840065,-0.07914340575240963,-0.005364934300514518,0.07108571836087674,-0.09687141229059579,0.04547356599595337
2022-04-08,-0.017195066806476783,0.01391371155739457,-0.017784354208749437,-0.01887465939132979,-0.02363290117983735,-0.028090183704006955,-0.021305538992717588,-0.038429648893411716,-0.09981064835709508,-0.09886471661810592,-0.09876476160617875,-0.007247209761272438,0.06509186551986093,-0.1041073271818734,0.004875427743438743
2022-04-11,-0.017398487104576865,-0.0038401316764841154,-0.00993591723220863,-0.035709711486178686,-0.018918696939512758,-0.08650305639199629,-0.07945892495432993,-0.03605705147858529,-0.12986893547564549,-0.13661878117192994,-0.1270240599995247,-0.004208156740359931,0.02611877164152293,-0.0703295069481274,-0.005428270183950368
2022-04-12,-0.024459690582417565,-0.012723322836085793,-0.004525792862153516,-0.017394820683274193,-0.05754533098859438,-0.11171289153079123,-0.07838999221270315,-0.04957334378461875,-0.07454623543173122,-0.10033420168679974,-0.09112893406178824,0.010084559857509973,-0.028886376722970564,-0.09606238985448928,0.00985818322956672
2022-04-13,-0.003317841473381433,-0.015006147500350286,-0.024686863405999904,-0.021180794555858057,-0.06471410830056162,-0.10950793821785454,-0.06089395700383382,-0.04883966956095154,-0.12117936840127563,-0.15920939644705256,-0.15850586804970235,0.00013873420123458602,0.05966537762043875,-0.11731370239315855,0.001095936359617855
2022-04-14,0.0050567125210044805,-0.022649730990788097,-0.030788467846013495,-0.04393981078896428,-0.04741375663491548,-0.05614571848939154,-0.04739324477684803,-0.006167751926319576,-0.06855621291558245,-0.12343558550254818,-0.13494152362203116,-0.017192323744470606,0.07573760095785179,-0.08077550085277535,0.03309541107251679
2022-04-15,0.004840528253414161,-0.013609770452567116,-0.023174983721143516,-0.03941815594993639,-0.052580018134961104,-0.08704544520475321,-0.05410151600088475,0.0312754114961461,-0.007470192475021675,-0.0988989560231528,-0.09644949247384549,-0.03622782528762124,0.03463177387838176,-0.10542401032099499,0.030264047441247888
2022-04-19,0.0022990881277777653,-0.02533416985455844,-0.0046183796692309265,-0.03671179696935842,-0.03702278410352705,-0.04930959226460352,-0.042961332555791265,0.047828829758534086,-0.0602997481186639,-0.13330610843046775,-0.14080956068188655,-0.034823296613696736,0.0419651005750277,-0.1312470021109217,0.03738306884583914
2022-04-20,-0.010598322990827025,-0.030183687994838948,-0.006156275752113111,-0.025771495333398703,-0.03691338308848924,-0.04414257335566496,-0.06377885683151752,0.011196164102324602,-0.08351099799357409,-0.15290179368610868,-0.13594163180162322,-0.012935652561344324,-0.0026128872147022364,-0.11696644629482017,0.045256509266887346
2022-04-21,-0.015992760659884864,-0.03508270903272659,-0.019836472683502637,-0.024194788398641753,-0.03720269518146835,-0.015477773587875276,-0.03483843318499846,0.02798970397925682,-0.10738878814373753,-0.19156743575514534,-0.17158786233556278,-0.011050228559693426,-0.009271684008977599,-0.1405057088293177,0.03982392255036077
2022-04-22,-0.01734085392088111,-0.02835110928535084,-0.009751466360322286,-0.024141552481313028,-0.03454805526225252,-0.08221366911055317,-0.09436848609280635,-0.04207385862717339,-0.11644604679135506,-0.2182525685741893,-0.17779863989884437,-0.021163148411585453,-0.023112368415483836,-0.12209890090213035,0.03431531205690469
2022-04-25,-0.015430520183664448,-0.0505913788917452,0.008568815043423189,-0.010115631889659471,-0.05544655122472081,-0.1170243834125777,-0.1750428023108498,-0.0720074167500484,-0.17288253202610449,-0.26819526921169257,-0.2345149192374888,-0.000751506520646289,-0.07706215003530376,-0.1175994717350348,0.026771136012228025
2022-04-26,-0.02221397147475454,-0.04488145217799827,0.04574896783800378,-0.023976124257997028,-0.0806622031312682,-0.13064351059010126,-0.16779175025158155,-0.1425687106118173,-0.20518188658885406,-0.28708092773613325,-0.27778449188450893,0.0029462634653566883,-0.08280275582842564,-0.08545856186701548,0.03710525360396283
2022-04-27,-0.05182978817288526,-0.054896378944585045,0.07679640750417305,0.0011955800182446574,-0.0797798062311838,-0.06035294744045083,-0.16044708551940368,-0.1339829315521731,-0.1302994181542172,-0.21938963671628864,-0.1925577685739015,0.005641228239462656,-0.06923868787228804,-0.1399118054989404,-0.04378857979266809
2022-04-28,-0.03468901368296677,-0.04830328036369003,0.037459968010965045,0.004924568557839848,-0.06375947357001788,-0.10797246864054721,-0.19768056607239926,-0.1827809410603327,-0.1575902638281126,-0.26872449030156653,-0.20466517280297136,-0.012016897004599458,-0.14101478527113032,-0.18663225479748533,-0.0704707493465909
2022-05-06,-0.05035485560440488,-0.05703950797572804,0.04906430709145823,0.04177506741663972,-0.04170451801242464,-0.14827165777695517,-0.24022337513338654,-0.18548612888398808,-0.1533195152413448,-0.2641587944545406,-0.2058703538497878,-0.02096955328896488,-0.17509529914755334,-0.17832645473658115,-0.07995280089202075
2022-05-10,-0.06263214222674154,-0.042854505083075645,0.062334341033401575,0.06107664045772346,-0.04591268409531091,-0.1307338029022117,-0.23594487204833525,-0.16589657713889838,-0.1367128908614157,-0.23867113082171842,-0.19157771223155096,-0.023865644753463422,-0.17107014038252785,-0.2294873720316226,-0.11229456507778807
2022-05-11,-0.05104427070756361,-0.024087925006219202,0.06307374145851591,0.05148381000128674,-0.05525303354593075,-0.15294748532599822,-0.24334530858080905,-0.1707920457861294,-0.096537892599585,-0.1756582792114708,-0.15168884637587599,-0.018764013566507698,-0.1392073729754625,-0.14886373485247986,-0.07408583962130882
2022-05-12,-0.04794899442877491,-0.03712174664756296,0.0807877092238577,0.07231563467044247,-0.047337531898215546,-0.12646315731096536,-0.252267138821077,-0.21440122749690482,-0.062414915677503124,-0.14936013545418902,-0.12727245315547542,-0.0030098362399947065,-0.14972830411622803,-0.12097891820087195,-0.04343052608148407
2022-05-13,-0.03687923469998686,-0.02823502216566337,0.06429640146028986,0.09448846070712186,-0.02313788596793659,-0.060491876785444654,-0.20901391979971873,-0.1957343524987648,-0.07593456316125125,-0.1513055473251127,-0.1407177512121962,0.011917845132350766,-0.07440339461414414,-0.07291724526082279,-0.040802659001101804
2022-05-16,-0.022577185329431912,-0.026334562435297137,0.05287853099730902,0.09091130880916992,-0.024910705251574516,-0.07165598061247136,-0.21198246928672426,-0.17450171129759662,-0.08597653713418085,-0.14669941503387696,-0.14442331323297308,-0.007905085196845199,-0.04712629539159491,-0.022293906037716332,-0.035020392893243435
2022-05-17,-0.008851509904427873,-0.009796305410433359,0.06418553753782566,0.08758007987302915,-0.021088658809954308,-0.06963880453249993,-0.17761263252445658,-0.14925595185162632,-0.07781021321947779,-0.1286050531117897,-0.12660009648679826,0.01090129907821294,-0.03418474080339709,-0.03323024118611467,-0.05099677631947358
2022-05-18,-0.00651176386290396,-0.016346917591509746,0.049233335781132564,0.07216477346827885,-0.030179368262899242,-0.005925356771854129,-0.10012707588462033,-0.12142219708066393,-0.06203702285745882,-0.109132465741138,-0.10034579594048121,-0.011845491577424247,-0.02628773287954908,0.008404056856761044,-0.03803920153726764
2022-05-19,-0.021170615475753496,-0.0017017447325923252,0.07478087503569161,0.09680879022472566,0.002289665494788151,-0.015043353367172885,-0.10001326438071989,-0.13259682772996562,-0.06500622969198722,-0.10820116004462466,-0.09773428295923747,0.006386759487701593,0.011127604479032882,-0.006817689232589297,-0.06195547726211309
2022-05-20,-0.02390148972118873,0.0017618353324782565,0.07543752629866349,0.08478950118760623,0.0173446098116809,-0.02078984871632439,-0.13055498210145022,-0.1565489829495914,-0.022513108877955212,-0.06518984219811463,-0.05609224048332018,-0.0009094930369358406,-0.020442309566456568,-0.00844482111781894,-0.05813186924820474
2022-05-23,-0.03163975485226839,-0.006224062268045671,0.07563781469789305,0.07977669048302716,-0.015701975266377566,-0.03397481249725287,-0.14666886119377487,-0.15910266600217104,-0.05089436214954579,-0.07710079534235148,-0.06962117256527844,0.01128248795094322,-0.04578421503544089,-0.019862851779918395,-0.08160345852235329
2022-05-24,-0.02962060082466854,-0.0013835672329529092,0.0768145199500441,0.0943851365796535,-0.0034687741506654324,-0.03404135853716206,-0.1365051772427559,-0.18159704821705214,-0.09925741945315636,-0.10583008907769376,-0.11308014269190758,0.0017746541334214688,-0.04744762878797673,-0.010324327346616813,-0.046413665147266525
2022-05-25,-0.03224099389531358,0.009824847106423895,0.060871249955168155,0.08023794198947717,-0.01633229088675231,-0.013232562104010692,-0.15616777195548426,-0.18432095319106362,-0.08368778734206017,-0.09973198794871319,-0.10084000929946668,-0.011863952290109489,-0.10255173890343841,-0.04205869272457545,-0.07849712158495403
2022-05-26,-0.04278152850164696,0.02027803357604857,0.09086655471420338,0.08649640015307383,-0.02263245932226382,-0.095338626148324,-0.1942827925633015,-0.23763483383350753,-0.05859358498545508,-0.04824628829901456,-0.06337644990964642,-0.003368218729086464,-0.09845980516857264,-0.04786093981509962,-0.07560268906468998
2022-05-27,-0.02299018512301329,0.021634490149777807,0.07119337979960194,0.08296368689533601,-0.024408171066855888,-0.11501180106292552,-0.1998071767158105,-0.2551777397469057,-0.06752395942053824,-0.047991098908595875,-0.0657013724740868,-0.018419158371244915,-0.11841783649160459,-0.03098085438047446,-0.06914336238316704
2022-05-30,-0.005926433298537509,0.018296036243831026,0.05037851936985113,0.0807498947641277,0.003678727773221646,-0.03996402064371507,-0.11636392797137451,-0.14178150636056386,-0.06476643805326543,-0.050814096247641216,-0.09299998290771949,-0.017116806987022948,-0.0862266058284028,-0.023807305267764672,-0.05904699128507035
2022-06-02,-0.019198582431661032,0.05777722242710759,0.0675916760058767,0.07725503556699387,0.04776955721430698,-0.027556845128563823,-0.06371271350938268,-0.11628653857508353,0.023038425136432727,0.031598700513438494,0.00799777395914092,-0.033706541780589266,-0.038372145602824204,-0.018140374031458406,-0.062285226726552845
2022-06-07,-0.019613622539642328,0.04129078063704866,0.0456613294687673,0.08898958017751049,0.06885343446996645,-0.02539483264979958,-0.07027984677130061,-0.07518458562705355,0.05841891917752229,0.05330371609536122,0.0700631853384146,-0.04328113946199384,-0.037637296624319055,-0.014883919722013611,-0.06749227293483567
2022-06-08,0.0041596384156577515,0.05985648586959352,0.008852625137805992,0.06544942577894139,0.06710810883783963,-0.11514757013074384,-0.11469479516478787,-0.08751887287986304,-0.030107680973743722,-0.03407598047843696,-0.026382865801658606,-0.05978479766647908,-0.05131285617390138,-0.0027981606207322374,-0.06007361945413875
2022-06-09,-0.0007854494997398542,0.06648424965410044,0.04641338373691198,0.05691869068605787,0.07005083216476732,-0.043225077384901,-0.050823136475659614,-0.04073621709400366,-0.03736318218464041,-0.02339435590793215,-0.0461118813788256,-0.04818996111037849,-0.007607175252721421,0.003779979662037164,-0.0976997590039625
2022-06-10,-0.0028060920068398026,0.08660140609860012,0.04413278104837215,0.03727978492355574,0.07421388505969617,-0.003916265573065458,-0.037193853753638595,0.014358044955683491,-0.0015934306690216227,0.03363637613286774,0.009653258870562897,-0.05671045318522963,-0.007131982480894167,-0.016091521662023767,-0.10068027666090995
2022-06-13,-0.0010015677932383171,0.06861459063802311,0.04940936279462235,0.040490879779796984,0.07941356515284592,-0.036910451089653074,-0.09135481152122238,-0.035979363242050644,-0.0013518183909847492,0.0333916450896955,0.0049563151315829,-0.04689330461695124,-0.017121384680415686,0.02870559220115973,-0.0687639672916861
2022-06-14,-0.014595309867525469,0.05827579696070789,0.06288025797446539,0.06641173409887571,0.09949469033189823,-0.010422456048848838,-0.06644961435140684,-0.0020910592810876594,-0.020915811014630137,0.003435442714522119,-0.014682756368926353,-0.052107170072603515,-0.04650771536140544,-0.05399181344225312,-0.12899348820776985
2022-06-15,-0.012868173968899069,0.05066643089914452,0.040056266160086285,0.043746664803015894,0.08382763564085521,-0.111714964695103,-0.10233195675436912,-0.09616798048851777,-0.00643881947217162,-0.008774199736538368,-0.02641190594610987,-0.08106900933464972,-0.04275902021688455,-0.024188646838993633,-0.1192249504149851
2022-06-16,0.0025902889090244907,0.07055395575704715,0.05277123138720616,0.052456438098843344,0.02997978185177208,-0.2191099160444886,-0.16399982062065344,-0.15724750722763925,0.025907742968680703,0.028328327431027756,0.014469981530848108,-0.07831488389744694,-0.0832967377349084,0.001456775309027325,-0.07683512198791709
2022-06-17,-0.01188853500730526,0.047908638533174785,0.047782484266913505,0.05246926717611783,0.0014160874331294315,-0.19690941238825954,-0.154653631718072,-0.08847993638950957,0.051409684234011266,0.050264136304588924,0.04750632320243364,-0.0766746402064593,-0.14752714422292712,-0.12607014730204133,-0.1120457904034286
2022-06-20,-0.009586906831700187,0.034756256373639716,0.04872222779033458,0.032177667180896374,-0.054859008747195626,-0.24515838578429938,-0.19867585909320207,-0.12169414408668111,0.06177189264002447,0.07765731338557624,0.06834498895573715,-0.08730275153879782,-0.13086657935890766,-0.07700879272775008,-0.08265037596639407
2022-06-22,-0.00618116455211766,0.04762836924113667,0.07133820243428829,0.02481736816929353,-0.06217598674745062,-0.28959258989012615,-0.24091545834375327,-0.14173047852203968,0.07557862772898116,0.08020788909507359,0.07522013876402267,-0.0707776162683492,-0.11569962170300435,-0.06308212811552046,-0.053083461772613305
2022-06-23,-0.0002479858089798337,0.043771939914955926,0.05911919930286831,-0.018094335613818013,-0.06638224339863052,-0.2733179187890825,-0.25682165938366397,-0.1848753921306503,0.0737988811624194,0.08295483602995779,0.08008131169154575,-0.07129629859614237,-0.12861337713382065,-0.05408710151836353,-0.02102178467862753
2022-06-24,-0.01398205371056048,-0.01173447587848997,0.04901657131708087,-0.020439779624670473,-0.08005711938907334,-0.25533619030541777,-0.24957588165942224,-0.13070733460546757,0.06642345555831175,0.08266420110248873,0.09079293007377442,-0.061987167607700386,-0.10690886906635076,-0.04869333531237596,-0.01274109142134694
2022-06-27,-0.0009819622747360979,-0.002188798350669763,0.045576379796986644,-0.023740825593677267,-0.07495544676497412,-0.2231750334922865,-0.1608393481661221,-0.10260106692000304,0.07241306655788893,0.06845284552077902,0.0714957888404576,-0.06883637812416393,-0.0786629070366742,-0.026736286244836885,0.01229130936380407
2022-06-28,0.0072501861704726694,-0.033564422404178784,0.03630990946062462,-0.04649089954407279,-0.09274176660480668,-0.21062304851258784,-0.1972922152693677,-0.08880569238901492,0.1449891979460286,0.13989113986278012,0.14061170114714838,-0.04287768120558866,-0.07465520192402694,-0.004025147597248327,-0.0005867752569748141
2022-06-29,0.008216591158794626,-0.08836275878504407,0.05487791999654777,-0.039308898233393744,-0.09429425841836753,-0.22274087519607377,-0.1998401699216923,-0.09861004254580191,0.1710436975037678,0.14250947516167878,0.13868806466937367,-0.03734708355072579,-0.051998358677576975,0.012406321657990022,0.006833080164485694
2022-06-30,0.015595797326982769,-0.10802112408550396,-0.007736876531061476,-0.02748150763600589,-0.10510138373176459,-0.1730244604157607,-0.19468551109971355,-0.03312143345231505,0.19245370250755978,0.16395020869802146,0.15364679008584659,-0.028043435447754533,-0.03509696390485463,-0.015706024587288633,0.0002766098090112301
2022-07-01,-0.011932002372600337,-0.10570544055576042,0.042671952771563514,0.007816803887920831,-0.10978021866463522,-0.20362402977444916,-0.23140674038143888,-0.09861824279044973,0.24594294239332504,0.2082835345092221,0.20761371017995112,0.0003071835832555575,-0.014802920975312509,0.009549598585412655,0.025157106031988785
2022-07-04,-0.04394809123287419,-0.10227136258222658,0.03030065872473034,-0.05085801917736382,-0.129743597943884,-0.20901048350388562,-0.24959785904676013,-0.13710618713316192,0.24877070056036432,0.2206594829570594,0.2278768095716862,0.028087180968617703,-0.023810926362022394,-0.0911593753537889,0.0016034731020599935
2022-07-06,-0.03294495983968271,-0.11662513972747152,0.0027394519452957136,-0.07756026988015505,-0.15781737207382754,-0.22080486666649257,-0.250318776412543,-0.170036563102405,0.26821420453456,0.22323023612427295,0.22547302095349175,0.042740190035024966,-0.006597401696653238,-0.06290880879186192,0.036489669589586105
2022-07-07,-0.004752255391950497,-0.10738059879978862,-0.012036362638487858,-0.08266144889743941,-0.17108805111119688,-0.17462050891663938,-0.23147400406685714,-0.1299018971985857,0.23986254576263588,0.22597265018992396,0.19730087164925614,0.06341739337178288,-0.03611750136820814,-0.10287369084236811,0.015394361030866888
2022-07-08,-0.00028895874502844754,-0.10140710797398284,0.010838051225592196,-0.06871283279213355,-0.09579952609319536,-0.18990791673691754,-0.1831528817086442,-0.1338136827353258,0.24270115883800047,0.22831073134261715,0.208997808720228,0.07562361300419027,-0.046817798551534395,-0.05468872710580254,0.04222973760771681
2022-07-11,0.00013253923918858657,-0.10927079346093538,0.014176383505920025,-0.06305705490809163,-0.1156998383519664,-0.22297193863897846,-0.2493951942408495,-0.12964036904155501,0.24276823458128272,0.26687666391483533,0.21059781015817125,0.08451392819763609,-0.005766671283402178,-0.007447422672385021,0.09822916825674094
2022-07-12,0.011064625322149607,-0.1181914253809892,0.00952846359495823,-0.08594949786910372,-0.15868714592207098,-0.23500605135471098,-0.25365347665301047,-0.1763599684823819,0.22995712319456418,0.25174944087665607,0.18627485764019647,0.1120630538515689,0.007603900736248226,0.03210768350475178,0.1250706799581287
2022-07-13,0.033109881191406745,-0.10758643046332117,-0.010573783509334432,-0.1204375138138703,-0.16181379621367753,-0.246696897169709,-0.2331171188075925,-0.1645386998563403,0.17919774132042365,0.19141920550424885,0.14725617385515088,0.08696227924856284,0.014574625587442547,0.006893901173702019,0.09591714939756985
2022-07-14,0.03907357885954503,-0.08850977959745154,-0.01477259797712286,-0.12192507136744074,-0.16923910732400005,-0.23715058857960603,-0.21623841623161766,-0.14809790111931959,0.18292183328029976,0.18691473394034785,0.13669659898264108,0.07214419317699863,0.03654807853857134,0.0598546861964669,0.12318242090868398
2022-07-15,0.07234409330198549,-0.06929211761612986,-0.01380613252954109,-0.09644986835171117,-0.1278013942767015,-0.11000512820996977,-0.16084610245029551,-0.062297182478063484,0.10932684558566175,0.12533096754027906,0.0892048006549323,0.12354305914552091,0.04317752925999693,0.06229174140768358,0.12156622890852936
2022-07-19,0.05141681042391918,-0.06926896910994951,-0.008914012005697122,-0.08105183391799078,-0.08963223065479864,-0.014790122804616002,-0.15080371725306263,-0.054699518412405834,0.1002105908851244,0.16313878202673338,0.08218942045958877,0.09561321024965076,0.0709923244780713,0.032691984936715254,0.09673650324727712
2022-07-20,0.05820741686972238,-0.03956049091345737,-0.007647563882153825,-0.06657918353951939,-0.04280330796867837,0.005863672680500254,-0.11401755408552927,-0.07495954972750951,0.09134369098982242,0.13127502333190078,0.06595697452593496,0.09205245497840918,0.1465836885049852,0.18435410747725495,0.15428580775477124
2022-07-21,0.04482589929647878,-0.030368482216143133,-0.023236857044483132,-0.04819635912400408,0.012930267714276078,0.06722585162891809,-0.03362169795956893,-0.026164116932327786,0.05833266311315621,0.07971386079961196,0.028009491704874656,0.10044268122445968,0.1196283713020953,0.17370403402255177,0.14122664536562596
2022-07-22,0.04452668148269477,-0.030868446619423784,-0.04658520994453442,-0.01845877986700159,0.03020179042844323,0.10936825034608183,-0.0055921234122908725,0.0022454852349718113,0.04564582293077479,0.09626407213682941,0.015821200124963686,0.08252875176964278,0.11759781289175092,0.14227424127206606,0.09681501959290695
2022-07-25,0.045559366528544754,-0.03786061817423936,-0.060450305443632835,-0.012790670357592543,0.01892328215662764,0.08704074939628348,-0.013719500572914822,0.04462918813869854,0.00046270087950617267,-0.009549227990140019,-0.038642807635872134,0.07238658205973955,0.09346469102216708,0.13766729837420455,0.06044467825517885
2022-07-26,0.051488836145094044,0.004770930260530715,-0.052599567738200154,-0.0006885725013170141,2.273796531421235e-05,0.06000216113953044,-0.05617855803588928,0.001887456307760993,0.01975356705907394,0.002470918492374241,-0.042933518026823436,0.0819237089460284,0.07674529927468587,0.15487611586727343,0.07565829481525377
2022-07-27,0.04930334393097004,0.0048051600994608035,-0.049214460085103766,0.020048933019427756,0.026168313944939126,0.07982855192554505,-0.10715815754974328,0.0037350924299853205,-0.014839347550168913,-0.0003009898598734795,-0.0354066996783623,0.08485612383292883,0.07556345489050525,0.10299374306020243,0.04710343670030004
2022-07-28,0.044332623511799826,0.06667676250521914,-0.04898868700880669,0.037253525369960155,0.06108636028457656,0.011844052381892456,-0.13537781347590316,-0.056723485247828,-0.0011736893627962708,0.06029316329944534,-0.014832301160508932,0.07133599702962792,0.06326456351357276,0.1163874818941628,0.07243495191257365
2022-07-29,0.05306434240078507,0.09049299333456656,-0.04265385895323934,0.035419626751444014,0.09163289820457415,-0.03953302480037846,-0.12558806782064552,-0.02873492044601489,-0.04571021342797876,0.04644613494692962,-0.03642758342346575,0.060719104890046866,0.02646050609670271,0.14934840743077493,0.06265635157436683
2022-08-01,0.047876902988817506,0.09772334124353887,-0.005687631241624601,0.02632958846473525,0.10207687981752761,-0.06328100861004637,-0.09083425801136968,-0.06638907029392394,-0.07390554849243403,-0.010593649086107937,-0.06127145785452626,0.0501391398967547,0.06378376889363434,0.1722122617341078,-0.0401407977255952
2022-08-02,0.054878876177127625,0.08450578505434697,-0.023051044319242278,0.010206027532111861,0.09352482704184584,-0.04466877608733999,-0.06556896410337032,-0.02221002868420302,-0.12888765439241945,-0.0327058520015876,-0.08726358787620303,0.05345451338380251,0.060221649592988466,0.1583805930762945,-0.042933657803408576
2022-08-03,0.09238412184547487,0.09799262390403152,0.004452216637978873,0.0756833969769771,0.10248456065051245,-0.07923551458661615,-0.0933615088908134,-0.08414455014368866,-0.09219425083507982,0.019196215191151667,-0.06803195514980165,0.020220118232892575,0.08939283053014219,0.31655600146556917,-0.0507972993907882
2022-08-04,0.0936141859426731,0.1165340689502885,0.018353109577692414,0.11045381947185726,0.11714927915742882,-0.07018113022916422,-0.09549643767864263,-0.08699922670274368,-0.07337945000672308,0.02280019756666296,-0.04249351217545094,0.016965989405676313,0.09641640398114254,0.3210650989088637,-0.06691509853085287
2022-08-05,0.0781484913775636,0.10765155753373212,0.019106923403836216,0.09534803474506166,0.11845939984852913,-0.09673429164893232,-0.08784726724774727,-0.08995280912498249,0.026096834097696697,0.103395780711945,0.05493968193010146,-0.012132221339079388,0.09612522877972983,0.3326613642204934,-0.08652616704623645
2022-08-08,0.05976101361875351,0.0942834211262763,0.007798040808498708,0.05346250338309394,0.09878109735465962,-0.0766820388957215,-0.10860823017014581,-0.06787081687833879,0.04995599380855098,0.2154647098227777,0.08759202017621115,-0.022187152534003496,0.09703380229513633,0.2740023533000212,-0.11479552611653143
2022-08-09,0.05601512554095335,0.0853592288484395,-0.007425227077190438,0.004678346547481296,0.10578859322621342,-0.05177629066015471,-0.05621206569910042,-0.06716371521049092,0.09434365453269988,0.2940441693325276,0.15147113577479732,-0.04773080836389175,0.08772369017847069,0.23598319686891356,-0.12173398426840515
2022-08-10,0.04349586421233968,0.0839392263476465,-0.0110886762351384,0.009005570663743426,0.1230768926330155,-0.06838638770636268,-0.04944008580179343,-0.05712673023547782,0.058550252671837555,0.2747777282013919,0.13161387950958336,-0.07101427705438851,0.07695918893139478,0.15892350600310595,-0.14547327399867283
2022-08-12,0.024137865076793878,0.07241885868167514,0.004473884263829379,0.03456325036263441,0.13176088232607353,-0.019185139836000675,-0.014426245366321366,-0.03312436928837709,0.07582353697412658,0.3280545405655616,0.12871630120486377,-0.04381363477625225,0.1308356919510309,0.18765151253558587,-0.11905913254852468
2022-08-16,0.026142400862878834,0.05387059685404433,-0.0052514666729779474,0.020501905723642203,0.13993549783613002,-0.04401757358156577,-0.045059463330967775,-0.07472188313934391,0.07163334351488337,0.35343131561495983,0.14545883855944675,-0.01424722055056786,0.1323600827109232,0.1773202019189275,-0.1050031447059735
2022-08-17,-0.0014070924183880382,0.047443007774085943,-0.015303819368221033,-0.0025199517011472716,0.11499699575985678,-0.10254280415152262,-0.06260344397372386,-0.07738470545421705,0.08888743559970036,0.3798799485907686,0.16206278181616696,-0.06186361602167065,0.14036518551602428,0.15725367218947256,-0.11765941844658451
2022-08-18,-0.0029421531567620993,0.01849629974336342,-0.025329302502378692,-0.02934608192174004,0.11592623304407185,-0.09661312032937641,-0.023940160952532374,-0.048763802323996186,0.09650236301391224,0.2799350696679196,0.15066246436759279,-0.02481489465825111,0.13919806439255594,0.13323558652459,-0.12866788881854224
2022-08-19,-0.011101018484841733,0.017426155017152445,0.0029002351919188707,-0.02628327061754898,0.09332390927732764,-0.1119631041600449,-0.027202257634571403,-0.05404909816267511,0.04947616808298583,0.24566000815581646,0.12568482411062876,-0.02614955703985135,0.1195511464839053,0.08521841450949698,-0.15338413952763352
2022-08-22,-0.012268255541306929,0.001258974713283123,0.022913362502528276,-0.011139911672986974,0.07777162410069638,-0.12164067992471328,-0.06267051356405173,-0.06817954088599504,0.06569910819515212,0.28417170597924946,0.14972419559811334,-0.037838061165030135,0.11272853040279399,0.07363437599328138,-0.16025432601065587
2022-08-23,-0.021382497829809284,-0.007358152072575841,0.024097452261746616,-0.03587149978585144,0.08800001124148771,-0.17091768886293623,-0.11001466664116666,-0.12888579897565822,0.07436868928174101,0.28682596191575993,0.17379292146580927,-0.03420968602158839,0.09493298102061631,0.019043860701547816,-0.1953709394717334
2022-08-24,-0.015487313915158188,-0.00402234974726795,0.038299446117479014,-0.031122455316141523,0.10142965148831301,-0.16435382241201318,-0.10020657712329845,-0.15848366477638737,0.05257000124524014,0.2970621948116926,0.14801749191508162,-0.03173697831003419,0.10605261598104773,0.05240070165329113,-0.15589015860314237
2022-08-25,-0.013903758291270482,-0.008366542324484472,0.037563258910400424,-0.03144183316370225,0.15403756892771525,-0.1470252969934684,-0.02908345492695552,-0.11702717935657753,0.013506937843655531,0.27933979136467757,0.11967780383647386,-0.047071325168322575,0.08825465179230492,0.04043037546276365,-0.17488051771252783
2022-08-26,-0.017523404134688274,-0.009724297891239742,0.03477523337082053,-0.04441529549367443,0.11629841914454403,-0.1859609418491464,-0.05403647624676089,-0.18171969337523552,0.02531284869771755,0.2603542395222522,0.11995350887571565,-0.04109911770590936,0.0637763190924864,0.09335009030735464,-0.13721513732757978
2022-08-29,-0.020916740864009874,-0.05569650144097277,0.03169079646218874,-0.04805258326519074,0.10841910237399327,-0.09451883511858161,0.02473421421762395,-0.10171844609221911,-0.017177966958230706,0.17922789911654236,0.08384741017440889,-0.044992007164922576,0.06730657977629262,0.021632716365357046,-0.19155786913753226
2022-08-30,-0.03638560249995344,-0.03185507815049282,0.020478351237629873,-0.05186432163666441,0.08631499651719776,-0.05742390639605072,0.025529549618481917,-0.1294026543132166,0.012457642878375252,0.18142788217538397,0.10920263026412569,-0.028073904205913047,0.13087086412409535,-0.0038314762761322008,-0.18706092799542895
2022-08-31,-0.019195850105250496,-0.031949884786788396,0.01569403026532961,-0.051913508993499974,0.09316919137314378,-0.05561141464849806,0.013620618384151406,-0.12117896322130817,-0.0026345064821413633,0.18923179906294657,0.10107391306359736,-0.021918340450049395,0.09724616189615448,-0.05699610452383996,-0.12907533057500586
2022-09-01,-0.020365280616375936,-0.024725950741022906,0.013689735518420475,-0.06032461560960732,0.11782247367899351,-0.09886426911705073,-0.06072364123401891,-0.18516696237061606,0.04059712434940854,0.16601226616533094,0.11181709324225941,-0.04657226437046663,0.05712039951513012,-0.0767960094424206,-0.153547317116339
2022-09-02,-0.03900999058837412,-0.04596866991971971,0.017362080896076992,-0.07068589793710958,0.11317433261881854,-0.08110449073934539,-0.03916895341742321,-0.1271550864094884,0.03200538664291186,0.1633278349277945,0.1254656221966436,-0.04483999461375553,0.01914535268321499,-0.16945140034600667,-0.12177361096640277
2022-09-05,-0.03921435638810163,-0.07122728199879019,-0.007279176160356024,-0.0842526164766946,0.05687560095482319,-0.07876153696919419,-0.02721628013844324,-0.1069259956960546,-0.045969942536304376,0.129109816466568,0.06981012841266931,-0.059340256482452225,-0.021384408292632273,-0.2194898562414195,-0.15724788580974547
2022-09-07,-0.06421542227930288,-0.06657860631164153,0.0010970211255743306,-0.06331910774694927,0.07160663750485075,-0.06829575890586459,-0.06062784314131586,-0.1423042460586628,-0.06918551468016054,0.09321889141316753,0.030941690439169167,-0.037970442087495976,0.016102519804669285,-0.20992514679310395,-0.13057299164668346
2022-09-08,-0.06415569589105402,-0.0527564980503496,-0.011382622977607709,-0.026471675648486404,0.08715373563737894,-0.09417940909143965,-0.08382102197360075,-0.14759925182051256,-0.09944772223494103,-0.0539287865185622,-0.03389938963044381,-0.046691103888565344,0.04165671077362271,-0.2078784682527282,-0.12646524410549626
2022-09-13,-0.050839821337004515,-0.02000563528578031,-0.0034363453635092023,0.009228047726636796,0.08435465857641711,-0.12943231912076164,-0.12450521490621608,-0.17751190622247534,-0.12928718959590102,-0.15729743772980648,-0.09516786920651743,0.0066666361171128785,0.04539947091063634,-0.20090522804589278,-0.12687933017872904
2022-09-14,-0.0492019469515359,-0.04139752798831814,-0.005042206922298892,0.017311503013338503,0.1066131045028419,-0.12005868532117234,-0.1465267897691896,-0.15567828866652067,-0.09725493943295938,-0.12751670357894035,-0.08499918648950855,0.007709446174085893,0.04493574341945539,-0.18455754604067465,-0.16835734912585665
2022-09-15,-0.05141661256217029,-0.030192162617996066,-0.01039967365157228,0.004915522001534209,0.08302177632834323,-0.16893406936032818,-0.1770063247053938,-0.18746094258242232,-0.10685372270971238,-0.16662807503732535,-0.08280504787432441,-0.00629300793698559,0.022527367407213672,-0.17784833449829013,-0.17314287859266397
2022-09-16,-0.05710475753928729,-0.019986014442114175,0.007082121491231313,0.011217926179171292,0.05213177411962522,-0.17799633597072181,-0.1804227159287695,-0.19213213762341785,-0.12062174792059255,-0.1873020477112673,-0.10549211474022835,-0.008312338601626112,-0.004129635573706797,-0.18125081627923895,-0.18359486647037304
2022-09-20,-0.04639520382402744,-0.011545482050425271,0.005099330860862981,0.006379000110907543,0.04217335204811262,-0.18104372562657758,-0.19643275597600487,-0.19501880594227383,-0.11676208511722064,-0.18103089104978226,-0.10077376070704114,-0.014749420585372569,-0.0014801788220882017,-0.1776078836258212,-0.17826875017653215
2022-09-21,-0.04047125061396299,7.802212675189768e-05,0.023244691114362823,0.012780927080077609,0.031222032002480082,-0.1948473503670094,-0.2254014487686837,-0.2175789760044696,-0.12369829028716128,-0.12705468368291883,-0.0916109302739434,-0.037636788232888324,-0.017102227318307267,-0.15179931656092074,-0.17915160393580926
2022-09-22,-0.041917163573370164,0.0003749770283639209,0.010832894646057849,-0.0022940815998624686,0.05444635348633725,-0.23379566546974312,-0.3042781550718817,-0.2587530925743601,-0.066567622079309,-0.07268231917373369,-0.06450440351016151,-0.03371563564946198,-0.026415271588490802,-0.16157553601141764,-0.19736097596178914
2022-09-26,-0.03348195876717451,-0.005159021704210842,0.010482363196361408,-0.06182553896692741,0.033062001147791564,-0.2676792340116415,-0.3474886616816575,-0.30899036721936574,-0.06335555166445495,-0.08093907247130855,-0.07040083429537602,-0.01618343647310244,-0.002918932467187829,-0.17151074020387508,-0.1805230870163545
2022-09-27,-0.027724439969287147,0.004120021663986506,0.012181483245797757,-0.05151636887171566,0.045833698900154984,-0.17275098780768428,-0.2547546522520656,-0.20768631438299406,-0.03776408050894797,-0.06975728546925747,-0.06808414081478997,-0.0088638843897971,0.02555500822494064,-0.15851893180319124,-0.16955264644670892
2022-09-28,-0.023662794413293317,-0.0030135179678165702,0.02702035159526809,-0.047793988248582726,0.02096864254188896,-0.21940990044389871,-0.28260710461288674,-0.2092377345261716,-0.005535936460225543,-0.028921386865534804,-0.03694243847246037,-0.006798013394182567,0.018614703373267982,-0.14598212992532883,-0.1511183862806707
2022-09-29,-0.03683216009374021,0.007175185253131322,0.017794353454890083,-0.04231959781233713,0.02660389280265979,-0.2333594550498831,-0.3063532117653425,-0.25180073873075115,0.003185865726550441,-0.04189559836853496,-0.02816891516856357,-0.013837554242520866,0.030130003237608782,-0.13536156808030214,-0.13598368590211002
2022-09-30,-0.06173444008804601,0.022900355857333243,0.020157310612374697,-0.048568297091468704,0.07365401786932607,-0.19388926749289,-0.284291615844359,-0.1934319948641946,0.018276510295625936,-0.03715748595394991,-0.009375151250542224,0.003892379995077744,-0.00966486527234739,-0.1729104726145245,-0.1807018110815079
2022-10-11,-0.10086041229279744,-0.014442617571475636,0.012201467888440946,-0.050264516030220446,0.0351375587956293,-0.20924731350963383,-0.3052213160298356,-0.21094384279067563,0.05518273798008322,-0.022306579040059837,0.03567010264811521,0.03432953999486171,-0.008631655019482043,-0.13452827017509514,-0.13511965337044685
2022-10-12,-0.10211543705956524,-0.032024531985830496,-0.03072203539896317,-0.044456746385032664,0.014575254813221361,-0.20648072093564807,-0.2972685081928477,-0.18558935243313515,0.08204736386860256,0.027364541694713473,0.07695496897996512,0.04184685404128391,-0.08687464655007696,-0.12454996067666596,-0.1250890372048658
2022-10-13,-0.0960724671812413,-0.02209082322761563,0.0022102581452426717,-0.038881634571496626,-0.01578745001677162,-0.2161906375255005,-0.33804983777573105,-0.2110078859783814,0.11634045733168097,0.05162513716468248,0.09334372505811461,0.046180173228874744,-0.056470053883856786,-0.08953440252876702,-0.06237987403430456
2022-10-14,-0.06891480509042648,-0.002591632428636581,-0.010890583958192035,-0.020492555935290133,0.004441011378060966,-0.07377826050325631,-0.18732952076263693,-0.06215376869688992,0.10097718480281825,0.0785011313745928,0.08180638458084877,0.04381492550573336,-0.021081105808041983,-0.08174641466255993,-0.0537660159706137
2022-10-17,-0.09104459243226995,0.020758552372797945,-0.009469431975516862,-0.013940607291951068,0.007405215780303842,-0.061082075851151246,-0.1800553263630984,-0.019058692534635352,0.10913783243419195,0.06939100826967498,0.07742942359872584,0.06834105966711763,-0.01750204796439364,-0.08403213521830286,-0.06455209066050471
2022-10-18,-0.08120153319804232,0.011319972838255143,0.0061023362882498666,-0.0021734409084469553,0.02429357253875497,-0.057965379899552416,-0.18107328484790208,-0.04174169639752234,0.09789347930662962,0.04636507585979999,0.060334102985615035,0.06057926176401064,-0.004280879281099215,-0.04637632080587793,-0.040885197823330555
2022-10-19,-0.0825740482335711,0.01545251797523195,0.006256917730343663,-0.015370504899791346,0.00983041727139189,-0.05267997463617283,-0.13388211173349734,-0.021917977452344833,0.060929193967047324,0.0017493805198582901,0.027128196109576952,0.060530189822313035,-0.0455847500736668,-0.02097868227255973,-0.041024718880660394
2022-10-20,-0.06848223996836357,0.02094237037793034,0.02037088310674298,0.02322727479718656,-0.06297508577175537,-0.09216551768262679,-0.14675297948558366,-0.049682608543612505,0.12863890776205789,0.14990596871631323,0.13123225124299537,0.07663267463032117,-0.09048301277838117,0.010850870006848784,-0.03119410316757698
2022-10-21,-0.08637815696918523,0.006246243052429878,0.0298085284896301,0.017223521363389796,-0.05220737239478168,-0.051590054120625395,-0.12713716707903583,-0.016788889369971693,0.13206850024684624,0.16997780043397115,0.13495143106383473,0.05553869665911067,-0.05333068540706837,0.0329462790479951,-0.015587977810594511
2022-10-24,-0.08501554615016875,0.043471173983937406,0.040553308543705674,0.02601323369290988,-0.04775624270795481,0.0011205393157048826,-0.039190847782681504,0.007082272515997662,0.110776698834123,0.14826106827142854,0.13686730669069924,0.08746747151413434,-0.007389534006774279,0.12921131719958118,0.07369125640515373
2022-10-25,-0.1099092961278749,0.0480384330114198,0.05185467459938013,0.03024338232134334,-0.015671238714387192,0.03139262181567476,-0.019290149501151044,0.055956081236456234,0.1314394068540582,0.151138416254482,0.17203325307081363,0.120880160310048,0.01326753453861959,0.14901879068651064,0.10096618329896978
2022-10-26,-0.09939779742854549,0.025689627533180548,0.03101557376415155,0.02892867023764875,-0.00514395464272871,0.016841471899414068,-0.03963594183215052,0.03788365460889094,0.17621499013814923,0.22359344780982515,0.21077665941130508,0.1339877704840483,0.015243251007285824,0.18075684461537367,0.10874840578969569
2022-10-27,-0.10143445781436403,0.029012897379227243,0.04365066872680688,0.060120929808412105,0.009287259334892772,0.045922875785897405,-0.002801541721815487,0.06011663225430347,0.21236357126595884,0.29401562822895644,0.22281782478138012,0.1395152287409765,0.026435004903079234,0.15920034852931228,0.08775851698225112
2022-10-28,-0.10339496628244384,0.062096301249730756,0.03221863029137308,0.04332134350810099,0.056421530112790996,0.07619615886192799,0.027154133119204893,0.07664472804677208,0.22858588773048805,0.24120536869061127,0.18204694942641697,0.112956690993958,0.15851457435458954,0.17242588210051119,0.07115658554174575
2022-10-31,-0.08448825544382013,0.039629935488203816,0.0344930720646795,0.0468893618811034,0.025136777801101018,0.09794382690475002,0.06171789808039324,0.09353717971269432,0.22429649556595332,0.2936290110816029,0.18264635302386367,0.1430772600201192,0.1368259685673216,0.1945066894722757,0.16721864128651365
2022-11-01,-0.09291315725297733,0.036191448228440226,0.00893186726854809,0.0872878831316389,0.09684898718030194,0.11233011678984953,0.0766302066043355,0.12386716962430969,0.2057522787384669,0.2973441274425407,0.17607708201261224,0.13307623314835398,0.13540580290555213,0.19518356626103,0.13362359392846707
2022-11-02,-0.08867796801353503,0.03734355399432804,0.009060575632907894,0.09354683098910138,0.07497784079951514,0.08526508795702692,0.08195172454957128,0.10276255332303941,0.17285290107786022,0.21084048568722974,0.1513468088361864,0.1195256201448255,0.09319574124035435,0.1982613524613497,0.147917300130396
2022-11-04,-0.10082987355948356,0.05675274371406863,-0.0006714748582808197,0.08931758543501159,0.10965361371579263,0.1387659793037058,0.11965633944581647,0.10889847672330857,0.17843208646229947,0.22747915504385552,0.16388458174402282,0.11767161807609779,0.06980575030120859,0.1606267121270315,0.12028910630997408
2022-11-07,-0.08319073936352347,0.08637560673700417,0.031100363151858462,0.08514272329279657,0.06679847499015601,0.1385680821025013,0.10347046793850384,0.10802008745996519,0.17787713728735022,0.21925335471141738,0.14942996859444724,0.11992933925627357,0.0823027934618702,0.18185367891365178,0.1440029776526991
2022-11-08,-0.04750788534909056,0.052624325046541576,0.013607983757245257,0.07157811409694176,0.037543285047195174,0.1203638035230778,0.09075967611917357,0.08483969214915445,0.15976756803189407,0.21533708808187446,0.12441916111866269,0.11922718046537045,0.161133200133528,0.20710889832024776,0.16198364186994063
2022-11-09,0.017567789346018936,0.10918175874809932,0.018976665153978292,0.0637464974956086,0.06635600000227543,0.20968076813054753,0.1774241890425428,0.16538610110019702,0.08214446377615414,0.19305058621087484,0.046400733301392494,0.0707345052706305,0.20807531072397092,0.2123454597605718,0.1188086949455896
2022-11-10,0.012592962930619234,0.13272240235384253,0.06514992424966187,0.07806001763287118,0.10828077087677856,0.222548507796049,0.17324037171189788,0.1392076702228294,0.03395704670888544,0.09511938291778738,-0.005747317964458709,0.045452851624575075,0.23902774545690492,0.19929336751493337,0.09894695264485409
2022-11-11,0.0415141231395402,0.13028647864444975,0.029070125701520733,0.051850234934108314,0.12637194095073673,0.28708294071954565,0.2696253339827501,0.18929121296692944,-0.006866224105138818,0.05124041168928756,-0.048199883973213065,0.039296137607781424,0.24548101269646114,0.24618365721037613,0.10815939174849737
2022-11-14,0.01987052538021633,0.11127024303260291,0.032668968950102864,0.03261964255107716,0.09061253273885927,0.2096465044575452,0.2134715797622363,0.10288826401656677,-0.0072644112302577835,0.060003742565422236,-0.05014646364920239,0.01613597735138215,0.22425065563530003,0.2636616167735414,0.10088897000574293
2022-11-15,0.0943828395531357,0.07964477529286595,0.00013201035187380711,0.015166345258252611,0.052745780606042014,0.17437792391636645,0.20586396217283237,0.0459785459609752,0.017390845540902977,0.05732590572525298,-0.055681107073011216,-0.019419754113986304,0.20826610004268775,0.29522818009915014,0.07946210682872656
2022-11-16,0.096760155640989,0.10231767670022973,0.0243368268165626,0.021325133908619093,0.10505177331751397,0.17778072523138644,0.19570123917821663,0.0684636028392824,0.02381586958712001,0.07674783089463239,-0.04890395654460167,-7.907059530050387e-05,0.18895397667399155,0.3596952445080619,0.08453778720496624
2022-11-17,0.11011867721389068,0.10595452721776877,0.026783100203553907,0.0205503216775397,0.12124324345581283,0.13552106351855656,0.14628852657028424,0.049742424381554684,0.03988598073879179,0.1034527993104844,-0.027463341388655138,-0.01975272436321228,0.1834491459950972,0.3144648883617788,0.05520499101724807
2022-11-18,0.10890700301434211,0.10595460273527685,0.021719151311777853,-0.013834069263080742,0.12849259754618236,0.1566559660735969,0.13704138183247658,0.030373009421290037,-0.018395892900757382,-0.022243757988737956,-0.10366029851679498,-0.008150995774119124,0.1768798873231181,0.327532865717019,0.062026861182328974
2022-11-21,0.1129081790396338,0.0886015047170211,0.011042530303373148,-0.010703984178410342,0.1263511912780782,0.1699392171252132,0.16540689671317121,0.03793447817939777,-0.020051360204437096,-0.03515585772628094,-0.09693413355287456,-0.027835679231434318,0.15627880914402914,0.3024766366997977,0.05227531320341783
2022-11-22,0.13438743259645722,0.07330876597820091,0.004759258900362176,-0.03505557520519442,0.09737982153728963,0.11395990663334724,0.1036395697364042,0.018292754090084407,-0.008689716667031666,-0.07962680783766474,-0.10345364115958244,-0.07263119569840018,0.09218956443506005,0.21013126832777945,-0.016370713935123238
2022-11-24,0.15781171797403903,0.057818138433449795,-0.008063097830448795,-0.0405449038456864,0.05211419951743662,0.11689619970685816,0.12075070366226393,-0.0068735492957656685,-0.02130363205646757,-0.0753339734802066,-0.13364282128624538,-0.09646267095918606,0.08901060859377574,0.17482750801915697,-0.056065219756519014
2022-11-28,0.12871875134952104,0.06734144520835006,0.004578953509437579,-0.03152758725050073,0.06441752431208747,0.1555542317862874,0.18507523508764342,0.05469303678688178,-0.01973609014839217,-0.12666971048125092,-0.15841164158238352,-0.12029677778289549,0.10574480568114997,0.15740708388576397,-0.055609404985216826
2022-11-29,0.12214655854369559,0.05756808696708554,-0.016095446293705833,-0.051809424049828565,0.04492711214203915,0.11439438565439286,0.13089035270038418,0.027073081689412998,-0.04770433315011513,-0.18580040149966903,-0.1516582821242657,-0.10875109402407783,0.056677252132387945,0.14560744785425123,-0.06435314616552057
2022-11-30,0.12176009332969107,0.028950643473360738,-0.010333689247468365,-0.04089437921934759,0.00221239724992639,0.10508481872191316,0.11077556612636882,0.02199883011408313,-0.08101038136796801,-0.16922483502783248,-0.13212910691575186,-0.06722948467961426,-0.07845589687920596,0.13157900913419518,-0.04551084778935299
2022-12-01,0.11528729162737233,0.079584195242758,-0.01355400805773873,-0.03923233592286815,0.011033174985515648,0.11790942126467946,0.1612808441758612,0.07926664029568734,-0.09986050232172705,-0.2216874260451233,-0.1433740200979049,-0.0931918083938057,-0.023826418434597596,0.1345599350174112,-0.10348240185591406
2022-12-02,0.10887991934817298,0.08917408106910751,0.018437144695927735,-0.030279488584924782,-0.014566605070958638,0.12969215029456582,0.21603766802515564,0.10300983315057133,-0.10478934805014728,-0.25041671886506295,-0.13947365037106846,-0.12947759145462895,-0.02327720690901064,0.13957239317426434,-0.07969329279874465
2022-12-05,0.09699373540549186,0.09331991776705878,0.007033525272907501,-0.039213422644424595,0.013196538650987022,0.1477291857608194,0.22743882698200696,0.12414635494533949,-0.07185461024334805,-0.1814706049182518,-0.1251677356193523,-0.12029976740933286,-0.0026115821446193177,0.15573973949818912,-0.08514411253711568
2022-12-06,0.09950288893081145,0.08790403919718548,0.004204482105029175,-0.034699637463420446,-0.010642515590616575,0.13783454797908345,0.22796500511646822,0.129063812592701,-0.050334750916378734,-0.1378061658469174,-0.09727181889857023,-0.12204387979696667,0.039830600281341,0.16525807480013543,-0.07220437508921057
2022-12-07,0.09422731624303311,0.05411019353486446,-0.01970716792707365,-0.04029789171893906,-0.003295973736509139,0.0842481541670709,0.1720461468890208,0.058729851701214975,-0.055443682084958645,-0.12824500034578723,-0.08566247138131577,-0.1187561380606411,-1.9301290932915993e-05,0.11939997251957421,-0.11275171326381883
2022-12-08,0.0786272983801768,0.04949603981764683,-0.010817754278089661,-0.016691815345743266,0.013236157665636905,0.057201095763283666,0.1959586749920951,0.037163825599668576,-0.05275022305229393,-0.14244396501235507,-0.07458765564921854,-0.1252961887682315,-0.019745066131568234,0.10380645293121843,-0.11504574567801007
2022-12-09,0.06664359878191392,0.058057349294978355,-0.009158966052776555,-0.010782480264392769,-0.00212079346293903,-0.018029701876174475,0.11937914471576566,-0.03639357893364334,-0.023262482070087076,-0.15996185779763417,-0.058809745684804904,-0.09730567220794731,-0.03824204902041106,0.09965164150740527,-0.10247730414840345
2022-12-12,0.0724797288222879,0.04373148147687922,-0.008928113436077675,-0.0075666852113229904,-0.026639899287412394,-0.03200748260930081,0.11825694646850532,-0.03986072357588347,0.005174280857517588,-0.07865663152692198,-0.03272128977922817,-0.08979118420330244,-0.03213373471666581,0.07622886347186947,-0.07886347241235014
2022-12-13,0.02772859685317275,0.02389418601068788,0.006126574497829891,0.024758339289161296,-0.01151635696200215,-0.08841703135078277,0.027159200583189602,-0.07024959194381969,0.021432816419722833,-0.061139724396926,-0.012812304406894737,-0.08421098971455618,-0.07301265952565056,0.046595469374541315,-0.0985248750800059
2022-12-14,0.035825399128597835,0.024200296138218724,0.0075264488827506,0.015653001286404455,-0.013707552626695763,-0.0842699882869406,0.013925148310085844,-0.056012486202564105,0.024431310546413343,-0.04655909353073273,0.010128582405580344,-0.057788499724674876,-0.07437718745575522,0.015402208216134278,-0.12231034209778513
2022-12-15,-0.00792729097854171,0.04053409239556022,0.03379012846453264,0.04001142790080592,0.008413349904020873,-0.0635823344269158,0.012026375819432611,-0.037790609097782035,0.007574887402659658,0.016761057967936144,0.02557507933413916,-0.059648250183043844,-0.06931028602630163,-0.00695663224280349,-0.10995282225718606
2022-12-16,-0.028939869914254034,0.024808333104237357,0.009507225395302014,0.048940119086068795,0.0015769917877787032,-0.10136770601057737,-0.03435185219808351,-0.07654159286820773,0.03272006576539055,0.009919638778003115,0.029399919988867484,-0.04764265621690565,-0.09333318870669477,-0.1088495080463685,-0.14838021736185075
2022-12-19,-0.027994126721994146,0.028141040920401428,-0.014907132207838987,0.0703344560571897,-0.009879641018845309,-0.08680613923790367,-0.02100791566510951,-0.05768860614844423,-0.017087104867497205,-0.021073873286671485,-0.011652084304214938,-0.020260690634404874,-0.07949960096733288,-0.10168510957004032,-0.1112757620928223
2022-12-20,-0.035262931771366315,0.0053050212378736306,-0.0034674059560746637,0.05675614907590411,-0.02822981140889841,-0.14664163222967763,-0.030726868294393916,-0.03003366565161801,0.008945385423457686,0.038783834941498285,0.017778317190706883,-0.02566813536377756,-0.1012717181745848,-0.1440170266931151,-0.11190611416697499
2022-12-21,-0.030042536301338026,0.023404119901989873,-0.00577605343388727,0.05547098275243051,-0.0019406880003489668,-0.22290039600293768,-0.06946994278713309,-0.07477008126868265,8.106010429154153e-05,0.058561463004972225,-0.005629774760236961,-0.037839224334867666,-0.14501077034635756,-0.14219451959079166,-0.13276044592416636
2022-12-22,-0.03726588716962222,0.02968243554255673,-0.009895614034460057,0.07217948576490185,-0.0020982726513811834,-0.21228087738847484,-0.05643437942605711,-0.08673835065961803,-0.027873577972562402,0.06657913405589855,-0.0294412865592375,-0.014077998126797261,-0.10783171411510442,-0.0792281556845385,-0.09462958973006597
2022-12-23,-0.04966278616422028,0.010676149882108688,0.013001760235626877,0.07269360276526099,0.029897991952726632,-0.18984171994479862,-0.07828065574526516,-0.0839204605682398,-0.025159867111809064,0.035479071020214525,-0.0035882944698578667,-0.013807575238948905,-0.15522530954053176,-0.08492313405507818,-0.09829409355573815
2022-12-26,-0.026655025000161495,0.012481315005919924,0.009111665095425554,0.056637089785307154,0.016827632469153753,-0.2156173740712095,-0.12256775580716733,-0.1217379619640786,-0.030291774218280443,0.0416499280692636,0.014176455433050572,-0.01844858690126394,-0.15563720948528575,-0.08666905845821873,-0.09855562273622265
2022-12-28,-0.03196816153765761,0.014761637973198405,0.026700663576798556,0.059898700944184466,0.017618733121850028,-0.185531017472622,-0.10669567422917531,-0.12047144562727002,-0.03715051802120384,0.0207843455349902,-0.005075773361319147,-0.025317846809264757,-0.10868267548998123,-0.05168046761930156,-0.061971807501165044
2022-12-29,-0.031539147587452576,0.016991803914257475,0.02130299281062529,0.06497914051810828,0.03237715458886525,-0.18475552168208798,-0.10045874569133295,-0.10082118030309087,-0.02416084553337372,0.018801331217423556,-0.008940767560962515,-0.05689515239588261,-0.08389361997189573,-0.07483480738915885,-0.06569308369328852
2023-01-04,-0.04581980828013624,-0.025181701283816804,0.0018037884224665485,0.05205469078184094,0.031042853703653395,-0.2160092571147471,-0.19482168303252254,-0.1821197658455964,-0.0047697524105430045,0.05663918441768756,0.006498362744584707,-0.010222444893715071,-0.14314224053738894,-0.04096142687660917,-0.0834190359173348
2023-01-05,-0.023848145887537975,-0.020645957087228772,-0.023593331470580098,0.04069546895003369,0.017310917991562813,-0.24058947026282504,-0.25153324083685946,-0.21592367276678595,0.02366928320862627,0.06053505858383268,0.00013669880735611706,0.022488582055842588,-0.11637271587362483,-0.03809266459549801,-0.050443890244242784
2023-01-06,-0.02108650543080058,-0.002026714434411714,-0.0051077164206786915,0.04456722304509367,-0.006400838937911324,-0.2455928083778816,-0.2696207533280287,-0.22253298456732346,0.001426410134854561,0.05151365570035199,-0.00996360206391822,0.0334272136663822,-0.0924273320463499,-0.0333484589441887,-0.04497906168971266
2023-01-10,-0.008382507367968167,-0.004523023208333921,-0.01238243533344708,0.035350442400780197,0.0004563872079922371,-0.2556186379254975,-0.26838089856258096,-0.22296221127809746,0.02020250534917889,0.030921726113178116,-0.026548325673699358,0.026493842062443207,-0.08132691439113732,0.05110901975082227,-0.03718758208804973
2023-01-11,-0.008426991578698709,-0.010627151629479914,-0.013644916765677337,0.05045071843673264,0.0012149586368518372,-0.16396465983766095,-0.19300397292925395,-0.11987737777592554,0.07815400918098281,0.051769312139869406,-0.00826101783451505,0.029979599337556062,-0.019178028053708718,0.06081501084980956,-0.01627675293620212
2023-01-12,-0.0008434143409041389,0.010812634984143754,-0.009142228511215045,0.03846524632160844,-0.016603825282209717,-0.18827401117516643,-0.2355835067623422,-0.12077634259185133,0.10148705147951809,0.07188750051789211,-0.014711452254669188,0.020967299028531824,-0.03249557733839431,0.07279658784424164,0.0031073990658521122
2023-01-13,0.009698980341222213,-0.010475850900658501,-0.0172557713767254,0.029825711019805273,-0.010495082859440508,-0.17614770600697818,-0.2207337975868876,-0.1002929165203966,0.0932558654414013,0.07192818885734198,-0.016229330996546,0.010004641010672694,-0.06573308791369775,0.06533971866863947,0.018022958641026765
2023-01-16,0.019991171628021595,-0.009554949196054152,-0.024282319668510622,0.008137855600529584,8.160377429611287e-05,-0.17698764078825546,-0.2192463036579863,-0.08123872102831779,0.08050320318067694,0.052745126148147636,-0.0292775770600876,0.016690111209232666,-0.10001408101579412,0.12476439362276454,0.005870688189264617
2023-01-30,0.06088133585260785,-0.00015951832068678007,-0.04521120516779967,-0.01774505689049699,-0.012429942347631173,-0.12451616024266998,-0.17446262706425394,-0.07512853177447446,0.04446022815008932,0.032301056727257416,-0.05536956099204238,-0.050019845846884875,-0.11423102220942885,0.04074172574879359,-0.11925402796980622
2023-01-31,0.032187184586617665,-0.03679266695502309,-0.015485109183414551,0.011442720284652957,0.0036133491283465435,-0.10141184957516056,-0.17178279474122113,-0.049502847051472704,0.04109306151098935,0.008940101853042948,-0.05944215960623689,-0.06415056272975315,-0.1085962657434826,0.02349129192081878,-0.09847631346815833
2023-02-01,0.03120405904753705,-0.02948162659056125,0.01401591125374034,0.0017565368637527112,0.015675301488724314,-0.08600787986048161,-0.13207483428631794,-0.033528475820039844,0.029734443035974945,-0.03378766515756837,-0.07390272550640142,-0.06110547899774896,-0.09366105693297486,0.03781270690957758,-0.08140470292961377
2023-02-02,0.044527649798170726,-0.024486352634683017,0.017153446538163218,-0.00999090804602279,0.003096493264425737,-0.04919090411399829,-0.07034717048543765,0.010268939509217437,0.013423376549618893,-0.029476746772604978,-0.07100927057282513,-0.04964409333178689,-0.056467470526701535,0.05545624842528074,-0.03841274653797033
2023-02-03,0.05076746961958722,0.0013334123436759548,0.05211678213045411,-0.010144140531186008,0.01523039184932029,-0.09198248755087582,-0.10237633251729206,-0.030979365526383557,0.056247021642095385,-0.0090123395679364,-0.0459869661824831,-0.05670111758639129,-0.06543108232407088,0.09996649362262852,0.0008417940372356103
2023-02-06,0.03541382523817203,-0.0031028120579312812,0.03260902587738451,-0.0033298364084451693,0.056255643165230074,-0.052056038216042225,-0.1098396435544752,-0.07145707772400275,0.038261544812263515,-0.04216990746174043,-0.0671686157858975,-0.07670757560340098,-0.04075209392512549,0.11200878991371827,0.005109315175781726
2023-02-07,0.03042770066315445,-0.01816433188921962,0.03661601188993964,0.012287742941756413,0.0416866772203931,0.008265574094123124,-0.06631871563449065,-0.030496015859252837,0.04976004500149123,-0.06830013951023745,-0.040440621964545564,-0.055936427110767184,-0.012838477060986342,0.09269991561895302,-0.020880696293174572
2023-02-08,0.04353303300716792,-0.014530175944850676,0.0325561842326644,-0.0008863157316337522,0.028905177614222288,0.007902397074115566,-0.09078423204671293,-0.03008834545854109,0.0538474442654876,-0.07601280093932883,-0.02634386616190587,-0.056602036014943805,-0.03819147399918332,0.09178270924563886,-0.022517623282489185
2023-02-09,0.061018688811757496,0.011418562613983108,0.013431601532876397,0.003633981024981442,0.025422231038499277,-0.019499841678641938,-0.10145270866429293,-0.0499062428935437,0.1061544277435692,0.03103154835005223,0.003760400260902408,-0.047057885919833425,-0.04800560444187013,0.0929692765409309,-0.02890341123836837
2023-02-10,0.06866300557469177,0.011007561564342294,0.002177677425826259,0.0016004341681542245,0.020598695773328846,-0.02842171984352415,-0.10385749205173475,-0.05731657252769333,0.08993719549596413,0.004021833403653863,0.000653054597837377,-0.04822938816535194,-0.06202613596026016,0.08227045699252936,-0.05001915512942534
2023-02-13,0.06633474312040237,-0.005580104660226293,-0.0009017674412538576,0.01702612880490892,0.04577736023970835,-0.019863752641561275,-0.10136621956149089,-0.05605902565638754,0.09640768742256434,0.09490761759459326,0.022454011017624564,-0.03648316191703413,-0.09473512165217236,0.01059190721428821,-0.04990990449379573
2023-02-14,0.07155124116501543,-0.017285798419382603,-0.009052276503676883,0.004166971171593009,0.03040641780436204,-0.022506820636883113,-0.0891716164048936,-0.046222053638350975,0.10950976018884118,0.15841271310217375,0.04212078289835819,-0.021787591343556872,-0.11340706107106771,0.01981553109776099,-0.021047022461528786
2023-02-15,0.054417690178449815,0.004771221008532889,0.015809322937855495,0.03940725312439708,0.015882182616041907,0.051137475328683776,-0.01000821320102313,0.0176627381246535,0.13168637772137126,0.1615088898195719,0.0670678403568119,-0.06764833263875988,-0.08838817265859415,-0.016305849200598438,-0.01668867152304787
2023-02-16,0.03985193130656659,-0.01002383731891121,0.01913621600863307,0.03240732144121636,0.005392193280841395,0.06631250821574736,0.01961402524472186,0.02208935783964938,0.0679232778256822,0.1144744734828953,0.023721992852208218,-0.0511549452190585,-0.10349998855677456,-0.02384291827205734,-0.04474614585824088
2023-02-17,0.030336281953988756,-0.042826093167891544,0.002524856605692141,0.03066490118238835,0.02580862567441211,0.0246417056588501,-0.014692091988746242,-0.02013171373557815,0.04720041197235059,0.08486292623780378,0.016621092002631177,-0.07262089387509303,-0.1446366516048866,-0.0457659899413945,-0.05358400720284784
2023-02-20,0.01688628796827392,-0.039184225981252874,0.0173215521266903,0.03452645157300119,0.022956288686144743,0.03500946531061877,-0.02411329147853089,-0.021094339517539487,0.05438500303971383,0.15544213258340475,0.03421001481135966,-0.06724637968131508,-0.1885632469077996,-0.14803310368558154,-0.09589092488186923
2023-02-22,0.008206387210150198,-0.023458883839941713,0.04134072393554898,0.03543057803550209,0.04202977309160971,-0.00047665764869492255,-0.03641120818271118,-0.042733971255495495,0.01046675009268827,0.1730155899943225,0.031042084863791453,-0.07931027099161747,-0.23496772423385232,-0.1899637663966308,-0.15226875476474722
2023-02-24,-0.00368832063635699,0.0012764546114739095,0.055344237774405086,0.05771329480429166,0.04984230376704013,-0.016739086388891045,-0.05547291123499867,-0.04577910241688109,0.015239714208206911,0.24706094720020447,0.060668797409253905,-0.08483405882824827,-0.1708940227492327,-0.1942646146165915,-0.15478694660919035
2023-03-02,-0.03057926215322354,0.02621259736376297,0.07558876091144755,0.06378910098583693,0.05842026496576719,0.0003697406715853224,0.0001679704746982702,-0.02144381215146204,0.009484118681222786,0.20904111685352983,0.05210317625449101,-0.08024164531264583,-0.14280234275121206,-0.18427799125157407,-0.1472580768578834
2023-03-03,-0.04003239974977725,0.03250698948474606,0.07341322691697526,0.1315086109436573,0.07582840571767302,0.009400727392557706,0.026872373642740782,-0.012685149394494347,0.031742186411253814,0.30022437475038,0.08153167023919006,-0.08381589969600721,-0.09929944267878296,-0.21165513736177127,-0.10123356882927248
2023-03-06,-0.07992329381030167,0.03480720299104273,0.09099973335975733,0.15798790454666395,0.07513229946399524,-0.017536263783848094,0.013673881158505846,-0.004799973187942452,0.040816504981240787,0.27507721954992836,0.08973270502906616,-0.020107716433579725,-0.05873619467610766,-0.14119283222723758,-0.000353367493694301
2023-03-07,-0.05557432771003165,0.0764301979998197,0.06851666168884057,0.1408899071374293,0.09451950999466896,-0.05658661393708278,-0.0045154589952812185,-0.055977549009725736,-0.008559176679559188,0.2209619640823532,0.03526690697309798,-0.023560640892025725,-0.07705856207283507,-0.1434061655965263,-0.0293552753790558
2023-03-08,-0.06392159021798235,0.060140551661023556,0.03906580475630886,0.15667525459353968,0.09642302392735291,-0.07630128621548518,-0.02481413611111566,-0.07397360277682444,-0.023353704757040128,0.19760833600982847,0.03371699567473063,-0.011032117033600242,-0.09329058770012327,-0.14774315098463453,-0.045638963907862706
2023-03-09,-0.06639936401518542,0.06010435305174,0.034238066691548594,0.17937455503307848,0.09262518816771181,-0.08336597289497054,-0.031916086441318076,-0.08524692675017562,0.005938551407628889,0.20724357785929212,0.044706437860563386,-0.04022381166315839,-0.08887735692822063,-0.13284415744636643,-0.042128747372131126
2023-03-10,-0.07138479345092816,0.028978431817604178,0.02892715798893325,0.13850253890113914,0.051388817344539706,-0.05455695366055735,-0.003927767115096237,-0.056835324307251765,0.01195963447172066,0.17739236474088366,0.049140561880108735,-0.034154077179225334,-0.07373880767942437,-0.17344066332003089,-0.0462786778189056
2023-03-13,-0.0513355563003045,0.05102094281594738,0.04020830276067042,0.15089507119940151,0.04421281262262122,0.004959976016507814,0.067940484064721,-0.005588912703152198,0.021983807469097894,0.20706573410317725,0.05065808816373141,-0.011154289949178886,-0.0539784759594982,-0.2008571077380458,-0.03724780784558701
2023-03-14,-0.04384534230190658,0.05056595617605064,0.03804939095481123,0.15475567220082387,0.039849371545095935,-0.012023874250665173,0.037887559842130936,-0.005692626499518974,0.05507652073945435,0.2710479168616796,0.08663504957270218,-0.02096739938541145,-0.05484230376018119,-0.1738667330263174,0.0093975747755205
2023-03-15,-0.061633036611283484,0.05286095261751911,0.036669155788361336,0.19062235482456677,0.0781499169513652,-0.007431044525251854,0.04820368509609316,0.015121948189711139,0.08657169923614616,0.2894185713332846,0.10892712584751585,-0.01284457355817295,-0.03141460203025648,-0.18213781782628177,0.04774713756560345
2023-03-16,-0.05841773642154664,0.05787265135412656,0.036062611363306754,0.19245858085482806,0.06709189707498397,-0.01689260280656374,0.060012502989792244,0.020755880536281877,0.10539453884562855,0.23864456471256357,0.11589521566147509,-0.004707583707413698,0.0016581136817534758,-0.19447605977140636,0.0998364751261751
2023-03-17,-0.05810775410756808,0.05577588367620101,0.04403108371647405,0.19977896913428764,0.07248383132314462,0.02814638569072933,0.07681604228945207,0.04517211657002396,0.09671204935260164,0.24435225601887828,0.0823926423200193,0.008844842821691262,0.036969354637775564,-0.16682849287858537,0.162609081151753
2023-03-20,-0.06297664358885782,0.07423919084468372,0.05469561223716371,0.1930371583015467,0.059372907763730165,0.04257701023687581,0.09898365516395236,0.06345569457401871,0.15248299240945784,0.19420514580641343,0.0935397649651995,-0.009847706953584195,0.02910854433091152,-0.1150655606120612,0.14716758664637253
2023-03-22,-0.048596937451319405,0.07922948646106753,0.056032929671823516,0.1758460816473545,0.04545457568574174,0.021538735065396636,0.09079656968661862,0.021600175082104135,0.13952579943826326,0.15130733820524384,0.06958715730256593,-0.010158444497787383,0.0057976278525486286,-0.10021218209529091,0.08751592727411317
2023-03-23,-0.02267342262044998,0.07209600715434478,0.031868185934200766,0.15499748103807443,0.06575220197791032,-0.001915479615421739,0.06518246747351333,-0.009192813548180821,0.13515955109707078,0.1645729553658114,0.027548144467313573,0.004439239559264757,-0.011306320906416437,-0.13307047806908126,0.05190447254212838
2023-03-24,-0.022116709639792294,0.08580480619559261,0.038480934987759834,0.1497219197265715,0.06327724909617405,0.008841627156313925,0.07650280073528662,-0.021744326644483947,0.17073617331736163,0.2064519642524847,0.05637182979096733,-0.003819378678410895,0.03006373247368163,-0.1009512965037287,0.08048984624665012
2023-03-27,-0.017195629460287284,0.08779399334329252,0.06095412847546345,0.15297476888283507,0.028552988270075685,0.010774324680657227,0.08187333946942335,-0.020350003375075934,0.18177643270938165,0.23813931588638665,0.07909909432757634,-3.521796158981183e-05,0.026489843482365952,-0.09036629024679167,0.1153347796953903
2023-03-28,-0.013845470882396932,0.0953961897810956,0.045253590596804914,0.15384132137263945,0.03433929922725176,-0.029419393208856393,0.05784342900014869,-0.020318569881251275,0.15648306915952942,0.11577088160966298,0.03568844279890582,0.023950739726254555,0.04242828237741331,-0.059157036693348986,0.14311076223304497
2023-03-29,-0.0004207520221474609,0.09984642475225397,0.021487747929120282,0.12847916586952252,0.011579201791349192,0.0007902488203983538,0.06744327194194205,-0.002377638396943608,0.14038035756078676,0.044023379160471915,0.033068138147866355,0.023349971122367696,0.06388494816986529,-0.055552412179958335,0.19099992145833944
2023-03-30,0.010361515588402356,0.07269445289194904,0.023495348937156893,0.12861518998569593,0.02405876984987243,0.0830073841620077,0.12125891746350778,0.02106634439873201,0.12609277542889308,-0.04907739113658044,0.014588298708198444,0.0362084402676634,0.0446688807239754,-0.031698785187522616,0.2466811207540618
2023-03-31,0.011219788216225615,0.052842283976462956,0.010024857439884335,0.1221614336231708,0.02827573342637857,0.06301439588358815,0.08645223657197024,0.0065432061277464655,0.12483385679635711,0.012672977709812405,0.024739418403566527,0.044331933517228445,0.07213663167537056,-0.033073046503484346,0.2475257566803814
2023-04-06,0.015611307875961794,0.0570808821504597,0.0274396787823563,0.06979631294750971,0.019375640317045972,0.024753188790646752,0.02682610529383453,-0.01972167448232326,0.16787086708885846,-0.03855151926148219,0.03097212153815898,0.02815923618194463,0.04332713461261825,-0.05234372124234407,0.2098040609325228
2023-04-07,0.016114084032196788,0.03818780976529912,0.023500312027666795,0.04902706570327425,0.013651607061514026,0.02193487760028734,0.025571862347415153,-0.04164554406961177,0.20910037966096368,0.034479630673348693,0.04577598066500521,0.06245228384347162,0.03444421277484733,-0.06104738411529609,0.2098509541572321
2023-04-11,0.00447246706529604,0.028117008755894957,0.01370806981927633,0.04797131343412825,-0.001739403231723946,0.02964261333852719,0.03333389884708929,-0.0035625087724632312,0.26411274320747624,0.07329296471015943,0.09048933898688893,0.08218223562087287,0.0922684592340279,-0.03353652811406524,0.22022217432233254
2023-04-12,-0.001153488454377835,0.03350321466839956,0.01329827117624216,0.029404243413338582,-0.015544860152781448,0.01526376049586059,0.014193974054885095,-0.020226423315580406,0.2769263380018346,0.06272428913192836,0.07772539647982829,0.08660533887133491,0.097598655187973,-0.044597337315369814,0.2291336035128248
2023-04-13,-0.017419553210661895,-0.008626748656890504,0.021845360303767394,-0.012225110060220423,-0.01917288143702167,0.009896994230920345,-0.032958923175270965,-0.01966554670783966,0.2187144818825043,0.0216745126022396,0.047306019328036464,0.09651126726844543,0.07591711519115854,-0.059906535621291904,0.20647703639767778
2023-04-14,-0.01181152907302066,0.005552071098243683,0.019077443502523342,-0.0002544246327103039,0.002188368554726816,0.016474973122585265,-0.03554100452126921,-0.021262242004867416,0.23030394086529032,0.06914390561518324,0.06909746769417419,0.0678208650382448,0.07649086035932037,-0.05515215837535656,0.16887598047191094
2023-04-17,-0.00985374655008403,-0.0035747446036304975,0.004797655779619367,-0.03619257165760548,-0.010070628815201266,0.001446776756598489,-0.052602014356231075,-0.030006585300206497,0.19199341459932912,0.04452024738895097,0.04915155396185811,0.06258660163478663,0.0937495047998124,-0.030103187109266225,0.13237078960993287
2023-04-18,-0.014847975952644407,-0.0014097471580989396,0.010174168678389897,-0.055155917068989146,-0.022323843468876725,-0.0010025220894528813,-0.04250282277761225,-0.04148879718114856,0.14405570885307833,-0.046445622916550106,-0.0007110968170993548,0.07694893187541497,0.08469798931822274,-0.0207658734866651,0.14311998957726918
2023-04-19,-0.01853956624557715,-0.026447111262746126,-0.005648130220427358,-0.068748636627748,-0.047339896037363216,-0.026545367885440332,-0.06737421788096473,-0.08279780184805952,0.15091034798398922,-0.05675219415246327,0.00545160041896664,0.0699787136268352,0.08371271051156898,-0.030575015192841656,0.10287303898586458
2023-04-20,-0.013136901477935503,-0.028705931142823493,-0.006677871845045008,-0.06859380054591752,-0.044211600381496075,0.00048238922530660644,-0.06839409737398924,-0.08580554468269447,0.10238650380735193,-0.04872671602119391,-0.02758264320492987,0.058371936702674834,0.07244199543488591,-0.028944077049518527,0.06022062651358484
2023-04-21,-0.02066627290662655,-0.03041446689956212,-0.000788248442819578,-0.0662581853268967,-0.05286122073613442,-0.004529877231131352,-0.034874667861107544,-0.08579925846401844,0.04176999813306659,-0.11532548764451397,-0.08379026162262149,0.06316892741483339,0.05557361767332636,-0.02560464000136968,0.012222633852533527
2023-04-24,-0.02054093637106412,-0.038970894812636714,0.009677468995122646,-0.07064444976760365,-0.05846279760568607,0.002411606002532346,-0.012102498963072639,-0.08020647558415703,-0.012309946379843673,-0.15560894753551788,-0.12553525980863117,0.06997061248991643,0.06635620630943706,-0.023373925875387558,0.0025784357840880068
2023-04-25,-0.03660674525088026,-0.030080205408962724,0.0320513040741679,-0.052455149975591975,-0.04702554055268271,-0.00882658200144762,-0.04354655955842923,-0.08971026153951056,-0.030325662117852537,-0.15942961713296583,-0.1033440375842084,0.06426869434651178,0.09404962956353012,-0.012838889551072,0.037852024278416274
2023-04-26,-0.05279078207637036,-0.04735766101909289,0.02739933099292105,-0.05673489865061193,-0.047148482216757714,-0.015300303790814235,-0.013489476722784277,-0.0493664539272068,-0.1606546568641829,-0.259251806343592,-0.13053155453566145,0.05894138938445864,0.09676690452958661,-0.05789965601696674,0.029156346249148868
2023-04-27,-0.04978744076599714,-0.04611028055205629,0.036960952753894785,-0.02414137936775168,-0.03386355612782033,-0.04625591730593212,-0.04319216505907275,-0.05005137405639638,-0.19550060664742513,-0.26678405286593865,-0.11263765496131073,0.05633761464343849,0.04554020501187073,-0.0923780988701855,0.004331532089729251
2023-04-28,-0.03389538523837446,-0.04406670059144141,0.017487499028758277,-0.016996165960217968,-0.01989858179819648,0.015050519876013302,-0.02625726457559885,-0.02576211019017928,-0.17059856267863932,-0.2655501871483514,-0.13058514458167036,0.06842312520884931,0.13784110157042243,-0.0852274178660314,0.004390563431103889
2023-05-08,-0.027427566293098476,-0.05184563289513078,0.015581665021357258,-0.042176912635591424,-0.01657381446420436,0.10573187875442489,0.016352684088289937,-0.003137765729737795,-0.1850707908224048,-0.2384422833058272,-0.10977577085796464,0.054972599278925185,0.1282165339182189,-0.04813577191741783,-0.010358461791233453
2023-05-09,-0.022522892962284574,-0.06260052164120383,0.027981831271849583,-0.033972403315441546,-0.012240619351799875,0.0908335089637276,0.047269311947615855,-0.009399533319459478,-0.1639358727187537,-0.17328671679409718,-0.0917501443325961,0.0515602283842323,0.1539388510556438,-0.007483733796376006,-0.018696489154075513
2023-05-10,-0.03521445127076829,-0.08033487897352037,0.018588178531646085,-0.043098217909509295,-0.03568254483324218,0.037032276204154585,0.0076909530489020494,-0.0253224212757842,-0.1603989052954773,-0.1378243760355675,-0.08243740130343358,0.0375840403745252,0.10882211736070801,-0.03204443308582203,-0.1035689790199339
2023-05-11,-0.03011850085939223,-0.06129110360719109,0.02804479818417606,-0.02634602254776397,-0.03556498882214676,0.033628218454240855,-0.006123596224368422,-0.020543284906379935,-0.13048211794232673,-0.15084113566211793,-0.07640457124185562,0.028129112563699876,0.09981214120202789,-0.021657618523574576,-0.11648460584804249
2023-05-12,-0.03332947023027691,-0.06895886339890422,0.01640479337987455,-0.03204649613354155,-0.055966774586867496,0.08013562024402396,0.05340774637339263,-0.02794521792570473,-0.16755103540487581,-0.14948532839860473,-0.11038037506777032,0.049103065591170864,0.12449180622616013,-0.01942269241960487,-0.14885963159716364
2023-05-15,-0.0328335792261744,-0.04763181903056146,0.019918720198642464,-0.019331922105862875,-0.051191952466635104,0.054741034029977986,0.037492857180427275,-0.030367069847690716,-0.16529517499894825,-0.15665076477508438,-0.06587770365293988,0.01628744749438138,0.09841370473333272,-0.026672279988166847,-0.14174706998815878
2023-05-16,-0.014741164951485294,-0.04836540373529735,0.009445624545359882,-0.03689848810198576,-0.07525664310603541,0.08632887139816287,0.05889729680871508,-0.03984829219244401,-0.13129063565097976,-0.1379748784008728,-0.05513133846559104,0.01670944954984019,0.08683932847610759,-0.021626295937785436,-0.11432642023026124
2023-05-17,0.005554524817356188,-0.04875794916611076,0.0020975148875361505,-0.035350477911960665,-0.08042587070636187,0.10317506376054156,0.03540492415819757,-0.036429130623423026,-0.17403676366318438,-0.17268990873602807,-0.07852323633413544,-0.005654577611478348,0.07341940238315628,-0.025795812976094956,-0.14345261884834642
2023-05-18,0.026838753982367985,0.016548006528946613,-0.006352810807101733,-0.030360851471989136,-0.07449894295131554,0.11686819497426265,0.051803524998680295,-0.019832605501234044,-0.1452457896364978,-0.13438995400132225,-0.07255707848678561,-0.007982281336813737,0.11588368748682479,0.006038939752258957,-0.1643568537434027
2023-05-19,0.022240477651306517,0.0007399718698738456,-0.013839443794584586,-0.022853578510182992,-0.06227831966531294,0.13860523870665997,0.08486053151903325,-0.0299845975141011,-0.14903909618645755,-0.10506185278609959,-0.09785503223103037,0.043285650312349266,0.10576666587671174,0.012274374826181711,-0.13678451336516545
2023-05-22,0.014407694435423501,0.0069151994031358965,-0.0203828440406687,-0.0019740561967860337,-0.07135247562393188,0.0859819107793656,0.04090390883130626,-0.02369929750799351,-0.14671246228638696,-0.13674248694960198,-0.08542370635848295,0.04344961153621288,0.08572611009118822,0.006664480316336305,-0.1191283486987238
2023-05-23,0.01583071491133195,0.005289407534775137,-0.030919883005409154,0.005703522967257402,-0.061538010886353245,0.1343666554265699,0.06653135809422767,-0.007780549723190679,-0.1356214389870462,-0.10127875108792084,-0.09043192732392291,0.031051326214519295,0.08341591521698646,0.014326419988397635,-0.12166493696152375
2023-05-24,0.011626853859892317,0.0062174734968976075,0.003514113453943632,0.012813489440216597,-0.0500494123956704,0.16261730924862147,0.10719724010028431,0.010518523526783008,-0.1474806746756439,-0.055422596863140244,-0.08996074962777278,0.029556588485484786,0.10129996073493056,0.015136857869849904,-0.14221213526598891
2023-05-25,0.0272963438061887,-0.005959361838533406,0.008446165366094036,0.015404826036390318,-0.038870020228249924,0.20279867439938126,0.12641866999694387,0.016569598797979687,-0.14740307243569284,-0.05406570706368666,-0.10593927988122498,0.02480802753730077,0.18852687555654846,0.003742267607440994,-0.15022717734746505
2023-05-26,0.053017777238672216,0.0023456342827541388,0.006202087113416063,0.05727787096443243,-0.0013345519228284974,0.20310063282222016,0.08898284629570757,0.027672056447071013,-0.08214823994719372,0.03264739501339728,-0.03218969201008193,0.020599715137336702,0.19920490448307712,0.039064413663877515,-0.21729592298819056
2023-05-31,0.05080797986772102,0.011402072284966591,-0.006698136121803436,0.05895954552880889,0.004784902209901798,0.18830109118886704,0.09113293476220374,0.031199951746739528,-0.09081191059437782,0.0383028788147822,-0.028622071346502076,0.01987935302739119,0.2105445461373617,0.05613052462208713,-0.1612480103565186
2023-06-01,0.043575435129113965,0.00827123709737343,-0.017040939613273978,0.04268038307850874,0.01661834513938809,0.21133812328223808,0.10354236805086747,0.05624394398142507,-0.09156443188670388,0.03630593082245148,-0.030261355835910386,0.025178678099745444,0.19067977068161257,0.029945791527907675,-0.10520176707560935
2023-06-02,0.06503889334413201,0.04612261422791952,0.0005643280073951845,0.05836794265863532,0.00639302626829219,0.1762067338055559,0.08167853153487464,0.010857812570076033,0.0014072035315013665,0.07045457396048466,-0.0115468511945086,0.0240755487595969,0.19333571461549212,0.08348021157033234,-0.09990287054896463
2023-06-05,0.050388837145819695,0.04310455826408338,-0.018369277078858826,0.02201741036854199,0.007840017806468258,0.1907909515297978,0.08317237092224472,0.039674926522042214,0.0677115555772706,0.12379813975652443,-0.024519926965577143,0.011300967711321677,0.21103717767150632,0.1274719478197458,-0.09806168853244401
2023-06-07,0.04876951770444071,0.07277737613915897,-0.009326786455455927,0.006122801920580456,0.008469478108779294,0.12598951059268246,0.0327022563023982,0.0005753331747344204,0.11335762818318329,0.13163653856130772,-0.0061517786927520746,-0.011072299385177523,0.13534636835386846,0.1464866308330214,-0.08811361479084856
2023-06-08,0.04074128524484885,0.0588243056974862,-0.0004964881746532812,0.04256466722539032,0.02389391798265128,0.035171117207924846,0.008106239745786226,-0.03668424743779994,0.11056461878697532,0.12016037475283159,-0.023988823638368295,-0.008784373027139872,0.14665217096171115,0.14028860001318158,-0.053884392527502434
2023-06-09,0.03228819651358823,0.07490456695748565,-0.015947962695882417,0.051787348082339424,0.02997765105557615,0.057576404830349925,-0.013230115125490216,-0.039504415569614176,0.1107884445450878,0.15236199107456005,-0.04487909338783125,0.008463223189120406,0.14121577145686726,0.14004028411431427,-0.03693833412831371
2023-06-12,0.052357394503896426,0.08069751634744154,-0.020515703383113537,0.041128960789182156,0.014627248249312053,0.069534161317303,1.751761590285117e-05,-0.02670580329267898,0.13184727363674092,0.21451540615425263,-0.0415322278336101,-0.004300291513104695,0.1409763114363074,0.10270018738808506,-0.03967830775135428
2023-06-13,0.06945677948069985,0.06726351378205048,-0.03583293837877191,0.06989728446729426,0.018688306057308646,0.10138318733737373,0.016805997681583473,-0.03247041625014965,0.12639948793388645,0.19853191044373886,-0.029199135521003283,-0.007552826004204677,0.1402021710226946,0.0911901706341122,-0.005068414937122068
2023-06-14,0.068373082150223,0.04233950672381048,-0.03505107886626194,0.05932370603210191,0.035172081639912256,0.07679725230311632,-0.015391929199908783,-0.012693941589718177,0.06755341399753073,0.07467335379947132,-0.03667310038245575,-0.009425890748367402,0.13111743945742443,0.12552765658813606,0.055713211968613896
2023-06-15,0.06838138044758238,0.05091073430579518,-0.02351347443349948,0.049110872374613423,0.07148992339478633,0.1274502410816355,0.018137201697662753,-0.0011391598491555105,0.03845444009836707,0.034686833792798466,-0.08687200879524437,-0.028590761580189333,0.15299204365700764,0.12088213223809766,0.09330806293582483
2023-06-16,0.06142952652876314,0.04874135699231835,0.002140941714818781,0.05463592254883981,0.0865941564329481,0.12728870875479636,0.001873447932493999,-0.012655453280783848,0.011557273506325627,0.03293397976812634,-0.09448053558882696,-0.022831787716582758,0.15626803693844532,0.08762142335797794,0.08652163187515238
2023-06-19,0.040586740448792166,0.05909967835960406,-0.012695960699577888,0.04622800761313811,0.11524587825301669,0.09815519284827359,0.02019065072705173,-0.014064332018567216,0.06643358986628395,0.060906296703187424,-0.062243272122559534,-0.008346551591947221,0.16009744147361954,0.10535831087867854,0.13815606589600277
2023-06-21,0.026187414847255328,0.03647324065799906,-0.002027163302063456,0.0505300744189941,0.08766944022729328,0.08513838700611545,0.02118618544070866,-0.03524890973445095,0.06868319327961703,0.013112052924042328,-0.06971302728172124,-0.029314321026326362,0.114188395258978,0.0873562651646412,0.12182083075091765
2023-06-26,0.023182751374348193,0.04539564212212954,0.023159097435275083,0.09270143240407758,0.08685888684415355,0.04505421039215585,-0.002711597184708925,-0.00026214764797440754,0.0073421792981700484,-0.06951441769302558,-0.08776371422903173,-0.038013021937706615,0.1458666221851263,0.07584689462038846,0.11585995310167674
2023-06-27,0.03203727165962847,0.030726128997085933,0.04037365778724086,0.09443136854677103,0.118022670359066,0.09310470275256,0.023871926294848772,-0.020401542712717526,0.046289832264964026,-0.03046015222177595,-0.062406247532746706,-0.02625124837149373,0.14732582346765855,0.11046701691630603,0.12818594803233851
2023-06-28,0.035031547215280456,0.028345006464308597,0.035780686053635644,0.09380305954550211,0.11796452321457518,0.03127615057090122,-0.029309854734234253,-0.04950971255243974,0.019933004253644748,-0.05200930803139209,-0.06551190799325746,-0.025795205158623727,0.1709585009923149,0.20012783282329488,0.1367181613426815
2023-06-29,0.04059796272941882,0.027735952085881088,0.037440998116489294,0.06445272728264001,0.09895965183219657,0.03188146027994354,-0.03989927036631444,-0.011822282764462684,0.015741525790142874,-0.06245418721713747,-0.06213388404812603,-0.028582106290686082,0.1750133925391037,0.20020933324323578,0.14464298825709487
2023-06-30,0.021866454336572638,0.00888609949545216,0.036749461633081695,0.07328028414213161,0.10772927508901742,-0.021679211832436596,-0.059770750699031816,0.0019261811087584423,0.013939931692281471,-0.07006800179628453,-0.043604805848825756,-0.02596036045581275,0.11204672032722474,0.24542256476372706,0.15197812718581194
2023-07-03,-0.01135244275252905,-0.0017937048648221654,0.03546678452773051,0.056051756854182844,0.08351209492994549,-0.0262412290312114,-0.03587845417443103,-0.02149182499550196,0.019688296613572853,-0.08992623618357948,-0.04676717494550553,-0.033437862192852164,0.12244673599627437,0.18556795637470053,0.22777796404053585
2023-07-04,0.007249118009141922,-0.007736673230872515,0.0281836364509834,0.07974083550130451,0.10342222650279709,-0.03217657323899964,-0.10205192034529048,-0.03605546145194428,0.035462237389114026,-0.08064463631281812,-0.017943181039979827,-0.026854491130268054,0.1178164122389419,0.1689872571664247,0.19363523868381327
2023-07-06,0.0036239641453333776,-0.0260904520211111,0.027460668537762536,0.11484495450204152,0.09584557873976574,-0.07343279367465755,-0.09690595228109078,-0.02266047861144023,0.06549090089094245,-0.04608377566379518,0.00914759093256401,-0.012002942310817916,0.12157170993089611,0.1686668672957704,0.12623981648694116
2023-07-07,0.0014135966851022835,-0.043328195564852345,0.014808453017149434,0.09862763821150228,0.09665655702774012,-0.05548599008833949,-0.14653950735799423,-0.03080046138107321,0.05360317854022956,-0.042566835185323226,0.011592915394392778,-0.036645431425438704,0.14156512730032467,0.1383171635313592,0.1369559508931425
2023-07-10,0.015082267048715667,-0.05140992414951806,0.035413998030667804,0.11333021296836271,0.10092044185609039,-0.06664598140325606,-0.14786155883911928,-0.03810432840396034,0.03261770809576048,-0.07087374541021807,0.01124210614269272,-0.034300154831623214,0.11683725213620222,0.12083239981102478,0.12856471623930832
2023-07-11,0.016792130319684503,-0.07113813199158481,0.025092245658980966,0.1115809135263971,0.09718398287072494,-0.054197281841257716,-0.11654588841494964,-0.030378072466371198,0.0030459990011860727,-0.07926143832900476,0.014806373303622333,-0.0012406362975470736,0.12612335584109846,0.08834371298938695,0.11482686197096592
2023-07-12,0.01954831080477254,-0.061326572129117574,0.015107992836892584,0.14269474087147743,0.0657074723860327,-0.004889456908505452,-0.07360658534721665,-0.023227277900512967,-0.01978364258547116,-0.13372616205067167,0.012832403887002242,-0.00919909915034034,0.0997579371630663,0.04141991490929503,0.10655635774728434
2023-07-13,0.024153644014034234,-0.08625426357496696,0.042118671767322494,0.1672901446380266,0.07676321777111583,0.04523167564797387,-0.04064896066732726,0.0009569813787671314,0.018012124572756527,-0.1442202222268117,0.03592686909916176,-0.02135154996812455,0.1035419329485941,0.07871726062132639,0.11289853854741683
2023-07-14,0.009684076593794028,-0.04669626847875763,0.04669491138479054,0.15509798705881345,0.06833383576339114,0.09401747996332571,-0.0491224612831313,-0.007672710789841886,0.03512784649208178,-0.19668787105628438,0.03492669262005621,0.004412023126242129,0.11264834507527821,0.12133549345299496,0.1159858199487176
2023-07-18,-0.018500941489247066,-0.03631742269769256,0.06765151582682846,0.08701667755068498,0.0809183925785435,0.16721378432667588,-0.0035215164142857747,0.06049027229610271,0.047012910863153234,-0.12195750212080048,0.05209055660218331,-0.006023118561044649,0.11151322943993558,0.12815620178637396,0.11984110392483177
2023-07-19,-0.00568744335702881,-0.0314880782692567,0.06148635165809643,0.10470473101726646,0.08179883310451064,0.18707018703148715,-0.030698269044239557,-0.008856776517737336,0.07128864081336123,-0.011662512484456433,0.05088373864381668,-0.001066726660561304,0.13001186987271274,0.12627619175922722,0.10627460180363724
2023-07-20,-0.01272550858075465,-0.035799626772352044,0.04507692352028182,0.1013773399836852,0.050944124960146664,0.12460140628610156,-0.045815427546126275,-0.01064827757992648,0.050456263853307315,-0.040380641134793394,0.036542532309437825,-0.0025235870339866406,0.09489108165993115,0.12221195855662126,0.05981590063129155
2023-07-21,-0.03751397790966421,-0.04946304352435732,0.04481528655008564,0.13567262371428318,0.04513366324309309,0.08282073791904687,-0.06956483885133002,-0.014974648445662847,0.06343225012533688,0.025318194225074947,0.0458325983649327,-0.011431378664539915,0.06416633252961274,0.10054839060385617,0.026138778065387613
2023-07-24,-0.031853716284167666,-0.058400828921135794,0.0635337954749816,0.1451049475272112,-0.003016495588352708,0.1493158302310394,-0.05171008111581327,-0.007083306998601602,0.024727033058767167,-5.927285919088421e-05,0.021120087427877854,-0.0026194006652846547,0.09699943704533665,0.09564812714150744,0.0291912644390645
2023-07-25,-0.017535063387699404,-0.03148073976060206,0.04100230203493538,0.10650444071869736,0.022617704133740202,0.12841201603815644,-0.061312611558883956,-0.011637056520331542,0.019421829962443515,0.04884114747099566,0.04962921781801899,-0.004271737197178299,0.11054302338812172,0.06659166262536148,0.047418038100424664
2023-07-26,-0.01694187942109139,-0.04253411407095775,0.02037163466698369,0.06086873898380851,0.010237368674766656,0.17050036186064743,-0.07036319084811338,-0.03563206773259591,0.05987582315208162,0.04665675376485612,0.054646449474866854,-0.024485686623315767,0.07593826510332446,0.09564691728768618,0.04622824723702018
2023-07-27,-0.022867980116759182,-0.036840827184968616,0.02398652157488959,0.058104809109684186,-0.016171628180069342,0.13651841060975656,-0.078985701392848,-0.04744925407909481,0.023811178494595908,-0.017614514919207125,0.01567284418256798,-0.015090484159117873,0.06010040073047662,0.06157633228720716,0.028871118459639245
2023-07-28,-0.030016907080574043,-0.006738528676336064,0.03346446952406265,0.07993096734856986,0.013575325711514541,0.1618601454426586,-0.03677680715089693,-0.03428281594851487,0.05470506556317506,-0.01440326823927407,0.035194308587009115,-0.032065074463047835,0.06507393484800461,-0.021246067415087555,0.011708538235289168
2023-07-31,-0.022846971449477185,-0.011471641574314573,0.019026304586893,0.08547732159278415,-0.002445465664122959,0.13043220683492868,-0.05559558216166868,-0.08032956453263992,0.055700829371657046,-0.02401190752036525,0.04277353000902473,-0.0353442259474256,0.06118615403661343,0.007141332736720574,0.10023813019455458
2023-08-01,-0.03004173661790137,0.0072533345835288365,-0.05031046960824807,0.04691594339269345,-0.03419329268016724,0.12159434026922378,-0.06076986289476094,-0.0655379184823708,0.04686844795977191,-0.03335552011742804,0.024303153238451336,-0.019631191824917987,0.06309637940494439,-0.026923485850752826,0.08538470201843545
2023-08-02,-0.017238901329903786,0.00019187192030284406,-0.053521631089874414,0.019591043699161592,-0.01868841408192745,0.0977493247451916,-0.04662268011950055,-0.02726328045891771,0.06471413550412053,0.003406685896993389,0.04968375872950981,-0.019036354648062193,0.024141382680047174,0.01774991724024827,0.09888276712418836
2023-08-04,-0.03383157536896496,-0.007202931052465333,-0.0699131080469901,-0.010576421302745553,-0.029951178763112485,0.08725446814792459,-0.006304082587183846,-0.020990404317324976,0.08635020712184965,0.014637885992302757,0.049125793364203085,-0.02005749800679657,-0.004636411637304549,0.014606422058884405,0.11364819689765504
2023-08-07,-0.02339826822982126,0.01634310668393052,-0.06108019986326037,0.04015879726435162,-0.018970851627027274,0.13777019295306497,-0.017449635218922177,-0.056654957477610374,0.0502521995164224,-0.023830532018239647,0.015220119919003627,-0.03796776368943394,5.5064857382047805e-05,0.02367570609413533,0.13212085691701458
2023-08-08,-0.03304824874095591,-0.009770479297531998,-0.03727462203000452,0.05055050704106229,-0.02261937074454412,0.11361331446531936,-0.002629038719277471,-0.05664242470424074,0.056415807392399764,-0.008911907460855517,0.0030181227256325105,-0.026002983800727797,-0.05719699441346909,0.07569415789386635,0.15258935087158582
2023-08-09,-0.029753074178056046,0.017306887911052504,-0.04199781373876173,0.042956811478852774,-0.03283117466382701,0.16144350795778317,0.017424480184771163,-0.04757420799673226,0.04518226272673137,-0.054768934623320775,0.014620747784502952,-0.0015376898844668418,-0.02942321822021232,0.021815180944939838,0.1500497391694946
2023-08-10,-0.027427363506310365,0.032286069697550324,-0.04302922699035985,0.014203323409207103,-0.03220277953216366,0.1395249754677575,-0.0030935072165723387,-0.04244357918322268,0.037250069402016805,-0.041093063228767435,0.01649534394493024,-0.01428415757815825,-0.030625228845367836,0.03301346581694781,0.12990451619317644
2023-08-14,-0.022046725883377888,0.034950618362878105,-0.02358791271161287,-0.02525489190579633,-0.03026643573982013,0.12088220771072317,-0.04432646076925789,-0.052254916695598924,0.07313629138812067,0.047546532971374844,0.03798108247864085,-0.0065186748983782905,-0.0033281192416826366,0.034133254736359475,0.13529343092463103
2023-08-16,-0.027755853752720716,0.022930430105223942,-0.03603894463683341,-0.027184141337162016,-0.052001002195053325,0.06788840557991399,-0.07865437817335172,-0.061537304206851946,0.02196967500415753,-0.014804013075099764,0.010308380729243893,-0.004657325491942338,-0.0555995973010856,-0.013614330999645374,0.09557228867715661
2023-08-17,-0.025570873179378978,-0.008196400199056986,-0.047878518508050125,-0.01669560400795994,-0.011578075918401431,0.02707191205401921,-0.07348703739010243,-0.06150924368707909,-0.0021850240512534813,-0.0379719646864603,0.003765677780577237,-0.02108669714400027,-0.06850981106822807,-0.04642951149018326,0.07120626063186325
2023-08-18,-0.015666430332253956,-0.02870303019737591,-0.05557938543978344,-0.026329656210437535,-0.034330697509661556,-0.09897200142763485,-0.1432813210975096,-0.11928345788007585,-0.051820866019188006,-0.11421518725902668,-0.039111586688854394,-0.007134566695233657,-0.08387363804107506,-0.07779559508218553,0.008396051952874739
2023-08-21,-0.025886346105462504,0.004733825396458391,-0.03208192124225258,-0.0011129056777329227,-0.0418890121428932,-0.13189065797977095,-0.12964230219459022,-0.07569510363929692,-0.05687737722000108,-0.1501395679122549,-0.046959022249091764,-0.004947051460057111,-0.10305729098082633,-0.08030242914535007,0.0033226010808051765
2023-08-22,-0.015609958505577365,-9.011160148308939e-05,-0.03547119458847495,0.07814462047417658,-0.045354520786687114,-0.07985342412722196,-0.1255528387217038,-0.06254882258198387,0.003477367059056935,-0.08166292953385584,-0.017506907969580432,0.0042706780329039296,-0.06264293079895483,-0.04925691216530914,0.015727780433726024
2023-08-23,0.021597551904963957,0.01958486535067111,-0.05762734242706101,0.13673902446007408,-0.017115862363270895,-0.059464232750109314,-0.10320255428904546,-0.05149644355571874,-0.054934624627232476,-0.18570783454400322,-0.061966187219284596,0.005371687386820673,-0.039962792931778235,-0.019113788848837743,0.024010508763863847
2023-08-24,0.035219094259441336,0.03958582386942272,-0.05420011539390093,0.15609758662522505,0.003580274888917101,-0.05149130960109305,-0.0898370132139871,-0.048262678038392064,-0.035852504564729715,-0.14526441263602585,-0.06546309526539329,0.008748175187398843,-0.007189275840150167,0.00894102103330513,0.02586034337756321
2023-08-25,0.010318827588925966,0.06158641280494204,-0.018093929105111206,0.22398335153131033,0.022602278099123407,-0.05575275810974428,-0.08544157381188985,-0.05057258001215824,-0.039323065829770965,-0.17152469850503677,-0.08059364401649527,0.025242113468930655,-0.07007445334213852,0.03722246096406989,0.022680164366979283
2023-08-28,0.01729133948700924,0.08779748416176647,-0.016729759745312156,0.17841374230928553,0.028439263802329307,-0.08941531764274085,-0.052045428561243556,-0.03542924462143007,-0.03413929017790923,-0.14303881187761314,-0.05949778740822498,0.019829266353602326,-0.015827155162001505,0.011569409005455777,0.025057468016008
2023-08-29,0.015157950613473997,0.06841984475850027,-0.027439949935765873,0.1689251445634457,0.031040346801526342,-0.011174106016499763,-0.005282323863395499,0.01905303628897459,0.016391578598672296,-0.054957415839124724,-0.013765217203984936,-0.009324495812797817,-0.011865144564936148,0.03610717974384342,0.026231159169343654
2023-08-30,0.021290540945658173,0.056424863002316306,-0.02209361647975111,0.1699789067672257,-0.00507820604119702,-0.016603932822297773,-0.03003763331240561,0.011516349876864368,0.057973829839559565,-0.0004224590540251594,0.0027633083457769825,0.007808618954789959,-0.010526804254129551,0.03303680979880669,0.03822380527946584
2023-08-31,0.010503601695214665,0.06203045629028736,-0.004426068469522815,0.17708169931012724,0.03766361638821625,0.022688562150382452,-0.013808216678171698,0.04136714931643257,0.07264684560083817,0.02824802136524235,0.000789145429083149,0.012769049126495374,-0.02416503540365378,0.016248201686724195,-0.022740368857418813
2023-09-01,0.008445696437588399,0.07393410774785858,0.06470715684077481,0.18974704869461795,0.06049780499126234,-0.0011580064026739945,-0.010347611854872374,0.02079860622590099,0.0628291259390466,0.008182307403819922,0.001637757091528691,0.057095632720195605,-0.04869390005524643,0.039392018734824674,0.027273215294244257
2023-09-04,0.008000686201963647,0.07351515619458654,0.05198881262773518,0.20441934959074687,0.04760267514002148,0.02060750173653264,-0.017305668708125777,-0.006574870255017143,0.06822820445362066,-0.012381506023482147,-0.009078176393307658,0.04955684981088847,-0.03421723047680414,0.003102147727740312,0.04004291243905256
2023-09-06,0.017147836817673998,0.08317554971287322,0.08471850067564264,0.22984888925370506,0.0504966993706355,0.03749215636919939,-0.0170286916803358,0.002778787081926498,0.046936849764057764,0.01624948878615179,-0.00709339316600921,0.0471215361345344,0.04121273421237315,0.02301429958805551,0.029130676109736686
2023-09-07,0.01144039924404433,0.08086577078496748,0.08453313708774236,0.16587338158511233,0.051941148330298836,0.015135412950280036,0.011070218775555113,0.014446547580675921,0.04209808743827498,-0.010830812253201594,-0.008197166325990213,0.06603410948401951,0.012413201349285585,0.0052514283432752995,0.04129299837441408
2023-09-08,0.012276684289370052,0.0820967583795536,0.06216882341108289,0.1534851054875333,0.07444387698892685,0.010977168632856693,0.02483884079232096,0.024074290657454464,0.06217497241577663,-0.012676912721019562,0.023159122008983624,0.07341406963130725,0.04712161875036497,-0.19357463228420752,0.06624569444312345
2023-09-11,0.011383673692182308,0.046131359967129915,0.06530619966418892,0.1471751743180787,0.08135113143558037,-0.01938663110465294,0.03301398897024385,0.022989755532505596,0.09434084867340226,0.03734408297448899,0.04017892825237113,0.06975852044554659,0.007486771181513974,-0.14874543353713968,0.07606698425613767
2023-09-12,0.00905840214451456,0.04102822482322743,0.06294629425330575,0.19424187072429328,0.11761665624444118,0.027009245025275297,0.08261232602766017,0.033235156574757646,0.06225102246927722,0.02392821004126816,0.013260352896606431,0.05608991465987573,-0.021963933127042423,-0.19304056318308174,0.08999758003745328
2023-09-13,-0.0003862829656503808,0.010687940553157693,0.065933674712358,0.17405112325783295,0.14634410233486483,0.017984537605622575,0.08554701047800489,0.06826740021226793,0.000743913642507088,-0.01856197491212974,-0.008649967571849437,0.0516005843731622,-0.034904223217604946,-0.17061301778591464,0.07781867104301649
2023-09-14,0.0076448063226964985,0.041326107540382906,0.051905457172351815,0.15689300409049356,0.12465365599028799,0.014302827752595726,0.07944353413319702,0.057979454894557005,-0.024032593199667607,-0.026630746165619,-0.02600980721856594,0.053260486600682305,0.0027740956570186937,-0.1441397805272548,0.0857583062468864
2023-09-15,0.015920297149036977,0.03854482874504117,0.056286008994845496,0.19245560738495487,0.10654027553222689,0.02177920677745737,0.12381912509713677,0.06840935368432557,-0.04608103693858734,-0.009603708233091701,-0.024054629452518794,0.05944133617060286,0.01158263589980224,-0.12115328616036736,0.118556951468416
2023-09-19,0.01693016976703325,0.05234821802731543,0.05229875472317139,0.25109044344383663,0.12308088202855494,0.07252026862197514,0.13731633550622838,0.05948087172332814,-0.04138463918478025,0.007874183302729598,-0.028493519584848248,0.05522872413446053,-0.03966923016326429,-0.0800001952209568,0.14568481461854982
2023-09-20,0.021190898504319655,0.05355731238073147,0.03740259304154907,0.1675557582799192,0.08019171005955417,0.06329965811326388,0.11700737366913375,0.05299990981037016,-0.039443433824175145,0.012461036436445416,-0.018911656947532163,0.05397945555433706,-0.04237479988733445,-0.09084598992157289,0.10221183546130375
2023-09-21,0.015400111368582825,0.04355926872655125,0.0469520125051395,0.08319336053773763,0.06697938365897804,0.04342568011307529,0.13859752109789097,0.06480688839099481,-0.013865580468456318,0.011239940570466844,0.002224489067997104,0.060567950550401733,-0.08362843752147753,-0.10379902656140205,0.06060290050497191
2023-09-22,-0.0075262872116520635,0.04112013511916157,0.045681344991350334,0.032887477613767535,0.04020183480868644,0.04726159588603057,0.1541802276750156,0.05758476319012003,0.030748531572947324,0.0684761761572853,0.050768400862775565,0.05837131984239263,-0.09779820677899304,-0.10713146797993628,0.07375691170082616
2023-09-25,-0.018239374214887638,0.019173622575234472,0.05487679028167655,0.00687400283408568,0.03392814194017013,-0.02718186451611626,0.12840266571576833,0.04341585745458905,0.009547675128697308,0.039274859158282494,0.047103891807634746,0.05585653248541014,-0.11465561078005226,-0.13058621092768136,0.0325584269636634
2023-09-26,-0.00393323103305844,-0.04957008053214085,0.03371377514173324,-0.01888327177604654,0.009716610566611217,0.0036505558872951815,0.13534614603166253,0.03346894658132536,0.03885511290964311,0.06496271197336473,0.0578179517461076,0.05910308599013936,-0.08515512418185522,-0.13307251475713386,0.07090351330857864
2023-09-27,-0.0040756533925432464,-0.0666522472175003,0.018325906676865955,0.04010389358450861,0.009363747066184258,0.008608879830520888,0.11896498408778705,0.01848789479410866,0.04093983724807343,0.053919954186025576,0.04522391431472461,0.06023763108710156,-0.1260118815304161,-0.13982249822219808,0.03692198341520636
2023-10-11,0.010559659013755163,-0.01193325470537654,0.020730032696893858,0.07353767536756672,-0.004225220520757134,-0.04387793597297596,0.11876242314883878,-0.04084007434496294,0.020022297705890202,0.029402210937917173,0.020328203259606714,0.08476399989326526,-0.14561565091001288,-0.14444640277100193,0.03384275691867361
2023-10-12,0.012688990907730915,-0.027785047895954373,0.023614138331580325,0.052465424738681765,-0.006079755274548182,-0.04729702568576649,0.10589720283398107,-0.03478047764957218,-0.042761435606977205,-0.035478009296707025,-0.008908520095193051,0.08707535501648273,-0.116292741366745,-0.168314586713391,0.02238501082436528
2023-10-13,0.02646232202220159,-0.013514174893977549,0.032610492939620594,0.08071953148272637,-0.0054926956916182545,-0.07263692083603707,0.11150020676524894,-0.06602680205084249,-0.04539791896209788,-0.0618233297045408,-0.009471780277706787,0.0743759889357278,-0.1580220240630012,-0.17146543650794743,0.012371771650509289
2023-10-16,0.022136461805468112,-0.013620760507474405,0.020160786615105508,0.0864813151544408,-0.01302409709354635,-0.07215400745856515,0.09804457491402835,-0.0816639798418613,-0.0591047099077846,-0.06918467521947469,-0.021725364109740575,0.012969987804345523,-0.1592119219513914,-0.1929665230674411,-0.02061585090768503
2023-10-17,0.026036249491231997,-0.00015160673574721173,0.05593956859535029,0.08054528491375801,-0.011703315286204385,-0.06717748530071899,0.08871879969614738,-0.08143046230261691,-0.08206584523839655,-0.08530687315927349,-0.024717250780465494,0.0501247783383542,-0.17180448840888135,-0.17182790959706556,-0.036087037560549984
2023-10-18,0.01850240643030638,0.013078563034268242,0.06427030040278109,0.053468254133501425,-0.007178892952413474,-0.10067468226844112,0.07393303504234125,-0.08647529704421714,-0.1076058182135326,-0.08032095310430448,-0.04424412883473794,0.08480299957738699,-0.22522171534408325,-0.17724800247096226,-0.04358332205323545
2023-10-19,0.03634925682411459,0.000995420800018132,0.033100382755608115,0.0978265294394437,-0.0055098891960143614,-0.09507019865338395,0.02961308690849579,-0.08059988682546013,-0.08069794546683184,-0.006666803505812002,-0.03128649780887194,0.056964184964854205,-0.22233366198725446,-0.15029926066102245,-0.07048195898984672
2023-10-20,0.05818148209005965,0.03747210867727013,0.04084809538176279,0.11104761097907911,0.00689161385806325,-0.07155510011171157,0.019305007214877073,-0.08740602983141596,-0.10491984036561114,-0.042959804866075535,-0.07037034920216212,0.04639527435138824,-0.2145944354497017,0.00673879413279857,-0.10344295369000506
2023-10-23,0.04485999470619029,0.03649558467697067,0.03908019449904834,0.09829562142365877,0.00046771544890700234,-0.07596702306910125,0.0037277285158802964,-0.08449004835536361,-0.13547018495900542,-0.10208802072398765,-0.09590266046719365,0.036392654162179405,-0.212406474319088,-0.009602815151206506,-0.11731466578626859
2023-10-24,0.03492660075373894,0.01517628688934669,0.05815047655693531,0.09251862629630325,-0.0273079435710345,-0.11077452852556097,-0.024329847028208923,-0.09973322761008464,-0.10373079937626933,-0.10404823172243777,-0.0808284068233438,0.04698187492044206,-0.16019662675312324,0.01776095339810496,-0.15869741846031693
2023-10-25,0.037979625400157924,0.039016538660235134,0.022390459825224585,0.09350164159677066,-0.04115207799649079,-0.09415137614946206,-0.015223672289286005,-0.1290342114062128,-0.063107360629242,-0.060062043814322674,-0.046034319686751535,0.03152127165089004,-0.13177673239321136,0.007716235868286722,-0.14652082565639157
2023-10-26,0.022858093729249088,0.02612488863053164,0.05822155685987501,0.07941744531465567,-0.00477977983530764,-0.13981671526903378,-0.028455503618509514,-0.1269254398550385,-0.020631749505514996,0.035051958420710794,-0.005971987046354377,0.03212296698374059,-0.1697990939176276,-0.014598389634996545,-0.16375025093629325
2023-10-27,0.01511884990429694,0.03805139379508926,0.042228392969005685,0.017827286147974575,-0.007977300468197557,-0.17429383393701847,-0.05502730338175782,-0.15326187104102537,-0.0015102026246044398,0.053862525686951324,-0.0006078445483816974,0.03984512986199055,-0.2701267506735238,-0.02162606027927219,-0.16926171638453213
2023-10-30,0.012302587259883507,0.015703210074942353,0.04710365737207087,0.02251385348570012,-0.010696538379093234,-0.21064752517213847,-0.06060082584478138,-0.1630042617120234,0.09124808110918231,0.08067236115912502,0.02150388204819209,0.04091081286835262,-0.24767522809424067,-0.07435152527623,-0.08800636237662285
2023-10-31,0.015347623839683126,0.027738905478104647,0.045461123093085004,0.03778238543490309,0.04075940677960954,-0.1979874194145509,-0.0008822235832604275,-0.13117470689659197,0.11432317723808749,0.09353858842961621,0.028021202463938688,0.04092729757741883,-0.24077388721032067,-0.0806703804226034,-0.03628276493217686
2023-11-01,0.01291732183286367,0.042982207333529976,0.05379327753613736,0.05255161241455064,0.04857510739960291,-0.1866733262695673,-0.011130323519202845,-0.1342006143453008,0.05644670022578835,0.0733716395683851,-0.002190756024847751,0.06052478144396497,-0.209251888159343,-0.06441054085826443,0.01702187339175465
2023-11-02,0.03740621921069413,0.03560094746964504,0.05695508404516961,0.03630463949108009,0.04494912049151101,-0.16583587577335812,-0.03229962843280115,-0.14031129457623848,0.02440900309415328,0.028563002542410565,-0.04709831152998212,0.05748845447651973,-0.18471470773848025,-0.023090957793704903,0.019191973941075025
2023-11-06,0.03151809840415999,0.03764418682313786,0.04044996167363446,0.06594801363626246,0.06096873163158856,-0.13795502359170198,-0.022569366336233465,-0.15144849869770544,0.0420946205419494,0.057518773560257974,-0.01941529058201308,0.06533394899029299,-0.16703840784047158,0.021205299540941552,0.04247566042627138
2023-11-07,0.03916205066351047,0.047874503231413845,0.04207764466296454,0.05108275551782193,0.06254376434776288,-0.16564540743417527,-0.032082331149146825,-0.15093379056597894,0.04002807437375483,0.06365637923521389,-0.012357527116367062,0.05881260207828627,-0.19822068276595772,-0.003939086346793602,0.024650563713010165
2023-11-08,0.033959634108599215,0.04205885129771425,0.0460021961174851,0.050608824999811564,0.06480196089996892,-0.14608453003112096,-0.04736982408162374,-0.1484698517964737,0.01637505579873222,0.05813530154282909,-0.026763488161092308,0.04628876105762362,-0.14684631998402922,-0.002598484485185515,0.05829458257413256
2023-11-09,0.022288524520743973,0.010888399323417453,0.04508427257150566,0.03376315131879115,0.07105882348365933,-0.13143237106389521,-0.08703766963082493,-0.12452226401548326,0.000482947945104395,0.036391287298239594,-0.03757142280545378,0.034085708054841075,-0.10372125844725316,-0.017284096033793966,0.034756392117195334
2023-11-10,0.02427551462201096,0.010977038860764288,0.0435818116285015,0.013859141359662597,0.08473096291925852,-0.1413909527659391,-0.058333608990921326,-0.13445098275020337,0.026528408283865212,0.052763069448264865,-0.020284775932511878,0.03967084218230106,-0.15185112040388227,-0.02806580708132056,0.03226544385434377
2023-11-13,0.03173632270751175,0.04072630285145229,-0.001329167427934208,0.03329493859666366,0.08064439810090285,-0.10605381355458532,-0.06129931883016537,-0.0937434648132009,0.011959662456765496,0.06247901779062304,-0.02884330372073618,0.03947581954944285,-0.147485295049743,-0.0028551781073050675,0.04908367688842613
2023-11-14,0.03573394023257007,0.04083339825777321,0.02382037877775567,0.05162129925535763,0.07527403026491286,-0.11080783395104754,-0.05793688303828293,-0.09874633445951023,0.032965340096756945,0.08843897630696806,-0.0051619865575276425,0.043165399409709274,-0.12350067686026178,0.0058225617354222825,0.044313526544431214
2023-11-15,0.027297593326226353,0.04777486354529026,-0.008211638924849829,-0.02253263059345978,0.05473165286593584,-0.1262357753892318,-0.05940893629580557,-0.10315406823271386,0.018583026861303975,0.05952925495179184,-0.02268611870238524,0.018920405441732957,-0.06280161919100058,0.02908201092923235,0.04534402254510822
2023-11-16,0.036237165381150106,0.025144396213052644,-0.04132865255669513,-0.016607876343473826,0.041112413148663096,-0.09784553095372414,-0.04164942922344453,-0.10668467100066541,0.024546054380273574,-0.002512528969662531,-0.03165206778509577,-0.0031922080011838883,-0.08141724198169459,0.045710518454733895,0.07444696488716834
2023-11-17,0.018549987921156835,0.0276579116128004,-0.0289071639921952,-0.048325264426785974,0.038805898954807794,-0.0738448296450594,-0.016979794403814613,-0.11126712833676368,0.03154882283300009,-0.025985228708626407,-0.039804568367921345,0.005486075187400442,-0.053394844125083496,0.057485372422764525,0.1499764506732345
2023-11-20,-0.0056038021111345995,-0.006507692746788529,-0.039028094143356645,-0.08928182050505473,0.005696597291509842,-0.07462449563124135,0.0030532330096781635,-0.09991970657413965,0.04489488741133041,0.014532834811783635,-0.0012568100911310998,0.017545323814745814,-0.06859487705736073,0.09465330482384302,0.15887185285487015
2023-11-21,0.006488279707016369,0.023882591229780648,-0.0578403304126171,-0.0749930975182066,-0.005415446266260893,-0.0307088866361388,0.004588532981769922,-0.11114574339017845,0.04843017707803593,0.10765277570302872,-0.016969399045163258,0.0012547011307412863,-0.029016852452570352,0.11288127239668733,0.17763188066322702
2023-11-22,0.0024362292179810827,0.03838855296987165,-0.04816663656153339,-0.08349142890737915,0.01678259383738334,0.0032448678418224852,-0.012846338420806874,-0.10687160610853175,0.026956916447275547,0.1336991878908465,-0.018576259655759375,0.009510743317164602,-0.06411749076927636,0.14158575775009904,0.1935759423084532
2023-11-27,0.001909937516163869,0.04615064766859345,-0.013133087377412311,-0.06706958498340843,0.015176130561836199,-0.00011592748808708642,0.0030690349345746104,-0.08627629977303286,0.0422194245668161,0.14489071830622857,-0.023185748358184544,0.022964845350351086,-0.1004827303331981,0.14051411604680963,0.1902914569388452
2023-11-28,0.00893784692235379,0.03046580223359663,-0.03807289296355587,-0.03990900558336452,0.008071279627438255,0.05566313945836687,0.03700411513554197,-0.08375114690607355,0.0176679323808428,0.050384725026495825,-0.046022360484499036,0.032304892936647414,-0.08904655598987482,0.15424382505221507,0.21583118892691394
2023-11-29,0.00552862981819164,0.031134143802771796,0.0007770721119107482,-0.029256021868211524,0.026267506645468064,0.10025549743642137,0.04382966907073471,-0.05698162745509347,0.003912142525754669,0.029237249940582632,-0.047531833708948645,0.025440709704081264,0.00860595963874733,0.14952997432334145,0.23080674144842406
2023-11-30,0.009916457041992364,0.04957802253375987,-0.006676869878352143,-0.041676769907214806,0.014232845092793434,0.11917232516530718,0.03554702608225463,-0.054212508671495546,-0.07769088033880894,0.0006240011099975518,-0.08244432509064403,0.024111598666733,0.02287824481777423,0.19047618082182166,0.15522485081243392
2023-12-01,0.009541123580670309,0.026783781339880575,0.01501682377441449,-0.01008287115607065,0.05383252269948269,0.12134776498266087,0.014992511287813981,-0.05400346679895321,-0.09336903636350041,-0.02292428701076049,-0.08746540627777732,0.009532995347584346,0.031410562313687884,0.19027972813725513,0.13616813919349557
2023-12-04,0.006055640385097628,0.03681154241652351,0.013172010001856721,0.008669794089100402,0.10103166296662891,0.11987416884067417,0.005480868744649869,-0.043581728164245076,-0.09774939977674807,0.012213797098152068,-0.07856239368806694,-0.00396666750964144,-0.020645096185646472,0.18347752218456598,0.09531168305935206
2023-12-05,-0.0088106530805971,0.047421939050584005,0.034862452566358365,-0.01928820532132436,0.09586645011087613,0.07178651038523459,0.028489845872994135,-0.0019730073964283057,-0.09112723851267301,-0.013901810287748895,-0.07609574711585598,-0.011867271430108163,-0.0826963942767246,0.15912115772291335,0.06908312811454309
2023-12-06,-0.0039683574835910895,0.04174063691901608,0.045788718387025196,-0.005436505055061103,0.13123211208030583,0.053714223237872005,0.0020234334241405194,-0.015279216368179777,-0.11886856327826151,-0.019173934320820485,-0.09035371093688305,-0.016713413497995357,-0.12240612593213346,0.10324202364375781,0.053936195857219205
2023-12-07,-0.013192028690261329,0.03751382702282191,0.035489634233497075,-0.0017669480319298936,0.11032903058836219,0.08061473747016151,0.019997494237252167,0.01538792129330524,-0.13351631884654275,-0.016910902114181947,-0.08198080591710843,-0.012637941187088289,-0.06778222295064157,0.11879572027179414,0.04688915901240587
2023-12-08,-0.010679239386738329,0.05822322854083184,0.08804453695460523,-0.037793131362729326,0.11570217418617423,0.10638098620699474,0.035813356438031546,0.02351023372973826,-0.08979154375667164,0.049418868979630215,-0.052218395567669496,0.0141049700082806,-0.10356408279921098,0.13802398017306053,0.04388143096604902
2023-12-11,-0.007168966768145747,0.06380729678516961,0.09862862839621017,-0.04666490057101569,0.13038565045005412,0.12455367551473229,0.059345055118283085,0.035111607736147354,-0.06575273867740944,0.056353373711161114,-0.06564028192030336,0.012207362003498486,-0.11530235764662478,0.14662547011975097,0.07732771491826379
2023-12-12,-0.005844743173152499,0.050916910381826885,0.15602133782767308,0.002585292250540383,0.13951407695811213,0.1305481184565797,0.03354690459575638,0.05246775889139482,-0.07676575360378712,0.07116270800029906,-0.061027274015878596,0.010571961633262336,-0.08915416540108762,0.1965413482995612,0.1170658145410377
2023-12-13,-0.02410390960460556,0.02139402563963455,0.2037407373364004,-0.005018360860436277,0.1263335021037686,0.11193398727592324,0.03897018555107934,0.01751618880175798,-0.07646671858691978,0.03793596050618392,-0.08427981781661953,0.010718472553854178,-0.02715361455854337,0.19391947188879594,0.08641640422564056
2023-12-14,-0.017973047142217244,0.03387079977939833,0.27448567710055727,0.017861467802040565,0.1458840674748455,0.14497299012117815,0.04097837445407326,0.018905120970150763,-0.08584847203529405,0.015545545470159294,-0.0999855064887597,0.0032050253503309867,-0.03450055019170553,0.22485862236835774,0.1087638236451185
2023-12-15,-0.017101468775053023,0.006267934985408674,0.30780965305726377,0.028782031987109713,0.15079529597056096,0.1548347410094718,0.03284233924736302,0.011727398798234284,-0.08973728844814666,0.034650486247330525,-0.09678800337694438,-0.002301971296503086,-0.03866356017324807,0.2267552465774243,0.10330025674727861
2023-12-18,-0.016828971170944937,0.02175447555976573,0.28953640993776864,-0.01356135254405777,0.11731419587462755,0.12178992882879122,0.019924565963914093,-0.0289386831443961,-0.09245376350755663,0.051067180362743214,-0.10061047918824795,-0.012340784188544202,-0.008880562338235032,0.21370318621874793,0.0984733774904738
2023-12-19,-0.005187704412282251,0.024244738526101206,0.2938809258456992,-0.03186236548494281,0.09320676483784052,0.09423377889313161,0.0044882048125085006,-0.01322990508348601,-0.09376747834296251,0.05643009893719142,-0.0964977152869313,0.0051060874195752864,0.02576231193984513,0.21704017764317868,0.02942913910359385
2023-12-20,-0.003244827671788915,0.03302612161625018,0.28284606564450576,0.0028284120748883756,0.08659618232362443,0.07608822636275342,-0.0030763126239752303,-0.01963962534855468,-0.10377682781478437,0.0343760142952681,-0.11732294793113907,0.01800221329311512,0.05458159744749713,0.19749713851586392,0.03663880536789829
2023-12-21,-0.013672140210145817,0.014759325784456157,0.2965029137463919,0.001066967849574607,0.08513925149961665,0.07553165262275396,-0.004584947098756953,-0.005721251030163715,-0.08246808772789033,-0.0019323731081691276,-0.08946558991192421,0.03640934189846522,0.03159519109988307,0.15887232056730327,0.013267078189690112
2023-12-22,-0.0004154397812195232,0.021036226862633622,0.2745940947463903,0.007712185131493632,0.06397795611079737,0.029063841649056676,-0.0031295503684360404,-0.003500546467582022,-0.09158633673938227,-0.0507108270561919,-0.10159602548019564,0.0391976800057407,0.03783408835948798,0.16869432839756537,0.057458672962795054
2023-12-27,0.0054630119081816655,0.015957877048963454,0.21790004842096988,0.024590078123428727,0.065543726347975,0.03040263363886636,-0.013829607454988485,-0.015658317465413296,-0.08869000501492474,-0.03836614674714589,-0.11257888756205237,0.05107032528116958,0.09349660202928362,0.1707586579724455,0.08505473507142491
2023-12-28,0.005671591798474013,0.04557388487793945,0.20898735003705016,-0.0008828060523486947,0.053870418043922785,-0.005860123183300259,-0.03588675637739824,-0.022354396394730358,-0.05319548130598373,-0.009166844253919337,-0.0803350675151383,0.04878431477217032,0.1006285160225337,0.16980093879648978,0.09823351182111237
2024-01-04,0.013105781937848615,0.039876423020457685,0.18495522382548124,0.01601962914994881,0.05019049230435857,-0.06549652488432955,-0.10848608618375427,-0.03431661605680869,-0.08300139911592286,-0.024516162815250264,-0.10647524066007552,0.04581503755221082,0.06459783071258957,0.13758516963714285,0.08126075466481048
2024-01-05,0.0063491509256673115,0.033465272916235356,0.17540643587213725,0.0019339158457640782,0.04590534353629483,-0.09922011583000967,-0.10855283729612875,-0.0310635983183839,-0.08280559085113215,-0.03726312603058907,-0.09377007123414971,0.04981768425639291,0.06977809196118287,0.10515480861205329,0.06687954765702486
2024-01-09,0.010397236457756726,0.03980118119879439,0.14750987732648646,0.01041826229818632,-0.009794795465793094,-0.08190527818077398,-0.10554824145969877,-0.03658998863927207,-0.08545995653996602,0.0005662928410147261,-0.08234463961132166,0.03943222778563173,0.12175103642605067,0.13742954249611639,0.10733791005328497
2024-01-10,0.01867549794714328,0.027321005447375923,0.1614629841555974,-0.006985450471802546,-0.036388101650719484,-0.08454695396315848,-0.10873899069304879,-0.07583591185878691,-0.0742076944915297,-0.033041827708372995,-0.09339214116707939,0.019322424502825675,0.19019057574804069,0.12211194095280387,0.1237820744137264
2024-01-11,0.019155415827979,0.013306024735151856,0.11563818212550056,-0.05133550544252663,-0.04887910289626396,-0.07529635518701472,-0.11559773109935564,-0.1071690823665955,-0.04718749505233455,0.005293184357180014,-0.048342561756007485,0.02341308765503569,0.2270661783904801,0.09968435434618117,0.13400071957444742
2024-01-12,0.01947613522283416,0.02489019215995103,0.09948793347535784,-0.11894825173408408,-0.0760132121672501,-0.07216188602570911,-0.09352365997149797,-0.07951246802256384,-0.03887230473807857,-0.016984574410200126,-0.05769811541736636,0.01878753599512424,0.21293189408273927,0.11165295725301311,0.1515202461348676
2024-01-15,0.02326479476327084,0.03381178271944563,0.1217251853699651,-0.08659383999162074,-0.04508346294543275,-0.06683194186056929,-0.11420736910728535,-0.07166171032917007,-0.02037226838395101,0.025144805853814345,-0.075171759049938,0.02579279409933062,0.23244965466999046,0.10060303526945397,0.14949984037636918
2024-01-17,0.03474467235948289,0.023180664167219867,0.08788096781812887,-0.06169856914002103,-0.037538532277787806,-0.10686330162173568,-0.1321058896236773,-0.08426442427208172,-0.07490467102865872,-0.02246342099439702,-0.10741343875042142,0.0050399951165072815,0.18188729524450867,0.11764837095056441,0.14392650391538292
2024-01-18,0.037863380626840346,0.025673211390693895,0.06614187235770747,-0.030491611430679244,-0.029326346402013148,-0.13809533093611054,-0.15311608503920798,-0.09412510113050254,-0.07357082962946793,-0.010214900385396963,-0.09334411551185184,0.007491689725445935,0.1923157630352742,0.10667844006090116,0.10761924459265215
2024-01-19,0.06939811525335061,0.04405572784249767,-0.005863490610774014,-0.06669577499368384,-0.06522820135938667,-0.07433271037153005,-0.1364457182325986,-0.09528927471449894,-0.06555660385086803,0.014427092208354086,-0.12797476256561113,0.0175111724032051,0.1805080641341571,0.08853758460520667,0.05594182175705292
2024-01-22,0.06465121211934424,0.060090768043933984,-0.027493543059897874,-0.08036841881164236,-0.06392406888671542,-0.05454363456276046,-0.13527837031424467,-0.07103942899114402,-0.0875014119885208,0.021852145659609606,-0.17210451540199456,0.025942639569180206,0.130938165846696,0.07208178384004005,0.09047356573280341
2024-01-23,0.061154654523192326,0.04067815438423572,-0.05458909117060651,-0.1410055536373428,-0.08310179689667163,-0.0698315758718745,-0.12504242369345978,-0.04899650183874721,-0.08566885513178524,0.03437694017458981,-0.1549572482516337,0.030315336687052594,0.12475564241664669,0.06648575813555913,0.08711816906836997
2024-01-24,0.05552542801657237,0.056963700110566506,-0.09763804635254636,-0.09057443065316084,-0.0657443792466984,-0.10607348463606942,-0.13474870080848092,-0.052877541089034946,-0.11066886573089507,0.0014257193133582202,-0.13722033721014093,0.012602762523970107,0.05559224339249591,0.024375415193149008,0.08842941336894117
2024-01-25,0.07086303375821722,0.06699106306076619,-0.047946415778764906,-0.05637118698397259,-0.041374459947319586,-0.0460689139377653,-0.14352909675588546,-0.018061808262544388,-0.060896183793743175,0.029502133714009282,-0.10755459472886297,0.011120714047249847,0.05102177868298802,0.008868894974008334,0.06274856968664805
2024-01-26,0.07011011497169041,0.06312766921361779,-0.04849528643460993,-0.03760381286980585,-0.04879734086602838,-0.06442893896096391,-0.1169401545248728,-0.03799801500004979,-0.10915455754566006,-0.0866901308352312,-0.12287999005937567,-0.009069545205278265,-0.031407422354498976,0.013065327004414706,0.07844626074818503
2024-01-29,0.07273292119119568,0.05955849908476174,-0.004407499857882413,-0.044526021895011425,-0.03375684282410352,-0.022164516108969134,-0.11134566948657659,-0.03073936935101429,-0.12485320382197529,-0.13345272205583758,-0.13893071468404616,-0.018000752807492276,-0.01547375318948091,-0.029001312417541725,-0.07290974617191023
2024-01-30,0.07670216141237154,0.06320737960117906,-0.008162237675387984,-0.018941968717183677,-0.019726885736015887,-0.05675628737046706,-0.11215728831307603,-0.020801384738191264,-0.15267865965641514,-0.1646405395963902,-0.1716817950717595,-0.022513369033963004,-7.934752407356971e-05,0.017607365182815637,-0.049586931529176426
2024-01-31,0.057112982849851196,0.06282170807875676,-0.014018202895629883,-0.01025045686264836,-0.018013751417778612,-0.034369340819791705,-0.0887247289815693,-0.034095707582483425,-0.17125608900801736,-0.08943675644578353,-0.1898088076653447,-0.045124728569488945,-0.009216258552266321,0.013821564228559013,-0.0881469785754283
2024-02-01,0.05038744243195366,0.03645875915817176,0.020320607184109607,-0.04719546157856236,-0.036233143816795654,-0.025234129989038123,-0.09751844430184733,-0.021638489462193378,-0.18272534045498567,-0.12609177679617117,-0.1990302775893541,-0.05219525195758706,-0.04270543862183718,-0.047631957582087214,-0.13173677086628333
2024-02-02,0.055741389601765404,-0.009122773654616667,0.03363484854987092,-0.0479239993727586,-0.047423715957608414,-0.0011465184796346506,-0.0891241681366873,-0.004972153483837116,-0.24894965399017066,-0.16057203516414664,-0.28226414061872107,-0.041121649564436105,-0.06883944646557408,-0.03874610750463564,-0.13443653846796136
2024-02-05,0.06691219816436898,-0.011763493058525865,0.04158508694289664,-0.04567143258807049,-0.05548279488568841,0.009556010017966465,-0.04985991878562701,-0.02124074550446492,-0.2571809500870541,-0.12502604769135012,-0.31951419349957355,-0.050503277699913,-0.06283462167358983,-0.0011369638588400455,-0.13885442525723807
2024-02-19,0.06321178921935358,-0.018417872308784,0.022881000556343234,-0.07242264344489568,-0.04639155400564099,0.09010903174169504,-0.024760340698773947,0.0010642662142901216,-0.22680898633165947,-0.1039956394634205,-0.2125638637905377,-0.040133539482894,-0.07529263170358771,-0.005853403424809112,-0.15062912745885187
2024-02-21,0.05129604919341915,-0.01674623846792167,0.03900030881325195,-0.07654252986773113,-0.04022620563541801,0.07756121844222325,-0.03598792963554637,-0.010007445121878067,-0.21194700495608543,-0.13846227374276987,-0.248403799102634,-0.01843549457631065,-0.12731828756989894,-0.035742988760503525,-0.15842047054564412
2024-02-22,0.0573422120742222,-0.022896230376289517,0.010336576170375977,-0.019955284481400826,-0.045933291275263466,0.0615229069590556,-0.06041467895256242,-0.010739751379343743,-0.1915503106340164,-0.13160363904493882,-0.25250291049060014,-0.0156273817881509,-0.14331012392996875,-0.028679298498154204,-0.1873939574840734
2024-02-26,0.056798008405062786,-0.013518705183968138,0.03810601665827745,-0.028476732157356244,-0.04946681694501276,0.11702043516228006,-0.07225916059658608,-0.003181528522815613,-0.20721456750443878,-0.13362738687304987,-0.28903729436841374,-0.010109805731864999,-0.13667100004218663,-0.02457964899106352,-0.1735762683405922
2024-02-27,0.06331747672114671,-0.039440182527603285,0.056832023727519165,0.005876504314427544,-0.07292253383290259,0.03878217818374852,-0.12221175268262496,-0.025578337698204334,-0.15380470198486884,-0.06724541278345103,-0.24481110160095831,-0.00426911964412606,-0.16980989407677385,-0.01592158017338241,-0.17405024426535926
2024-02-29,0.04436857056177587,-0.032246503345631505,0.0803083219530924,-0.033376929423919566,-0.09229933253827172,0.034429322803049445,-0.099399178500022,-0.03892015750990979,-0.1322588519085589,-0.07719705773123747,-0.19735665686094084,-0.016427958300697806,-0.21670332631579423,-0.017245703502899723,-0.18454746161859378
2024-03-04,0.0635307230869203,-0.03325425430902462,0.11239436597190716,0.024659056208454877,-0.07253168067440208,0.04017253675878374,-0.11397088712763037,-0.050400168259674194,-0.08222882623066152,-0.002738270424729572,-0.20218535020458406,-0.003958750931762484,-0.19246076090422526,0.0008924711928021689,-0.19559101488090824
2024-03-05,0.058047254971667725,-0.028527884989796637,0.1434293857279813,0.00688687897763951,-0.08538508764917574,0.035354224960638336,-0.10038220239699967,-0.053867842698187896,-0.005477115784539133,-0.023443562311135646,-0.195822245905396,-0.030300614395108963,-0.16840466124417622,0.014595842420166372,-0.13445573526223592
2024-03-06,0.022458713635605948,-0.00866257603860654,0.1601824550222195,0.09183200462554275,-0.07333723009254922,-0.0437725631740144,-0.12223687666096616,-0.07298209152879997,-0.07091065345930714,-0.08059032147913753,-0.19131206596855843,-0.061995562146499456,-0.19795662059182795,-0.030640861932332786,-0.18411547256644745
2024-03-07,0.053529644054004316,0.055460070637940784,0.13704885081384943,0.1500466351557318,-0.06044605358381139,-0.08674089576504773,-0.15250185113863116,-0.10525262763291149,-0.09796803914843766,-0.10414885931008214,-0.16266796806814254,-0.07936136870133956,-0.23118636469743992,0.015394482983253466,-0.18541353818857398
2024-03-08,0.08011360266285034,0.02937410717094413,0.07759147953387174,0.1244373355118662,-0.04879477876865379,-0.07941594266235835,-0.15023414938532303,-0.08791196857210531,-0.04365896253900314,-0.0032827378803546026,-0.13563055188249828,-0.06688852501808831,-0.22430243170889103,0.02316780620100195,-0.1520001092401411
2024-03-11,0.06154842026631252,0.0010753134157730493,0.08944971311785721,0.10010638443032394,-0.07661561697941988,-0.027304058443041068,-0.13350516419190692,-0.06264770712460865,-0.014797941388547953,0.02789503798315529,-0.14347917297739765,-0.06008877261955062,-0.23304054723471113,-0.012702121490512974,-0.21043837684332778
2024-03-12,0.04067348341308144,-0.0010343436043772636,0.08457982713183865,0.11024110618008232,-0.0726185159906726,-0.03667448052731426,-0.12429916939465244,-0.08544465704776283,-0.06124861055649611,-0.0017376568596255693,-0.16974093795735246,-0.05152571645570542,-0.24013207152560948,-0.04842361264216277,-0.19760522385692392
2024-03-13,0.048061228622228974,0.004172461314108089,0.15589257192665085,0.0914646970873203,-0.04571335919720465,-0.039777095694874254,-0.15677437173237482,-0.09646061124826993,-0.025634788742852743,0.09486065825555762,-0.15703183190032377,-0.03230193397218312,-0.20778133668027557,-0.05263899604649458,-0.1996192974891571
2024-03-14,0.05469564952971323,-0.01820123507159843,0.1183351994681705,0.04953178427069416,-0.07083160110049336,-0.07054920278902468,-0.14892127906411368,-0.10914937866203678,-0.013130417452679843,0.1391447204708297,-0.13970640951003843,-0.03671007388598557,-0.23607819286705803,-0.038397223236233846,-0.1118591115326305
2024-03-15,0.0318456131991709,-0.009198438482783455,0.1599063805151233,0.08364317524310294,-0.049443083716086855,-0.09383394619063024,-0.15594258093022734,-0.14513694891562096,0.018233393828805844,0.18858832900055394,-0.0882293498146719,-0.05446046201351701,-0.22424919829051954,-0.09381618480875725,-0.11917650945260716
2024-03-18,0.05500176956231409,0.004905288433327271,0.20097652885922102,0.0976293380700528,-0.06479385627301582,-0.01697339228795164,-0.13040536733523547,-0.07168370174058686,0.06744754003660891,0.1606870481214946,-0.05283182855049284,-0.043852625369892234,-0.17089475423246417,-0.12339510799893572,-0.11859752558877878
2024-03-19,0.0579016363574438,0.04531106415845654,0.19887375869328033,0.10056541735459579,0.06146143981202856,0.00904868898433936,-0.12031237557350336,-0.05298434961150156,0.04735581153347501,0.1299302061179078,-0.050598242530589754,-0.05063504171308425,-0.2112835736016768,-0.0765184500088873,-0.11515689116159133
2024-03-21,0.06489863630700915,0.07845287875134432,0.18655841746305224,0.10024485252458859,0.06472596911834094,-0.0029266351179478844,-0.14271742795718798,-0.10300369427431344,0.07176198710054482,0.13874364805693906,-0.01496851039830105,-0.057053307456926605,-0.19622118064844632,-0.0827618889321724,-0.13371873599551776
2024-03-22,0.04954624681433434,0.06887744831274611,0.1675643067779839,0.10996690101329554,0.018753662802583615,0.017256892081434272,-0.13806778349373378,-0.08771375347832905,0.11068599375237975,0.1090242277770514,0.03483490410771806,-0.049522009609858225,-0.17819356352013874,-0.08063077300932547,-0.11028812227994911
2024-03-25,0.05382746993278248,0.07004802892269191,0.16734261462253075,0.13000368134020035,0.019374574032473557,-0.045559610061082834,-0.15756862040899072,-0.10874675354289565,0.09337310736385707,0.019865022795167775,-0.0867546705712059,-0.0687529958600219,-0.167101016484421,-0.06043250467470901,-0.09110036892330364
2024-03-26,0.0643161937816617,0.062380942412558094,0.14553990202066958,0.101120081068235,0.017166700211634578,-0.08238371961246854,-0.1736748100630978,-0.11763184569094276,0.0846855748683002,0.036762176804743474,-0.07010551468347992,-0.04398987393828696,-0.17586222916417,-0.04564835040525095,-0.1324283680432506
2024-03-27,0.050201683633053135,0.041594305119803665,0.15930344476533942,0.04527824616415088,0.029343290659287424,-0.06612517080606917,-0.16452896916057386,-0.10499158805520381,0.09324982832182294,-0.023216535968441643,-0.10583625300694455,-0.0408586778934259,-0.17503238368403168,-0.06203053070844122,-0.09899052515731971
2024-03-28,0.041614483792965534,0.053833573285182346,0.22859414042643939,0.10857574630274791,0.0364933153933642,-0.10989478270473735,-0.1765030195394646,-0.10830808660478347,0.098256219081154,0.010135441604664952,-0.06698986614011515,-0.016731470043626323,-0.15460484664414023,-0.011398646037292293,-0.05193920736405144
2024-03-29,0.038407648425251295,0.0794316334056191,0.21632560788376343,0.08682838664426218,0.054981638532837995,-0.018362522590794295,-0.12505668705421663,-0.09189241093781453,0.015012995290859199,-0.037330931601875394,-0.07310917925671756,-0.010764345114304658,-0.14804974426487855,-0.04299219252913333,-0.05511066283421012
2024-04-02,0.06951382460521291,0.08921304102845662,0.16062424036893597,0.12671643932217125,0.05351119868384979,-0.02462845066643804,-0.1430454711670494,-0.08846985720724965,-0.06936179607656978,-0.10898255896726794,-0.12798736104824582,0.016375780723465683,-0.12689748513507718,-0.057225200256539765,-0.03581190136504431
2024-04-03,0.03148471700864605,0.09630103612249408,0.12413297384193622,0.07756353410056371,0.020005600463078865,-0.020717198363282674,-0.105457284569558,-0.07155297275777034,-0.08475280647034111,-0.17824181140254103,-0.10359446152412177,0.011141434148483509,-0.13061916879247926,-0.12201779330473078,-0.041013114987706656
2024-04-08,0.02873844182453461,0.06585283080870263,0.0953607875071012,0.06337324802975086,0.01620138087496692,0.029327064207886888,-0.12197666890186595,-0.07490010316860246,-0.2211207628174553,-0.21428528096813693,-0.1311568030836754,0.027580114422890045,-0.16462290188430764,-0.13158757716090785,-0.1067707245742181
2024-04-09,0.05428315688595095,0.042023483231127035,0.04711494571534769,-0.03382016185809711,-0.010213514865233808,0.011447449656110664,-0.11532588895600152,-0.07598024699227657,-0.16826726790256363,-0.18675881694680235,-0.12284104487504122,0.015205673929152091,-0.15101972848979972,-0.10452348536438338,-0.08317654523902185
2024-04-11,0.03735144279408331,-0.03729350298981671,0.05520474128268876,-0.11787231542696819,-0.014110171974248353,0.03571397306996027,-0.1101075007735885,-0.03886133821232218,-0.10165513800619586,-0.14062820871005688,-0.09685794395099401,0.041217291700632014,-0.11314287262639208,-0.20442230248523668,-0.1335003328861768
2024-04-12,0.009271947425867677,0.0023186070363701017,0.06857842627156813,-0.05466834207175253,-0.023786525324419494,0.043148633215607635,-0.12179810149691725,-0.09915002490405939,-0.1420142952683543,-0.21490042455674163,-0.1257810201486731,0.026782343667078462,-0.12719931463386952,-0.19050580397034017,-0.15273741554459752
2024-04-15,0.02864877031572788,0.04521821974982909,0.09366833204427549,-0.03998252321917617,0.010259125889154896,-0.027002748955862188,-0.1593530432974652,-0.10667062222290119,-0.11144526162020296,-0.2333318432731567,-0.12037995455469286,0.03198198314318826,-0.10607878223978595,-0.18185289508289976,-0.14703259579493444
2024-04-16,0.03751746060818159,0.01467207496980294,0.06586876286686016,-0.06413496155987164,0.03025926874339102,-0.04879784516736457,-0.15918996461573684,-0.0670377870646609,-0.1197993527845932,-0.24288690472700547,-0.13405633141239126,0.02916092674600798,-0.06174708935657863,-0.14162092249306685,-0.11250444182581587
2024-04-17,0.0311748173365457,0.012937595455728146,-0.0068975860131388345,-0.042086648279311745,0.015412849287794517,-0.027349013748502904,-0.1639852522983398,-0.04651310027783001,-0.09265548816674163,-0.20138907986442645,-0.0839041734536159,-0.01036259256688457,-0.050726320337146996,-0.17352925372501354,-0.13714104359709273
2024-04-18,0.020911111407976635,0.005297860333523419,-0.011171629307174857,-0.013279153350968409,0.052568607654095656,-0.03401182257546609,-0.19639075006588166,-0.06373989115998402,-0.07615308327970138,-0.2021687625475499,-0.08636975869112673,-0.00809080455102526,-0.02897410297025535,-0.18529473224405732,-0.11168438349106802
2024-04-19,0.01771115284475011,0.004121420075193227,-0.04297756264207708,-0.045453692797022605,0.06689129714507636,-0.0253435954786409,-0.1936027547881363,-0.032059484420049134,-0.0908615123202644,-0.21331587219853138,-0.09036398141446766,0.01973167668622633,-0.055782815992568374,-0.14736490487517212,-0.09263670560306997
2024-04-22,0.003755553469046685,-0.022433026019382685,-0.09491897388532011,-0.09233500457818689,0.05615265677122139,-0.10784318305837753,-0.2039219400472079,-0.07291742743698115,-0.12184292660690721,-0.2583862267822483,-0.09700913701172742,0.009250394567189624,-0.08146197324676296,-0.14109441649650567,-0.09839520593426065
2024-04-23,0.011638351028714494,-0.04233912803469464,-0.09807656093889716,-0.12423817292389683,-0.06310948536878502,-0.13279719971626291,-0.15863928887520215,-0.08844703096224665,-0.13812753853818227,-0.2546923949869858,-0.10844513980216264,-0.009446625592851865,-0.043530228831364925,-0.12912186878066262,-0.10469557340167013
2024-04-24,0.009589317021237359,-0.05004184906037967,-0.09092548651980081,-0.09921593802999251,-0.05112388382829669,-0.061205494905472224,-0.11227084138658189,-0.06112889230301588,-0.10827910599218604,-0.2143771497174296,-0.08714334040145855,-0.006003415668131784,-0.03287486775562204,-0.13658632864720363,-0.118105155389018
2024-04-25,0.0015357519037852152,-0.0490794508809308,-0.0630150728578136,-0.09948197466820519,-0.0008467964043086251,-0.06220696150050331,-0.12636151368689913,-0.04905184277261021,-0.09598307645615989,-0.1751600711060754,-0.05017402854836628,-0.015473860796883232,-0.02785828010502331,-0.10982487740354752,-0.10173623186885228
2024-04-26,0.0136460465537534,-0.07194449913432432,-0.04406560509930468,-0.10525969938884794,-0.027344786851235314,-0.07529421247697404,-0.12939451214927875,-0.057001579842305916,-0.07617006771738088,-0.05379359359245761,-0.0020451472340110577,-0.01628578576850334,-0.030538513246597038,-0.11647217101234164,-0.10269153309262169
2024-04-30,0.006352095300429683,-0.06040913542334281,-0.03753689507456537,-0.10749081435968466,-0.012032259398426115,-0.043404315667057436,-0.12454290057865727,-0.06938730633987061,-0.0911423923090311,-0.06970272599356542,0.01571245651917641,-0.02583954959141474,-0.015353446009814337,-0.09444197176767793,-0.10002516311690118
2024-05-07,0.02517738210815948,-0.023721600948333976,-0.02186509117132318,-0.10916143301320169,-0.033102740174839385,-0.0648703356239807,-0.11197296406807655,-0.07221664236904829,-0.12417882255990698,-0.04021188488911087,0.05696614711031134,0.01931817513197806,0.024934951581592785,-0.08641332537188995,-0.10019967775095368
2024-05-08,0.03566696974590061,-0.03843852243954715,-0.09654991605373509,-0.11294677468924152,-0.0107117906623595,-0.02419378706987793,-0.08089945325298711,-0.06157488364071145,-0.1441342310556143,-0.07264918526351205,0.014129023573711708,-0.002597048526350204,-0.012075665412670078,-0.1151559566712925,-0.15605243059238771
2024-05-09,0.033183750762900255,-0.053922122208349244,-0.08827605507685432,-0.11950994217394229,-0.031460497777160756,-0.015272873195339431,-0.095165383136124,-0.05916868798171476,-0.0807734228326824,-0.05595501343074788,0.019589389971648163,-0.027994155470458276,-0.020134220728759644,-0.09333248874767189,-0.17347529831617492
2024-05-10,0.019880227626383307,-0.048784434364924856,-0.1177465104641463,-0.14108414341946818,-0.011732487109152312,-0.01565858458565972,-0.06455717531252361,-0.06900933176217838,-0.055632022776511136,-0.0693867469755558,0.01960064719909682,-0.06538996519330903,-0.03810308904185972,-0.07231364831254683,-0.1735429793722275
2024-05-13,0.04011034654749754,-0.09213581764321732,-0.12515194394406715,-0.15688597273771276,-0.006283082226082426,-0.03995387729944691,-0.08020976388213996,-0.055895147692543945,-0.08472511842049413,-0.10247520930903448,-0.00241612070636843,-0.07838202642161018,-0.04583473988432707,-0.05935943230445542,-0.1819219374723115
2024-05-14,0.04137697219138253,-0.07783954251942526,-0.11907086025563896,-0.1602514993906835,-0.021953454705073927,-0.09417387273547753,-0.07299804102492385,-0.048236667590451976,-0.04367748577131414,-0.06109020677054822,0.018313722779569108,-0.08185231246881608,-0.03378641772781327,-0.06426903100512046,-0.13623769090532056
2024-05-16,0.00977566791301665,-0.09293308621259477,-0.07516396467870662,-0.12242730429794157,0.009945251588857618,-0.05244150657286312,-0.049024769728470224,-0.04988602998809338,-0.05189789402628575,-0.07227413442679897,0.030371395252392963,-0.06145286631190808,-0.04804509943886634,-0.05572017123730405,-0.09916989156900324
2024-05-17,-0.0018455181647690222,-0.08447730450916935,-0.059433012598877843,-0.09799216894068763,-0.022219234102701768,-0.05326626810131779,-0.0482314650856045,-0.050659370104443824,-0.05392708424115478,-0.07681784595874652,0.0596541830802888,-0.07604402443108202,-0.037431755646544385,-0.03842926544358466,-0.04357711738854464
2024-05-20,-0.0008249418626968819,-0.09199369268197055,-0.06285810695522076,-0.10767783976540013,-0.01624986589086075,-0.07893366550897385,-0.06305892760559867,-0.020932666465224792,-0.055471054530549235,-0.08807676712289247,0.05667706855908072,-0.05350353895458157,-0.00040924919485194056,-0.08264870714506195,-0.06275510920624844
2024-05-21,0.008827597812095411,-0.08808748472526085,-0.06307825772841413,-0.07959011706474395,-0.03176329749007256,-0.021835837254868207,-0.05058630064699393,-0.04184864639413638,-0.08402457629809357,-0.08290529599131491,0.05596097245230025,-0.05406324605409207,0.02025568886125756,-0.04545375086102005,-0.013663286685384302
2024-05-22,0.01651339085020992,-0.07553949060544318,-0.06660708949380795,-0.07666436774668206,-0.04383722058278261,-0.030372747825106572,-0.03894357883306046,-0.06283237276178033,-0.08006047938769634,-0.05260015866168144,0.06680258225703439,-0.07778391707517435,-0.030259197440683255,-0.06373167721497264,-0.0840452269304009
2024-05-23,0.022010712834455826,-0.04415067290678931,-0.07918145222510686,-0.11383665711041613,-0.05293989884807737,0.016861976833077608,-0.0015908109988510277,-0.06961745014403459,-0.12700102997499185,-0.07892801193822352,-0.0033529368971234597,-0.04329858735642214,0.04852389433052265,-0.035180861746735514,-0.07985263725514075
2024-05-24,0.019113291017764517,-0.017748272992419545,-0.050354180990099306,-0.10039408217109247,-0.044702884370720564,0.015420295245935717,0.002566089164430463,-0.04574029889469744,-0.15360764668344573,-0.09387028199097336,-0.004739334747921431,-0.07697479580756952,0.01899653953186814,-0.011826671274491746,-0.10102451058205064
2024-05-27,0.04107230854070115,0.002981072434468879,-0.05761114527821992,-0.09252424403972181,-0.0865764717629347,0.030087557974280643,0.00884880879873598,-0.07452708918505069,-0.13898047275342174,-0.06274445438277854,-0.012266524356042918,-0.0844167497740694,0.06871301872235955,-0.007905694730083235,-0.11174230476455677
2024-05-29,0.04555484376968799,0.010242196853810781,0.051556630322994956,-0.05095473825493835,-0.060925974762863655,0.04273082479172757,0.01900840626594741,-0.0747028964842078,-0.11379368613024154,0.019397915856474546,-0.015997677979176617,-0.09326345783096548,0.06761541225924025,0.0223183480909514,-0.07342053964020867
2024-05-30,0.030586300358880214,0.0022868134070268553,0.06173530864920662,0.008530618988297656,-0.03336360202809807,0.032915590422314844,-0.037906997789865865,-0.06484419176155537,-0.033671794225545226,0.07262274224597715,0.03023929476426357,-0.08471952423186732,0.0721254161573113,0.001613540008141956,-0.08644722072909605
2024-05-31,0.008101153646915854,0.008049609543848368,0.027444976556849632,-0.020701760958963367,-0.035744418824726454,-0.05367309491208361,-0.08741268895114143,-0.0614684007921652,-0.03806032130453996,0.03415911093200019,0.03621733178439124,-0.08920839040317038,0.1065365068141389,0.02362149626958518,-0.04492242412468006
2024-06-03,0.029351160726601544,0.02299002515409565,0.018971432328316218,-0.017184874347775825,-0.04816348573481266,-0.035849124344452865,-0.07647590708451524,-0.09757237620976644,-0.032930378065476384,0.010660367526457215,-0.000518554916851155,-0.06071349070153492,0.08867998055255011,-0.02209452059365752,-0.060390347123896904
2024-06-04,0.02193130390500747,0.052582727282598274,0.04874078485309563,0.0032733696188465,0.021214039638130844,-0.011421311599901285,-0.054914452715108586,-0.07169188022523987,-0.04576139467353757,-0.04240351136196896,-0.02229634829277649,-0.049678825849033575,0.10898641920226104,-0.016525603344188122,-0.07467470896091832
2024-06-05,0.035135025653751484,0.019179147768077165,0.04635014205239174,0.008720802869390698,-0.013958485058298886,-0.022042056783042552,-0.07812712441152625,-0.06948283643361314,-0.026352740589449697,-0.05585342958416928,-0.029486838817242456,-0.04337442790235854,0.10695345776078394,-0.07608097187650609,-0.0776756248798024
2024-06-07,0.008909596077580684,0.004332002505117338,0.0010205932961846464,0.0057319309041983235,-0.008562877861228446,-0.02160570482638008,-0.04912450298020998,-0.04718693608964397,-0.024808781383736656,0.002301174298416808,-0.010107564687387827,-0.08289526004894487,0.06692340856586793,-0.0759108568937868,-0.08740646726129786
2024-06-11,0.016261138186660223,0.01608683147598644,0.049934290918965396,-0.007118930983631588,-0.01807480510004833,-0.06222349244714573,-0.07797553794081133,-0.06643670456253198,0.02949838922713066,0.01540172307268084,0.05078414340397219,-0.08421400596905954,0.06320943947398258,-0.04742849068804336,-0.0671753198003261
2024-06-12,0.03429995224742724,0.029851347087896274,0.04520473656938584,0.007946728612529652,-0.005386487164698139,-0.0723145269430237,-0.0831502024214002,-0.08435043757035626,0.0005362901751537752,-0.012618428422631167,-0.0051843164703311295,-0.06568867917000171,0.08066019629301621,-0.0615023028698706,-0.06292881718628562
2024-06-13,0.03690399770560393,0.010981179240144079,0.08523649916967124,0.0683576654468605,-0.03177439969332985,-0.08249070463017066,-0.09084346184795541,-0.09013761681415433,0.022148649412503718,-0.014833404565375519,-0.007395657732563565,-0.03699948662037131,0.1095583022684104,-0.02416604727280569,-0.07579749340835329
2024-06-14,0.017752000807767704,0.04504038541885713,0.08298497648333769,0.08651516098322354,-0.04935729034893632,-0.0735190179290455,-0.09490724443518606,-0.08768406297627213,0.0309670645919482,-0.00910174851448442,-0.008690133379788634,-0.015640580237550356,0.151437895816614,-0.04087753845714301,-0.07902594560053922
2024-06-17,0.01585617241419965,0.050800998145481,0.07589374930473869,0.13102718813236425,-0.029175193507405717,-0.042628125328488725,-0.07808809992526128,-0.08769581150678213,0.10948759226504312,0.0302865350914584,0.030189254619142902,-0.02689935045623476,0.16577877200451047,-0.04251716099852429,-0.09473512569875864
2024-06-18,0.03294983181225253,0.07698373435505101,0.0733478193707165,0.14906990523468755,-0.04161318912259859,-0.017407267895280076,-0.09012188420941292,-0.06947391033881128,0.1234020665546709,0.03210150511163168,0.015218597693461344,-0.008219881872643692,0.18576948620560454,-0.01034119069749434,-0.0886713698388013
2024-06-19,0.05779265615867918,0.09093224875732242,0.0816760413913436,0.14662725829128254,-0.03588652483159316,-0.047236192421607204,-0.08356494327344302,-0.1083031337679386,0.10764534918647795,0.04229647844259432,-0.016594386315802234,-0.002368067831419657,0.18308184195184737,0.08188102523322743,-0.1458702945211452
2024-06-21,0.05368081646866085,0.07494319989603548,0.03578362762341014,0.15266626203145717,-0.03388183266148248,-0.04213125050345495,-0.07563681199099492,-0.10009095630865239,0.10685607949469267,0.031602599261650544,-0.0034667866914914747,-0.03420050891052617,0.10527940842135194,0.07940481061110655,-0.13276852395527872
2024-06-24,0.032553379055767606,0.06779223520568645,0.03844594605853158,0.1798161483463555,-0.022660713185330694,-0.038320577282394186,-0.06506883499399929,-0.06467892344381276,0.13205753874740056,0.03057992077148053,-0.02975753342053067,-0.0029227281216832046,0.09078551651415984,0.05693424466401731,-0.10853389124208146
2024-06-25,0.02287881535675912,0.04960224399329172,0.04491397461918872,0.21553898875800903,-0.018320543284982893,-0.061852262836232075,-0.10107353143541964,-0.07715212518168946,0.10658526277794023,-0.026477621378671157,-0.061867182848961644,0.020526017285647596,0.09445634865650476,0.04904669879106127,-0.10212092928029726
2024-06-26,0.023724356368724664,0.029989682140873164,0.06243916359449031,0.2399560120512263,-0.022350445579094824,-0.10962731472049253,-0.10329711866763458,-0.08056637893356827,0.17260659063801997,-0.012164790993070107,0.008075778501883457,0.016750980891764716,0.05251640097402721,0.08486726337530248,-0.08869408481233632
2024-06-27,0.03447674235173803,0.041115632911408184,0.06057548099427029,0.25606554993549213,-0.059288277715582205,-0.10590166808084245,-0.09374006453989311,-0.08659519931949755,0.21501619078838252,-0.0011102921301906488,0.021998685345159696,0.05758273406417708,0.03652968824191255,0.10353701120519704,-0.05006984626498112
2024-06-28,0.04390121828606042,-0.010872300757730047,0.0439971286667698,0.22530731921567337,-0.07808482190233046,-0.10778364751070091,-0.10427772170978017,-0.07669887593831193,0.20521801878577584,-0.029407883705383497,0.012690300492894657,0.04487190935059618,-0.013230925128834337,0.08760610016680681,-0.06398929149627874
2024-07-01,0.04511585433687998,-0.007565786328414981,-0.04844248516510852,0.18618208270189063,-0.07110894856913919,-0.11548852632708045,-0.15787034758621615,-0.06750916984810806,0.1819100087583989,-0.07671918005635225,0.012446165097369954,0.06981702062730769,-0.029272665151062915,0.09605761553087439,-0.07279565081966055
2024-07-02,0.053186063204782086,-0.019627550547157813,-0.08490048100703962,0.13957750944608782,-0.08991102978615007,-0.10863152010350807,-0.16410413971123886,-0.06729576225307599,0.12066732442632266,-0.11799148952618271,-0.014569394543886727,0.08663201405682949,-0.03049954070687183,0.12367663913156296,-0.05265351832247167
2024-07-03,0.07160635664561454,-0.022401892492532105,0.004961822418088513,0.19495586059650227,-0.08948485694172903,-0.07837825541066373,-0.13668908958887013,-0.06897651985388598,0.15617374294255537,-0.08578234772185456,-0.023957177486591874,0.06495909651433071,-0.035169164711895184,0.09813085647352504,-0.06888572337362753
2024-07-04,0.06980262796795261,-0.011885275462355849,-0.031111438636723943,0.18586462129470116,-0.0929207749961678,-0.11697521350418882,-0.12863342942396394,-0.10117419918300996,0.10870023287965513,-0.1343671353171847,-0.0440188524228009,0.07110441853188024,-0.04203721738245997,0.10363213296751744,-0.08339397402601179
2024-07-08,0.0855675852434073,-0.0010210690511740506,-0.04857037508558304,0.25956861983903967,-0.16724261578397992,-0.11970521520888888,-0.14787014234809898,-0.11134233300321283,0.06639134606090558,-0.15041856619901683,-0.07130791254673996,0.05788320966519883,-0.05667932640722495,0.08402076594353575,-0.062050998529189494
2024-07-09,0.07773609311394453,0.06240640865686409,-0.03867453584052638,0.26886930327301073,-0.16343231387806811,-0.126258860980007,-0.13941989594350235,-0.08816249037837831,0.11655148680897498,-0.043421907469870846,-0.009835513963456943,0.04001271447974594,-0.03705345792505521,0.12751628569679213,0.011345150042856411
2024-07-10,0.09296080565758413,0.056262207331052805,-0.025390003849844578,0.2942532425072225,-0.18439309038873053,-0.12241891646068481,-0.18602045381190876,-0.0580481566822858,0.10722357819170436,-0.07304943243897921,-0.01787463108341436,0.03481293045217923,-0.05628408878999491,0.15706110331422668,0.034115812891644115
2024-07-11,0.10250314736222793,0.10937295949550574,-0.10279783565987916,0.2623308924131589,-0.18779441907440209,-0.03923750009638316,-0.13161306230264933,0.029317423154128996,0.08511865815802144,-0.07260165150125286,-0.05637489012331076,0.020297529459372354,-0.04106071642943854,0.13711879956728884,0.017801332714699414
2024-07-12,0.06704755018395697,0.03886677327074661,-0.0820139560126682,0.2631285288923513,-0.1607577122280952,-0.021602156459679223,-0.08699225750880496,0.16572005045094323,0.10495366454777377,-0.045708411340161514,-0.007368654824981835,-0.0027505725353388077,-0.028843314779615714,0.13667546656667784,0.008701410495816742
2024-07-16,0.0735053182918573,0.03382509746457074,-0.09517904779422659,0.22237404912950987,-0.13726683291401887,0.029446628724316415,-0.08743277944260708,0.17375823682312685,0.13840012227579945,0.009403692255286034,0.02583481206784466,-0.011427301136369222,-0.024520781565920913,0.11787665469922792,0.01995527997391211
2024-07-17,0.06438528748036298,0.05918922560802242,-0.08486240047645471,0.2162072924118359,-0.10557764475252296,0.14044732430214196,-0.00596592863508727,0.2664578910009557,0.12045099842350404,0.01047430060243204,0.041186281118518187,-0.017416390452575287,-0.009764673796035628,0.19122868329337606,0.04438902962778091
2024-07-18,0.05628119711942181,0.03229912013673564,-0.06658893044725028,0.12574472574916662,-0.10311090626815589,0.09769281303742394,-0.021573166502774188,0.23385221583225196,0.07988066515614312,-0.015530811284967472,0.022270031229416842,0.019293580513620207,-0.05587391563258132,0.13229951463498468,0.06358760014960052
2024-07-19,0.03163592297619772,0.014216556709249595,-0.08195621789669244,0.11531579166878103,-0.10255353773064302,0.037098292126522714,-0.03505474740822184,0.1966493683781293,0.10506251948715462,0.05665367441141078,0.07281760769795764,0.00297733077786716,-0.032568348993954,0.12068714656681045,0.09256715949043459
2024-07-22,0.006458450346473521,-0.02649356050029461,-0.08195734838082264,0.055146705395209605,-0.09278561302430077,0.07874061467362847,-0.03453756483084369,0.2327703039474321,0.15885127319438297,0.06348258424731235,0.1114109806106014,0.015667700877579654,-0.0371895894510314,0.03791853772215753,0.09501272855326648
2024-07-23,0.025654886375655328,0.010100005839653092,-0.07965212725043613,0.025805069870903252,-0.11688448334791535,0.08426805879735849,-0.025247010301197803,0.22882722304671965,0.06798650100001069,-0.00864779133356064,0.03349808804757726,0.01245934014534994,-0.021922019456557695,0.05707399102879718,0.07329919081246294
2024-07-26,0.013621728312134207,-0.06775378208129545,-0.04112668660760588,-0.022461150072989433,-0.07217468524417991,0.08584157011715898,-0.004574289619682703,0.24838611120207998,0.08610143713424245,0.060681436612016026,0.09406688605952751,0.025557027216585926,-0.03026996959180228,0.07746343240008369,0.0533277443443434
2024-07-29,0.030411569572163788,-0.059519506137183154,-0.12335910226863317,-0.07132575403219166,-0.10812274994199345,0.06553594950621366,-0.005720174203407813,0.25669897379647955,0.1300603329754415,0.09095212897987837,0.12674898314643124,0.02746123147123125,0.016329183625898747,0.10725858295972779,0.07888216345374044
2024-07-30,0.012583402534263988,-0.06490659887811012,-0.15277672044286522,-0.06397166833348034,-0.0783897969972438,0.0814198454564109,-0.02926635608705125,0.1946629056049176,0.09710880009842904,0.08713487124006436,0.08577728072088031,0.020992400283883383,-0.01668530198702145,0.04410696326505559,0.058776858305714996
2024-07-31,0.0037530405668285693,-0.10044113997874793,-0.1935663533671233,-0.09739023172891492,-0.06005893974377219,0.06532182380273782,-0.04749312319845178,0.15844714105051727,0.10551647147192034,0.13249239647883032,0.1369069459782013,0.04560850262857194,0.010794596792135847,-0.16522504022042767,0.03991047945683257
2024-08-01,0.01072876238633147,-0.07106772111048487,-0.21659043584240928,-0.02984508257406615,-0.043086983939577994,0.062013847428435354,-0.03819408338124003,0.17906705638245823,0.09814512331302083,0.10252701332373126,0.12904479606778363,0.023003013676347522,-0.04182723461629295,-0.10547774337215754,0.04406741511892809
2024-08-02,-0.00605229049793965,-0.09927083277733184,-0.23911758329416904,-0.04993121587171434,0.005672076785566693,0.013795037536286081,-0.055696659384140756,0.14380785052712564,0.10400559433221712,0.09876435211184886,0.14913553432411053,0.02279607252650198,-0.10017855979968768,-0.17301422056875065,0.021673235616878395
2024-08-05,-0.020875160784503133,-0.08465223089512908,-0.18874129348346108,-0.02612500676905727,-0.010242513902274153,-0.005896805699553143,-0.05877055953746113,0.1476859007070343,0.12626757876275962,0.1467423929306415,0.1865687207982738,-0.0065072331506376285,-0.18053126502178046,-0.14615890144672844,-0.19660361421482975
2024-08-06,0.015753674618991576,-0.058459064833682906,-0.28552080129635365,-0.06031744513839088,-0.026703794717231943,-0.11338997292680536,-0.09318565582064131,0.05479835299719926,0.061498128107903005,0.12004078519481315,0.1339005192183529,-0.011725094555864804,-0.15250236611129264,-0.18520991106378298,-0.2904455154418306
2024-08-07,0.010978877543746601,-0.05861612468404742,-0.24064844799536173,-0.04917415639462697,-0.010209432398428309,-0.0727972835027968,-0.11228168896207685,0.16897252210447689,0.038884021172508776,0.10753002026548142,0.12315167802002502,-0.03850355002961414,-0.1339614873610947,-0.1925690380719574,-0.3326185224468785
2024-08-08,-0.011142089210617795,-0.10127383828441172,-0.2565335240675686,-0.10029778955922797,0.03155259734538374,-0.08375139935757758,-0.11325077503439274,0.2063306271450145,0.11134966514744016,0.15840050541536133,0.17696607508203122,-0.025772201183582366,-0.17491473925720533,-0.15497062765498235,-0.3608338227553858
2024-08-09,-0.0017998718835015304,-0.11828561772006296,-0.25818047622047213,-0.02409888787701897,0.04946378040762378,-0.06137956673288114,-0.09164607985987172,0.20371521462691888,0.048814079144952505,0.03923279292374404,0.08465745605581021,-0.040156670415648826,-0.24396737999685247,-0.1362652022950471,-0.37188961862705683
2024-08-13,-0.0021360556709121292,-0.10874562373958019,-0.25076375794584754,-0.059708765583208034,0.058751619366793406,-0.052641460314662325,-0.09127854960267989,0.1597294785322273,0.07860849052678776,0.05056474569635672,0.09612743266331036,-0.02884418834041169,-0.15813242224294116,-0.17146425511144586,-0.40390789761100165
2024-08-14,-0.02237096145936715,-0.1326403304062015,-0.21359558974687815,-0.003190892125363609,0.06268080945357124,-0.12858263541035378,-0.1172397234251562,0.058713824004437254,0.04407336235254544,0.030740649139915144,0.06620842742983113,-0.006914336772647134,-0.10663194471060805,-0.17820398926089784,-0.3509208801711663
2024-08-16,0.002449637185623188,-0.07003092344423256,-0.2233602492656767,0.00866933582506113,0.01976514406134089,-0.15553777356535253,-0.15369546804127276,-0.044524613166843696,0.007137620955767865,-0.014791725530900024,0.02010843012314112,0.028305117081906417,-0.07166404534048659,-0.15149110412665284,-0.3130313792982612
2024-08-19,-0.005520582973513433,-0.061759138806048774,-0.19420269848102495,-0.00598169184035946,0.02835778962162183,-0.19559029539741574,-0.16304588416353322,-0.05181820004023985,-0.018996818583003172,-0.009618641929458494,0.009687212224657626,-0.00490866867725015,-0.10681031100986277,-0.17778482627882863,-0.30126849005239653
2024-08-20,0.008070572548472599,-0.08504186318177642,-0.20205224783658515,-0.016896804035788415,0.013539853481542519,-0.29383471620300267,-0.23340980106416592,-0.1479953620885383,-0.0072455104528686975,-0.021520255368925434,-0.01610999147538994,0.0038020976608115487,-0.11254916333072215,-0.21258887046348135,-0.2775011375368227
2024-08-21,0.009921119367150677,-0.07222078786708885,-0.21527273245231549,0.028382297319996974,0.01508277030168026,-0.2832252445506569,-0.2240640809939775,-0.12467368215306718,-0.025217916281692565,-0.06195568808526808,-0.025475511992616884,-0.01332002016007866,-0.09600873939095256,-0.1596388130187097,-0.3131105065619155
2024-08-22,0.019169926367334778,-0.07879366973052782,-0.20880533043457522,0.005325367823304505,0.03211409262807796,-0.18510830578512494,-0.18000594946424764,0.010996514931216006,-0.052514696416632645,-0.13184434580985993,-0.06497600185995656,-0.00299348292286139,-0.1334243974662848,-0.15901184733308044,-0.32399029906983356
2024-08-23,0.021991399869396633,-0.061222490111993766,-0.2291375601428427,0.067281845702019,0.047607610227959896,-0.19604524216282276,-0.19492492784909288,-0.003824057543672321,-0.08463017967641051,-0.15067701255933574,-0.07069849155146479,-0.021512693017725237,-0.11278658228055483,-0.17768094153150304,-0.3589567514568075
2024-08-26,0.004881948765143973,-0.10495071648101484,-0.19396249177609076,0.06998702995631412,0.07547848073774643,-0.2056557506537015,-0.1857925729372566,-0.03259642995924372,0.020889499683234947,-0.07460114797473028,-0.005024854222146269,-0.029551385582816586,-0.09970390768129037,-0.15227615871370376,-0.32550495042041705
2024-08-27,0.023266243632939443,-0.038957363849060234,-0.24478355471597818,0.06273737975949245,0.025918395795124227,-0.22159584670177274,-0.21081274610650325,-0.07194320018198697,-0.05132525600294646,-0.14245264017856324,-0.07177380146233014,-0.07067917262054099,-0.08625517246733963,-0.175393547142282,-0.3575376378954216
2024-08-28,0.01864941923801433,0.0011467147562181923,-0.17247188556202725,0.09282100305517504,0.06654383653149842,-0.18037795869052997,-0.201752259368898,-0.042956445435120894,-0.06676527261782983,-0.12645230743253333,-0.07876870635815858,-0.07278551913733247,-0.12718726720761822,-0.17847238682228922,-0.37481808600229327
2024-08-29,0.01110712798892266,-0.001561774585003839,-0.12206710555433425,0.09362363063835588,0.061731966362336244,-0.14985248816273838,-0.16087986821349848,0.08439864383750667,-0.03957117877055372,-0.12566099736317926,-0.05077595010359226,-0.09200033647047176,-0.1240033403628128,-0.16620076581294196,-0.3710418832168717
2024-08-30,0.014500798159009953,0.04019916837838822,-0.08960871649786495,0.10787957235816092,0.07053290443636318,-0.1379801845014511,-0.1411387187019244,0.12171429140978862,-0.006417212281057294,-0.12545901817362132,-0.07443376433969773,-0.12720067674041993,-0.1365499649570362,0.0417392238425624,-0.3259729786816652
2024-09-02,0.012502987425070888,0.03510186416124894,-0.05246481483277282,0.05568265065479616,0.07355222036066256,-0.14219550188384916,-0.14418048911217057,0.06722155067562702,-0.05182545905960545,-0.14971609695281196,-0.09110884353111381,-0.09504402895022751,-0.06090302895130739,5.375722316020015e-05,-0.23413795853356711
2024-09-04,0.018870876954228122,0.049156710660966496,-0.030276357551976496,0.11432908450963031,0.023871023056877494,-0.1339685811630083,-0.148536212402553,0.05887088682632713,-0.016707068877485076,-0.11649383760705545,-0.06646384292280527,-0.08616459099353652,-0.023833562324479723,-0.017680163927619896,-0.2687909436282062
2024-09-05,0.04421582396266466,0.05625059718414693,-0.03837370275022611,0.10001967925286337,0.029905245574853412,-0.12800160968378196,-0.15109877778980713,0.036820872232454505,-0.030983939742039612,-0.1549762251309107,-0.11248945072559269,-0.0835440390557965,-0.004128595277738206,-0.05927540530057995,-0.0925031352972785
2024-09-06,0.006686631729388992,0.007747368895405393,-0.01621679786502417,0.07843897615954953,0.04470169482638808,-0.0407760261835185,-0.13339101423204752,0.12449421315942055,-0.040637024037974645,-0.17921277025494092,-0.09433879202471385,-0.07866146562129185,-0.09904463022132226,-0.02266235902375674,-0.006521629211583946
2024-09-09,-0.007011623965718361,0.006390327582187938,-0.042389342235644945,0.0924335052276537,0.0538425367424713,-0.04800077983405346,-0.11517084264438104,0.07194427575976592,0.01530664871383336,-0.10813033159972696,-0.055956387575296196,-0.0774158694766508,-0.09756973891238724,-0.025143136760010343,0.03252698744227689
2024-09-10,0.008607645186866658,0.0604049433956394,-0.029335715818438246,0.043992226613499885,0.021672898569457755,-0.051351636584689164,-0.12784143553834926,-0.007042515592682208,-0.014052824451462054,-0.11668630105862166,-0.07999586581031926,-0.0956668683309323,-0.04765453611008813,-0.03345742598004944,0.06261044794585913
2024-09-11,-0.006388244410258315,0.019894364078441695,-0.006770716639706187,-0.00043705369329594124,0.011659093349199012,-0.05969733519534451,-0.11124327692301528,0.0029389974681569564,-0.016970548284205855,-0.09317521923593397,-0.04347827452608266,-0.10319194028558054,-0.04111888646082207,-0.06118746299617639,0.011719599494279698
2024-09-12,0.01128482390568375,0.02644607082166306,-0.006013508025042857,0.031945288365541336,0.013784180165535176,-0.02826289955561473,-0.08630493579621001,0.054196236439502776,-0.07034641944142161,-0.13639892973637202,-0.09991675638780295,-0.11785324589943658,-0.0660525571046981,-0.0360375513258227,0.035731076339381884
2024-09-13,0.016918528381964087,-0.01723321315972448,-0.018000740210975308,-0.009323748416769861,-0.004264613715338372,-0.025033848142988313,-0.05480674059278251,0.08779702010124385,-0.05631052847399809,-0.13514521212340913,-0.09164891956615828,-0.15565478824028217,-0.12944246795156578,-0.06306409908082691,-0.028753440543777486
2024-09-19,0.013596397432088347,-0.033052008033537916,-0.05278363655943619,-0.02580010734615268,0.021647803461975812,-0.00935807875729977,-0.0529734275415959,0.0771548406500156,-0.048210857553881103,-0.12013575545121846,-0.0689646897976286,-0.21028574708799203,-0.18837773751339362,-0.10610057425583436,-0.09594067706267528
2024-09-20,0.02034043410720704,-0.022577688759230274,-0.058553961153972045,-0.04514267090276225,-0.007785809670039834,-0.005656000935662708,-0.0374817683757962,0.07456762782962867,-0.05181142381466852,-0.14701463553645422,-0.08697526576149861,-0.190482992624519,-0.12199675683057115,-0.053639569940737764,-0.08953284197226119
2024-09-24,0.024851044263531574,-0.03472297551911163,-0.07877236177953689,-0.038595241306019656,-0.013601075653471573,-0.038731861797208,-0.060915841663200965,0.049755531741540016,0.00147031581233259,-0.07868943502386583,-0.029091474732955147,-0.19425020880502628,-0.19481391373912027,-0.0729180042285309,-0.09344031686496646
2024-09-25,0.0353021784022598,-0.032111383077062294,-0.07008204916403643,0.004900654662197912,-0.018824208777241003,-0.019440973867518363,-0.07009663041451936,0.079153151350565,-0.00169525028678974,-0.05648334909744679,-0.03804632878318914,-0.22572378116739544,-0.19744843487730265,-0.09579739248818397,-0.08064087624883887
2024-09-26,0.04426247182297888,0.0010665954194064575,-0.05373403419384981,-0.003374023818199401,-0.047907738836953984,-0.08178288426704136,-0.10210995669968614,-0.012434561557776724,0.031004730567549932,-0.010714390875461777,-0.00283592605674321,-0.19459214438110123,-0.17704587984800646,-0.11704002271556946,-0.077225399434114
2024-09-27,0.03347247649162399,-0.022041688261133285,-0.044685788029503015,0.017411635620662946,-0.048620085177658035,-0.06904148614738082,-0.048114505823874165,0.0350013517745274,0.06732094027568813,0.038675384088601494,0.03915637382134385,-0.18706952229257207,-0.1626455763413753,-0.04616686212896609,0.003919941351869349
2024-09-30,0.018726830633836344,-0.026655800934520912,-0.04670777410133653,0.02057983078219794,-0.03408916758809055,-0.0605310670342355,-0.03136876449313708,0.0697151544902107,0.17051381548265443,0.15780891504872274,0.15845134058821364,-0.178969004529881,-0.1589798401810556,-0.08532842016326508,0.012106814141692235
2024-10-08,0.03368885454730497,-0.031320872772142794,-0.06330724061632209,0.05237479523527633,-0.0530756035159875,-0.08818708504511705,-0.05228763464441416,0.03877220536719839,0.30510345118407745,0.27778740439237515,0.28461337176645163,-0.1850185017486185,-0.16776524808381854,-0.08528972455444411,0.024472680108426625
2024-10-11,0.032503254588767405,-0.06061016093371696,-0.05865252266095444,0.04972753327674928,-0.06692349476465098,-0.09481360123246704,-0.04805560310912582,0.0001167386376127455,0.2577610246913689,0.20337442803552863,0.2381152949150751,-0.18844874303923959,-0.2095040556382767,-0.0995782052588049,0.014860881025104633
2024-10-15,0.056902905632111256,-0.017536476839749238,-0.09380878140433369,0.02846046729251095,-0.07943136438114495,-0.13968836783172414,-0.07592284719883424,-0.0827933120705503,0.22243112228412332,0.14377185298485395,0.1912509012703314,-0.14953350100101037,-0.15939122355207722,-0.08628828421233481,0.011673942688217531
2024-10-16,0.04732071855370035,-0.03322760822021731,-0.1008238690483812,0.08151006372830927,-0.09403491166409872,-0.1358632947459423,-0.07181295473141436,-0.09652229240850496,0.16498444590209188,0.11208091674347864,0.1944997532713807,-0.16335761801002313,-0.15490909851892326,-0.12717199249299388,-0.03322110137942236
2024-10-17,0.03013337971276392,-0.03028272657933273,-0.06732675841496738,0.0856293591842271,-0.10026266548319496,-0.10198112257466455,-0.06439621278521979,-0.036679394476411886,0.2076783607699335,0.15413922957275727,0.2293973973821961,-0.16469040929718887,-0.1619180018479235,-0.11915580486595279,-0.1427786242346165
2024-10-18,0.06817263784103966,-0.05311230041212556,-0.10127991894299065,-0.002630654182491199,-0.13511790828118253,-0.09384478685731731,-0.0632487457694384,-0.0367182022154906,0.23870654260125213,0.1710838345797756,0.22255895054132857,-0.20293155685673386,-0.15101148570938905,-0.06548118580720297,-0.10975124223944621
2024-10-21,0.05579739291836855,-0.06327816975533729,-0.09150322731510763,0.04866820236856195,-0.11279309046507835,-0.0373790385643053,-0.012450323104703398,0.06555325608018492,0.23983274578258595,0.195081265664507,0.288228973244653,-0.18978481189700513,-0.07776143058791846,-0.08003852539813211,-0.059108920799353815
2024-10-22,0.040869370916483294,-0.02196740168244693,-0.06508260763261675,0.1025142612344574,-0.06849082615502178,0.04724757992704709,0.02133161678016915,0.08178713256848708,0.2497519946318969,0.24912077228532237,0.28065942326370874,-0.19870050778133502,-0.07105355759976045,-0.07163639725502535,-0.04257998840132904
2024-10-23,0.04263786927726304,-0.04595009280986073,-0.05909894480224881,0.0729662419192828,-0.08545943390569599,0.06983873033007135,0.03204813609473889,0.0777437562221916,0.24824097617882324,0.21976172610352795,0.28450391039645495,-0.15929249775723636,-0.06506016780524598,-0.05117605645383738,-0.040486170689126855
2024-10-24,0.039398103217811564,-0.07669685444466201,-0.0679937327279892,0.06361534381630496,-0.07120040724415455,0.053429515353468904,0.037412722567328416,0.10332794197169004,0.24452722517833358,0.21270949890112384,0.2847845746062605,-0.1807607679952517,-0.06584353989538994,-0.07129954757171858,-0.06659138419695476
2024-10-25,0.039155742623339734,-0.048824830984954715,-0.08354964887195909,0.041243918598356966,-0.08160941881223427,0.08345057982795781,0.013650818525283048,0.10783343263021133,0.2567412055150496,0.22490700419995396,0.2912648483143141,-0.18164483107081367,-0.03177298371899087,-0.0888732992451414,-0.05388733608559304
2024-10-28,0.013766219815910863,-0.05739838079429038,-0.09572079870697109,0.013687671627311992,-0.1013918212781425,0.06271715047196236,0.013338338571768249,0.03779034244137841,0.2865788780964609,0.2590549973395945,0.41680788930200996,-0.12876621104003833,-0.04511229859821422,-0.07946434979696154,-0.03734565980600857
2024-10-29,0.013451135120554236,-0.05297902745593286,-0.12198939209591542,0.032490619254922914,-0.08877163847597003,0.05399438531031173,-0.06483195141245024,-0.02363541647833639,0.30929213913660347,0.2836746734442015,0.5447203252797459,-0.05752675885831893,-0.01245873433118655,-0.06456338804361444,0.004213431631838405
2024-10-30,0.005084556659032957,-0.03791825514852021,-0.08585415706969252,0.049240955122133556,-0.11030930666664773,0.0353841569368879,-0.03565740116202276,0.0021098915035575594,0.31797774208434804,0.3467770861029989,0.5419472346097128,-0.0242729058999977,0.032327972056932275,-0.08242308214411775,0.05777288262392122
2024-11-01,-0.0061810456490446475,-0.06647365423564267,-0.08244566779404289,0.07663815080229708,-0.05031155898108253,0.06991815718751343,-0.054654584228416625,0.023325557927172835,0.2843506802970158,0.45941709741126713,0.449278924888292,-0.030954963508837974,-0.06532747747276693,-0.17001492714387526,0.011563085562440678
2024-11-05,-0.006391949863074398,-0.082599950793663,-0.06348904441478165,0.08864670641158867,-0.03926959481689718,0.11001632609799378,-0.016052274626952134,0.04759604681123197,0.29770400789294144,0.5116801588640418,0.43124976018704386,-0.059008211350802475,0.07938722390291031,-0.17077911327374,-0.050217678772467744
2024-11-06,-0.00516433373430264,-0.06904202300893203,-0.05201422043841514,0.10079028886787345,-0.02113255402542369,0.11558844305112101,-0.037261618393598206,0.02884414443224481,0.3391744123660809,0.6148006535890025,0.4696287907795441,-0.038459456319609175,0.08645639957071813,-0.12892475455472388,-0.016509247542938255
2024-11-07,-0.01430947216295031,-0.07193992255205184,-0.051133156611900876,0.11133326851015657,-0.008572349377437338,0.17297158152360756,0.02088826055464532,0.034240452146394706,0.3142585059995051,0.5453472835691822,0.42350597747391605,-0.08181574965779354,0.0860484605141833,-0.10525814765369343,0.019601095222371412
2024-11-08,0.01602670746901741,-0.06113155438726825,-0.07800531541821909,0.06368376451712676,-0.04253637979264202,0.13402983444714478,-0.03445965308134935,-0.042693613325519186,0.25364589723452297,0.4770493489693974,0.3596082634808715,-0.09265736091612514,0.05950602959935691,-0.1365796708065022,0.04186208909151157
2024-11-11,0.029848354365634655,-0.022259936312852502,-0.07084492972066064,0.0376733123674432,-0.05092433101352878,0.1223103991049348,-0.06386055668422219,-0.06459634012666715,0.1981002342494359,0.4558218959244343,0.31590019771092304,-0.11094183128568474,0.07600607727899436,-0.14377905207706346,0.015603478523843917
2024-11-12,0.01163142177066262,-0.021997914640042304,-0.06385249145558813,0.01286370398300929,-0.03260854472876096,0.1564129574367317,-0.04788056037876276,-0.037026235566245014,0.11268893370661981,0.37265774474923175,0.20263998461046207,-0.11690561056999282,0.07815894551264138,-0.11992522945021541,-0.00040676371250059074
2024-11-13,-0.011021191950127573,0.016561217144451024,-0.04790206600239827,0.009208494261932043,-0.017863404836300445,0.19481507618464108,-0.028219617123109608,-0.030632806653658973,0.13308235470224455,0.37171050001323885,0.26468124703132956,-0.15406367284165529,0.10480193610716285,-0.11756842339113321,-0.010348911080784395
2024-11-14,-0.014614036112155282,-0.04702391945877937,-0.03588536273967191,0.00961037060548442,-0.017688735773022657,0.18360008567275857,-0.03631817934159953,-0.01582497548339762,0.11337950740851677,0.43796718742947766,0.22814535241683465,-0.17620999750687555,0.024223579573627807,-0.13865230894552505,0.04577862317610881
2024-11-15,-0.004317460048897659,-0.032906194399956235,-0.010577702164641933,-0.06180638081811596,-0.004618677975277041,0.17247190118916692,-0.03453026166274409,0.01397877094479738,0.12047652079941529,0.33690613252729695,0.1622686933344054,-0.09499679863311028,0.03022082295208295,-0.09751604965644758,0.07068067419548252
2024-11-18,0.006115648783447641,-0.04824486638297787,-0.06150738328568359,-0.079109796063497,0.005531094289184635,0.12399901380352552,-0.010989359471189286,-0.015561869742180046,0.07794833987185762,0.3008500065849796,0.11839727328434313,-0.029733432174236296,-0.014650939539325253,-0.13594828067577758,0.06923019662395413
2024-11-19,-0.021225548833477603,-0.011169111224652584,-0.017927757472534667,0.02391991285645123,0.021520176504990385,0.14960084437617663,0.036503621041519496,0.0026695860437516705,0.03403835625031698,0.2812886184605081,0.10258094972618559,-0.023093545708360863,-0.006371853067782457,-0.13803310749821357,0.08865262587763434
2024-11-20,-0.026357001365186872,0.013766459051832936,-0.03504807532677323,0.002290983417194359,0.00974401508507372,0.09907295230057359,0.008787634959204538,-0.11214175156270018,0.03706328179308366,0.27506748181068874,0.054937808575843516,-0.028234292265043204,-0.005843167351681111,-0.11576109170298368,0.05734786581444662
2024-11-21,-0.026275650653850485,-0.005755021518061287,-0.03314006738311562,-0.029602205639985724,-0.033330093699724395,0.047278469775961424,0.0003585351179521412,-0.10048030182058304,0.053177149504066656,0.28311466564097265,0.1000944445215659,0.019306346735860347,0.05287006366809541,-0.10302904346449301,0.05196046977654878
2024-11-22,-0.006855977065838126,0.0050593501107439875,-0.034304044087438534,-0.015121897827028996,-0.036420244311096805,0.0023161582661497815,-0.03547244483049794,-0.120919411671074,-0.015764362565456047,0.2088194769240584,0.03446293011581247,-0.035687159029009985,0.06983493411472189,-0.07768539030025182,0.0652612945227733
2024-11-25,-0.024553510634949482,0.009424566841812254,-0.011719023664978456,-0.004631903615108124,-0.008967733995906668,0.018258536017909888,-0.002408076958256511,-0.10001749882454464,-0.05485918130133771,0.19180016531070573,0.02258020835136154,0.03286485175553333,0.029145200135828303,-0.062051283768573745,0.07860565808620223
2024-11-26,-0.03034907342549828,0.0028205143063174676,-0.011892227234339497,-0.009676283097561633,0.028845058662260725,0.006145133528807051,0.031280089775230335,-0.10441177425247111,-0.05164487932084749,0.185343239381947,0.015395506546696525,0.07071301671778135,-0.011019521700731033,-0.026692883086647745,0.09586781364873953
2024-11-27,-0.017292365216914296,-0.01162740929783157,-0.0005579000244428367,-0.005531080869201843,0.029522921223963827,-0.040151826025412396,-0.02027816218410261,-0.11569401711864885,-0.01255146763837861,0.22326888018117344,-0.03661769923381453,0.006026367589617221,-0.038829462187640745,-0.05803234963682108,0.0560580468519426
2024-11-28,-0.012899477558325323,-0.029672102012526458,0.015430684046809418,0.011984758139517937,0.03169168993393301,-0.05534389397903944,-0.014797656502439027,-0.06269629532835619,-0.019820126250368886,0.21351696193868946,-0.15113997470063845,-0.04393894212221844,-0.053713378328183486,-0.06635644992640913,0.018595750313999626
2024-12-02,0.009443948840802963,-0.026282892515217093,-0.00612757299327199,-0.00979856382926625,0.022476420954803178,-0.07212530649379342,-0.08942871812595721,-0.11570584457386063,-0.005613240993569968,0.1857554030080663,-0.14902438540994956,-0.07237420422479662,-0.1080725129287233,-0.022155325763804523,0.010512613319449304
2024-12-03,0.018982657889616228,-0.018225251459006553,-0.02872437617021234,-0.03614649812993642,-0.022527784690005825,-0.11071334638155189,-0.07508541992039974,-0.1316162973494237,0.0022928046912655264,0.05453271679096158,-0.06335248893336676,-0.07152145465171084,-0.043160046587837425,0.04372449764042294,0.026647753993878198
2024-12-04,0.019822370174896853,0.013765113682012275,-0.0323677591114947,-0.06329533697256906,-0.018782510145590958,-0.1168655229487828,-0.0897014035858632,-0.1295659283247006,-0.06786800606623539,-0.04286471454980062,-0.08853927690271479,-0.06568511491206785,-0.19138196926467163,0.028188740483651525,-0.010264370030649062
2024-12-05,0.01923817783541032,0.0015829804074164455,-0.06020790175864016,-0.10754871781103026,-0.03747617392812841,-0.0956099853933951,-0.08325723738765378,-0.12013306736518808,-0.12224222514721722,-0.1447796855936745,-0.12223809513326656,-0.044994478203511545,-0.19617904515935614,0.022388070487850242,-0.06389774298147644
2024-12-06,0.016612505496342467,-0.00034802547385659466,-0.06434643600792633,-0.11855222230745499,-0.044202631293421835,-0.15863195514051107,-0.1347037291997113,-0.13468703320951264,-0.11065570378089495,-0.11264784036566963,-0.09336685129477118,-0.0261472115803007,-0.228828665679747,-0.02509644176744802,-0.1783038082428282
2024-12-09,0.00549105018966467,0.008727712428676648,-0.05431075954821113,-0.15592256368668078,-0.018558510136764905,-0.16163135558931216,-0.13054665111580566,-0.11851762667333615,-0.12667761145796474,-0.12981493593748475,-0.10943100760959834,-0.031185745618220462,-0.2276994149405462,-0.02582195607502652,-0.21584547092311523
2024-12-10,0.006099957071326156,-0.011273978803785223,-0.06120130949541791,-0.13595493816738324,-0.02760495306152011,-0.13932725686315953,-0.12132137684465305,-0.05013343641302981,-0.18863433672846847,-0.21971411041313052,-0.17291247226904483,0.02106243740859809,-0.2280636951891717,0.01290932643148221,-0.21461636060528977
2024-12-11,0.005994375635854365,-0.005689464564104241,-0.06405381942135518,-0.127589588793385,-0.010939699635724165,-0.1355126903311293,-0.1092112799240228,-0.014680749261450743,-0.19519487309422712,-0.21584439080329232,-0.13898286607547483,0.04416634197503766,-0.19595232983873895,-0.019107091200218612,-0.21540125848357894
2024-12-12,0.026935788435351216,-0.03991493461693463,-0.0755878661813813,-0.13610179851086557,-0.03510167755488425,-0.16569608175856135,-0.13441301984506815,-0.026120432040016683,-0.16468794918357732,-0.15137576622156568,-0.14320695848055953,0.11355303343633677,-0.1660404523805615,0.01639045138548295,-0.19274592361167175
2024-12-13,0.026427883902580274,-0.016326669702781627,-0.07701581336975799,-0.09613528321126663,-0.033392489338540665,-0.18817751372042624,-0.15252331172062095,-0.025113471853110525,-0.15645340116218676,-0.19816205377384694,-0.10491571369610653,0.12584124485370946,-0.14317973640069034,0.018556264141226075,-0.1966554059980048
2024-12-16,0.0453946793939623,-0.009898122448822266,-0.11812096003349526,-0.14487214850186425,-0.11113150366055696,-0.2013168392682566,-0.13741671987082293,-0.08059519599294224,-0.1626290376457386,-0.11592178167383749,-0.0769118060791647,0.04758976376385193,-0.15154368554625852,0.02342650459467499,-0.2220996939677714
2024-12-17,0.03812913462504294,-0.010472720956235748,-0.09343981399328563,-0.15032003989558906,-0.10187588530049302,-0.15244726455630578,-0.14698016185669605,-0.08882491096106909,-0.11508261875679643,-0.08410544731027564,-0.05456350268914567,-0.043720272722758524,-0.10900063666993107,0.06457279826037862,-0.1784666993998707
2024-12-18,0.039653421010018064,-0.004478688403595332,-0.06455486122660581,-0.134453712203349,-0.04117511594217638,-0.13824894519937925,-0.15101526852512326,-0.0945044752053335,-0.1259285162441271,-0.10540926553799282,-0.060518992239811054,-0.01701516423776439,-0.06276939503062537,0.05002456683290257,-0.21049748841169102
2024-12-19,0.043470272731606696,-0.004499713206465028,-0.04501385483496373,-0.12297925826173306,-0.006829214743432566,-0.13296538954235657,-0.15757504814440648,-0.051678475111584354,-0.09669718300843261,-0.09512085194115072,-0.05292297629979248,-0.02921988076683779,-0.07595619567628262,0.012996771220089853,-0.23857355379360823
2024-12-20,0.03766290238795297,-0.004046556764229048,-0.028182608870171627,-0.10597070431677547,0.005932114147051526,-0.1426663067708693,-0.12604786774201882,-0.06876400807759903,-0.041802706229645936,-0.06680807645074247,-0.022112580877824195,-0.03809356762508537,-0.07111979882750843,0.009523841476935857,-0.2304969902247428
2024-12-23,0.04023335786609383,-0.015252335933866767,-0.02254205383171415,-0.1526024025717745,0.004285482656871453,-0.12507931598992234,-0.0679300020179684,0.01904392625230994,-0.023287790684241916,-0.030198611262434782,-0.007879728595224567,-0.03230518181710129,-0.06863792875458383,-0.03393463106016009,-0.2351188122526764
2024-12-24,0.051137259718051,0.013806332504829655,-0.029220669768056817,-0.14892828010109993,-0.01804563788488789,-0.11133715347575596,-0.06150796439432282,0.013831009456872712,0.014638053995631117,-0.005991960013697228,0.015224446262297464,-0.047746467762709965,-0.04729773831711431,-0.0010675904154140436,-0.20208575611078206
2024-12-27,0.06228988782547132,0.007183549796436317,-0.058210840543842374,-0.14225741126665525,-0.0762495693229589,-0.12468350908924233,-0.058013262823523704,0.006627068779365974,0.018507781508600607,-0.0075633837356300915,-0.011983807511945166,-0.059025452047388294,-0.008834107307701455,-0.029870570500680704,-0.22816963833264736
2024-12-30,0.06063579308804251,0.01590870311476511,-0.10347567977678956,-0.18253062878364779,-0.08942503858604689,-0.10560266407387114,-0.02543186257482888,0.02202643566818563,0.05175679947934758,-0.017862845193686888,-0.0406681969503222,-0.04507679819460875,0.02246637284310468,-0.03149135238828282,-0.21311969138738673
2025-01-06,0.07197383574800975,0.04088555945899297,-0.09154066471191713,-0.1896359394757844,-0.08114036186827767,-0.1012476166313743,0.04956860345306924,0.05516550919394253,-0.0023079670388918005,-0.03354236540109645,-0.06044736577030274,-0.03270203333688587,0.008123015635774139,-0.030890536317918493,-0.2088095874604644
2025-01-07,0.05469743720160869,0.09077389245862877,-0.0748087116747243,-0.15145686990340546,-0.07677340631026958,-0.06482077968557284,0.0668533262046378,0.08036583604234959,0.030659951553348108,-0.028180812383055892,-0.033015743231384564,-0.013856281790392444,0.10173489762748777,-0.02269400782213754,-0.24301913467498482
2025-01-08,0.03625040297438731,0.09040464339819831,-0.04361403993263441,-0.13651453026428995,-0.05075376322179981,-0.051632130163535545,0.04628047412237657,0.0724542329117861,0.05420400567268535,0.00650122321461527,-0.014205683014560044,0.04292921372367131,0.07800818842428656,-0.03728545500399205,-0.20793145786176803
2025-01-09,0.04147790272891233,0.06252008942157394,-0.05267478631461575,-0.10500998695038588,-0.06787448370322824,-0.0847023840616076,0.026486087029993888,0.03804150189397926,0.10852548056497757,0.043022879279999954,0.020315951056345205,0.055017231706290304,0.12383815034185253,-0.022887679460091875,-0.12761691425425914
2025-01-14,0.03755987247583259,0.04330282284904374,-0.044859739772614426,-0.12655790392416044,-0.0353203351530717,-0.11731573581995333,0.06723283982056216,0.04543643394094743,0.13793168817164808,0.0947086041596018,0.05680967022673644,0.026964396891513087,0.05388489966335841,-0.04408544877103773,-0.11516396913022908
2025-01-15,0.03297750291129975,0.043059892544799805,-0.03558496501319858,-0.1458802689190175,-0.009636813371273423,-0.10926317437301108,0.11597519620365715,0.042521316393106245,0.12572825290977085,0.09414198039801994,0.053279826525747476,0.02510046352252543,0.07185194292512537,-0.018975608519098797,-0.05161956944765467
2025-01-16,0.04152240294864856,0.042390631788147615,-0.04199910527867079,-0.11448771832048121,-0.027072113950706522,-0.08328563171316883,0.17057564845582096,0.04960138815643689,0.13303530950418468,0.11126467940007989,0.04496944863292096,0.030255533721674555,0.05621168821804612,-0.04946843073426224,-0.049629003684302564
2025-01-17,0.052637821640760474,0.0492979442388215,-0.049680603082361385,-0.078666939625611,-0.07742707808271582,-0.0916267368619974,0.12195720079392713,-0.009727898241650879,0.130849922277877,0.10864504169126002,0.03198885075128011,-0.0037429554370782547,0.042500580781423214,-0.07330779633932433,-0.05860947462453803
2025-01-20,0.056857037041394776,0.0828048500948475,-0.0474865912924865,-0.06247315884473836,-0.0835321549408804,-0.11343263788596461,0.11315456129839485,-0.0504288260953617,0.14844702204918014,0.0890046903769636,0.019625927629582485,-0.024084022838374797,0.06943708273016919,-0.04289890185276443,0.04687799111536073
2025-01-22,0.048678347227152974,0.10167437100225507,-0.04659980114259793,-0.061680886777544575,0.00920324590359245,-0.11363941550391116,0.15327935697204365,-0.03186522544774317,0.1302426830461646,0.08767789786022026,0.016230101364477223,-0.04721756297277202,0.08693885883708316,-0.03939892869381367,0.05841340981156806
2025-02-05,0.040436264906978714,0.10010329747453761,-0.0549807146438428,-0.0702847854552342,0.04395025842068945,-0.08037847347036944,0.15403121165973188,-0.02103822739739758,0.14763186211581114,0.11565286013712345,0.01968077220738018,-0.06414306998117958,-0.08647415167444322,-0.03324913757907039,0.004340153954168979
2025-02-06,0.020498192340282162,0.07863578170101726,-0.03033330191500022,0.037073000799513034,0.19536323198071076,-0.05347321355419227,0.19042293254250076,0.0406257387308378,0.2117616000669567,0.16430834620967588,0.05164902741169708,-0.040437175182290175,-0.10951162975184975,-0.019084510412925776,0.03840479501293581
2025-02-07,0.03082577934182895,0.10798064650449324,-0.02922801348906595,0.06591785633109226,0.17050874347252448,-0.07793675325034924,0.1714236790934952,0.03316447897904773,0.19799631880443636,0.17983792909494412,0.05999051458749127,-0.028366218789537934,-0.11287013212885644,-0.05550912456890075,-0.007096139958347569
2025-02-10,0.019830676129125646,0.11745809123653339,-0.02945981855292268,0.019514661766933394,0.14542823879367894,-0.08435220341311978,0.1858193637868122,0.04534274628340551,0.19299837497707006,0.16950732725540318,0.060925144094653216,0.009773815304466638,-0.14826723328001867,-0.0369103348006809,0.0134531957250843
2025-02-12,0.018485962950556156,0.09923007697785191,-0.052558189805509636,0.008979096310775536,0.08901875893746602,-0.10030777573663835,0.14734856905601446,0.012408363213287255,0.1900944719739318,0.18042720336684737,0.06611533417583526,0.0386879257055992,-0.16049876098736499,-0.1223496070313965,0.12355321762470828
2025-02-13,0.019339950347561086,0.12770220461467308,-0.05441954181830222,-0.004799580482738652,0.08170569979608278,-0.07202960417933132,0.14353034975775136,0.04752756317089418,0.1055634556950305,0.10066397542449823,0.006566362147455984,0.017302094836848914,-0.1504904069495679,-0.11753808454150888,0.1823286751099782
2025-02-14,-0.01446674076500487,0.17154597877520428,-0.046359967512784706,0.06305712828723342,0.1333860020397708,-0.07857205537016937,0.11951752091655632,-0.007076539672787929,0.17000652885987738,0.20184097048725108,0.07078896902691323,0.04815180966826654,-0.17333562596632657,-0.07099109481896804,0.2659724393653129
2025-02-17,-0.005596211427617792,0.14948660170309014,0.012309027030575681,0.07938839635677142,0.1020291461965458,-0.10494099103075641,0.08402369366081486,0.005035496812535956,0.156390476336001,0.16605425616474925,0.040438868538422934,0.01702900925961426,-0.19692329336181624,-0.10992351141751808,0.1950799079321246
2025-02-19,-0.015466261918086976,0.17817551150888067,0.06299605337570607,0.0832483934258812,0.12095113763122378,-0.08213452583207023,0.09524081165485443,0.02794371971082532,0.17181732323660592,0.20148633779763056,0.09194360843457161,0.0433741740580606,-0.17581788027471418,-0.08667494891570321,0.3459122284840557
2025-02-20,-0.023409297817407138,0.1665421651107748,0.12168587224642252,0.10687887793938178,0.1419641483394014,-0.07584502691811273,0.11617533288113102,0.05802504180474044,0.09426914047339752,0.15666513322907716,0.09756691758464897,0.04887836518144356,-0.23506581014124175,-0.07989357346630291,0.2911496800411655
2025-02-21,-0.03783311486456381,0.16152585207312198,0.12577378847319143,0.1288074543084402,0.1203291595538527,-0.04099847437589446,0.05875910663299011,0.014074840618595486,0.16395736637723313,0.1980861988590597,0.13543155289718523,0.0354929924794567,-0.17688091155925317,-0.06975975677954052,0.3060030646489711
2025-02-25,-0.04472385175161964,0.1278881928051918,0.13772904573605727,0.09303773451286768,0.13629843107113843,-0.0487341111212273,0.12527754319915452,0.03996789629753128,0.11739429136108925,0.1574557328403365,0.11244396193236827,0.05905459046430428,-0.270521652256565,-0.07407181944882865,0.3320417165867222
2025-02-26,-0.0329955110386842,0.12703686107004275,0.10708928205003015,0.08185831496989604,0.08810103183079754,-0.08896684732454252,0.1184999517877331,0.042805701186184986,0.11056230579150511,0.15808948226598118,0.10971833339943893,-0.0005835136324269241,-0.2327371401567017,-0.09359767314530537,0.25546667979662807
2025-02-27,-0.04650105005320082,0.13466423885039314,0.12146074628233405,0.05503707172039762,0.11505907363140544,-0.09931862942761371,0.11417409051069849,0.05282512589597088,0.06725609728905457,0.11852142490334874,0.08446782446850265,0.016274334632242038,-0.15051868180688083,-0.052896719012467674,0.2857840246338502
2025-03-04,-0.05947757081678362,0.15551628578156995,0.14145409718998248,0.09472272102044954,0.09773099395161594,-0.08659609357153472,0.14033672780965112,0.047799984146076,0.05928576366602012,0.10466279775414322,0.07419688610454223,0.04066126755671512,-0.11683545177499122,-0.06607020370556108,0.2612450060199134
2025-03-05,-0.0410584364111638,0.1399506978599634,0.12477297051242875,0.10667012916691632,0.10623842918551007,-0.07505795008586039,0.09536540468178295,0.11202620372978306,0.04771946955644035,0.09137073372901786,0.05316283711614678,0.010575841537964537,-0.10759910153337104,-0.07992674727758275,0.17264776993849051
2025-03-06,-0.0634569592259498,0.14779727916175778,0.1497587873924967,0.10757181890713963,0.09684130065795238,-0.09251501541042992,0.05406551996918918,0.10086214143250583,0.09185503895686642,0.13078374508326943,0.0976368524572434,0.03429168574776581,-0.08671009817597408,-0.03388950231674487,0.15053078382323792
2025-03-07,-0.06545966199484232,0.13192596445067184,0.16554073488856247,0.09598038040720946,0.14707329875266623,-0.09433812720518828,0.09127775742342026,0.09041311709696986,0.07800426914511577,0.11391916469161778,0.08586623079993083,0.045772526490193366,-0.07415523483389097,-0.06737383391913232,0.16166293457541192
2025-03-10,-0.06214039494584933,0.09745451440705699,0.1516671442231714,0.09903915758239212,0.14138186347169035,-0.06807317147018832,0.10161500133627621,0.08551768121347936,0.0503251385716218,0.11484706234124895,0.08019082102371389,0.061683687120943964,-0.07919037607884732,-0.03575030421067296,0.07816340553803514
2025-03-11,-0.07581416092913468,0.0643077950657508,0.16637678279920987,0.11107357181861388,0.08360998249615359,-0.06888889309904264,0.07591707865180441,0.11359329832709786,0.09041118448153462,0.13493023773630433,0.10724768220509162,0.07203401356227762,-0.12757959176053627,-0.08484945410219427,0.05727030894450591
2025-03-12,-0.06541162206532458,0.06492842970977597,0.18855494647642063,0.08365428473303416,0.05535379894324266,-0.051932581344428935,0.09431095276821067,0.10541454669026046,0.07714581904134643,0.12133070656547768,0.10420429114802121,0.09886240777205674,0.048148919013864755,-0.12002614429226682,0.06102227880540312
2025-03-13,-0.07247319326766827,0.07953775269546381,0.17647607545657612,0.04174025933957626,-0.03717228991021071,-0.07601006712404107,0.04246880276785581,0.07779536614330612,0.013516741860794934,0.08025796447935452,0.07806890595989746,0.09561942042981092,0.13286304517976727,-0.11524598015893306,0.10801487291024348
2025-03-14,-0.08101922027170211,0.048650929216756955,0.1657184545203541,0.02176264891900903,-0.03388475066900987,-0.09551473969770105,0.057333701530850434,0.10301466179664104,0.04676456379767863,0.10067493966594876,0.0997616712230659,0.10781019749950099,0.143463586024219,-0.11461244686174998,0.26477834223490426
2025-03-17,-0.0681854766203997,0.03605729029299043,0.19450819538020042,0.012504784265044422,-0.06430655487965109,-0.08589958240793444,0.03349834418899078,0.09483020446334178,0.03746089417568227,0.09107088144180203,0.08971749937444362,0.10818958356600239,0.1289820783048386,-0.08795828141854939,0.2774822219350195
2025-03-18,-0.0643909270200852,0.0560019269207076,0.1767709391683705,0.0035767333607187313,-0.02977282063287312,-0.07191065658780657,0.06854748647607278,0.09885997038446986,0.010641882231762378,0.04861258803751878,0.05829487110325349,0.09545983927281065,0.16128860754125934,0.020334254092362974,0.27358590233603697
2025-03-19,-0.05626765746105317,0.029291334762980292,0.16610668377143,-0.004588853027901352,-0.04261638410934532,-0.1341115474645274,0.04118373046224666,0.06399978363208514,0.05339238002760932,0.08371235513769215,0.0894604850165287,0.12971649671678584,0.12655298802678333,0.02553519844594168,0.23171826603748524
2025-03-21,-0.04470482524156644,-0.009093126676915197,0.15255084035140087,-0.0351861560758131,-0.06633764289957234,-0.12082798299638414,0.03425636643212682,0.051653140588197755,0.026126485525416854,0.01678719030443232,0.06295377356773435,0.14769006547048255,0.10044344983260095,-0.0006601381904408343,0.15117258630444597
2025-03-24,-0.04827196145372897,-0.009457363286960563,0.07648520272999343,-0.05222848104597011,-0.048648132805545474,-0.1214909790319226,0.026814027232291537,0.02845371150645687,0.0490130398891179,0.049947515516774066,0.08620602498037577,0.14779321409365823,0.15558187096458453,0.0047658062333823525,0.20556865103622335
2025-03-25,-0.030920654572410666,-0.0444163791594,0.03546462356868213,-0.07152814820200859,-0.03938529867358864,-0.1518310357278426,-0.022969854719509186,-0.009741212800678911,-0.0018742334956629025,-0.004957849644514234,0.03763253715496351,0.09488091479344096,0.15019285577919356,0.0013060324295697812,0.0448571119289054
2025-03-26,-0.03623003583365747,-0.020539310352170714,0.023515262886331545,-0.046402635355727195,-0.03222400285950888,-0.12739684903099818,-0.03877785756354357,-0.024556482440974636,0.009636013972879998,0.006695051193996326,0.02704878752309159,0.12203550839339017,0.17846071420201698,-0.005216162112047562,0.10256663201448746
2025-03-27,-0.048487124104306,-0.03606919639862827,0.024941505136907238,-0.08297182386914725,-0.008369392643803653,-0.15768810377164938,-0.05953424477732128,-0.023745728600435223,0.0044865623703739255,0.005008431058002749,0.03624156828377001,0.156200428823354,0.11066570188209929,-0.010560514187549136,0.07976202402568111
2025-03-28,-0.03190528597203718,-0.07391429215009637,0.01750915033300887,-0.0821036805721791,0.012104245666038072,-0.19997831031705318,-0.14495949955846044,-0.06097919505395333,0.020449763105039404,0.020056018327958336,0.03766367703544038,0.14172456235844788,0.11685488151746487,-0.04856637706047026,0.11677152749998698
2025-03-31,-0.033857756330071875,-0.07145476164140718,0.024881421525665304,-0.08532978338167851,0.10392438433966356,-0.18861819851901904,-0.18286661323935594,-0.10776232521076018,0.0457340611988373,0.052176406646319395,0.0746281270140231,0.15948210585980926,0.11551228207468112,0.008771302103702694,0.1795609026797349
2025-04-01,-0.021009326558892594,-0.04390874094728148,0.029765218865963894,-0.06143422614215044,0.05829913209214299,-0.13900830760862387,-0.16519180565938463,-0.09698181309611087,0.02732214036762909,0.03784697270287646,0.05247512175808888,0.13906833477364342,0.025601620936231972,-0.06646389080514548,0.11388775456614886
2025-04-02,-0.011203353183037557,-0.04602984887554329,0.0257555639688411,-0.06962253646610439,0.04501965421556209,-0.13206093222376786,-0.19641920413984715,-0.09645939540285908,0.011875868303569348,0.012326847802048901,0.028245618569431863,0.13119249884392056,0.0794713818812432,-0.03144391829483442,0.11913374302516899
2025-04-07,-0.022003585006330595,-0.04640640378672345,0.02879319595142521,-0.060735515717142974,0.020692469287202364,-0.14462085109484368,-0.20235890659585293,-0.1560987336397618,0.022664057310045282,0.025062441232115124,0.03833593914430833,0.2014586286935638,-0.030580427111066122,0.01313874453349273,0.1750763722887021
2025-04-08,-0.011529168405706197,-0.06572875196903483,-0.023302381437939085,-0.11623666710872271,-0.01240235436450532,-0.19304487432740447,-0.2582998525385244,-0.1976162202296302,0.008914360919566294,-0.005213371457161761,0.025111682143785452,0.23566733698707942,0.13273422818338998,0.06409923349927843,0.21967660000336964
2025-04-09,0.0031931879677723762,-0.09415010665642087,-0.033440475576977796,-0.09748934302713297,-0.026099980052426752,-0.23136420683628717,-0.29890349641452574,-0.22714525176161737,0.11561089256869109,0.0977568780130619,0.11864595559160762,0.29084186816017754,0.12330797065814286,0.1257075032818728,0.19958723565124414
2025-04-10,0.011277376091920255,-0.08320268910547723,-0.015565136751702069,-0.11624694092162036,-0.025730394699028936,-0.23909610407744408,-0.29042333012281607,-0.20954106151213214,0.05788448549571065,0.03193189113819239,0.05413232796036338,0.25938271059091034,0.12855704323814673,0.17979358361573522,0.2831455436744039
2025-04-11,0.023508900660471288,-0.03521006525139281,-0.043203915110032964,-0.09104730199727606,0.014791151767268085,-0.24094966781671467,-0.31835515063575504,-0.28561048700085956,0.0542434383763557,0.08020625385369146,0.061387023199556134,0.1948626947109656,0.11569689913293518,0.06299209021065023,0.19353938250927583
2025-04-14,-0.011064641094622518,-0.0590895026168764,-0.017216041462866927,-0.05473601866046307,0.05876224596342072,-0.1748056592565247,-0.24355987675889124,-0.24094793315786583,0.06492804533508212,0.08109767440997864,0.07659033032266815,0.19900264708511323,0.12972003853195055,0.1371805915709816,0.20417743440018177
2025-04-15,-0.0055541075522482775,-0.059043244250840066,-0.011810673626115598,-0.05775627091331137,0.09058597613358743,-0.1183480840042051,-0.22164439999003505,-0.19557868045306553,0.03687917182083367,0.06745574798483375,0.053772755267478045,0.17792297672547258,0.0870271150525615,0.12178172373448408,0.15632657219118284
2025-04-16,-0.00461422081406429,-0.037804858973967126,-0.02303094544709791,-0.05782665167724965,0.10930636979032304,-0.12557333461161502,-0.252407390623313,-0.21250384692483537,0.03891049319039874,0.05805775264050106,0.04375959384327288,0.16388601179691775,0.036711712289087595,0.16586968374015176,0.017217526295672747
2025-04-17,-0.011926683248508319,-0.07073231681927994,-0.0721295297522716,-0.07008812960524224,0.10887760529023216,-0.1320175046699269,-0.24340832334948126,-0.1889889509393176,0.0530219788529116,0.06445941774762609,0.04214425186403503,0.13300644261738057,0.08630519445879406,0.0912477077842449,-0.015681483815896846
2025-04-18,-0.010083220096743145,-0.08948112558457044,-0.061765414848747174,-0.05473395687773219,0.09230981484908907,-0.12678384071555415,-0.233805273570036,-0.19542756149422003,0.05193213557444795,0.055616781124952774,0.04025723845540152,0.14061798442474713,0.042713318482554274,0.08504855839372735,-0.09338368664727092
2025-04-22,-0.010888612877415826,-0.07914427157597026,-0.0599873222817735,-0.052934700107932775,0.1058066745514934,-0.09385519364881445,-0.23571166118915654,-0.16647339301546948,0.051958907510408436,0.06920431473070587,0.047684492228752484,0.12031786347542212,0.053209777391669016,0.08452101637080273,-0.10461195673185575
2025-04-23,0.018357864927324996,-0.04592331114706594,-0.03487475008014085,-0.05152296101629816,0.0872525946191346,-0.05803390545830789,-0.18497312980140213,-0.15053691932439117,0.031193363637386062,0.05109570756091261,0.015397043472698213,0.056792903855789945,0.079850946520505,0.04505052382265887,-0.11457177451964973
2025-04-24,0.011568347695495501,-0.07628102408260895,-0.03430231541232545,-0.043391350684258145,0.16536643155998043,-0.04836755725023284,-0.12038393812563486,-0.13830063800550485,0.01633148231040013,0.02229209513738123,0.0018050399245299609,0.08000678181322793,0.12410479626189999,0.07581950205197865,-0.0695633339251368
2025-04-25,0.008102574308945926,-0.051755242519357925,-0.06899173978241793,-0.016705111218022428,0.12960998183807126,0.011967426833345063,-0.12499435108708801,-0.1122984066002577,0.02584170029131677,0.035306809144886125,0.005679377699512322,0.07912888587497602,0.117353368475306,0.09850719495172316,-0.037646542506414526
2025-04-28,0.019657044366098914,-0.07029166129373299,-0.07389319136984149,0.012132195246952415,0.1388047942219086,0.022636221667277745,-0.11126012657217743,-0.09329586675514212,0.011140917526027583,0.017766076959505356,-0.005215638453307414,0.04583619285122839,0.09844145321903547,0.1085868818846239,-0.11486127793157563
2025-04-30,0.03491617590323956,-0.07481688865722358,-0.09997560500368322,0.018920761985680046,0.12512976028704226,0.010084626011565234,-0.1023612579893709,-0.09583832681835647,0.005793070469269357,0.006504694577466552,-0.07938315552219322,0.019876286293267265,0.13872912017578576,0.08474500760251187,-0.10449771943971575
2025-05-07,0.03267290929397479,-0.06026100115641797,-0.11407807253067745,0.030473876360930685,0.08776400032416243,0.03168364375023225,-0.06688604576088741,-0.07062102694042305,-0.00984720673369996,-0.011042150139425083,-0.09168324008476392,0.028509287794497518,0.14518184212312293,0.10632242901334915,-0.14659948473050188
2025-05-08,0.024217887009951755,-0.03723127203242327,-0.06898836587881463,0.06379973142134343,0.03765492479237731,0.07538286210213635,0.01792156196523864,0.006655698416326239,-0.026316800365430465,-0.031105680279793463,-0.12061617730839014,0.026451743699417524,0.15895188432420063,0.07265090039164776,-0.1316665009741117
2025-05-09,0.030659262458412162,-0.07177180253363469,-0.06466988003554902,0.04455707800252684,0.055488225543217085,0.06836534886239176,0.008344562927537713,0.001260538923836041,-0.03318904119410343,-0.0469003679625169,-0.13063561561854764,0.022866248114818105,0.3089862940632317,0.11710058356314842,-0.08834612703351064
2025-05-12,0.03181888278187561,-0.04557431514551902,-0.08148353625754734,0.06456565194627084,0.1017704298479003,0.12147225887459462,0.04230850713002454,0.032665960993976006,-0.03553308799731425,-0.04381801032460325,-0.12330515497184669,0.06334284760069642,0.31687716439488894,0.11382990435303114,-0.04840640745027314
2025-05-13,0.03792586940425419,-0.03376448425335499,-0.08542088773920983,0.034593104526216334,0.06434070684246584,0.10294065704673122,0.017321540472615582,0.03419188472806317,-0.04389998604521694,-0.05858175660869072,-0.14464859841672006,-0.007285799619174249,0.4056669953603316,0.14334005168384087,-0.002824050275315293
2025-05-14,0.04488931292243778,-0.008407952118633655,-0.01863312936630554,0.16948146649799656,0.1117840122224929,0.1719791777145619,0.06958013526222695,0.0830492711831301,-0.07067846176859474,-0.06913525082774342,-0.16559355732119463,-0.06615315819427296,0.250684226267535,0.07011791107049806,-0.03362335733495048
2025-05-15,0.020407507462840063,0.040915597344569954,-0.016405794223358333,0.1287371896339089,0.07919868160645971,0.20512483192088243,0.1128935101372216,0.13458634434449013,-0.1856869735116494,-0.1855317890845084,-0.2692452634202397,-0.11569532789523773,0.260011780872068,0.044637498156019875,-0.061577634615529564
2025-05-16,0.013936343194942857,0.005312276628793966,-0.03320232688889885,0.11359590760761129,0.07108241077242006,0.20342092266326095,0.09678233922072654,0.12882372226030803,-0.1241156870734886,-0.1262805401949794,-0.22021926709382345,-0.10339962726717153,0.19220676214394264,-0.06718077068823011,-0.14882673965844107
2025-05-19,0.01232602998470389,-0.04841566961679067,-0.021499845819335228,0.08238449599104347,0.011772105717557935,0.20420660933518908,0.115950435873165,0.17016815689219184,-0.1310422396078862,-0.2075378529326198,-0.23124553501005063,-0.0574563725755953,0.24322610328717675,0.0827313884169368,-0.021802513708187754
2025-05-20,0.03267217732762051,-0.020353228656687206,-0.05398240845997576,0.05636367019468225,-0.026983464219199282,0.13977122278225862,0.0775701230432061,0.13475060767251895,-0.13554046635910305,-0.1945494718171178,-0.22939449692532243,-0.074525108277578,0.27703732846011253,0.023897903113844113,-0.028652140531843284
2025-05-21,0.03576838763128398,-0.03459767019521742,-0.04541169604655815,0.06876220343064987,-0.05895004233508361,0.11688353188063882,0.06869130259980816,0.10322292960772217,-0.12388729553576394,-0.18776285300556375,-0.2215707238174236,-0.08052316931750816,0.25434885258955015,0.008533041126489213,-0.05759832171746959
2025-05-22,0.0393581557580438,-0.0299753266256364,-0.02794014837133313,0.07604771075558914,-0.0655123047865993,0.1396767844046971,0.0569779543218597,0.10465471549971983,-0.14304719856525555,-0.21021101311420004,-0.23943533401256034,-0.07819642900197654,0.28737538544535834,-0.04408895825387117,-0.0760382065431463
2025-05-23,0.04499543379787052,-0.022744525522983783,-0.02560082046746387,0.0949181334104412,-0.04827760587015695,0.17823090920785026,0.07481363182204448,0.0949589003311263,-0.15525864232919484,-0.22881116167480342,-0.25142574254974304,-0.10046315173409145,0.24993422762042003,0.003965854332515534,-0.05689334203634555
2025-05-26,0.04155992228357147,-0.00014124387055580723,-0.01673170744917235,0.07942342132262548,-0.034665847612704526,0.16156026971761278,0.06793831214284185,0.12802546580920854,-0.14210364915531706,-0.1958996130082133,-0.2368360000196994,-0.08664028893647721,0.314889924199217,-0.00036060104215870914,-0.0575381201751759
2025-05-28,0.04914990294035054,-0.006299109249520818,-0.025391020873712256,0.0757016750725017,-0.035630861997197005,0.13743758205336806,-0.01374892491048385,0.08404179393138778,-0.1570771191585516,-0.22370940124771863,-0.25947353971634657,-0.060457841581416094,0.337831172032102,0.02106504139547108,-0.045638400525043865
2025-05-29,0.026133983066618377,-0.06587492893144187,-0.042852522435658486,0.08987878130325533,-0.009711220601087756,0.05751994534474103,-0.0780936936735287,0.06827046572608703,-0.10343381380042721,-0.16272705712728347,-0.187613310950429,-0.025028085668187955,0.37553973844243593,0.03870193436433253,-0.0448757052935832
2025-06-04,0.04656056340341949,-0.01247175421493285,-0.031016141062719688,0.09493394926163246,-0.08852380394503712,0.06233911759110089,-0.08122743738862281,0.0864593105690275,-0.11310004284904468,-0.15774902361387358,-0.1911067249337769,-0.03875495237891596,0.2967458327804361,0.021435916232658114,-0.10245214203418074
2025-06-05,0.04462824160253251,-0.03567243507360629,0.021154960794957905,0.09754112754972055,-0.043919758670534215,0.011612886369464614,-0.05433015679389208,0.06832642362680397,-0.0834262985872759,-0.13003895235820598,-0.165025706669383,0.0009056225117376471,0.2590146861085205,-0.00921675731131849,-0.12978924472438536
2025-06-09,0.046680349382638514,-0.022724673176858445,0.03125931997100065,0.08894507659407846,-0.047479227541466607,-0.04455041545581273,-0.09508018792757145,0.036413303927983476,-0.0721622658944353,-0.11223336354779115,-0.15881622875866297,0.013022808155566667,0.24670845680064368,0.006340038809053844,-0.05479889781847491
2025-06-10,0.058673939104526424,-0.0035321717038998557,0.061658346657476076,0.09231234386236176,-0.0060930134273043945,0.02482022456169819,-0.046506063690068045,0.0596532512999316,-0.1226620721474897,-0.16266482225034362,-0.1416219896860601,-0.01207624108456301,0.2064216718524029,0.04378300281736415,-0.04616045595039597
2025-06-11,0.059940964009146974,0.015622093608323562,0.06498788904478639,0.045013147849079505,0.01063797923149934,0.04959050322722475,-0.02070401251481291,0.1350594655798535,-0.13154295925079845,-0.16079445683636995,-0.13982522965884203,-0.014863858124193996,0.24868503786665588,0.07997629890268065,0.0364442844005044
2025-06-12,0.06404657466464225,0.005522055028210016,0.04094327018366206,0.03307576028010839,0.0002299712636568696,0.020537139564460405,-0.050423784452942044,0.12400108365307833,-0.13030436402991008,-0.17477278050230488,-0.13925295815341987,-0.013569322444967558,0.20249507274994663,0.07361640391240229,-0.03945165723853161
2025-06-13,0.04399305674752246,0.022739683124440413,0.03803780421647418,0.06999705011262969,-0.0024560271164136838,-0.008753908300036917,-0.060105736525299824,0.10111623234025591,-0.09249179318332101,-0.13359683559514002,-0.1017605684489159,-0.009983658288423014,0.07211652468797408,0.08333454606387378,-0.040901904672080214
2025-06-16,0.04198066812817952,0.012183512704552424,0.064030732105409,0.04746953085576755,-0.03959416422963369,-0.06552950031269766,-0.07423034654862914,0.06206161512728725,-0.09355193336817613,-0.12802762464268025,-0.10302585090826033,-0.06761577421943155,0.08916929056668221,0.06090575043447555,-0.08025803691638478
2025-06-17,0.05098683615596711,0.013898445030627538,0.06181637656841352,0.0782122949920907,-0.012409492052559257,-0.06610442489987306,-0.07156802373702997,0.0289631461654557,-0.09063023807518772,-0.10225646576468242,-0.07135234917478406,-0.037633909670235416,0.11873956832994365,0.012977028156726689,-0.08362465420644372
2025-06-18,0.04450983615905557,-0.005513620939686437,0.04129350100367979,-0.004890799319139827,-0.005515085924607144,-0.05879667933834132,-0.057340666672446305,0.0373736091420262,-0.0677415879034205,-0.07233362732284673,-0.05433027459188622,-0.00305329648323302,0.11949007466222256,-8.10116958918361e-05,-0.08323378445311513
2025-06-19,0.04490213325253689,-0.008939684497323519,0.03616155239462143,0.012062994061441623,0.03299963908480208,-0.05996092694631722,-0.062308060448493796,0.031842839416971136,-0.042985942753827056,-0.041164838901417505,-0.03067875267149911,0.0021134650624649864,0.12867923217794625,0.013399936277550178,0.010103952963231633
2025-06-23,0.025681029641957176,0.05128330452672347,0.0486600961594808,0.045634477063559276,0.05251813633716307,0.04503630802266012,-0.014487408529290313,0.05382835481666948,0.00028226543367232404,0.01377283193741094,0.014544117990462846,0.004883962194644431,0.1297361915242608,0.031565690461467094,0.008987386170200451
2025-06-24,0.033245302701520485,0.0672021456856271,0.06885253425571808,0.06690224794502386,0.0880641371557378,0.052883044708180615,0.01995757986768598,0.06649404228635897,-0.016482084792320384,0.024349518580016744,-0.001012953205709488,0.02929623788969493,0.114597460625461,0.01054703415548719,-0.02644987670138277
2025-06-25,0.0474915680820136,0.06561895102848414,0.04626573861475297,0.05511829357727627,0.10426754518654713,0.049280530095812014,-0.005744564862662838,0.06397635094747173,-0.013948254052977394,0.017501176657943457,-0.012786557203398718,0.029903892913757224,0.1000010576652357,0.05788590969620447,0.03802862466441925
2025-06-26,0.05003645753813768,0.06895753829381701,0.035527166076149974,0.024165906352268673,0.08208452213925788,0.03965367071710041,-0.019669782166886085,0.04750695865311744,-0.0035964105776014055,0.025747131735225748,-0.0038879934022545415,0.025458693480975625,0.13499244315967146,0.06413549188173531,0.03762229840370379
2025-06-27,0.05278098549778823,0.03896460264304302,0.03354108503021977,0.04543716769761352,0.07872853561333892,0.02572351728146416,-0.0008565820520242129,0.05683780761806806,0.01108342494493314,0.051629443168261235,0.09514544469330333,0.049598115024548695,0.14872297419874522,0.09523262696441226,0.0686829522821345
2025-06-30,0.04564582322775412,0.05314058408830402,0.03070566778777023,0.03313544134812796,0.06464945827438973,0.00965917762780763,-0.010858961527056232,0.04654295098340655,0.03528641879160316,0.09601433477437799,0.1349790441425588,0.05578809194027315,0.1557680150802877,0.10954203400383519,0.09747293695442971
2025-07-01,0.05847595321411461,0.010373156636247605,0.020465031927740157,0.03463174446884698,0.02878026387297805,-0.00763615518173455,-0.0244533192430324,0.015751408648781717,0.02002773914539846,0.0722328265885322,0.17924729222752267,0.034628032595195174,0.10914255821886973,0.10710195476912801,0.09059731787448999
2025-07-02,0.05633337001032024,0.015975611389771438,0.02368607557354524,0.0394021546272636,0.07071621000001271,0.0013825834000584514,0.07007822689247445,0.03264394412444438,0.009340274593745035,0.05941907864014459,0.12417157269519885,0.008039502447701546,0.034354328339052664,0.09620450868912603,0.08578354448873948
2025-07-03,0.054471564815083945,0.055602868434143415,0.04696835565656224,0.053180567559796055,0.05434578893068576,0.0710833692457769,0.17069695428635134,0.08655232064047735,-0.009996394089525573,0.03149135015150853,0.08736908748635219,0.046171812909212684,0.027606149836004096,0.14968204991051676,0.04474330446419672
2025-07-04,0.03892453914620014,0.05897508210307767,0.04117906651862724,0.05710622650610564,0.06780305568081957,0.10013172095508263,0.15511586683444445,0.07026760044714048,-0.0011010033440483902,0.03920849961237344,0.08620047868965253,0.051145449079563005,0.0521233287233166,0.1357230965613833,0.07505384909931312
2025-07-08,0.03644627178701315,0.06115416886298397,0.04166091737839889,0.009714911767905066,0.04328298478955683,0.11435972007099687,0.16313553835271943,0.07821574732089315,0.004485052509891674,0.0377642967132224,0.08406583613135032,0.029599186635105357,0.120733424804576,0.09456562074222313,0.06056887452019266
2025-07-09,0.034289700417964364,0.07679330095007408,0.05080431676764213,-0.002463212477177512,0.06282437553043652,0.1970661362499407,0.28443191183634003,0.12361218127633505,-0.008584574206450646,0.021034149026367938,0.06643212228640138,3.0495209028397197e-05,0.10865111267360333,0.100932482470251,0.12548051711821906
2025-07-10,0.017564423892557246,0.09587538607081802,0.03309266101546532,-0.008804130759679785,0.0026907520796535245,0.17899922601605686,0.2578152270235405,0.10172228786616039,0.019322538725717764,0.05242053876417038,0.0975488719564328,0.03317111574333337,0.1070065707543792,0.08111203548729845,0.11155238384098509
2025-07-11,0.006260401964750695,0.08269519610353804,0.03670783879392314,0.05293396254410687,0.003154428876351978,0.15610991872497934,0.27442945837812754,0.01317775827738027,0.04236512653811225,0.08099827062270148,0.11690649781937723,0.05496153742155574,0.06685015400303429,0.052258051870328004,0.06006444588401538
2025-07-14,0.014281374033886296,0.07394036076398547,0.038230705340121685,0.011203194074353662,0.004788542442537236,0.1396922573874071,0.2788823912126204,0.01320685417304257,0.0425187270662315,0.09874148812345132,0.11084477027942985,0.05791614946407961,0.08578137656981444,0.05511717202233146,0.1069144303446583
2025-07-15,0.02293430265813068,0.0783061310795603,0.02267324114737751,0.016317563333621665,0.006482164428489812,0.2585574604235723,0.3848971834433623,0.13032050293240632,0.03714048059387004,0.08339796897197482,0.09139447536528955,0.07789739130133999,0.10463251997411444,0.007254331212826037,0.07759690446414513
2025-07-16,0.03559107674835127,0.06115736237787317,0.008031007404134205,0.052799567776169676,-0.0308350714504545,0.26979414268352214,0.4363610567204753,0.15412203343951156,0.024333125093155605,0.07635646357953663,0.08920451359967807,0.10245534987199093,0.04959594052078048,0.03320903920826873,0.08188839145927007
2025-07-17,0.02052319072631703,0.048241191030701014,0.019481857043755935,0.07028997789796843,-0.0043723425735908705,0.27385059166274067,0.4414736426129767,0.17524280331430472,0.04111119717371692,0.07085152260280672,0.08175865907508639,0.12154386823305652,0.03666866676996616,-0.0057248620441959774,0.046703016284831644
2025-07-18,0.02778794349168734,0.05951381852155635,-0.00035399524339879695,0.05196175256534674,0.0061414026591233295,0.24549112903234133,0.4330277024523748,0.1652101740103421,0.022048682907086725,0.04300038729296382,0.0758528031126593,0.09358849913062908,-0.004810073783436286,0.014686377390993322,0.04355609052882581
2025-07-22,0.02868047878430441,0.0625325650108115,0.007265620404697304,0.03992015667680271,0.004714215531068766,0.23603035860957972,0.42531467323359534,0.13968014132748469,0.037820532251067296,0.0597518590263722,0.0885039610559406,0.07606304402262587,-0.0083325230767623,0.03226678709407521,0.01712176576911517
2025-07-23,0.04698734328632559,0.03318200837422269,0.008584741332065882,0.005845932137140353,-0.01989969927501023,0.13518003338688883,0.4239991164746384,0.12717393131040333,-0.02751903065325062,-0.008890629453943366,0.07052267241813936,0.079020408727736,-0.027155665639468973,-0.006728782825434931,0.006906375013197352
2025-07-24,0.03644059396383653,0.04770410256787261,-0.0073947522214133365,0.016770324148615234,-0.06458907136081371,0.1476522843320901,0.4216344001287047,0.1253637728472019,-0.0015198893198207775,0.018103570918665657,0.07200705154148679,0.04921859506720094,-0.010318366136372492,0.0072287779988461365,0.030842242460207836
2025-07-25,0.02881278189561698,0.022858136817589303,0.018561723212390413,0.005935126263354906,-0.08824777652774296,0.12533380537580602,0.45936560617119165,0.09882491775671415,0.003493634195865125,0.024848548619562538,0.08426810026019504,0.04580647044322264,-0.031253077424270526,-0.03331369310849075,-0.05742100127553562
2025-07-28,0.024821090727954742,0.0332954987985018,0.03014457991677838,0.05236305907889205,-0.060635495494327896,0.1411559643968452,0.4775200722089018,0.1077160994204327,0.01746331767743009,0.07159459154564529,0.09110360891415537,0.13063909413079502,-0.034053398340872065,-0.03408030255554162,-0.1302506062851212
2025-07-29,0.024375036082471158,0.05629729651879534,0.025029685194422335,0.04123165195842016,-0.053009842764398574,0.21422607518168924,0.4534211070532326,0.17424530273362512,0.0335121185573779,0.0708378055822923,-0.004394818727620264,0.13040979575085487,-0.06071139316826091,-0.025870422487482003,-0.13167414381729337
2025-07-30,0.03492656833590685,0.03767638650602123,0.0032167725026042704,0.04025380233759668,-0.06287246683207703,0.19399204414704285,0.4490745433122464,0.1569210394356279,-0.0020597591734252685,0.03610623348446329,-0.05479337852891197,0.1493206481803138,-0.06348153661301131,0.11659448009548068,-0.1788332575937609
2025-07-31,0.025785007850067765,0.06446211725287121,-0.033453624402438764,0.07045706360608572,-0.030427659040293653,0.18933814367496793,0.44941216199209677,0.14634507569530958,-0.013799854586041826,0.043657761474699575,-0.11805317410587646,0.13583642373831842,-0.041942178400231844,0.08751797635753594,-0.15955585204154277
2025-08-04,0.007430789081388778,0.025356801353711877,-0.0657672975958517,0.0648012821027597,-0.0663182242125564,0.17442207073073163,0.4250215514389698,0.1327242628753511,0.014451163563366176,0.07018727641928207,-0.03245210867942405,0.14089620406176367,0.040308067317779916,0.03131028997071761,-0.20107183155793884
2025-08-05,0.009958726456448797,-0.004962997062343821,-0.10151276735623571,0.029353094016954517,-0.1009615460545138,0.12844035062846437,0.33177408052508484,0.0663526966819511,0.0024408024153425023,0.06465401240994745,-0.02857812442553831,0.08959457617474992,0.05470945831577256,0.015054855449331161,-0.15390575204639345
2025-08-06,-0.00568159939264995,-0.034133150747148844,-0.10563064431213065,0.014433241689211784,-0.12445351764338486,0.11053871595078604,0.29759933974408276,0.0631553584786877,0.019481769305642604,0.09647651730162413,-0.005833628297218896,0.08334149890487577,0.03825024468203886,0.011853415365297382,-0.14488963199902238
2025-08-07,0.015629717649260466,-0.033106185374012886,-0.12301223475548473,0.07207744021870077,-0.11918821568274729,0.09027565176181979,0.25059256335176583,0.04052609424291437,-0.0187107112975205,0.05118096825335622,-0.03545143263744577,0.08620435920615338,-0.03911398861222848,0.02342033224418072,-0.1384439879481545
2025-08-08,0.008778128578878885,-0.04394145038878494,-0.1348855340897011,0.1538280298073651,-0.127808879242982,0.04969235431146954,0.13951099409130285,0.0077845665673347275,-0.017633752257448065,0.04095112881539267,-0.03431938892668307,0.1275083697229245,-0.017422168148869988,0.02899592955968644,-0.2334722429265922
2025-08-12,0.0060517088862108714,-0.08121299078572153,-0.11700299632305378,0.1722654893323956,-0.09372233173326094,-0.00879335775021875,0.11640100064529002,0.007887985691224564,0.001236599840595487,0.09389301164478245,-0.01907572862072482,0.1254370512368128,0.016161536830959278,0.03807764680790676,-0.18620138942726694
2025-08-13,0.016678458932093188,-0.08402066755971216,-0.11459650056891396,0.14429730346391478,-0.11207721039546126,-0.006566094172188147,0.05283106420965905,-0.0020282397318772127,-0.004557197915588784,0.06124813067426174,-0.03953924382428109,0.10455414679424757,0.02256359415509257,0.09058115959964819,-0.1538100384910377
2025-08-14,-0.00038969930113758044,-0.07791332554295138,-0.11477983842983819,0.17472059557247532,-0.10574325148176755,0.025653318787053014,0.050471417022396825,-0.0014904755769688527,-0.010026011281082325,0.0483485572221084,-0.04490420721652888,0.10140144418455554,0.026226390740623606,0.11571415189370321,-0.11924792615432334
2025-08-18,-0.010336984711536823,-0.07088226328537739,-0.11112143963225807,0.1568547906168105,-0.0764636681254931,-0.01914304963118818,0.03767266125633617,-0.0038888909979393205,0.015061769557491944,0.08842827863726094,0.00028899707793894613,0.06344185569710048,0.004239870257444267,0.112899836377995,-0.08110995035588953
2025-08-19,-0.009660155108448143,-0.07327121662260638,-0.12789048477892484,0.0860287940908826,-0.062394010639259756,-0.05236002498827974,-0.05841686606510371,-0.049582215224875575,0.015287230327584223,0.06537974884568593,0.017467821038152587,0.06217109625155376,0.03542221995519945,0.12814307429426008,-0.08769382293165062
2025-08-20,-0.01936909991483332,-0.06702715495990363,-0.13128417010656074,0.029465249788069303,-0.08796180777606988,-0.044461183795847736,-0.08248569010921913,-0.06326448678161892,0.07474978742902177,0.11060421417861832,0.05521350520035739,0.07224602867040761,0.023258241414709835,0.16399521318984267,0.023206554018722847
2025-08-21,-0.030665591046470153,-0.09285772005945347,-0.10120788377568063,0.08725491669670504,-0.08811179684660142,-0.043251922161805845,-0.078988877896143,-0.0367717372407666,0.04293194404112011,0.09673762243962564,0.03641346782255672,0.0651414131786966,0.046985937401660294,0.11065662822796385,-0.05667112256115503
2025-08-22,-0.033191136492204065,-0.09339188416424782,-0.11479804197263671,0.10001652535078809,-0.07416429203456754,-0.0008467124480355803,-0.03521733051767134,-0.004683113693122631,0.09067100259502334,0.1296557892319617,0.07199696773370534,0.09637582255851934,0.0844715285338376,0.09255569017492632,-0.07221508538275101
2025-08-25,-0.023075272076792996,-0.08263067607730679,-0.12361996169416628,0.11841903800955889,-0.08926959757067499,0.005374983518640575,-0.017768925189307505,-0.012791860585968096,0.09445193468970198,0.12024299243190611,0.048782779518622754,0.08466511890354864,0.1170422351206647,0.14295058433830699,-0.024579632902578252
2025-08-26,-0.0175934897523633,-0.09099709201686801,-0.12240262418013081,0.1221790657949341,-0.09077759737642166,0.013201154071012411,-0.03139235811926405,0.04713307775484529,0.07562180010024738,0.09798476190366368,0.07232103595345418,0.07499910486791017,0.12545923847338858,0.14619056589003082,-0.04419396142415333
2025-08-27,-0.014107139400995339,-0.07723413790828293,-0.13036672585378972,0.13146539585841766,-0.04805585183302419,0.08344100406929766,0.022801331250685702,0.07186930966897703,0.052917629772181174,0.06847546756213074,0.02752253749961109,0.07157486465632562,0.10488174578682574,0.16346553217706733,-0.024274497953653218
2025-08-28,-0.02593520764511853,-0.09015731761850199,-0.13218219720445507,0.14009049765955162,-0.039741407288742314,0.0687493008201131,0.10967694819563137,0.07680261847125397,0.10129829683899655,0.0672477491541491,0.06607854561938553,0.004959875842249384,0.12425963713895932,0.18521585105451388,0.0988993850524369
2025-08-29,-0.026097946558575502,-0.06914671195740707,-0.12262036106162832,0.22518484206752032,-0.03928960140174509,-0.028834491984055632,0.11533453879299577,0.00959910946312284,0.0630564686833403,0.14103683155075564,0.0902746934131573,-0.0053760401307311745,0.102812974524565,0.17622811139957384,0.09414559878254625
2025-09-01,-0.021430651222059394,-0.008916836745772594,-0.10478663912795105,0.263274523756615,-0.04044524018736584,-0.09690061009354073,0.026038544732621016,-0.0361803086539923,0.1190268488615148,0.21047643112185038,0.12399533859725576,-0.0460694438430686,0.0712183518590987,0.008163204992795492,0.10158137118581478
2025-09-03,-0.025784014970079594,-0.012234547658911965,-0.058300302250099245,0.24295118155388695,-0.022581073447041855,-0.053345855655547,0.006439597628101618,-0.016982603031066468,0.11498601904067682,0.23698277755499658,0.11218239522984086,-0.01935653185717856,0.04838447042674415,0.042588613025900446,0.09921715404337383
2025-09-04,-0.009660675511512007,-0.003855233840482697,-0.031617927834829196,0.22511271039270886,-0.025564080388913002,-0.033141838251326605,-0.02017190334895419,-0.017638246577179717,0.04780929670048284,0.12657001580101745,0.051613476715317685,-0.03227594394388561,-0.001226778475829915,0.0727751724614275,0.10990015926008434
2025-09-05,-0.006652644742164815,0.014893743072984411,-0.028416987708026475,0.27357504033276314,0.06407085933207213,-0.03405742942785417,-0.01605470509154855,-0.018595298306652075,0.07160776850414169,0.13337830900257708,0.07239081502128553,-0.044694379819396834,-0.015559731335931859,0.064984849441456,0.1242507696002606
2025-09-08,0.004120299818910156,0.10870659880214584,0.029588607442597614,0.338416507870848,0.11870773597907491,-0.037870003781523776,-0.015377720489775704,-0.020020589285833945,0.06611973567586588,0.1272977992201218,0.06020178707345836,-0.03144265062473006,-0.003923581062139081,0.07617128740302387,0.07338355171229738
2025-09-09,-0.01581210239701647,0.07263061467691334,0.020090923605173727,0.31192102024182966,0.15489478961385195,-0.03051979058103854,-0.0065386321530384595,-0.009147590990076448,0.04335827288603866,0.08994249125155895,0.042285687483403556,-0.02508495449600262,0.012396119743043665,0.09304210647954658,0.07312961196988832
2025-09-10,-0.0037018103155326276,0.06504609195173117,0.01524072007869437,0.21664043355495233,0.14868408039895908,-0.0035762887470862093,0.009587594931929344,-0.00285474453511253,0.04695380762940732,0.1118120561997954,0.047524977570977955,-0.040844517266373837,0.0933655334673833,0.05261306001935373,0.0905982896733426
2025-09-11,0.008498080814800413,0.07023955506593982,0.030640177453697404,0.17114276720865051,0.11889228540839203,0.03196695123017257,0.001783612977346194,-0.007461982843507964,0.07638975962776201,0.11302031734798351,0.0772378087394131,-0.03126380650723837,0.16231988742552517,0.048556148254088216,0.06955360184388293
2025-09-12,0.006198287982498996,0.06837235887217563,0.10902323173274525,0.17676735658149667,0.116184605280657,0.04802806190679676,0.05080366475255882,0.005411506242186226,0.05711747266471484,0.12173009864085405,0.08365388100402993,-0.01706234370999632,0.15676509740924893,0.01963647590706985,0.006926957371836684
2025-09-16,0.03485198814995316,0.0734863328177533,0.07215535653769795,0.16122135417630123,0.09184903854972526,0.0999652613667108,0.13669766502511482,0.06444794216773553,0.07218907425374987,0.12237332997533157,0.09260669141114863,0.00821001404412608,0.14137480307295625,-0.0122079142186996,0.00043811804497906337
2025-09-17,0.036624814794372296,0.0673419827048859,0.06186479191306321,0.15084983398431695,0.059920685840499144,0.03661824494538174,0.05824020136198915,-0.03392747700031584,0.05896762023141949,0.11398241110661389,0.0684358963230478,0.029141844003495232,0.08612987844383524,0.08444315753947418,0.005067808575970223
2025-09-18,0.02986700082542476,0.06840379719718359,0.09074069118494554,0.1764505937498242,0.07332647246198976,0.04651210170318487,0.08959333014455564,-0.0065199366480025445,0.06556206128544095,0.15326047030920764,0.04430821081972802,0.037425840599529414,0.06421019758634133,0.03844123809772476,0.009434870408888019
2025-09-22,0.054317358255734194,0.06475566584834502,0.08155979902254745,0.21502767414532165,0.10667092780102738,0.05111564807739549,0.1905416816612424,0.044147624119206974,0.010176278255213389,0.11067976149136888,0.008958798714009064,0.027287299821856625,0.11781945393860388,-0.020266120311692448,-0.13299760346266154
2025-09-24,0.0572698144145653,0.07332768684096946,0.0755332624640499,0.18287078421095815,0.08325554750040842,0.05453904392168346,0.13316058450599505,0.02712278061380241,0.10617808131714682,0.23688258807535523,0.07498171927318453,0.0501819277784783,0.10084323740649398,0.02917457066148732,-0.02445117561047605
2025-09-25,0.053699221509694195,0.0751440654610338,0.09169706993517218,0.19255117413905976,0.06805436485887317,0.04170377864359831,0.1488246060370062,0.02997559682209247,0.08313405989497277,0.21741878411909094,0.02979519971111877,0.04541579341308899,0.09968681291342751,0.010958563841127311,0.03769479499571626
2025-09-26,0.046604418524811564,0.04091437208783444,0.045180907219641075,0.13578781567853326,0.10682238213125572,-0.008419715192723276,0.06736832905944046,-0.010581209247431667,0.08285097908645628,0.2344382584903087,0.05686978873320425,0.049498947323496856,0.09312628614408336,0.005453085320993978,0.10740265622976408
2025-09-30,0.03797292670347663,0.020242387865112788,0.07893929725815263,0.15170970226466596,0.10119716961288239,-0.014170878657023989,0.08526392412839243,-0.05396415674055363,0.15024903478167456,0.2813808693722545,0.024399331549374792,0.05464943463808136,0.04966637199195756,-0.02296448717545696,0.08017534743482224
2025-10-14,0.045978989706860485,0.003436166958849962,0.04431262272529346,0.11765623232705125,0.051664134612483426,-0.11866922883722719,-0.03936652301114463,-0.13068185482021105,0.10710156009562394,0.20296869129519907,0.0649481126922824,0.045651274255295526,0.054700516739214444,0.05699348732022608,0.12510648415954884
2025-10-15,0.06971813929204207,0.04302392939122668,0.0400454395796227,0.09430818061082014,0.06315908886316324,-0.052753748052673466,-0.06897824226297833,-0.05793440678619044,0.06483283788400174,0.15873999372071318,0.0154435903417377,0.06688480657748508,0.04821179862120961,0.0003036790779969989,0.031644599949442354
2025-10-16,0.06958746413426037,0.0789863356151802,0.06136539294871779,0.07033185530335895,0.07251818349942918,0.014128465025211867,-0.055761033159749396,0.02063929230586531,0.0533532615473018,0.05765097431481908,-0.018725187501146934,0.07978351673739703,0.09075958997559369,0.028150078822023528,0.05651598306178096
2025-10-17,0.04732886268480091,0.07553090159819364,0.05110379355601058,0.029382359834655425,0.08506782925791245,0.06106034288399409,0.036896775077239874,0.12307670806505411,-0.026280582469234343,-0.08849605096004537,0.07757846699656779,0.1183147142484684,0.09117834458727864,0.060295690314701,0.0775703016544409
2025-10-20,0.057230608107282255,0.08515674722313948,0.056682450683725794,0.025982919005809624,0.08583735549436511,0.03597800185959682,0.04911872800349318,0.11249989508125924,-0.017261537948185718,-0.12137038018079244,0.06252278173730264,0.09969923060309788,0.09848848606487609,0.055090738982514764,0.07736350624880717
2025-10-21,0.05822511442951034,0.08012662817941973,0.027526065659599253,0.07655053032673309,0.07822322169882834,0.02945368441172941,0.06219120065489725,0.11651176959655551,0.06277340553730099,0.018171211256501396,0.13461316631567743,0.09027005343821698,0.0806243860769778,0.08794867099716713,0.11609605639395992
2025-10-22,0.04419369194342293,0.07358254293853861,0.03674181606557986,-0.006289746393675522,0.02119424202482678,0.03611438440563203,0.07542185457144146,0.10957052758966085,0.03993645812066143,0.01722317697786735,0.056958746712046704,0.1267536307508803,0.07896302006591271,0.080202685487887,0.10819042985307292
2025-10-23,0.0437019780685039,0.0006609520738464214,-0.015419903090288012,-0.06316827443288342,-0.010076398551284727,0.02718573223263193,0.07888621828277148,0.10081741984636627,0.03177948796165542,-0.016200830428287183,0.02173662406396537,0.10301064326834397,0.02758495561030999,0.028405294330184294,0.08747396948115316
2025-10-27,0.04321583711271748,0.05571798989157917,0.052041526006837424,-0.004506534413442509,-0.019085489458697813,0.05881174467125494,0.10731898346551644,0.11569174015040146,0.08256043330575669,0.08251786587356996,0.08585703324965,0.1109535600962468,0.06526621223338103,0.04096888757416428,0.08686447518698004
2025-10-28,0.03428782599070995,0.06135455694960201,0.1542387694744995,0.00156286339491718,-0.0017642691323208615,0.02072729151081698,0.10795715956170798,0.034757913384087735,0.0931459539958907,0.09511026129245914,0.11186925617901433,0.0859462249211208,0.14930527535627153,0.06686848103766801,0.1359604735179123
2025-10-29,0.030878952330668008,0.14984149073208242,0.15405745852172154,0.12221978669465616,0.023676457458989608,0.023621534944395173,0.17796713146845905,0.04848670903678831,0.04076914445731361,0.04839466831308753,0.06729976495531709,0.07361417771504425,0.13067191259113536,0.027493391952601087,0.16027831196513498
2025-10-30,0.025349743160538007,0.17525176938605336,0.044525470533069045,0.1131780895146488,0.03906682459729871,-0.0166588751669684,0.13398128672536558,0.038583916680251795,0.050921879294649364,0.05429520238651203,0.03819182693646361,0.09239607410550449,0.1516361151193127,0.030789200548562212,0.17264431961712678
2025-10-31,0.010910908892901805,0.2653099419587308,0.05096768357238113,0.1954825036485568,0.10776181856088818,-0.05046758329432549,0.08300663498174299,-0.031262574466642046,0.001805008397005592,0.0003422480780577164,0.01830783898529109,0.09993290853561371,0.2342061874754115,0.010954340650684125,0.1280391222609254
2025-11-04,0.01961096034990839,0.23962513774707173,0.0808115762571614,0.15608388771589032,0.04689335237688308,-0.07783914966468314,0.08092094039502684,-0.04105901833250031,0.009562014923930773,-0.028877515735269865,0.004098248057399889,0.057967463242036166,0.2738884175758809,0.11849750826552774,0.0959546481932918
2025-11-05,0.0008107529477496822,0.24409022659349433,0.06883376601061486,0.1982105985248297,0.050038545020750114,-0.09217559401287428,0.04613637601970402,-0.047146874162398156,0.0036729460212523435,-0.0511898534155355,0.009961109539451396,0.01685509442688332,0.23670377277637555,0.09049350579570925,0.07337532606482033
2025-11-06,-0.014021053207862566,0.2304148360841669,0.05610598159604868,0.18088892291102887,0.01737237588908047,-0.08421212327553185,-0.013089548767869774,-0.09688557701426653,0.005751404416312389,-0.027022314685936022,0.011110951589949458,-0.031048441968127893,0.21331916055508887,0.1614797234970125,0.14729193351430236
2025-11-07,-0.010440807058177848,0.22805928143114262,0.05978831473328705,0.17533193551925574,0.013957554360291446,-0.08902073455604731,0.05546744977242446,-0.09638162222254043,-0.056602052773734673,-0.15057125332398513,-0.0027376846274652644,-0.045471196671432346,0.16553909033215986,0.12773054591609345,0.10417174686622688
2025-11-10,0.0003410430556905486,0.21358155554752434,0.06032331577709166,0.17711478518227497,0.02705241843745798,-0.08509302332674795,0.06529714958172672,-0.11537402846068537,-0.10273338929820347,-0.19427480697635297,-0.02544584496359903,-0.040906538964029515,0.13009552106342065,0.11013588988092321,0.05120481020606582
2025-11-11,-0.005345516432592845,0.23576298295315423,0.10385117920912601,0.20970036258764124,0.015194823183010131,-0.034860161219027574,0.09061925571122331,-0.07395549725749939,-0.09941292407893071,-0.21388421029074933,-0.05458493284192523,0.0064223317051239626,0.16410425095388592,0.11510743518032152,-0.039596715829165574
2025-11-12,0.001146736478002397,0.24400039112261174,0.056526294232986996,0.1482014887642329,0.014192353851706696,-0.04198315718329271,0.04699086978225833,-0.06698105713931973,-0.1930149538993381,-0.26039146284168807,-0.0696854825405866,0.009647744669571079,0.202635047532504,0.10900849671976837,-0.021850521315721627
2025-11-13,-0.01940851204803984,0.2807773995190217,0.10494172787726075,0.21967853378627855,0.04457255065946075,0.06842471534976335,0.11366214505893227,0.10999055741278885,-0.11496953785330755,-0.1464566566833806,-0.06277281651836986,0.021831076780314873,0.21055967441264245,0.03686093413702851,-0.04798015252722776
2025-11-14,-0.031701082871016084,0.22834687502236894,0.066782907643052,0.19532674738849032,0.02169190449750702,-0.0098226663318155,0.02178465234204613,-0.0006083383667663256,-0.13775659400188045,-0.15446776808323842,-0.061922729473768645,-0.03447634595828325,0.11486537021692117,0.015318117131866094,-0.02184042804313635
2025-11-17,-0.023090279201380293,0.15567866313857204,0.06391442299574834,0.14701728962140148,-0.006175013087632575,-0.06490355464055747,-0.002519557430763042,-0.048817879570785205,-0.12042905386110103,-0.15681042806076328,-0.05194144097128017,-0.01638385165103018,0.1655708631859234,-0.026218925449366548,-0.06280045938320278
2025-11-18,-0.01438103838716559,0.12239208999566975,0.06838308415541589,0.11552199961120024,0.023455106415897098,-0.006481464283107141,-0.012054884173290703,-0.03146336388574572,-0.05039511096646576,-0.03815095618633685,-0.14240930440801458,-0.033726721030706064,0.12791226674537787,-0.045550842222564836,-0.06455918299739616
2025-11-19,-0.021354536338415553,0.09692323420547533,0.03153433095055824,0.11156799776489801,-0.0013050285066551481,-0.04021759552348181,-0.03681594111812783,-0.08942717645162479,-0.04774981036215242,-0.04310011226645588,-0.11450781611069383,-0.028500913510315584,0.09219135143909674,-0.024709329844119443,-0.05952313620171579
2025-11-20,-0.008283232440940258,0.15340414539536606,0.05727163005095842,0.12293809931029065,0.019286796169053266,-0.0029685889913275143,0.017921657249852563,-0.07532246958340189,-0.11244385648579214,-0.1200523976383367,-0.18496622133099594,-0.009796907676654809,0.1575211258700206,-0.06107301215542443,-0.09512316855081981
2025-11-21,-0.010901674235505532,0.13420230975239467,0.045173260464649256,0.16397756693778742,-0.00757720764337011,-0.03302685156032925,-0.029533227390969252,-0.09688320558339125,-0.10098180872725737,-0.12348068928654105,-0.125073123457478,-0.04731706492884907,0.07316673300308268,-0.0642081098866028,-0.10593129332712992
2025-11-25,0.005145329338821947,0.10637657390682032,0.03891675156991403,0.16035462482070595,-0.013067987479577159,0.03713711198569247,-0.026013380551087928,-0.06527130571139661,-0.10493742138910805,-0.10797945639632173,-0.0955573130485039,-0.018758577406183363,0.10410426398388262,-0.006393824700512862,-0.05673815696404705
2025-11-26,0.0004864810469718539,0.09767007517823334,-0.014122279018068784,0.12058103840992018,-0.024699999733103217,0.00259079791505451,-0.021871586344285432,-0.0871866340481589,-0.12595618830969468,-0.1532517833101082,-0.14893491470772324,-0.01768775123388633,0.031879061222873484,-0.012770688768350469,-0.060454697581367234
2025-11-27,-0.006475111614118401,0.1463885474605584,-0.10956506258013288,0.15714874741466667,-0.014460167044863192,0.04837830995251008,-0.00619515426165082,0.00441310037037973,-0.12945813094337116,-0.1583148511092079,-0.1518929636651043,0.007046131465215932,-0.07806506266590296,0.0005269196891936057,-0.0727235134432278
2025-12-01,-0.02504147694418485,0.06202645976529597,-0.14017405972782943,0.03462678953322462,-0.04567289198953084,0.10446297936826349,-0.019652653186156943,0.009142807824529586,-0.07208426204161239,-0.12230747358895028,-0.10404323125402393,0.0226486311645967,-0.17548736344495103,0.09560696216754966,-0.0021918862493406355
2025-12-02,-0.01928855648353628,0.05341743537556165,-0.10770382730492484,0.08635378401711691,-0.062126671893203866,0.12785604416966279,-0.015317835235197697,0.00812110172999686,-0.09302117436737761,-0.15182354995694547,-0.09069109963899413,0.004589143261320261,-0.1986309965150233,0.1073559630389917,-0.019591323581333864
2025-12-03,-0.012254133958846725,-0.049889422136172534,-0.07591922563238368,0.007270054681324245,-0.11576196735857591,0.09858216794863528,-0.028829749438584518,0.053690386347514246,-0.0603770335363063,-0.1203711701847629,-0.09531704418178422,-0.027149978241522266,-0.22586809291313814,0.19528831842305844,0.08212705369356699
2025-12-04,-0.020212315406984815,-0.03321847363289876,-0.10540221831330882,0.020482085743952494,-0.051466891716686836,0.15854107475612678,-0.058766608825832706,0.07877942215888664,-0.06720666456846813,-0.0983526693622443,-0.07613117703371652,0.028177638869094135,-0.2085641778007576,0.10821580410144277,0.09328419501528362
2025-12-05,-0.0004793765533375738,-0.02421903627583366,-0.11130511528652359,-0.025865475501401836,-0.03418768862324528,0.2522617942442596,-0.007203475222484768,0.13184381559715097,-0.07104969453758414,-0.10589707381747476,-0.08372554291859446,0.07999801011595092,-0.1018083299247145,0.14094632041324234,0.059487667555497725
2025-12-08,0.014876810095310777,0.0028804862999958214,-0.08269298470770087,0.011841760613007457,-0.004927404514783351,0.26350189145029324,-0.015787882845587076,0.13958749172720797,-0.08199285654484112,-0.11849444287033101,-0.09065620494416182,0.09919398774676852,-0.12992853962782364,0.1009732043664216,0.04098521012453005
2025-12-09,0.0035719114131735896,0.032497105925673786,-0.08421250405795222,0.027954722605345594,0.027037909798384385,0.3079656665861499,0.030124737738735197,0.1726399601845966,-0.07728673583724965,-0.08739133618188366,-0.1286473421742741,0.09764939347608864,-0.04212486735200438,0.16905275411221887,0.03932765414813311
2025-12-10,0.010247615710993307,0.051219849964703745,-0.10515178072159803,0.01402635886589687,0.04064088331575866,0.29632187177320707,-0.04604520925975791,0.1279070452178061,-0.07622544246656698,-0.08704608787290369,-0.1211759110996724,0.06689313676525105,-0.08367015516020626,0.1775421335166959,0.02080668504867289
2025-12-11,0.007135650223303203,0.06369846263584056,-0.06153010222730648,0.009620123252288781,0.05404502798699373,0.28347534865981217,-0.03774879939990927,0.13161611915477694,-0.06988988855298989,-0.06729159923182676,-0.11233880011060826,0.042259287064614626,-0.0935955221785646,0.22453554764142636,0.029627177271538185
2025-12-12,0.006767507698406616,0.06365067072815367,-0.05298620429445089,0.058738348169145915,0.05388082445936293,0.27714229301221055,-0.04605946915448833,0.10429442869816946,-0.0372543597904228,-0.05568778331452756,-0.08033730074839296,0.06058783888767394,-0.1124166348137573,0.25558935665645854,0.01257952052072886
2025-12-15,0.006762448199137183,0.014476917224241381,-0.07326089928581525,0.007858263228361695,0.03366261660488612,0.20811100794260096,-0.08229390654750707,-0.016705279997746264,-0.06290155901140981,-0.0775711244661691,-0.10047376315783973,0.03537757123606328,-0.1661688855229949,0.19994243876754625,-0.0214125491237519
2025-12-16,0.01074603337951191,0.026150879654146753,-0.04439456917066925,0.009356249296056829,0.014566224021861807,0.19953701045123307,-0.1216417044595835,-0.02252271796800903,-0.05615010302319451,-0.0765734596545255,-0.09499295018522713,0.06574410705859707,-0.12821386560044806,0.26041148584643287,0.01791299731867735
2025-12-17,-0.0009453866572464165,0.037498430475327305,-0.025826790369956276,-0.01674809108145925,0.041509271062698416,0.21598094511312327,-0.10570402026380915,-0.07082317322454146,-0.039299972816512374,-0.0402907138441147,-0.07313880152788454,0.08201578262498505,-0.16343811099764893,0.18484492097472494,0.025720550880047877
2025-12-18,0.0036814332697850394,0.008184003204315227,-0.027746540278406895,0.004477627066463041,-0.006561294470788681,0.1538532603050638,-0.14078666542513918,-0.15199759672080998,-0.07243181309694607,-0.08509902526616431,-0.09238562439815134,0.08401421722176733,-0.14253630107527332,0.1510205562743368,-0.009010993897109687
2025-12-19,-0.004034877967421691,0.052464594511848706,-0.016865380242956085,0.030244830627990327,0.002142143552050335,0.23441762179542308,-0.07838623687440036,-0.0657721790850529,-0.06904430411197898,-0.08661589190454316,-0.08935278018495207,0.07038101680409231,-0.07191890810088447,0.15365864836179327,-0.006502427959686252
2025-12-22,-0.006858604655000933,0.018202662257668534,0.04802983871181615,-0.003008955786351075,-0.0035158055534727506,0.20849508349400897,-0.11392285258725637,-0.022626990469584274,-0.012612702285770938,-0.017727253938149723,-0.0475829500145839,0.08262909471602481,-0.08066945044758894,0.17229757448117072,0.0009128708962876653
2025-12-23,0.016852817080142413,0.04899858301947024,0.006361547693111813,-0.016402250695725096,-0.00927604081896194,0.21245267882272056,-0.10389220688478529,0.0026387962528436892,-0.023692737182875234,-0.01079692834691487,-0.049472248827552745,0.1085059004094644,0.004070878582154047,0.1798891028628402,-0.0105342659454003
2025-12-24,0.0046306040517856695,0.05500154548616898,0.019214334943995215,-0.015198469099756862,0.020773111354894125,0.1618750825346575,-0.10286129467255067,-0.014608358895457862,-0.010339671990785948,-0.009297631460634281,-0.027463420849084708,0.09148345004806657,0.07096955150044065,0.16126357123397345,-0.034690020390648835
2025-12-29,0.009701916530056476,0.08154860774927541,0.020862573517075655,0.054738480205182904,0.107780357083746,0.1571972826485799,-0.1456915327729067,-0.02528617488842866,-0.01394965320782815,-0.007245913720201502,-0.016047325733693052,0.09226214497092305,0.11953501254982635,0.1467912949000233,-0.02527465458865963
2025-12-30,0.015506397575003883,0.02438023170762793,0.014759652007849067,0.011389742187809526,0.09444821005298187,0.11501552232072937,-0.15033459211919117,-0.054659450971022705,0.009354015180669473,0.018810152393661128,-0.016452952607320603,0.09770134504123834,0.09537281189237529,0.11068122385993612,-0.030202401502327114
2026-01-05,0.05306115041187248,0.03176343387011227,0.09514171088047024,0.010209507458544653,0.09214365022500881,0.07351279954012985,-0.1823862757868443,-0.009247083684464419,-0.016923920109387758,0.006972160878401745,-0.05945322572165357,0.13103206558288039,0.16942694535751507,0.11725281859809361,-0.09790658950155018
2026-01-06,0.05226220292136624,0.036556075175792624,0.08707141676939617,-0.0226976077436849,0.1013007373313689,0.07331776998781758,-0.1604663807185549,-0.004273953599823133,-0.0048950328743144755,0.02972489295742875,-0.047384313040024106,0.10388588543919769,0.15470321167526685,0.18793828831953968,-0.09196324382485899
2026-01-07,0.0335029798482106,0.06006097082524209,0.08817036533221068,-0.009480405815738724,0.10945112489262632,0.06393590251978248,-0.1862973792126234,-0.007911548859723588,0.02039329844668697,0.05491927084811876,-0.01578460452446595,0.1211911536700585,0.1418023161611054,0.19013178490528315,-0.1451482954791955
2026-01-08,0.045470445560701955,0.06152858398724914,0.09438966658698461,0.004497477507779513,0.07509647561114152,0.06298516322352193,-0.16273017180362184,-0.05814897072646061,0.010065684881066905,0.0464617152845187,-0.01521756745269287,0.10230103079614111,0.08445123308086827,0.14052459189835492,-0.08655729993402739
2026-01-09,0.041172253614335574,0.0519577865495755,0.0821121186161769,0.010872768453946025,0.08703933394142926,-0.016692963096097635,-0.18259570492349897,-0.09323369394192965,0.08075211105782476,0.10456015788505973,0.011909893180511166,0.08182583697000506,0.006954456853141278,0.13357618303237834,-0.03644514743215721
2026-01-13,0.03615355216031746,0.05382249868127653,0.16540042378772457,-0.009294048171645475,0.06139007486602077,0.007170899270612985,-0.12400346137208951,-0.10511388713900971,0.03859735953573645,0.036446341106533,-0.027879962214113263,0.06995243977603838,0.09067095078651022,0.1256540102187209,-0.08501763800932838
2026-01-14,0.03433753312611404,0.04857473042682958,0.18888548402066158,-0.023384746858426952,0.12470037050634253,-0.04523988387290562,-0.21100841369471723,-0.16502831157231285,0.03171556951927468,0.0387861688732824,-0.025440999488097082,0.08758081022537506,0.08654412854732701,0.08723888361286442,0.0009996994169416684
2026-01-15,0.017781171724491673,0.05544867177558954,0.23381119649763682,-0.02476373264721876,0.10484951469576154,-0.04189785182157424,-0.17724551085729484,-0.09089816364208847,0.08261576016713534,0.0917779853622206,0.006907731562515673,0.1285727126822488,0.12973058701892448,0.036218440417579045,0.03779927240980474
2026-01-16,0.03458684742559853,0.03950677112399248,0.20369981144368648,-0.0018357834164970388,0.07872049247849133,0.030267648456612173,-0.10852861213805332,-0.02156258969846575,0.16658945725266067,0.17902134288379212,0.05417716847184251,0.1366779878825009,0.13774191190232526,-0.03449712672471056,-0.009888166795176123
2026-01-19,0.038084763070115046,0.02751604166101629,0.20064573480073994,-0.04798314178910679,0.16863667538812233,0.12309872272715178,0.007875362641970307,0.03762166675457679,0.16329229301717196,0.19313543844266656,0.03930839031782862,0.12340824210789386,0.13018275805255425,-0.06438833231881619,-0.007950660373076457
2026-01-21,0.04314131326851606,0.05476911339439017,0.17494169107889707,-0.033535463863900716,0.08378698079451108,0.18461139355563633,0.0883647589058767,0.047110907183997824,0.25033304626081704,0.31302522858698806,0.1593667687401532,0.19546218300171997,0.25229822203372493,0.021532350387833132,0.07402688758973086
2026-01-22,0.03717970776226098,0.0723496219764388,0.24187758317062746,-0.00847763124310541,0.11216721010080488,0.2097880713735676,0.15259478611025284,0.09918705433293784,0.17807112040439038,0.3153413111075054,0.1314728674469008,0.2054974775021332,0.2959507936993989,0.08890526944536037,0.1650069592943404
2026-01-23,0.03915546626091104,0.09873649680246044,0.15008878135409554,0.03176964851127129,0.08947887583389591,0.24803723279235812,0.19831745090314679,0.15075199299776687,0.14774271013846796,0.2862713502795872,0.13700102217806442,0.14858345662031858,0.2328867251690131,0.14893847882566036,0.16446207889096476
2026-01-26,0.02536719991388281,0.13684576441800367,0.19156013335909516,0.09486672130666762,0.16413627300733158,0.24876951710793016,0.19878361357647412,0.18068289461330667,0.11422103314840054,0.21197109345213877,0.06661546730326018,0.14609001478744355,0.22707698101912388,0.12563888324025319,0.006863367593287872
2026-01-27,0.039899583055528653,0.08622264527344337,0.23058262844144595,0.07060093777535759,0.16019481641441347,0.27239259067000776,0.24345639459002677,0.2525960662415345,0.13072626719786723,0.23940740543073163,0.1611738298099873,0.20613909304175604,0.19397053471362025,0.12861160799277105,-0.05805652089404578
2026-01-28,0.03925281304922429,0.10087438942683336,0.1456841034871849,0.08272044445267412,0.15987608874828507,0.28587021456457357,0.2286808853069438,0.2529491350917998,0.1413044266058836,0.2178090676944397,0.17922139962477002,0.18671816872297203,0.1758333206484018,0.10948661245760155,-0.03819156770579568
2026-01-29,0.027942783790431913,0.09122213381817224,0.18398696419582228,0.08166115379985261,0.13765064684133255,0.25806440268659825,0.20611384553557083,0.21809318847846126,0.1379391153290418,0.17417507592711529,0.16369384461149583,0.18107264873526963,0.16438335666499682,0.11784506358222424,0.09271493954991972
2026-01-30,0.024632171277769288,0.06518161136222089,0.1918543304396919,0.07306426970930313,0.14523365298003676,0.3620495959475487,0.2609508969604925,0.31794761997094956,0.1516070880319333,0.1954577557808433,0.18886656066427987,0.20022083232692223,0.12399107034875667,0.11391196230908507,0.10760164698410157
2026-02-02,0.02851877076831244,0.02816500627771812,0.16789502335143047,-0.03619787386494755,0.036058714705075046,0.3484254409712545,0.2540771784942481,0.3062413493939433,0.1136418932620023,0.15806056236844018,0.14171116448770094,0.1319280990119669,0.08322404857073118,0.10681543618097666,0.08314023640675583
2026-02-03,0.03319931722694447,0.04832529410618214,0.20477774153934802,-0.022181061984265504,0.007735339657987228,0.3848039177453385,0.3021003672667678,0.3282572994706565,0.10782265916597394,0.15332758794496137,0.16354890629212326,0.21475842765781228,0.1280394691462391,0.09500378017140332,0.09758300984543233
2026-02-04,-0.004931123307458152,0.05136290872046834,0.11601529834356261,0.029116036431751535,0.03490744758643882,0.36603540807496904,0.3443062143547315,0.3715669726977811,0.04932834158711791,0.09132571412331414,0.13206429182295498,0.17469320931205246,-0.06406895424931414,-0.0075765697060813375,0.06398771451964524
2026-02-05,-0.006162223860546878,-0.010874753960552708,0.1002199035972382,-0.012358856946076635,0.02196915438224356,0.3349029899864586,0.33177634579694326,0.36723745729453866,0.05129005744313858,0.08379793059152008,0.12439098900896506,0.13999425388611875,-0.02455896755705167,-0.1439808335835545,0.0817340312392385
2026-02-06,0.016013147982010145,0.04197376971959865,0.07023964211938172,-0.003885323523070028,-0.024343061633011698,0.2782588021692004,0.2924240716217648,0.24821343088510794,0.017212550507502644,0.059677376319788866,0.08416244994222488,0.11654526554401312,-0.06233257671903514,-0.20253356755147722,0.053384897753077865
2026-02-09,0.007696184772165937,0.09689577077509759,0.07515117117827619,0.015326159635377756,0.056652141966424985,0.27162606101222375,0.38374709286433695,0.3294368750059352,0.057413865740672476,0.08037086142521022,0.09913450793204381,0.1584436998380503,0.06394249390753337,-0.14303615493472388,0.016434387112777005
2026-02-10,0.023078301911205967,0.1303007965317109,0.05484124100681287,0.02603775796417196,0.05924687322049449,0.32446424509487004,0.32936150914308904,0.2858131020872338,-0.03144897746774966,-0.0011604782679944803,0.041951450671362966,0.1306155391862196,0.07715055156316164,-0.07058934044537968,0.023022762082064663
2026-02-24,0.022425222609340434,0.17410476227009108,-0.029428659933078416,0.03123532753381042,0.09919312106592526,0.3549184507941421,0.3499622074549719,0.38315004374670913,-0.006368576492910782,0.03661669474020124,0.07806035194346195,0.15239922164666841,0.05146137339953327,-0.09775910057390613,0.022812946063798356
2026-02-25,0.03484407714287552,0.16374142771855094,-0.07870214765676953,-4.924152295360251e-05,-0.0036406231530906608,0.3857250013511839,0.45657446354361486,0.4101896612423517,-0.01000615542519212,0.03642628837425477,0.06722495603802969,0.13760776297037736,-0.007575707715047675,-0.08706860964708174,-0.0051400173671984906
2026-02-26,0.03234452597433091,0.1420977163561472,-0.10656808777177673,0.028453166733386492,0.008757064612958443,0.43238375867614376,0.4482763962006374,0.3542305271484472,-0.023418756238115235,0.025955070927969004,0.07298405824307541,0.17681184903731784,-0.05529026818957461,0.02232744050713087,-0.022875545472995085
2026-03-03,0.02418028114754478,0.13680020764237266,-0.17722077920293833,0.012294057958652793,-0.0152550562811955,0.3420276835526863,0.31681669506880683,0.3150439515666586,-0.060335922518634344,-0.08573075549157516,0.010825794974208769,0.08003069121914563,-0.14338415766107981,0.05274083802514773,0.024407291999363756
2026-03-04,0.02774613730785025,0.11035280350303789,-0.18599737316182996,-0.021216312144283878,-0.07266182574277658,0.19524545219778056,0.16940086377921398,0.22394136250731567,-0.01146903785436465,-0.05875950559767518,0.060541232833301706,0.0043329935862589375,-0.1717138893451322,0.059549204185561644,0.05060808532311534
2026-03-05,0.024564247935906947,0.1620942414477935,-0.14481956825540387,0.024150271039819815,0.00883432270303064,0.1883753221608624,0.09633095323907215,0.2589153642770369,-0.09689576319165344,-0.18234385148160726,-0.06664954948658564,0.04021187412035343,-0.24223176145438385,0.022338954875400607,0.03136001489999152
2026-03-06,0.02590680939845036,0.12329951254752847,-0.1970128696530713,-0.021745991444665158,0.017426789522609676,0.14708259716816063,0.10667406142826735,0.2294607278438509,-0.050572483727227335,-0.18114123663750004,-0.04133754911235754,0.021799715577222933,-0.27875782960715445,-0.07249836061922132,-0.05330968668208169
2026-03-09,0.02908587518518657,0.0775231235516829,-0.20662077414541113,-0.05736982658221623,0.00033203910940582393,0.05829130116504366,0.023905626745821695,0.14382687993073717,-0.03509133916166696,-0.16002683187391342,-0.037822839214580184,-0.006118803454998933,-0.2805085914544073,-0.06982635762621647,-0.05913804874618289
2026-03-10,0.04228311560414155,0.09312383284934844,-0.20988089552354017,-0.03784718475372584,0.015403250478256414,0.14513083200116195,0.050401918779131805,0.15658592752924294,0.0052219991748396755,-0.06867440867401253,0.04320892508278196,0.05644116990190262,-0.17387167386831492,0.004618537252851107,0.15891431670969147
2026-03-11,0.04336976335920517,0.10800874232106406,-0.2605345429906444,-0.03507412570154056,0.02409388817482272,0.14615738260510025,0.04742084840110794,0.08879212211181808,-0.028230973697456363,-0.14581687549272315,-0.0905394234318676,-0.01222159290233582,-0.2206734491605069,-0.024717487123804283,0.21157787939498385
2026-03-12,0.023037063583316142,0.08362192561513337,-0.2746577436065244,-0.060236504404828084,0.020362674534515013,0.16898203412905788,0.07128311252405217,0.05068505693328751,-0.05858622961753701,-0.14745838973193903,-0.10820898205438989,-0.010703681120664221,-0.23773859688774113,-0.0014441459632034137,0.23422827608851804
2026-03-13,0.017877182640003042,0.11289079846628391,-0.2714779762397762,-0.058638043977275345,0.06673489278025502,0.28753761029580815,0.22030331459476632,0.20118110277559997,-0.04522661745163131,-0.1104039260493338,-0.10317825365848543,-0.026644761509149517,-0.2171277031421286,-0.06885905097276257,0.06815479813502068
2026-03-16,0.010958488670018807,0.13105174361899186,-0.2636718423397678,-0.0672910712102488,0.038039694448472106,0.258135549458795,0.26379604298647436,0.15436309179767482,-0.06236112753541828,-0.11440889030274204,-0.11188499255752449,-0.01035272290179956,-0.18975568131778664,-0.021906369335514264,0.06914696121284047
2026-03-17,0.004807003481568151,0.1327574439808411,-0.26145082568267497,-0.03731935845908119,0.08683131660534671,0.2549473340273267,0.24984361738902244,0.18998568647931535,-0.0700161004877442,-0.11357864788346494,-0.10580167884003588,0.053309095443967,-0.11366457196526536,0.02098495233394715,0.08646094715442831
2026-03-18,0.006601148695023595,0.14629551455261858,-0.26730672534475686,0.030251327319313237,0.07362432261049134,0.270406722106906,0.22460415268115763,0.23401279397330965,-0.050708294184511504,-0.10457056012031107,-0.1159811511920702,0.0211072197910116,-0.19494896099066494,0.06416437605616321,0.002361367032934658
2026-03-19,0.007971587356493948,0.13712906723410367,-0.2537554955615996,0.018785228176041446,0.08947112892717757,0.2866658984119207,0.1977261648257529,0.20944404171650943,-0.024629875621158315,-0.07651424318956013,-0.09243206518981417,-0.005226050411518801,-0.04500751682226867,0.13934881210478323,0.03746224059119496
2026-03-23,0.012346570213410901,0.16671670246425363,-0.25826055268911374,0.011381642233339928,0.09161063194016139,0.25139226592819763,0.22521089317034593,0.15147627338075698,-0.061123549443887426,-0.10374656720752073,-0.12026748822540656,-0.003933651479141376,-0.11575625368386044,0.15210614057331795,0.008977968017460647
2026-03-24,0.006681879375226685,0.10888151984444927,-0.2368476427571955,-0.023032522106325892,0.13221867300697876,0.2451314516341193,0.19171601552341827,0.1607694865174213,-0.035376393706491926,-0.07166231618729857,-0.07606154393385489,0.021354044059336164,-0.07035418749884081,0.15257179463390014,0.022397086397843657
2026-03-25,0.0006958027980139558,0.08891727660245419,-0.19885158218396326,-0.021249879589801957,0.13213497555613474,0.31295605083067113,0.1868241906649205,0.19716856009115913,-0.0707999692484853,-0.08421282529086194,-0.09816186199157872,-0.03601853807273647,-0.09252130041697215,0.12403486508510153,-0.029699254386360896
2026-03-26,-0.013749351398636867,0.08138186348557319,-0.18785104153947108,-0.03491645586212422,0.06813713039146996,0.26169025458098494,0.2795400277556849,0.22652323065293645,-0.06638810444208765,-0.06435456582316101,-0.09208236497868527,-0.05718617172433049,-0.08697622267499727,0.07884878950078833,0.06911577770432942
2026-03-27,-0.02444984800936778,0.010770872351743233,-0.20534051944314657,-0.06416625807310927,0.09531497915406173,0.20631734652463285,0.20443410578093257,0.16712423890357841,-0.04312513276240043,-0.051074172549285146,-0.07658904239000597,-0.05894639404710389,-0.15234364522146115,0.030176771646358125,0.04641382621099377
2026-03-30,-0.033367460075505395,0.029734884949690787,-0.16373285423640016,-0.030773321338896764,0.1714877738140944,0.19407293573952455,0.1814060118307642,0.1758870470410443,-0.0007246336799517361,-0.038753545087846786,-0.04497503704392025,-0.05712008191479223,-0.1498148703693747,0.022659253006189983,0.007103756782956938
2026-03-31,-0.009894729806784075,-0.014951161466377094,-0.1859417675477969,-0.06889700454460979,0.14576488753898542,0.0653512654696522,0.09723238861906025,0.13338288979895008,-0.04131393150995677,-0.07592514019703545,-0.0966987090075162,-0.15414833192498334,-0.1411125623617212,-0.07572390436786758,-0.0304670140060479
2026-04-01,-0.0038389659495206008,0.042553042456587864,-0.1200552372962137,-0.028389384593017652,0.19893897335664879,0.13090477724901328,0.20402922266222345,0.11066832181287112,-0.10633367640823854,-0.059276876213428586,-0.0988386904959615,0.008943333305105772,-0.03417767575529018,-0.054813197977012784,-0.02608412009429595
2026-04-02,-0.017751599808492724,0.10957816302807544,-0.04846777969974425,-0.04164541916517828,0.1635076701403514,0.26990900884364166,0.2726806359710936,0.17905149164802958,-0.16452142575076317,-0.12803309099537197,-0.155285291751313,0.046445923181519855,-0.016937595218344703,0.02061931007583928,0.08659014238922513
2026-04-07,-0.0036902126477301733,0.013340593325680716,-0.12781391843530587,-0.06143617849116856,0.11953813399193824,0.2823024690557999,0.34796373514215806,0.20459256752179023,-0.16276914301548173,-0.11715592087725102,-0.1509965026598461,-0.03744863117370745,-0.011110905753157763,0.00694625891425249,0.04395684743426631
2026-04-08,0.0015982307232159654,0.08357560873692504,-0.08291740235399958,-0.028633118329655982,0.11480623905790976,0.37054816614318764,0.3030712177898772,0.272147501275791,-0.09707217925635919,-0.06493052170739144,-0.1226652876241825,0.002037754719269036,0.08544038908451557,-0.0010359749572538268,0.029720313113999586
2026-04-09,-0.0007890546142862442,0.12509405762538162,-0.03288938661823271,-0.04991840201585873,0.23192383114634363,0.43522853221857716,0.4081836291388218,0.30322192559183536,-0.10260326092378153,-0.08618761653589935,-0.1553280276269715,0.0038014591734152336,0.12385758063433183,0.1152974074395614,0.14625322822540698
2026-04-10,0.004657066290710943,0.08488880131303711,-0.06232526114424741,-0.1106911823588912,0.1892304823475034,0.3742089149406246,0.39798667612266847,0.25685773308917637,-0.09389354901708641,-0.09525704000558932,-0.17111375530743111,-0.06162658195907733,0.05732450421689905,0.13246979401672643,0.14817067435257358
2026-04-13,-0.008828303376300362,0.1550223894260223,-0.009470841911343175,-0.05391977248366642,0.18805477131332682,0.2997982654482909,0.324188368022186,0.1986107840966551,-0.07627912752123828,-0.029721007337346395,-0.11595652668833345,-0.0582826267722274,0.048857776185735724,0.20485511726906602,0.1718500590216625
2026-04-14,0.012963471505750612,0.1622239801433678,-0.000774538398686464,-0.05309189918787438,0.13823816083290985,0.1836550365728028,0.27550304930118075,0.17688173569409849,-0.05786467922788063,-0.028749005286901275,-0.11656976573140398,-0.059282422377836874,0.08152190014269844,0.20809901135649433,0.15132001813857976
2026-04-15,0.0186328141714186,0.17762324457645828,-0.035692295341008595,-0.08885467367745936,0.12774935987608715,0.14444154014426613,0.1791440297086463,0.09887865088635639,-0.08653180536570237,-0.03052149429336004,-0.13308156758612544,-0.03111902033782732,-0.01526462819163954,0.26578399768465355,0.1715693443865286
2026-04-16,0.01898343277657011,0.18549204316825785,-0.051504913542903985,-0.10208953641247631,0.04859462165612749,0.09675436071732602,0.16636315636207044,0.052182909174109504,-0.10207637168897143,-0.04196073697262537,-0.16839650411369722,-0.041554084527982926,-0.04470655846591187,0.185681081960418,0.16486493799042212
2026-04-17,-0.00089324439245142,0.1767715317355285,-0.04436267395841209,-0.12957699576744508,0.01590996852232629,0.12821073778874492,0.23373308120493352,0.057395465381489874,-0.028102730007815324,0.01861909376771098,-0.08832680024881534,-0.052085857225947274,-0.09902856228527857,0.22369442798602002,0.24202629055674818
2026-04-20,-0.01107250532609838,0.18644942848952328,-0.07224374888347629,-0.22747135209204083,0.12262478501116592,0.12612493781062162,0.2979611707147395,0.09526908711778892,-0.05088009551728534,-0.01055640219302123,-0.10802389703105064,-0.12082059476189988,-0.04992303504821016,0.2655793197614781,0.29071464188401497
2026-04-21,-0.00621124198928924,0.20205179624510783,-0.0587827630982789,-0.20603062027295893,0.18971008620894259,0.13381474595934761,0.26306147208610375,0.1056951309733909,-0.06284817292668177,-0.04252160900307278,-0.13292714045988918,-0.09763896088033108,0.036725190339498504,0.24776495477958027,0.19049803770927776
2026-04-22,-0.021806895551832572,0.19814113268458988,-0.01702931886961212,-0.14108891802997947,0.22405382085598924,0.2147541735957429,0.2616389554326408,0.2047032354188585,0.010950984963880028,0.024255486465089682,-0.08012267895395742,-0.0685916056881255,0.15570178589023664,0.2761615562398866,0.21826730730605337
2026-04-23,-0.006306478135708393,0.18897408266241666,-0.07012422415993946,-0.14894476741391527,0.16021487798092293,0.31372690930361025,0.3365503993493374,0.25647069209515105,-0.02196728363174899,-0.02105736627602517,-0.11828085100779084,-0.054028139260695496,0.11247491715010105,0.29903118822323205,0.20099948771155907
2026-04-24,0.01703598678313123,0.1908441085410486,-0.12065907523914365,-0.16080386298256388,0.15481277612896804,0.2933956143804993,0.32941065879797193,0.2509908871238239,-0.04768859474320086,-0.03678639776464521,-0.1522403559201908,-0.07960772076323963,0.14567842151270338,0.21540897364482892,0.2159821274656789
2026-04-27,0.03524676086303835,0.14968251922119857,-0.0834541924327028,-0.18831078355545117,0.08466041344295927,0.3410481411048558,0.30029305742540524,0.20939475928008877,-0.006565722546098995,0.016195904121907634,-0.10341546254394696,-0.02931127273661238,0.13765551451633684,0.27029877794386115,0.3389820229712348
2026-04-28,0.019478848202879373,0.16074679454847196,-0.06315067996554258,-0.15914296731188804,0.05125701683294326,0.3138878779670152,0.33067480029568497,0.18991318077716157,-0.04016497086001475,0.00036835856989703153,-0.1282188087072882,-0.04488427732054212,0.14739658676701983,0.3345081468563509,0.431368236455522
2026-04-30,0.01236391159884176,0.1305381810011026,-0.08410764999962084,-0.07913765136042383,-0.00503887933198377,0.42341411807924134,0.3816142016370394,0.23579652259553163,-0.02976438025132483,0.03554954168481361,-0.10633208963377161,-0.05874393641380149,0.2692625441058317,0.33086639382440797,0.5593829885378793
2026-05-07,0.006084960844581988,0.19006650787696966,-0.09820218231064048,-0.05028852006993412,0.08692371891164452,0.5274274427388017,0.4504981451600343,0.31409387651430587,-0.03436831500126114,0.05628788210990443,-0.08001637535480055,-0.029177582279391823,0.4810882461915046,0.3683108619263996,0.6054676976180257
2026-05-08,-0.002535193321782314,0.10290934441295985,-0.1250202946142256,-0.15590269698317005,-0.029568739108578046,0.39460623160196284,0.30481473799800907,0.2351831525404391,0.03936267574733204,0.050100599745048435,-0.06642992750241106,-0.1136319977120489,0.38932165099667926,0.26703000025458334,0.5587131915391248
2026-05-11,-0.025076547346510436,0.12001213892793894,-0.1674341756435488,-0.13662415023265972,-0.015099796572288438,0.36248542802958217,0.35384746747964735,0.2941394286379563,0.13788283492155945,0.13536928590375896,0.013406021413634894,-0.013877308950173806,0.41275621324994294,0.27065165889595055,0.5818923830053978
2026-05-12,-0.02602321633896676,0.19562308834167852,-0.09484280038601578,-0.1483930510499918,0.04705883268285893,0.3128587372346163,0.2683630825020893,0.2286614756083658,0.13090628362219658,0.10505890063345169,0.0007804050025160825,-0.03696758922593324,0.46675531624185906,0.2820480236659476,0.6269222772666743
2026-05-13,-0.03127859687418555,0.15616678234105796,-0.10757286383136189,-0.12135374820103406,0.05818766488499716,0.29507599148763564,0.2829111995278859,0.19893954883231746,0.15021257353337442,0.10497631832391763,0.012896369410903663,-0.030388047565812593,0.43836594008988095,0.2840547489085474,0.5728174910277247
2026-05-14,-0.017776996422366298,0.1267296520804404,-0.11966414633900369,-0.13949787975358263,-0.045200161195180666,0.26842505642972814,0.18946529334968132,0.25872752986160463,0.08876836629917806,0.038220582095325306,-0.01645959653292095,0.03615258229759488,0.42464444157010284,0.19747871575453801,0.45585323557276247
2026-05-15,-0.012922883174847799,0.1521715837426001,-0.033727112774657786,-0.10697652190769258,-0.07458715497465129,0.20712021055170537,0.14753158138902112,0.2327101008511958,0.15904027520886838,0.050501952627817204,0.0071302464432572155,-0.03387483355851384,0.36679309169959473,0.14234853024989258,0.4028321069916442
2026-05-18,-0.011058707352287866,0.029609267243729587,-0.0362206179200073,-0.17531941666334472,-0.06223302169146372,0.2279499423061141,0.17997830597965114,0.31781138601942494,0.17576224385201122,0.0674566686587662,0.03223212461926506,0.036729604888405376,0.4252487013832197,0.07598892950455438,0.33639501888403167
2026-05-19,-0.017894923673311025,-0.022218146959802176,-0.08709107746453004,-0.17494964604831242,-0.0671701346147826,0.31888443963423296,0.24367793105425284,0.362378527275962,0.2242716943694384,0.09821190358185594,0.08762238717311288,0.03102035687587379,0.3911195968281833,0.011921969733423854,0.32800885220835674
2026-05-20,-0.023570624677747065,-0.04995723661131635,-0.003966232180055762,-0.16624050650400846,-0.08965150114051534,0.3059349504161841,0.28195613794496543,0.32706936230929895,0.3420873365697709,0.16509785665919097,0.15864880207055942,0.026803894484621504,0.4827891369191425,0.005395007448734446,0.3888023163721026
2026-05-21,-0.02759887840714126,-0.01189616051019926,0.05575028196693721,-0.1319716290432429,0.013429357742761105,0.3361386828517783,0.2160339522975272,0.3739032239050861,0.3261867215679337,0.11301753874743525,0.08581243314430198,0.05616353486822778,0.5740849733240747,0.053848079829670326,0.4202958340741251
2026-05-22,-0.020098247703904004,0.07208140774325855,0.14360748624381714,-0.09754362363901636,0.011690995241967261,0.37822470095626926,0.2501879597581709,0.44327164340235314,0.376618066606891,0.1061490454850158,0.05528504204086493,0.009053592551911849,0.6536537879807739,-0.06696104382382218,0.3326708453028778
2026-05-27,-0.01697991593718884,0.06592354050729066,0.12432811182569092,-0.16573377282697133,-0.09358502525008705,0.3081262346826835,0.12429289889431061,0.3444165717429628,0.32932404617532535,0.0345608153187873,0.11752564360823181,0.02994941210767077,0.5789271197747541,-0.037210526517597486,0.35043940827765585
2026-05-28,2.6205675575763365e-05,0.05123738855906246,0.18074683805100245,-0.156354850219514,-0.13042188627331996,0.24119263333517904,0.10187973530349126,0.25029345034097505,0.3545514785614229,0.061942814742597885,0.2299562458530775,0.01590659707112152,0.47834933505527566,-0.05346048423903382,0.40935777258969686
2026-05-29,0.00825957981315295,0.0227548417090373,0.19607918109669042,-0.17058171284451484,-0.13382186166408672,0.24405091997556416,0.06436098024457027,0.26352020314412783,0.2716572167421178,-0.03896561642971008,0.08646394349604003,0.06199216012037834,0.5547813708612518,-0.10461748406404292,0.37604262063758276
2026-06-01,-0.02404944395219699,-0.010452279601973036,0.19746259287752832,-0.18544610020431118,-0.17817900230057993,0.2048985839712364,0.12164692984870729,0.331398780396678,0.19713222584452134,-0.09482249277177046,0.04738773996110557,0.10870458635109836,0.48900731170935097,-0.16559724446950663,0.32058028954019124
2026-06-02,-0.0357737852140978,-0.06757514758677918,0.1567292911155712,-0.22548678051730286,-0.25144601498734387,0.07602267232681581,0.005193002888397524,0.22388627908354097,0.20937225341894833,-0.05339745248162153,0.0705160206471307,0.19061203867267684,0.36639086842793045,-0.10288756031943347,0.2768982819234902
2026-06-04,-0.053974108447843006,-0.07346974966080433,0.18989682600410163,-0.18386791202754127,-0.10776067214646556,0.020806854799537033,-0.033254435060523835,0.21369947946777146,0.2117801412974799,-0.062379054986971716,0.07538127606288869,0.1771971835293148,0.3056092046624913,-0.13000054595630395,0.14274498485029663
2026-06-05,-0.02910393235249764,-0.0898529583085983,0.1477261643956984,-0.21249238364286804,-0.15413463476813183,0.008681897620958168,-0.08119238941562357,0.26684585143174766,0.19253205667799195,-0.09446675450321051,0.04192086261020245,0.13321251395156408,0.25357254804885165,-0.10528382445302176,0.11617790876545397
2026-06-08,-0.012513166584857904,-0.10861945231289516,0.09116133951333816,-0.3218467225474153,-0.18522015093727884,-0.08437312003040276,-0.16484785035947547,0.23415004866647204,0.11827227116740935,-0.18450958897601122,-0.032005339244705056,0.07623873556996563,0.11367004410230486,-0.19695234984432353,-0.0919950523414721
2026-06-09,-0.042591795821753764,-0.09449492110589341,0.13835671922748038,-0.3527911095003814,-0.26250483561782445,-0.07409695843433961,-0.08517552148316032,0.22819115293410952,0.16718735011004038,-0.19507738456859058,-0.014547469140281266,0.13354642900185176,-0.010651474799911465,-0.16154230505711376,-0.037965087991549074
2026-06-10,-0.030082335965911366,-0.07745287462777761,0.1439665035588764,-0.30836060393555464,-0.1563290874354485,-0.049081865069353414,-0.03219296607145827,0.24791782748522684,0.1363237627777189,-0.18381302093671092,-0.00360985484143006,0.1079318414875341,0.0026190130367823583,-0.031900223426482355,-0.003305776412659167
2026-06-11,0.0008980410009351569,-0.10188536435083684,0.22895853366571373,-0.2644568876121859,-0.14036497710438467,-0.12861468788203856,-0.13565798428524878,0.09628742748027475,0.01837989687825725,-0.2684250611948169,-0.08890315444693186,0.041128204915169775,0.04536179199426704,-0.10249692547784339,-0.13592187117945942
2026-06-12,-0.0024603327809610276,-0.07444896198872208,0.24638893857805044,-0.25411445766526386,-0.11783569937904503,-0.1108276773510366,-0.13281489181924433,0.07892887918896319,-0.03478792117313567,-0.309298064913362,-0.13048111957893604,0.11905108496181871,0.016978346423021873,-0.03451062354070611,-0.10360332803904604
2026-06-15,0.0009296213292734334,-0.1017588436636927,0.1215894046793341,-0.31087111232389897,-0.16218604211365584,-0.1077537961854913,-0.10149641127197129,0.11064703305478119,-0.03928064826318156,-0.29945289596063396,-0.11974908102818693,0.10526572538541956,0.12124028610408544,0.05213443521310579,-0.009914928825434322
2026-06-16,-0.010834077116518848,-0.09833714056854537,0.1925650357980041,-0.2916147612916018,-0.19350918468392853,-0.0736685321699917,-0.015555409494564354,0.03496109671233072,0.05217546989533339,-0.21854781053427186,-0.05460546393461296,0.08156569913028344,0.11365955091284807,0.06813045830703446,0.01884751614932978
2026-06-17,-0.03036048754343812,-0.10691770465872708,0.09305802798292095,-0.3098790107056154,-0.23518668291222633,-0.011485715714511846,0.024699718172632168,0.18598511014200303,0.03100950375868472,-0.16141963035286278,-0.006122832038695125,0.16634358727442122,0.24493156447224484,0.0999357018086161,-0.0480301300071615
2026-06-18,-0.028402196521671086,-0.026644414530171856,0.1176924571114718,-0.21916014311341092,-0.1776340272724235,-0.045395820784921215,-0.013717034545850937,0.15324315632747643,0.02204321014027444,-0.18373552319128095,-0.02362593829892956,0.15383435434882142,0.2959816096718967,0.10341243459381844,0.030168017682061676
2026-06-23,-0.024810533794439094,0.028666089351675694,0.14805493998380892,-0.2311921312603049,-0.147776831902251,-0.08333202722256217,0.024087933853495835,0.04269631486777392,-0.08174186952659068,-0.24193445586971374,-0.11349861623086244,0.03813343805487601,0.2318353764215415,0.19606622618949943,0.08211185788092679
2026-06-24,-0.03784938206974264,0.025377792276930267,0.11679266390634957,-0.15968067495053329,-0.08665506132729772,-0.115738953754978,0.05418164195558284,0.09560630692085426,-0.05281035813539381,-0.19256268541590615,-0.060761409898853924,0.14900194561261237,0.24627221946634015,0.14669367661837074,0.013514667942664649
2026-06-25,-0.029708643105452404,-0.03363624369218621,0.015606508783064021,-0.1583310829659944,-0.1450097863453913,-0.09089254950701764,0.12429609431723787,0.12374679830849289,0.06170723076055695,-0.11405834432906936,0.07767963737231676,0.1473284424566913,0.2032157257461693,0.0844533906279682,-0.0337933731117217
2026-06-26,-0.003407852651919674,-0.08449492966336436,-0.057733606130270676,-0.21664431642517334,-0.1588050205938878,-0.14678256761649955,0.18796680980491787,0.06903909228602179,0.0017927553001130248,-0.16548034534865064,0.12771224597310749,0.1751150101983574,0.0935261198868026,0.21556822072601078,0.0378968273542889
2026-06-29,0.0033073056959831426,-0.13482374432574895,-0.05583268149775278,-0.13755163396483905,-0.14053390948761724,-0.13403325448601544,0.172860434475393,0.08374023584082102,0.05530796928732096,-0.09208305435827313,0.02975234311438013,0.10709675717284095,0.11414739592652334,0.02777060177976942,-0.02008739282287464
2026-06-30,-0.016610627479005213,-0.0688667515928092,-0.061611435607828335,-0.10070120939178118,-0.15577429052355374,-0.02864449053934348,0.28950973843820416,0.17059047550588313,0.03599674312658019,-0.05618321029048301,-0.055826626089496734,0.12648775875184182,0.11426955076343104,0.05133863887827883,-0.01849809811070735
2026-07-01,0.0018842137274259763,-0.004112254936074811,-0.12031489271464557,-0.14072337424549008,-0.13947947029924102,-0.0802897000596583,0.28903166769342237,0.10474723470561598,0.10330044434708263,-0.027925331752748028,0.03484995724859352,0.015184363863474104,0.04654053162723337,0.12569542729334993,0.0527133623610041
2026-07-02,0.005082772529215962,0.06525488721277783,-0.07209559200060345,-0.04029607550717795,0.03847679806232973,-0.11668786814291421,0.2174094333649994,-0.001690931224702874,0.09848865832884968,-0.028870294329784496,0.02682471378816187,-0.15668248507138682,0.0234471640302516,0.08443163164591994,0.030092752370073805
2026-07-03,-0.009575728036983366,0.032977128416718404,-0.001336180995963887,-0.03604878141206769,0.07332206102346384,-0.04879917201451245,0.3044750098614434,0.04684064418286871,0.05191007802113967,-0.10284970449282094,-0.0019015267367944455,-0.10608846781719838,0.05503759111458806,-0.09477865375087446,0.027974976615360192
2026-07-07,0.005335792959761276,0.03860221970495381,-0.08935514493743157,-0.1299390197468564,-0.05477679738493313,-0.10063336057451755,0.2973384482068733,0.014071393671770016,0.1191744494373056,-0.07864844735657095,0.09446318867213177,-0.1460556044946255,0.07388409339759727,-0.09229979129689547,0.006337101583120952
2026-07-08,0.004985451221323767,0.0062312568432965065,-0.07921699772530133,-0.14626269054878083,-0.037172433689857454,-0.05266448346563879,0.3869698266906346,0.06099775278244002,0.08656081996261245,-0.07469095865303699,0.12216994121012503,-0.1634072915780952,0.08586429544064067,-0.16007152355884802,-0.10598202059122891
2026-07-09,-0.012535365979107205,0.12535028762524525,-0.010316395539561873,-0.09330135945657458,0.028280110459210084,-0.04206663743523764,0.4715017378595354,0.10540723615720071,0.2281332079377676,0.06451415060360899,0.2639603602039161,-0.08129189298355144,0.17553225220739876,-0.035236109106338676,-0.01471835569851243
2026-07-10,0.010364691040675056,0.1002870263397202,-0.021168289602283674,-0.0746815304564602,0.029795681684753883,-0.07654036069059278,0.40354894752457116,0.10999136075001592,0.16324992572767882,0.040452843821491946,0.306877644612243,-0.11505856852389995,0.15580535612672064,0.01740363967183034,-0.07291777986906933
2026-07-13,0.008381673570415193,0.10984585465462704,-0.021389067453503996,-0.046246857424191434,-0.024536326229646965,0.012553376365207258,0.4897391747162507,0.18416398650765942,0.12505996916154094,0.09002064366352569,0.25417945009640264,-0.1999890735747769,0.1053831419427933,-0.07815578459166872,-0.10987256625521147
2026-07-14,0.012205817483012082,0.06886315648874142,-0.13087619308844667,-0.0855553793654874,-0.06235170761447517,0.026936258751079634,0.5662407148397316,0.24355597502424875,0.20251571577777072,0.18154097694545923,0.3502001938651429,-0.14299900502683172,0.033653094614983226,-0.11177697444678303,-0.15231708649389053
2026-07-15,-0.002304954153940608,0.05473125872812634,-0.13755704964897553,-0.06627672496803294,-0.08361102638022988,0.04436405637656571,0.6475436569511166,0.3102726665746671,0.14408075299405676,0.24478633063215516,0.29039576295751945,-0.15423422263726538,0.06216539453187919,-0.1372130080021854,-0.19335727697971528
2026-07-16,0.009731818914188284,0.08083260507611612,-0.04125577144178727,4.588650288461782e-05,-0.0019479959289910864,-0.049811570388682,0.5220785602596277,0.1661122242874259,-0.009194988625361833,0.16387399123002966,0.14815022228404062,-0.26238623137136075,-0.19030109065264555,-0.23027644399734715,-0.274101221709272
2026-07-21,0.005210634780227319,0.1038924528898002,-0.11085999010343506,0.00960982299352986,0.0630296588625533,-0.008249955062964442,0.5163950081795314,0.25575884414820715,0.019501882831071238,0.204739213339022,0.16182961244764715,-0.252483342715486,-0.10428613942905207,-0.30006955126745216,-0.31124726791198754
2026-07-22,-0.0045053366220001445,0.12270044312411299,-0.040571544902245904,0.044593191314204694,0.12339450129012397,0.0675713244797822,0.6158440530253534,0.2137779103654477,-0.040429647732332485,0.20467275031305487,0.08706380990129958,-0.2686884441066375,-0.13626650695266707,-0.26027645498128804,-0.15183259426813145
2026-07-23,-0.0006787951220633692,0.09434186624646856,-0.08063337111744173,-0.06936541791809014,0.045499979335828944,0.08799291631898476,0.5813354548126142,0.18685933021987056,-0.10335562528629061,0.13111283773055737,0.029826746293232564,-0.2658379626445332,-0.2027494250064018,-0.2431258720530921,-0.20087897511501956
2026-07-24,-0.002300458091639146,0.06875156557060702,-0.055706172916247576,-0.08130151451184708,0.05499723521690625,0.06710766500770138,0.4414219158925089,0.19203369527036152,-0.006317681031609457,0.278354077203365,0.13799406058686814,-0.19997683447869175,-0.1486793254851363,-0.2879946391311484,-0.26150039806940156
2026-07-27,0.016464048136605514,0.052025043920054026,-0.06212590235150073,-0.09731103102430849,0.011651346880742985,0.1007047428545591,0.3377914364442799,0.15202993650185725,-0.13051992890539132,0.16950917403287558,0.04466331732047002,-0.2981691823526029,-0.22651048421190378,-0.24008771385093797,-0.3025186263944931
2026-07-28,0.03847065534233185,0.029809047869321592,-0.0774995615518338,-0.15202581744320753,-0.012813483280106897,-0.04266016852171384,0.20126736970004633,0.004713549779701398,-0.24296680059090514,0.07475837520025064,-0.030720220312094648,-0.44114284741721466,-0.3533245154635536,-0.2087647521357613,-0.25256368639545546
2026-07-29,0.025142785952730007,-0.05936168368639594,-0.11515191669093994,-0.17313077304966673,-0.05559091410273709,-0.10107096835125573,0.024071270840053893,-0.07918984242294735,-0.27910914622313454,0.05382044867552338,-0.08948121315115387,-0.4391289181461434,-0.35577512383107013,-0.5257200795010564,-0.3209057951093968
2026-07-30,0.02688145796893371,-0.027258892572642468,-0.15657075229372908,-0.20582116548940055,-0.08462387515721159,-0.049997117456168194,0.02814004286232008,-0.07969559862501774,-0.3954154542612313,-0.052926822991428146,-0.15405636553511437,-0.38542216490462133,-0.3177142057178014,-0.4964690008636993,-0.32642912795571577
2026-07-31,0.05319272872691494,-0.06605142285973886,-0.19699809759254727,-0.25397537376799884,-0.09133296781975653,-0.0994563319945374,-0.022148036265586812,-0.13301059343957977,-0.4319419616455164,-0.13439702585181834,-0.1868772664083601,-0.23343449112290693,-0.1759400422646067,-0.4717828318285422,-0.29760403764609805
2026-08-03,0.004600808357526631,0.008186870695706672,-0.1653846145934713,-0.17774599959072646,-0.0647522864426362,0.03649444435764271,0.03457938267101568,-0.022032246756745533,-0.5227116989486591,-0.195045253165393,-0.19979378854672503,-0.2519636811328958,-0.3117204507616331,-0.47211594458432704,-0.35316774959329406
2026-08-04,-0.005893471039606357,-0.07249830221112052,-0.09191461697543513,-0.18154595635257476,-0.10923765878985181,0.15765280201567178,0.14733163939745508,0.13280253308677414,-0.35286007102851125,-0.027952441772179815,-0.07937028310268712,-0.16015442392942092,-0.17087803189910833,-0.38300398308620465,-0.25495457694266327
2026-08-05,0.010574196613194586,-0.03177941118166561,-0.1329793888472306,-0.16648201713238253,-0.08584457543205082,0.18781076203918112,0.09958386311346723,0.17805928331828091,-0.27292534860200335,0.025539938839203913,-0.002790634398575853,-0.24208975405414546,0.02376155709514627,-0.1779027157313623,-0.12580194577371928
2026-08-06,-0.01661668553520168,-0.004883287689698701,-0.03922705081391531,-0.07511541831981128,0.046026568615943564,0.26105344434746125,0.1653397808912247,0.29414704708074324,-0.2563556844454259,0.026519595106941463,-0.07690920231724774,-0.2540608674997531,0.010501796764586624,-0.23642117601877377,-0.15765823138768525
2026-08-07,-0.015246273068574845,0.02837733738936299,-0.03894446382066208,-0.05722643432719765,0.0342276025810101,0.22482009431678496,0.08162114525013242,0.17341243416012564,-0.151869164487193,0.13468721686417728,-0.01003657663602231,-0.17790330735642468,0.06598069826340536,-0.154086485498662,-0.05901258467202147
2026-08-10,-0.014649895734392238,-0.0015408167572632525,0.025123451480074,-0.06459981079248889,0.06706871891422839,0.22491616272226644,0.007872491890983047,0.11335397803797587,-0.2614213729838508,-0.008481553700455002,-0.1251401698310861,-0.20814839258364504,0.05962539218281482,-0.18180234798940165,-0.06349213033512979
2026-08-12,-0.015101655498175104,-0.023108851557492427,0.012809488440056138,-0.021871145058581343,0.04453917380827965,0.22418047438626298,0.09441481166204069,0.12341020325034413,-0.24008866842066656,0.012608007316237124,-0.1779418186443099,-0.17711532640213679,0.04141082602963131,-0.2394194469516424,-0.09096247678488756
2026-08-13,-0.02758069022599796,-0.015123742899592285,0.03141276842886198,-0.04888906483518063,0.14025685970619473,0.18225406629090957,-0.0006137984389013029,0.07504852210103607,-0.2345475749051289,-0.044315232913045954,-0.16384414642950562,-0.0265901522929487,0.16500629544340828,-0.20266924603073366,-0.04448480785787767
2026-08-14,-0.04559070862992387,0.0033440559476740628,0.03148663326108103,-0.03273384573242133,0.14255065883740947,0.22502182229804268,0.04554279858966659,0.09545642157536482,-0.26904017033217786,-0.09897267854863967,-0.2302005605527888,-0.04515611709190359,0.1574496654807136,-0.10960257343980451,0.04410521738337314
2026-08-18,-0.030376309106160626,-0.05466877952458793,-0.015071646304765873,-0.10433940393108432,0.10310096235870136,0.2103759100441125,-0.05450644249785719,0.03356987173763404,-0.13721228049449608,-0.057876713401874946,-0.10885569818231,-0.09629148764103213,0.0831327522748968,-0.10016231006658138,0.04151745805168827
2026-08-19,-0.042334072200777895,-0.05879079068002557,-0.021418238013831803,-0.13084190749806268,0.04057124267902301,0.2695597635670165,0.009003255881913863,0.1207931009606038,-0.11306660244447037,-0.11465773048506445,-0.06495058044747959,-0.07304563481042159,0.14432565496337157,-0.16142614402702748,0.03177461262333292
2026-08-20,-0.0334457834947226,-0.07758272819956691,0.017119584782585906,-0.12541585440642544,0.02520670737139441,0.21942599567574117,-0.01610718713501269,0.06540735280846044,-0.14988730245663262,-0.1805455268150078,-0.11443993007928932,-0.005631450114906733,0.046987323316007856,-0.1937580427935257,0.00604560421033179
2026-08-21,-0.00778850699875433,-0.11150095561215956,-0.057519599631208895,-0.1871576782073613,-0.02744632118967638,0.08208851294029307,-0.15300059877735095,-0.04074045083113409,-0.1673212677108985,-0.23989116391044807,-0.10735106587581311,0.033477233550242236,0.009110597957414313,-0.2520064934675509,-0.0772381778603024
2026-08-24,-0.01367331307588604,-0.08146530928517337,-0.03924501658714019,-0.11562219949107055,-0.00897821651272579,0.09585698369878037,-0.08298596835594219,-0.03718381660635883,-0.15944150420082992,-0.20103773315994433,-0.08757734659100347,-0.08257246790815798,0.00877323596869728,-0.2566380759729051,-0.06182186402454637
2026-08-25,-0.0161493193004294,-0.06217010304644921,-0.010016325511703061,-0.09574135231402181,0.030557281636059752,0.14393843484409574,0.005373582837801427,0.07609377792528171,-0.21767604279814068,-0.3358857170300852,-0.1756559967971415,-0.0396913811526034,0.07361736291353127,-0.31602056732623773,-0.10603347755723519
2026-08-26,-0.024966714614244823,-0.06733740961502566,0.021416444090086584,-0.11045651038955728,0.05326355901145641,0.17588616935267964,0.03945939192518988,0.11607916076195723,-0.23189119502912237,-0.3455943933829023,-0.20145036510912917,-0.05525651238633689,0.10289776733042799,-0.3088253923108416,-0.036356634493226014
2026-08-27,-0.04756589554347579,-0.0033719625815362697,0.0424443178324847,-0.043013414598483846,0.11647165640780488,0.24652687800513262,0.1783024314155579,0.20744605060552368,-0.1743778142784339,-0.25126544290536645,-0.1593429046018605,0.05474566222432953,0.19209671401818074,-0.29810782308491424,-0.07140744181693248
2026-08-28,-0.05374802905599063,0.08124835022282895,0.10827264641574996,0.10284687695824712,0.24372510557343507,0.24411050399094159,0.19353990251488062,0.24865440521060034,-0.1722944200944776,-0.1916320228750653,-0.16774211050766852,0.027973041357318373,0.22575394223708112,0.006811621401869639,-0.014376856132568006
2026-08-31,-0.06049296650237157,0.009608709041120767,0.13777720025703966,0.09851977778429866,0.25181745926339383,0.10060145075319848,0.23614631092534788,0.153732038062948,-0.054276043441363664,-0.07190292731351222,-0.05278382428673023,0.04854162689849795,0.22800533970111914,-0.002000732214047507,0.011077908753879928
2026-09-01,-0.0820039152308858,0.01790193304029364,0.12847769127362385,0.14605499967058821,0.2570390203254005,0.036769993070329576,0.19666832011521906,0.18382213377621737,-0.04657619058818241,-0.0781866136430247,-0.06208781663878915,-0.12600695142952834,0.09286982999076354,-0.07674514224461859,-0.03636247068931803
2026-09-02,-0.05885615747544881,-0.08861647799238281,0.11747137583514766,0.09434985898444637,0.2054295670270364,-0.03266844564545024,0.16381300520538333,0.08085355480707179,0.023418607493539856,0.016899543700043318,-0.021641050186455457,-0.052365567142577674,0.1685022056712856,-0.12031228104055225,-0.009150756423385198
2026-09-03,-0.029359218976840684,-0.04068945981484462,0.03994191377069134,0.014563206137018114,0.14736373037303696,-0.1453259497963697,-0.027624862955114238,-0.09617190085448135,-0.040863929442775504,-0.05958520997398298,-0.06760746620066971,-0.050369168054234414,0.10037700042001274,-0.10065414999053501,0.00016489607163572284
2026-09-04,-0.04357612630171692,-0.0425388796647066,0.058814004735476266,0.02572828085098644,0.12222093131975198,-0.20246083681671334,-0.05186479220144724,-0.10404483170379542,-0.1368520543729702,-0.13412510316137416,-0.1486935959344884,-0.0398679211941263,-0.06771307200425802,-0.18645378128294077,-0.07144660595488828
2026-09-07,-0.027612741189884993,-0.012644844977563574,0.0006099684043044951,0.03744791963831462,0.05492053743481984,-0.17712912136445236,-0.11953491460558952,-0.16248729191527755,-0.22948976197952342,-0.16593440809050064,-0.1773979814899559,0.05906920885634448,0.05896396547495586,-0.1536297617385749,-0.05070308692735964
2026-09-09,-0.037250881490490495,0.03378459027821901,0.04119447550843702,0.066034293041774,0.10345240565766256,-0.12388922901630872,-0.022483059992147836,-0.1172951745609353,-0.25888383564280926,-0.23077239518166304,-0.21132042875205392,0.0514025188172369,0.07710894638315413,-0.10476159526992668,0.042880336288256826
2026-09-10,-0.026637024411218513,-0.00389117063017852,-0.023464049864618697,0.06599737874675127,0.0841851382077704,-0.13996642849969065,-0.08351299372133758,-0.09373520739719499,-0.2554151367031653,-0.18624975761245277,-0.18192856999395068,0.07481193437798139,0.023376512736892674,-0.09177668138961714,0.062341865236503646
2026-09-11,-0.026417791468437257,-0.01657830471395183,-0.03266167825945854,0.007689342364607499,0.08255535895642041,-0.14025255822948912,-0.14452418428209246,-0.09362699602908531,-0.24255742579381612,-0.17990647747028965,-0.18840742478825256,-0.0008151388294468376,-0.03704187465828668,-0.12955467471539073,0.02805642220339477
