date,2330.TW,3711.TW,6239.TW,2449.TW,3264.TWO,3037.TW,8046.TW,3189.TW,600584.SS,002156.SZ,002185.SZ,005930.KS,4062.T,AMKR,INTC
2020-09-02,-0.004310858697941266,-0.017809714155848665,-0.022430510930301965,-0.0013140100607329668,0.018674906683311236,-0.007484598024516266,-0.011087730880235867,-0.008565061068495668,-0.08779059053666317,-0.0076540150847216664,-0.030017543078134565,0.003980514959992034,0.029856451657264135,0.024590132528043533,-0.0028475841961456668
2020-09-03,-0.0019998356789546236,-0.020743506882052724,-0.019010247788231623,-0.007521695854881024,0.017111640803106377,0.011088963150287876,0.03637515261488127,-0.03263492846298932,-0.09476156180261293,-0.006382360691679924,-0.07129398801525323,0.035491982264846476,0.03079533575056838,0.04136666061920548,0.020899343132376576
2020-09-04,-0.008733224514486385,-0.024647407787328487,-0.022180363645175987,0.008371461895899313,0.017445033738359816,-0.017052783140359885,0.034897993727843114,-0.009659108746502987,-0.0747861506371019,0.014284608957797412,-0.04968796286741549,0.030658312628730814,0.008009057657568912,-0.021423709444184886,-0.0058960448554902884
2020-09-07,-0.012854818715676038,0.003146360994777461,-0.007802981697305639,0.01926128466787016,0.008052299465967363,-0.06288059969341114,-0.038287974750966146,-0.05257246009023124,-0.12316929573876025,0.006383562513481858,-0.050153145693769344,0.04961185148565226,0.0037573090310383597,-0.05103673931055644,-0.009170651504374341
2020-09-09,-0.01782794221632655,0.01722199367131335,-0.01028569593589045,0.022011055864177547,0.012403302561714052,-0.049012280389893956,-0.003165398816042754,-0.041990839510592154,-0.15861578803692525,-0.05203817225346835,-0.08812151062888775,0.04883909281662285,-0.018748574284808448,-0.11598921469138992,-0.028459409877681047
2020-09-10,-0.005840539607815213,-0.002339970829128314,-0.012299413104958315,0.002533084084416084,-0.0017643884064549118,-0.06921117488103332,-0.05625991895411302,-0.0673748092809505,-0.1561116874842976,-0.07823955270613002,-0.11507527652987871,0.05587023954890218,-0.009686786009495213,-0.0841679759327403,-0.02062204683195891
2020-09-11,-0.0011528266500882038,0.0005382512589363958,0.0013828534091027958,-0.004371339305021506,-0.006634941554682603,-0.07622987584023501,-0.0791118089321072,-0.0820785183925972,-0.1023343347250537,-0.0472380200612751,-0.0791441088403003,0.0537312967378931,-0.016939744098416303,-0.09919728040034657,-0.0327666770755432
2020-09-14,0.00031714133715034145,-0.003366266657341358,0.0015448399928743419,0.0014644776802151408,-0.0032262852570389576,-0.035107445054972465,-0.06777720054435966,-0.04069785117271135,-0.11555686137900256,-0.03248367562162426,-0.07592920393913347,0.06839665257005784,-0.00044406332993825615,-0.11622208553498563,-0.03503862310295626
2020-09-15,0.004834437542366076,-0.001405728575272023,-0.004081369042252523,0.014538810067000474,0.049672489822823074,-0.035679887613043124,-0.04091410948850903,0.004016888033403984,-0.11314650025945883,-0.040581564357206924,-0.08395618960964263,0.07376933128717658,-0.01331294132756302,-0.06184095037942889,-0.03691632709656262
2020-09-16,0.023474786620748832,-0.005129835853329667,-0.008677551950208766,-0.0019754262737435684,0.03233885163984883,-0.02508161780754787,-0.02440072030308207,0.0011137690044380408,-0.13300618016053037,-0.05704274567917977,-0.11115681403767817,0.06361454706158494,-0.016499042844848964,-0.08332503573159324,-0.035200886157509166
2020-09-17,0.016035817741046593,0.0013146192866158937,-0.0006294200547484058,-0.006768413334667708,0.03315635728808679,0.01206392406659359,0.00595330402950439,-0.0083310720150025,-0.1177397373264232,-0.038654980614491706,-0.08959021124523721,0.0467651205264426,0.003971800820485498,-0.06828985669842078,-0.019780017636189404
2020-09-18,0.005728053834153986,0.0026946015788572864,-0.008644044518619514,0.0042528088139056845,0.022721015623549286,-0.013413553436895018,-0.005361110965852619,0.004593645043477992,-0.09499289614245263,-0.026875999974853012,-0.07647568121148521,0.04317436806717799,0.0064877829238599895,-0.06938423334206198,-0.02099680229837341
2020-09-23,0.0025721542662663008,-0.0007323563831397976,-0.024401399117068102,-0.004217340709305699,0.015503444465414103,-0.009820856725214204,0.007367686260276797,-0.01183057187896329,-0.0860117041485902,-0.0388556762035299,-0.0631394363099367,0.054909386698019605,0.005886194795519405,-0.05114733847968097,-0.011496240007221098
2020-09-24,0.003769894651368927,-0.0038060996795644675,-0.013862349071641772,0.02652952837167783,0.008735603688935036,-0.030438474991446272,-0.035628796855834484,0.01234735165510674,-0.07097770878406967,0.01184156151556593,-0.06155358430513947,0.06688075961106643,-0.006242241838773463,-0.06143729547846174,-0.008660995946631368
2020-09-25,0.008700527117479678,0.010718865037592782,-0.025511186980581323,0.04896695560933838,-0.017405245682903914,-0.045641516114806026,-0.08898802741291473,-0.02276447497682311,-0.059907136104023324,-0.003615469326845519,-0.06981877124164462,0.07117863796473889,-0.010841501044870909,-0.057952184248464884,0.000848379416367083
2020-09-28,0.00761936669129137,0.013935090649992874,-0.026384903326707534,0.035257761814696975,-0.00888391286858432,0.002434646980802469,-0.04334130033792734,0.019150859112862583,-0.12519840830692813,-0.07104231081303683,-0.12165965285533743,0.06386423028083148,-0.005290555661859615,-0.0774831577994177,-0.002024841165391724
2020-09-29,0.006061440663255874,-0.013401441709457219,-0.02561210645137653,0.026669027395128077,0.010983149116795585,-0.04282648820605393,-0.08179959804083603,-0.004097275643523812,-0.09877834460161304,-0.03878331981994852,-0.08810665444342383,0.06346546530315658,0.00970626452155449,-0.04453063139365569,0.02697605579488968
2020-10-12,0.016077705479779658,-0.009011026814367735,-0.009350889770052046,0.02135078871828136,0.00716748467826727,-0.04343895195791224,-0.10699915134807904,-0.005019839421514927,-0.041650368701802554,0.006287019230239868,-0.05398336016545115,0.06980453656972878,0.0030697158539260746,-0.016191992696116507,0.011298968922687965
2020-10-13,0.021094027502092428,-0.013175597321223866,-0.010922513323512177,0.00563491554626373,0.015324819492507838,-0.03924603773459097,-0.11844254338953238,-0.020554431978328458,-0.03587691882747698,0.03681782583896184,-0.05261502441869428,0.07872669801885575,0.04509720629117965,-0.0037631320617029377,0.031846588460132635
2020-10-14,0.016730404481676377,-0.025694671424196118,-0.0020374289682401287,0.01437559672140358,0.04249570794828239,-0.03592591022204203,-0.08035956083892454,0.05326053975028938,-0.06077185488960364,0.026571359029848588,-0.07068067627009954,0.08087777283359769,0.0635700582493529,-0.006295887006787388,0.03306898211955939
2020-10-15,0.01067899445489321,-0.012041354868390487,-0.010714655193354595,0.024761223258543415,0.03496093329386192,-0.02998817911175119,-0.06933881946515211,0.06725909118795881,-0.06627699872427481,0.03488447254622992,-0.069223616082855,0.07309580702177562,0.07812096203421273,0.0015932879812104433,0.034960597529521416
2020-10-16,0.007865757398514263,-0.007617939337725234,-0.004658680887330943,0.022600225432307264,0.02315925145277507,-0.04520973513185484,-0.09100738457357124,0.035521838720751764,-0.05074727487140346,0.02350650182032557,-0.027685614338120043,0.07078344534413539,0.08664604595885789,0.016212854038133793,0.046603253052185864
2020-10-19,0.014306304078892171,-0.008558184224897424,-0.010176961492772833,0.016865860097327073,0.01534038399900798,-0.036245506815945926,-0.08738406933668683,0.05549222530297687,-0.07174135862088205,0.007915882852083181,-0.04136703646875263,0.0668384793175808,0.1034963392878378,-0.0038825815633793948,0.040030270479579674
2020-10-20,0.0035644172795559065,-0.004990585552621189,-0.0410560066110354,0.03507982279834851,0.02338209766573631,-0.003857419184994092,-0.05652433751715499,0.046550974283544405,-0.07028956727405462,0.022501628119669513,-0.0357480584886701,0.08529482760977673,0.12721893780099575,-0.00815815339348326,0.051322686120880506
2020-10-21,0.006833080179965831,0.028777359420254833,-0.07305679029259868,0.032306789333063836,0.03258887334894783,-0.023362778977865567,-0.09290932358102487,0.04958175576051063,-0.1037326350141303,0.0070392031904027395,-0.06110175530447387,0.08413864236676766,0.14581936555534936,0.025505317839892662,0.02887125820309743
2020-10-22,0.008153708363502219,0.030362238781184322,-0.08218347202563508,0.037280421489656525,0.02211342411537662,-0.01608440607419818,-0.1283852300591341,0.005268964698119719,-0.1216933603797498,0.00024260129452692743,-0.052359944069424576,0.06783040411565495,0.12297832418441504,0.02318111865984605,0.02709616559515672
2020-10-23,0.002949433536940955,0.04411880694106126,-0.016234239447737157,0.03708472099798375,0.03678892493565995,-0.040197188210444545,-0.13109825049832116,-0.009414198845017646,-0.14046830243109695,0.003717264722460663,-0.06557857424426564,0.0709040024745625,0.08854292727892027,0.020785173710111286,0.03595579428446596
2020-10-26,-0.002276455091208938,0.060058018158713575,-0.03885302076405685,0.02334831143137986,0.038921566337242565,-0.03746941346914753,-0.14855648666184795,-0.02656273522651404,-0.15093522067015805,0.03058152076708677,-0.08979991402741302,0.0734295156625854,0.07427925827720727,0.03287775004623869,-0.07660669782571043
2020-10-27,-0.006326427426477467,0.03362065067317624,-0.02581516573826128,0.014521158976479731,0.05317165853125113,-0.08034722090816837,-0.12925059700044578,-0.01348372275002277,-0.12595708152595697,0.040016229012748844,-0.06092777178605336,0.06608491077634637,0.10127998169277755,0.043765857382298455,-0.10515486964766996
2020-10-28,-0.006728966475099442,0.01955915711031727,-0.03804590845135496,0.022498633615805657,0.04935068775027446,-0.15969102940588753,-0.2091794223985209,-0.031177534336571947,-0.12270624772026294,0.03230530542277077,-0.050406393589469134,0.058948169858792004,0.15117315168116516,-0.12404276192269802,-0.12221102673918584
2020-10-29,-0.012340813695359151,0.020284533714666063,-0.03836093120629976,0.02783178799539405,0.053782237685305344,-0.24752951973345153,-0.16785522152619098,0.025138321172909546,-0.09794592144017565,0.02711222438256866,-0.04152158176748055,0.053855986280500194,0.18535837994418125,-0.08658064862664193,-0.14286083937543306
2020-10-30,-0.014600140986867037,0.04067046892496548,-0.03029681763727795,0.02711317885297696,0.04079089420625476,-0.2338727832512207,-0.14991133251723884,0.03728503369522346,-0.06546940980969093,0.05827695493419908,-0.028790159718537135,0.03694755715462611,0.14384609729957376,-0.060179037039515014,-0.13678128888222063
2020-11-02,-0.010108976256732113,0.0924915163965308,-0.04220301525162242,0.026868615514869385,0.02514659226613818,-0.28243561184676025,-0.14486849535753474,0.07897673849491837,-0.029587658947585617,0.08747599244829729,-0.017870021741629813,0.04740479345592753,0.10657063255868929,-0.05613307141809109,-0.13651252961996851
2020-11-04,-0.00020883857326538594,0.09999359309386872,-0.0501663531313548,0.04266871286035272,0.023880274938911705,-0.2557242985769441,-0.09354993357836391,0.13082243934458962,-0.0362347092932374,0.10226652017352061,-0.04674895199329729,0.03198704568987206,0.14056024983674983,-0.03723006354343257,-0.13808148187415248
2020-11-05,-0.0019367817239714508,0.09898277005937356,-0.04829001411843016,0.06572816392724035,0.039235350456517146,-0.2596720297547064,-0.08168703248085538,0.13071364936658333,-0.03006961477434326,0.10060379511919955,-0.034850531948277544,0.05834479617455039,0.18685129768400577,-0.016003785832499732,-0.12325426974194115
2020-11-06,-0.0028438981819597833,0.10205972177101402,-0.05367947479764319,0.05993187429115331,0.03353618509538421,-0.2638995790017256,-0.09378854632954021,0.11233789791142731,0.025538051731920808,0.11708084634019642,0.027039806245085216,0.05079462368171636,0.15094689829261793,0.020622504318303835,-0.12067255969558338
2020-11-09,-0.0014671451236776736,0.11186312910439393,-0.053914402465138886,0.05127108647055262,0.04646881211694642,-0.2655724779093348,-0.1135210255095104,0.10828395134373342,0.10916284138743061,0.15080536448457474,0.08146055542635092,0.04066165214014257,0.15962962207929546,-0.012964067244151957,-0.13883697247298685
2020-11-10,-0.014468997011073114,0.1337033308046243,-0.029944676717774323,0.06100238878252698,0.044196194665378184,-0.23371048776810133,-0.06713829578280925,0.11562377814072708,0.10065385066592317,0.11175234442348098,0.035861986353192876,0.04415279760642513,0.0967789083082932,-0.0008554981178680986,-0.1307300021218043
2020-11-11,-0.014954182006351359,0.12000198386614735,-0.022475463128325268,0.05350257979389994,0.03482071371464944,-0.20899846074683448,-0.08850242616084389,0.10064114594124844,0.017288779295367124,0.03835468034149784,-0.018923382413205667,0.04855899466293899,0.09503947473092286,-0.019248159700687245,-0.14794623838262863
2020-11-12,-0.00971668691317574,0.13002233614692135,-0.02939614122816355,0.05035271321641406,0.03931028201711616,-0.22909268397690877,-0.06263620794408067,0.09078940962606337,0.018901163606691942,0.03309095049226246,-0.005441258537352049,0.046704519828543706,0.12853836024739876,0.02374739649497638,-0.12506597492081362
2020-11-13,-0.004912206968726436,0.10507775855480397,-0.03328741543316195,0.04646143901141566,0.03541900781211776,-0.21253347417467394,-0.06277501027021817,0.07382616360437277,0.04875939955887274,0.04223573326005976,-0.0015806311533019465,0.07824364877849332,0.11770257322384817,0.009258374710715583,-0.15962780219509098
2020-11-16,0.020842833747654325,0.10397638458236552,-0.03311487605818609,0.036524305183972317,0.024661504948252616,-0.2265732987014407,-0.0760771448423647,0.04513514926300553,0.0135015053664655,5.0022986716927176e-05,-0.03269489355223649,0.10536450720468898,0.1278149831761382,0.0005963788095255454,-0.16911060361236702
2020-11-17,0.02090314968276062,0.10233215388231441,-0.044911261298398696,0.035027384692986316,0.02730106239878881,-0.22960737216272098,-0.010862242862450008,0.08111784606410183,0.04790255472880049,0.007386942862477423,-0.016410883193919187,0.09323928611434128,0.1168666500419354,0.02865290898693275,-0.15621434645038573
2020-11-18,0.031138365621462875,0.10295002739258877,-0.05698726120324874,0.020314692267688665,0.007028256050527655,-0.23079063269896136,-0.04864339994490596,0.05251783458562188,0.021254857813928336,-0.01736324727507703,-0.04501086888162604,0.06627049910751623,0.09571429725597455,-0.0014287493995275014,-0.18378139445827527
2020-11-19,0.020653253131718924,0.10527868322859722,-0.069908802773822,0.01938804414030401,0.0035797723843354057,-0.23506985614777592,-0.07382686890190801,0.035274059812869726,0.00826414713819408,-0.015270788665040481,-0.05172816218595929,0.06687889953561997,0.08790574850666881,0.0015292926809678462,-0.1904585919295706
2020-11-20,0.016999832901701283,0.10571523603722519,-0.059466410719493844,0.02445075976996667,0.014009371233608861,-0.22400929535148806,-0.062461211763350254,0.030405559186766982,-0.010414683028362764,-0.012023522427288623,-0.054569189280217034,0.06886234189532603,0.11009484310004777,0.004188996612281101,-0.17767089595162214
2020-11-24,0.013015616286307784,0.10404670427754587,-0.053248844476347645,0.029571199007661968,0.027183626629982964,-0.17781274128603347,0.03534981092587474,0.1308361478976933,0.014119252710849135,0.05025541305054657,-0.03270653302301964,0.07694135427983262,0.15951938799272286,0.0449627476247414,-0.15789745480062914
2020-11-25,0.007760207149224582,0.09666834543420635,-0.06153504653070035,0.02861303341968236,0.015969648157603565,-0.15952829853270847,0.023779536260269234,0.12749637484935258,0.04595133960504253,0.06246785064468117,-0.013796809227797038,0.06551868179928572,0.18485461636612777,0.0774170655873252,-0.13252325325390546
2020-11-26,0.0041128597413739795,0.10262151079602636,-0.05713269197676285,0.035595213081350864,0.013644132712332863,-0.09196338581532476,0.11134397179811675,0.21506077911644692,0.01270507997013183,0.07505408770274696,-0.026593018349305837,0.07857617863795471,0.22072936364239967,0.061291461990729997,-0.13941810988275266
2020-11-30,-0.002969221074682931,0.14221584715943686,-0.035750552676611556,0.06027345505260025,0.02946631727281735,-0.08705656045479157,0.17863056980993103,0.22221185612077893,0.04937275637904932,0.06938108197604936,-0.0010071653031695493,0.06678977931433731,0.21898730250754045,0.09804402420710699,-0.12049917587702647
2020-12-01,0.00481674878816947,0.13172825153050755,-0.03673189681384336,0.05270958117468884,0.04539874420237065,-0.15843104648271628,0.13312735362690736,0.1548812959192511,0.05846853564688592,0.08075876197992717,-0.005317876259137148,0.07135485435138501,0.2334326955837634,0.09305896454216049,-0.11350192407266957
2020-12-02,0.015593512016936636,0.1320967061431254,0.0223969481593599,0.04246877096515701,0.037974822505215125,-0.1599692058232025,0.1398881281241811,0.15904499169419406,0.0756340588474997,0.10138253379733085,-0.001623847493743974,0.0886953856499506,0.2220167967849045,0.10578359576950887,-0.09620789008809359
2020-12-03,0.012439193997779895,0.14069044257171606,0.021244421523663855,0.027694059339869674,0.025730330417813772,-0.17687001604828087,0.10927372213303357,0.16335714176599053,0.04878973058030866,0.13301596360499401,0.0035285709976520807,0.09243093864933036,0.21080598698041791,0.09997434038252262,-0.08850910577993773
2020-12-04,0.013385890061852715,0.15122512143882155,0.02817362631784988,0.036499492453246005,0.039433829743334994,-0.21701601752084754,0.08357897244332609,0.13843064154353762,0.02855275404835049,0.14944631672121672,-0.030414843835781295,0.10687477229347798,0.2017748649246906,0.08355176373921343,-0.07795395687211061
2020-12-07,0.02627205362165115,0.1323770736207351,0.014463748501001406,0.03753595973478574,0.047279435560294125,-0.21719000830901702,0.09237609321214942,0.12501605208280736,0.01913029153884202,0.11112358557943518,-0.047961419363829666,0.11751855918464131,0.18593208539800232,0.11632619825899194,-0.06727920169834388
2020-12-08,0.038285900150610216,0.13396663457411578,-0.009850697385180032,0.03028144413320641,0.02728600714532789,-0.19441218390425813,0.12768127319088218,0.13169894901928464,0.004644139908872483,0.12732655072799853,-0.0736936842262331,0.0936664479592803,0.20379202473961822,0.10907168265741261,-0.10957009976406722
2020-12-09,0.028554270024578943,0.1318978547613732,0.005140453086679597,0.03376035780477424,0.07644622350025451,-0.21198535361604282,0.1088053234398493,0.11802920691385549,-0.05123989479097959,0.05536337267989527,-0.11511180387296557,0.12181959628263861,0.19973716942212402,0.10052620152946473,-0.1019252997738787
2020-12-10,0.022872089109391744,0.15546152226669507,-0.003110179387231196,0.033853552057373545,0.06285369269103112,-0.2142552683856095,0.124261217792537,0.11019354301527891,-0.04070006037665529,0.06591655769472608,-0.10998294179270766,0.11801735612146201,0.20955926177326661,0.07193304789736284,-0.10440978555015279
2020-12-11,0.029798586502656363,0.1320200521892535,-0.03066150744169137,0.02034811778464267,0.045655776836942843,-0.22243699872577738,0.09779941874207522,0.10218622032547024,-0.08406337692147425,0.04177374543306121,-0.15902432494825494,0.12399696747594234,0.21464987545846154,0.08980688479667036,-0.10147827548249677
2020-12-14,0.01773045042800138,0.11246954773258973,-0.022950765795771252,0.026730242880524488,0.05047954828452185,-0.19227610508831555,0.17092572750897517,0.13752948850403635,-0.06736609388864614,0.05092463515507553,-0.15617262277816893,0.13298918434767965,0.20527798308266487,0.07598386261893587,-0.10852213759617815
2020-12-15,0.019905131775457732,0.1303116624786602,-0.0170241999554665,0.01542677875551074,0.025784823356070505,-0.15860981228122528,0.11718395405743043,0.12059680753991422,-0.04675069445247309,0.03462813946286408,-0.16102341638211948,0.1430693576781953,0.22035041913249104,0.09612771198071252,-0.0836710485606889
2020-12-16,0.019021848137894107,0.12775567234952445,-0.03469719462681542,0.008831033306589325,0.02217411806551979,-0.16480694701227372,0.11194832654415691,0.11226383139842731,-0.12313905826282551,-0.0008903174243529294,-0.1877345499277888,0.12643762758877508,0.19471432804565902,0.1181260418513193,-0.09634794016855933
2020-12-17,0.019261503268628424,0.14105772496931537,-0.022177770749296506,0.0034229820191458427,0.01626504405890021,-0.16972544013764052,0.11513634537245393,0.10715309627879102,-0.1101671722734431,0.01659196803536299,-0.17661839884236596,0.12282727141960881,0.22271743983075704,0.11357731043421301,-0.0843179797447296
2020-12-18,0.023820028692171924,0.13411119011414435,-0.031922159788231506,-0.01776688096225526,0.006395782918935916,-0.1737579805232245,0.09573637849527684,0.11253305970644771,-0.13129488199318978,-0.005670156887739114,-0.17527155910740339,0.1193551599461312,0.2025437033917915,0.11225770689101132,-0.0929254771811284
2020-12-21,0.026087050414329724,0.13225786655116797,-0.059236984475353006,-0.021330758145719664,-0.0030333337389455844,-0.19730513119019322,0.10916533522964414,0.0766917366146683,-0.1128368467752319,0.005103389970034983,-0.17187086947979976,0.1099260432882497,0.1646861832698623,0.09695978318492032,-0.167406611986563
2020-12-22,0.02695804516862102,0.13030021424668026,-0.04789693284849521,-0.02301353782284867,-0.00983785345459999,-0.2104046380355703,0.08334399173521614,0.0640929003314959,-0.1207102538999628,-0.028022829061426224,-0.19119372416449346,0.1148206874432447,0.1296016431798641,0.09234060069236391,-0.1763272544347571
2020-12-23,0.02374473258217881,0.11421675381074324,-0.05004592603427982,-0.02920310398331298,-0.002327094498542001,-0.1648858015779292,0.11765301120276613,0.08557230998971839,-0.053300113496475815,0.006369637423513971,-0.16339129111238265,0.13349613232089297,0.1328606633008348,0.0884603613929295,-0.18364715682082902
2020-12-24,0.02169454193385932,0.15206155508654445,-0.04452981771598371,-0.028755009302376067,0.004270296160623313,-0.188817322027637,0.08490238264431624,0.08763830665052921,-0.0678023565535435,-0.027213791696469515,-0.19549381811250946,0.1809119525857884,0.14378950836059382,0.0877775933779226,-0.1790336326666171
2020-12-29,0.022455755031925984,0.1405071984324276,-0.054261883291038544,-0.04383281321195691,-0.008023514298696827,-0.18337785339818424,0.09427194668971771,0.08715645818738628,-0.06376205725708733,-0.02017771990764325,-0.190244945723741,0.20143278664091913,0.15077452731984547,0.10310867733588376,-0.17827241956855044
2020-12-30,0.026895958106502874,0.1380315355926448,-0.07752778924184975,-0.054279347209998816,-0.02019004722352853,-0.18426382723547896,0.09647834383257631,0.07360828715662968,-0.043661880567713154,-0.0009423343454223604,-0.207277526932945,0.22054336905859995,0.13183836256028097,0.06099168632871155,-0.14495160206675226
2021-01-05,0.031473260756414795,0.16315083442021872,-0.08302598771302414,-0.056551500090393794,-0.007696658010083818,-0.14968738255932634,0.13394044012794892,0.07642128334073431,-0.009667391293736227,0.053890526568458774,-0.16517979516948827,0.22477377379783986,0.1419856932102403,0.04309967383560806,-0.15452176245521293
2021-01-06,0.0454330490526345,0.18598105611814503,-0.08507146976282294,-0.0668856320947064,-0.02690060530493353,-0.18308351356027935,0.11817959384321693,0.06818085708564249,-0.052386501941752435,0.05538754943523087,-0.196933975848195,0.20543057527857167,0.1136990393440283,0.08109751939593894,-0.13464627172929755
2021-01-07,0.05886890923939886,0.18080793855513316,-0.08355564015958879,-0.06929182043993974,-0.04347618200095797,-0.18745738735837458,0.13638446112835628,0.08984550513707906,-0.07335536961469949,0.04083551343491812,-0.22583073394736142,0.19861955169170942,0.09413430509344364,0.10136551582095779,-0.1403021684185476
2021-01-08,0.06877591908018435,0.14872851291149816,-0.09985110479937469,-0.07567914990510985,-0.06880976636263507,-0.2245985333143663,0.1364253699591265,0.05061305421289436,-0.09250196066997508,0.018611966437329208,-0.227099210317025,0.25107552200208716,0.12284928933280245,0.13139166952098222,-0.1354912590579535
2021-01-12,0.08433574906033663,0.17208920322240046,-0.08696130359333831,-0.07761316309654608,-0.0651649938703637,-0.1746253766354451,0.1445848101899821,0.06880746708704642,-0.07290077488990242,0.018235445996611963,-0.23843867499209997,0.2503152144849325,0.12955963504251533,0.15991937015373703,-0.13397844986480303
2021-01-13,0.09052504482709128,0.2320681537379702,-0.09908476521326696,-0.07681768221224441,-0.08114944046672135,-0.21012298821096276,0.11831203434513773,0.04153430684502418,-0.042648232222800564,0.03698758776471442,-0.1828896869464549,0.2231087578738973,0.11131585546916137,0.17493856107586217,-0.11874964359569687
2021-01-14,0.07279313298881207,0.23001545471637208,-0.09002156841307829,-0.07282811640603404,-0.06853385036646067,-0.2153973502245431,0.14032005541349352,0.02968653289633455,-0.04753983560192669,0.0695406685921725,-0.11356813878398093,0.22709832368010768,0.15829067454154044,0.16466232762371436,-0.047396358821891194
2021-01-15,0.09367872078254463,0.22566068125403788,-0.10777864971988732,-0.07254026971111588,-0.0838158443059759,-0.17604302356079832,0.1235433311400635,0.04230235688945083,-0.06285125570625752,-0.004704555812577421,-0.15718701107290975,0.21376208021514365,0.148308848103751,0.24465001829855942,-0.0020066608360159166
2021-01-18,0.10389379332725371,0.25113215439903813,-0.05206764780068794,-0.0504001769634303,-0.07480094529774073,-0.22705518603499503,0.14192461405611778,0.04031581682315391,0.006126421184962649,0.09095452707438795,-0.11125350546432689,0.1793575248541619,0.15651072417279505,0.20686257577928802,-0.030316121873732546
2021-01-20,0.13978740935083905,0.24610220160642526,-0.06246236313409473,-0.027794405940027286,-0.04498937412637792,-0.2649405064599238,0.12584628583812718,0.03909214651012573,0.019274686187094173,0.11899477084319367,-0.14810102323494567,0.18614787469226723,0.14151109537042839,0.252090014567079,-0.018726959072084035
2021-01-21,0.15743388257042998,0.23387355681321012,-0.08421481004753827,-0.049546852853470824,-0.07631125590461986,-0.2526471370572234,0.16675421540361038,0.041136808616402204,-0.0066900366065525685,0.08284391098122862,-0.18556057436968743,0.1746636746017076,0.11975864845698483,0.21694322008921255,-0.028821584992609076
2021-01-22,0.1294972937097418,0.23749901593899878,-0.04143740386852571,0.013705747817593927,-0.0536151481381895,-0.1893235146675599,0.2702431501025552,0.07385031654616594,-0.06892133888562221,0.062133126327237165,-0.23908809366715716,0.16817346419494575,0.1456959008447691,0.2209948895863659,0.04215238024272508
2021-01-25,0.10907049208202757,0.21304695901756904,-0.03690187655381094,0.0072588217901072005,-0.011866087588273538,-0.23869024613239423,0.19259694329626498,0.038246674354019405,-0.024424829627712044,0.08046204350418443,-0.2226933255980483,0.2022231009737417,0.13855837388223796,0.22607179040874337,-0.05077003357370745
2021-01-26,0.10167471051029975,0.1953206026242926,-0.048110219159888654,-0.014590992477649112,0.0063395652445133455,-0.23840800533426904,0.22989113970726208,0.04730940590672478,0.015736142552744747,0.0666539348163678,-0.22338918529723734,0.1897622137138684,0.15871903939248913,0.20957273459456857,-0.05433148681295556
2021-01-27,0.09571100380223545,0.1915870855322495,-0.04092589266208706,-0.018585692726456618,0.01384426587505734,-0.25613044501784293,0.2683323941593339,0.026051846954802768,-0.05048375496278806,0.022053623661164798,-0.22610603509820823,0.1742763228191126,0.13428350822551693,0.17090356162877796,-0.06120555677801527
2021-01-28,0.09103867110483824,0.17051785268544167,-0.03846005102697157,-0.018295933817867635,-0.0011179676614122835,-0.2875921837982752,0.2370904573516321,-0.00228018371128845,-0.08595652071629238,0.021048356805818888,-0.19720609830599795,0.17018517001210526,0.10981861955416491,0.12630676993863904,-0.0726322804003593
2021-01-29,0.09242946574676411,0.16187605050802023,-0.045633928309572316,-0.03726573784608987,-0.010185088174360118,-0.2877506902485967,0.21196317189361866,-0.027949897562698292,-0.09226413789066702,0.07067285977354085,-0.1867586837161007,0.1678350963202596,0.14041044576260428,0.1481823358203347,-0.009224249088052222
2021-02-01,0.10791653169304154,0.17511734813207258,-0.054230032561667384,-0.05101382611124254,-0.029180305502418194,-0.3136699112476409,0.2246726505762191,-0.09562278682004197,-0.09086183961488059,0.10435426279041167,-0.18018659743697615,0.16216229321487197,0.1429839415710205,0.0862729385343343,-0.03705590422072489
2021-02-02,0.11925315765717592,0.19090902615735247,-0.0695899626674109,-0.056124179712686156,-0.004679165289597706,-0.30288485915337504,0.2565101110218543,-0.10205695987812347,-0.12153411239086451,0.08189849770867386,-0.19920937741287006,0.15643324010383905,0.13652864314746158,0.1298848947426985,-0.038477030039709106
2021-02-03,0.1153686088868253,0.1851102973797641,-0.064262543596773,-0.07553129619155358,0.04164716064645428,-0.33103003017743987,0.24558059860851028,-0.05619171777753369,-0.17788128422308722,-0.011948968949889158,-0.2850059452889456,0.15808562967263817,0.14371895787763217,0.1345835013257245,-0.01634651134777232
2021-02-04,0.11473183085174758,0.18516074778159447,-0.06415049408453602,-0.08087356035037949,0.09071087745376295,-0.3527167478147107,0.2919342013292068,-0.01604885337632582,-0.11375430514633143,0.0005081607580798286,-0.2921267927400576,0.13708590457344078,0.17504112048545256,0.11994839425619368,-0.01774291169924634
2021-02-05,0.116569550326823,0.25586513480332146,-0.06522783494763293,-0.04045881126186508,0.07936191706058755,-0.2943576247737064,0.3282247210426354,-0.04310359234075732,-0.15252039661145345,-0.06655117472067026,-0.3374828034610914,0.14302891532133039,0.12287207377648805,0.16100227264787037,0.0012649336155361596
2021-02-18,0.108238735065388,0.26491783798702817,-0.05921925013590833,-0.03926664954644307,0.04447579502046997,-0.2981530425408408,0.32965117138438416,-0.013488328523537915,-0.13179202186230962,-0.05433402077246616,-0.3214906250907603,0.12592402409975725,0.09634823775369766,0.11255483381437226,-0.012504865430732537
2021-02-19,0.1011177826153238,0.23535655384815857,-0.04927882605217493,-0.030468118634703167,0.020717340204734355,-0.2930788594761493,0.3416459006236072,0.010034422830143178,-0.12276571150671002,-0.04623871635323676,-0.2970129531216018,0.13707015682613344,0.11491526729124717,0.07614342452839316,-0.011318410278654545
2021-02-22,0.09384525385036674,0.2178524802026663,-0.0681492003595772,-0.04088324545370642,0.030503288692651592,-0.2566315487776478,0.35284386721189526,0.06329140089795252,-0.15735341270020398,-0.08535512874332671,-0.31610544049655986,0.12801514388452284,0.1045104295244546,0.1050148255938878,0.006950599368420296
2021-02-24,0.08270762491693365,0.19495093482723821,-0.04430059607601777,-0.03313318962986521,0.03265371152379229,-0.2689429455540888,0.397967359127817,0.08994429924046493,-0.13659843800332877,-0.06447334175735871,-0.291367612145088,0.14215493160684925,0.039903133530090534,0.11154363359327141,0.027821065573382292
2021-02-25,0.08390726551113203,0.19432920280926153,-0.05897415137821918,-0.00023825885414141545,0.01248266425127309,-0.2981546103919366,0.4199036215325293,0.10588538644686862,-0.18479481221169988,-0.11291215202398232,-0.3242788012546873,0.16693648426598096,0.047428251507107916,0.1153735505799969,0.04645441557744809
2021-02-26,0.06792327100197823,0.18717084447717844,-0.06261459607327508,0.003259547932939477,0.05529856193859939,-0.24771422309783805,0.42752298143551215,0.10187816797235183,-0.15504431948851558,-0.09283764792374702,-0.3043120157376821,0.16432132993487666,0.027531200626453117,0.0939636357118093,0.03205853107194709
2021-03-02,0.07329510258719724,0.21147216029536872,-0.047292189747979475,0.0036933895972128816,0.04697962758194829,-0.28065154893454486,0.4008364126128209,0.07595284722850884,-0.15881998127207536,-0.10363083902953402,-0.3152464044601255,0.17800043447662264,0.04899514085875473,0.1281457839115956,0.06645980744526578
2021-03-03,0.07794525299901267,0.20439002468114337,-0.06376408149689133,-0.026694124012161383,0.01500349761274472,-0.32399228926507934,0.3476150810252043,0.042239237352982184,-0.16296110846817324,-0.11688222410728538,-0.32488193499613754,0.16630179666755807,0.05419276899743197,0.02859131146442992,0.023560352698624415
2021-03-04,0.06261292557834036,0.18530320734982597,-0.04968951478570504,-0.02438027028667908,0.006865347654048032,-0.29522320004581426,0.3594722730534405,0.06125213810209679,-0.15058798800068254,-0.10918704089277308,-0.31882168748229034,0.16608354191689345,0.051536149858957575,0.025820719429737016,0.020448993428487522
2021-03-05,0.06583566412641863,0.1787696582932366,-0.06344163365670877,-0.027655346079206812,0.016945218086618002,-0.3083140285184729,0.42025233214422847,0.054644055027468844,-0.1580313328196813,-0.09504845566937041,-0.3133007952690145,0.1656585613583661,0.05585356719998834,-0.040752057773531525,-0.0028879799193625155
2021-03-08,0.06304917303939586,0.18587710930838844,-0.05419950070802165,-0.026742632156542184,0.005401115374289431,-0.3171221441030496,0.36849674098565743,0.06886384384082617,-0.20043568843130474,-0.11972753302609608,-0.33195772444884036,0.16665741077595983,0.03482722794661036,-0.008625237857811704,0.03981536286931031
2021-03-09,0.055937182685537684,0.16905246368119756,-0.05628198709416393,-0.005598188475314167,-0.016506963148466544,-0.35993410839872997,0.3447135802805692,0.03817672993661009,-0.2702080910697218,-0.21753328140255757,-0.38697950941979176,0.15723088147797634,0.011238778983760578,-0.04496393989489909,0.022971690032532438
2021-03-10,0.05560473440555992,0.16536409046710931,-0.05997036030825219,-0.00039756272644402013,-0.011984174878231502,-0.33966234293747033,0.3769357974373453,0.09195688305046364,-0.28879474095747026,-0.26964832630714614,-0.42161981802225995,0.1473808756879395,0.04240458317018751,0.005516767371586559,0.065324843551874
2021-03-11,0.05880960341338243,0.1875079958072854,-0.061777688921794194,-0.004530413777357925,0.0023747424954447954,-0.31009454219865507,0.39320023661739617,0.07526098977589943,-0.2600912639547537,-0.25026624348926163,-0.4081878772694767,0.1441906579011652,0.037790200678929714,-0.024564938927039842,0.04190460642003249
2021-03-12,0.06232360044089802,0.18284507845793038,-0.0763417825699216,-0.012945821621827627,-2.5814108634517052e-05,-0.3299421750099234,0.3851185218208837,0.07165112315091574,-0.2877498700272821,-0.2815102968932599,-0.4345183548655147,0.1492362939367126,0.0504438701088101,0.016637099220261242,0.054126536145566395
2021-03-15,0.05778562684380849,0.15910736510560186,-0.06608068024978603,0.0011043857794117429,-0.008746632831794748,-0.3394670224132741,0.39908418255960704,0.05823239126173081,-0.34583615298786763,-0.31674824314921274,-0.46756631934211,0.13744546263245777,0.05187617024453718,0.020541664387943318,0.04798943481941827
2021-03-16,0.057133342896985864,0.1697150663308063,-0.06019714931924144,0.007024230345907531,-0.01380791016710066,-0.34228421262587033,0.3866817992651286,0.050033654457767904,-0.36305670653580935,-0.33249139997589755,-0.4758516548811797,0.14567574830976138,0.06811541528436056,0.050964822212027514,0.058119187930122565
2021-03-17,0.05241356003731265,0.16603806160081777,-0.049346082898884154,0.011784227959006119,-0.0032673292416777744,-0.33409684450058813,0.41123268635097987,0.049566935470818474,-0.3458289751440483,-0.30979858732047705,-0.4602891033257309,0.14560375590765537,0.06247815110910815,0.044479167464295394,0.07950454853206404
2021-03-18,0.0446655809398481,0.19502239648492742,-0.044115649391213596,0.018321817038422367,0.00022434640225157954,-0.3254133325693427,0.4509619235678535,0.052658283996577016,-0.3549791008249691,-0.32698160785294783,-0.4778040036344281,0.14843640444428574,0.1088086541504962,0.06356796984454205,0.0903919754882471
2021-03-19,0.039673886371804065,0.222458479258832,-0.021096517822215846,0.01957622336864752,0.006886706848172733,-0.3462021576477362,0.4466549858949933,0.03567091932414489,-0.33887242281922875,-0.33045615783309806,-0.47583350465925944,0.1497498632288653,0.13030667896480264,0.053497366792518194,0.07218101253116126
2021-03-22,0.035675680862970974,0.21508203639073298,-0.03324628980944404,0.010972071159773625,0.023067078915863945,-0.36829316556951974,0.43764849762786007,0.0381792834132474,-0.3415431693509196,-0.34185671243904275,-0.4734881492597668,0.14359377678629826,0.12293023609670366,0.08265820078990462,0.06527514889673926
2021-03-23,0.03807944295116898,0.2158006665842797,-0.03732378340482974,0.03716214369294234,0.02600067587353276,-0.3641595832691002,0.43509927570876133,0.030116203618255608,-0.3422927709009711,-0.35330869664454867,-0.45360528500294894,0.14187020303912956,0.12364886629025036,0.08128870126139102,0.09490068539830467
2021-03-24,0.01634032803613923,0.21553089067871695,-0.04281921292045898,0.026847205580784184,0.02167003802058061,-0.3562639133501512,0.5090795871815104,0.06741159085655046,-0.35885662845414307,-0.364895161326897,-0.4628577179647043,0.1410751030048483,0.1681183760930609,0.003918249971715679,0.07062539847510621
2021-03-25,0.012856537099428966,0.20439494785762577,-0.03969915858782175,0.017748020546757323,0.03328721353092465,-0.381025997828755,0.48248736164946415,0.0656654041701458,-0.3672573240276088,-0.3687270352804327,-0.4743169463257155,0.14179478124434863,0.17982104483427566,-0.016692359302111992,0.045933823771107135
2021-03-26,0.023423550256704645,0.19859933612009087,-0.05488452646004316,0.008693941606225802,0.03346982329290854,-0.350697310731627,0.5208725805037674,0.14452283116472756,-0.35372401629500444,-0.3637619053432576,-0.47365719340315693,0.13029727478786562,0.14341987886378546,-0.005295006553944007,0.030425927533371727
2021-03-29,0.028185700597108426,0.20674127919262514,-0.06526175310515539,0.0019773745841195622,0.022002667333009512,-0.3621874523279097,0.5000082360138757,0.11444053094636872,-0.36292219240321144,-0.3579033199487067,-0.46757643830022744,0.1211460700416527,0.11732511167441284,0.039751185158201474,0.0649770960783326
2021-03-30,0.02006197831106707,0.2201443809328008,-0.05080954304458664,0.009304779758014303,0.0062584823786517585,-0.3514967387097071,0.5650249607658187,0.15821452556256638,-0.3551153450573383,-0.35616119991131584,-0.48706812277111927,0.12812675967360465,0.1125460566871048,-0.015488483076168763,0.05447793717409727
2021-03-31,0.010674121148419619,0.1956094164282537,-0.03855469073155128,0.008350046980091869,0.006015217352780405,-0.3407083256380934,0.5668955542558873,0.22550688943992414,-0.35315283731986213,-0.37500092062156076,-0.46142066912009333,0.12585139107790322,0.13190835382686278,0.015148636062001786,0.050600035665826326
2021-04-01,0.02741335442067422,0.1871161409789004,-0.04704796618090458,0.014314902375787558,-0.004702775465344283,-0.3481092587633797,0.5513150465088812,0.19443924935808415,-0.3313974775049622,-0.34868586708301347,-0.44205229114458783,0.13561801376038835,0.1505483592115095,0.048426622143388,0.04570689391336022
2021-04-07,0.025993064320108616,0.2090281700065862,0.007007376295096207,0.019824078477859747,0.0199817953089039,-0.364916727838789,0.5048988670548104,0.22882519186070766,-0.34446596443017763,-0.35959881598914056,-0.45271032456544025,0.11633403940269904,0.16249373368954007,0.004572107528429986,0.016247492047912593
2021-04-08,0.024315291690385432,0.2024440231461013,-0.008465811845695476,0.03182341359134436,0.014467850992159498,-0.35522271567323477,0.47453941705585334,0.19580778394286938,-0.37222464238581243,-0.37781912011018004,-0.4760480433504072,0.09918057425649554,0.167083033924917,-0.016955450269896394,0.020133306237084092
2021-04-09,0.023691854105299892,0.21120129195667545,-0.00865701786933934,0.049821014301417,0.01768058509409534,-0.3639410947227084,0.48481925058151165,0.20009072058854563,-0.3836523278479702,-0.3758797516150704,-0.47418157493686364,0.09039139969117438,0.16206329825941826,-7.386083892374495e-05,0.036419346671168834
2021-04-12,0.01512902131071403,0.21532342018764566,-0.004515060217497813,0.032316114331255114,0.004417257060989277,-0.3874403092417954,0.4495026599686053,0.19975853557106715,-0.4197758977517075,-0.3937272153347269,-0.4907742551215631,0.08526306934601471,0.1466651292138444,-0.020560782201579808,0.05397254417549835
2021-04-13,0.017194598172952602,0.21738899704988424,-0.025023858879161948,0.007463732339496099,-0.014339840396737052,-0.40339317733192304,0.44223693609321296,0.16081604247452602,-0.4196592397848959,-0.3993317850115877,-0.49034936509990024,0.09689804360931109,0.13919765224881797,-0.029735842969297932,0.013389167263961832
2021-04-14,0.02626105359437106,0.192478660742301,-0.04589495911221497,0.0062116222199059545,-0.04144218838206619,-0.4115286188462781,0.4256371187236482,0.13007485404872618,-0.41459976769807094,-0.4022505471884046,-0.4764998744064257,0.09446055511644716,0.14629321758321914,-0.04927472404271896,0.008042660113493388
2021-04-15,0.02521554785768798,0.17092753212013584,-0.04445668990619374,0.0400974699851768,-0.04369718285922165,-0.41938644162637867,0.4924073838717055,0.17348466639688614,-0.44094624442924757,-0.42580485143154995,-0.4864983067875332,0.08323138897326471,0.1281654603005586,-0.049854266088920324,-0.020294798043957674
2021-04-16,0.0057740053633915656,0.2021724047780092,-0.03106939641740855,0.03417067018103226,-0.036208399221546284,-0.3994611941250038,0.46090450495962154,0.2215652427109249,-0.45193164552970255,-0.4374391677050573,-0.49452166678815146,0.07605552091668247,0.13852249770694128,-0.07680861987443326,-0.012242305212989801
2021-04-19,-0.011837759993331753,0.1827392256231781,-0.028170609368618788,0.016711258336049833,-0.0356410251497121,-0.3717034023688858,0.4149519265477297,0.18499193519045995,-0.43954453400056837,-0.4192947927545383,-0.48455274165073914,0.06280861065590224,0.15291830224746364,-0.08620354556098928,-0.022473386345928326
2021-04-20,-0.017000881193220962,0.1925989113080476,-0.0361483600812095,0.018918570139321023,-0.023827098401362906,-0.3741346735665885,0.41457342294192623,0.19029903327709616,-0.4651810732548052,-0.4563700124537864,-0.5187535388788744,0.06648202744672074,0.11760648290755535,-0.11585772884131708,-0.04342563216584164
2021-04-21,-0.026698169647792536,0.17274467047434333,-0.02462096211608128,0.033912922634656145,-0.01568864483759419,-0.3746123132254333,0.40748659957394856,0.17068396231207256,-0.4649497866588973,-0.4508022356193354,-0.5141643069252129,0.057919646048898266,0.0898401015669284,-0.14049809323556436,-0.05109594229021022
2021-04-22,-0.02225828069635924,0.16052631219066862,-0.031973551038003284,0.018340930862705745,-0.040397270256709694,-0.3881114772033287,0.412033846885724,0.15403468831809056,-0.42958713986906283,-0.4362826766425043,-0.5014761184532568,0.06162624014928955,0.1421329779628218,-0.07860695839903706,-0.02914219461179504
2021-04-23,-0.015637692739453812,0.17610445381493342,-0.034785171627442574,0.05277770334364895,-0.023550184905248878,-0.3631713979973471,0.4283399454871136,0.1828515156009564,-0.4200314062903103,-0.4407594869669311,-0.5100343424297211,0.054647527099868975,0.1265455015083907,-0.12826409790451634,-0.05886152480440482
2021-04-26,-0.018037394584041244,0.22165779342755138,-0.010820794536987588,0.1001978553586233,0.001322832787303302,-0.3210244228166592,0.35240304111183723,0.14939280053879306,-0.452586862715988,-0.4514942983805979,-0.507878586701053,0.04746495784666105,0.10336857643008418,-0.11230618237596157,-0.12915158899692264
2021-04-27,-0.019380160989694,0.22031502702189862,-0.025178887446058146,0.09678261326571666,-0.013682822332196865,-0.295672622383048,0.357585334847895,0.116010635534772,-0.47680351331334725,-0.49295149764813206,-0.5326947899303401,0.03891097395502638,0.06128307709433714,-0.10987779876742902,-0.1386300519105177
2021-04-28,-0.030967883273553154,0.26342841296991887,-0.03233720470325949,0.116896358951326,0.0036792645407167923,-0.2009684490354816,0.38646634219780795,0.13148130445758355,-0.4243058960227704,-0.45170906088662166,-0.4940993925568023,0.03082744283261543,0.13728758114986128,-0.23518538271925027,-0.15055214104403813
2021-05-06,-0.036475083490701804,0.2638541274748111,-0.046147397104300436,0.09498897398739045,-0.03178035828268175,-0.13686336069690758,0.4314312036773704,0.12781035947245759,-0.4493886821097869,-0.4795246346052404,-0.513227847656997,0.01826831835839718,0.09300020740171103,-0.2370168633410361,-0.1603515800768958
2021-05-07,-0.03319585008452297,0.2967935475716062,-0.03411744029027369,0.11124281556636567,-0.0091882108041208,-0.1538209465431547,0.45621322145119897,0.16188426033044184,-0.510961168627713,-0.537363812721894,-0.5590103626683187,-0.0035613575457208724,0.06397008379612185,-0.25095165918907214,-0.16520618224905942
2021-05-10,-0.04717016228756507,0.2727475686398631,-0.0312559230925043,0.11515754026169639,0.004193452419672783,-0.19904578045376692,0.42387108787733724,0.12101735747896003,-0.541573100632635,-0.5714404344668628,-0.5959222853137461,0.015048639074416226,0.05358633596406065,-0.23063791375327347,-0.15398669041455135
2021-05-11,-0.039615385980221796,0.2504303521869792,-0.03646711793883592,0.11730342552606804,-0.01587920397933723,-0.21200674365154645,0.3686172426452257,0.0705164858069284,-0.49199393120379364,-0.5411304853273677,-0.553955087107272,0.029308054234711,0.043849444772072144,-0.2432615116012089,-0.14531630440750065
2021-05-12,-0.017150193225053262,0.22748766492323272,-0.04662840713424948,0.09497373982342638,-0.02843979022660019,-0.225540240247377,0.3703837813401849,0.10559275660788314,-0.4238433365599512,-0.4822062848511872,-0.5003117940231029,0.05633711150248635,0.05627308794054939,-0.20708306032237073,-0.12015411590766392
2021-05-13,-0.025924093908617912,0.27266056813893186,-0.01425184529398113,0.08851033616961462,-0.015029108691394635,-0.17422403317137355,0.43945871103372447,0.105320483762046,-0.4201218430251139,-0.4618874056989481,-0.48726479033655734,0.052122954255389015,0.038307750679742125,-0.2488816760524173,-0.13157848309942946
2021-05-14,-0.01777630494696969,0.3114821074558738,0.005208440128160685,0.08328667295370065,-0.019795967587848115,-0.17997305771262734,0.4521588406234029,0.130723562649949,-0.4147923433306391,-0.45973466992261147,-0.48151108775750184,0.06233157556484134,0.054344037005295054,-0.22188970816525289,-0.13430006724746005
2021-05-17,-0.0018887302772586656,0.3226049905463015,-0.0021392659984433016,0.04507071955448247,-0.0537209529390624,-0.16982165307256034,0.5230591203935814,0.17222613198314002,-0.37474592301527626,-0.4369390082820109,-0.44135292351263045,0.08642402875247027,0.07460265336854977,-0.15846985070943645,-0.07943821024739804
2021-05-18,-0.0111507858485346,0.3057185126818449,-0.019752267001646034,0.06096896442137492,-0.03327999008458343,-0.15163250271044718,0.49890203587963977,0.1653146024783417,-0.4765655307176324,-0.5066497255519438,-0.5047485914296853,0.03612173667119073,0.04439036154706982,-0.2118747496777029,-0.13010206763922008
2021-05-20,-0.00553773321658399,0.32076551964703215,-0.009225147683622925,0.039586589972425035,-0.022577816785549418,-0.18234952901092596,0.46588726701013294,0.1072398298622769,-0.5121985008870419,-0.5802165840601722,-0.5225284634981926,0.040477397792738345,0.08397936242912973,-0.18432774093812349,-0.11505146156341906
2021-05-21,-0.011070007857670289,0.2952728571758776,-0.025283855821540913,0.028490645270450643,-0.032311211303021614,-0.13790787926565326,0.5256474771428068,0.15911514752503728,-0.5348290309769155,-0.6024603211039495,-0.5402791345270673,0.03193780769949886,0.09764686607255765,-0.18785195875590466,-0.12050913199530515
2021-05-24,-0.02205444250811489,0.30248683016313027,-0.0473064685146196,0.03243977759374064,-0.0357931536700585,-0.11071390778668244,0.5469579827620308,0.17370228751926156,-0.5211632517649788,-0.5735839377624032,-0.5165887663919931,0.02471147696255588,0.09855998191743368,-0.20109384168076605,-0.12040830008527603
2021-05-25,-0.01161917226362369,0.3054617634398221,-0.0333780383279898,0.05066989651593226,-0.0339012411716994,-0.10720501045265184,0.5328768420986857,0.24291084486905298,-0.5090605528390587,-0.5670452333352561,-0.49655894286337,0.011587460802917698,0.10968034633650328,-0.18939359963979865,-0.12046870869410084
2021-05-26,-0.011083746616243811,0.293313103600891,-0.017035992082637202,0.046590967793767646,-0.029374004700651407,-0.13407625462937633,0.5143865156939983,0.24002152536595997,-0.5210080168598465,-0.5694000186902264,-0.48915127324225227,0.007445691227855794,0.10170175320518246,-0.18544348157575158,-0.12493924181725895
2021-05-27,-0.013693838767366295,0.3097016979636675,-0.01450450028796929,0.044349083805002854,-0.018258683074049792,-0.15115333584377375,0.5169180074886661,0.22809489062500826,-0.46158769568531655,-0.5285938056688537,-0.4578798699918948,0.007467894038520911,0.09809199968993898,-0.15648726659144196,-0.12152898122113484
2021-05-28,-0.016129951579222812,0.30728102741788366,-0.021114047244138706,0.05073383708567342,0.003981210463698676,-0.13317488289587714,0.48498143834948026,0.22646482184496475,-0.49647616105842945,-0.5431402177992827,-0.5011330991520968,-0.0023585747428665205,0.12815037213644898,-0.1744738083910859,-0.12348678759490425
2021-05-31,-0.01597784495590404,0.30464740853076555,-0.023367007926053812,0.049562288162345175,-0.008837284093074133,-0.07105137405419096,0.5277424402802956,0.2615595233401612,-0.49650767442612753,-0.5486383698995171,-0.5049387085594661,-0.009019867849976548,0.11257847117311556,-0.1837437290993436,-0.14575236118500998
2021-06-02,-0.021162246529092016,0.28663488912491975,-0.02352188138501829,0.036756392167254986,-0.014850353339307815,-0.09357850873916554,0.507447350607529,0.25223035072925637,-0.5083319668154092,-0.5492974221008617,-0.516022711439432,-0.00669686853855192,0.11242359771415109,-0.16372471615575768,-0.14994196633137144
2021-06-03,-0.02419759077598571,0.29088875706129325,-0.03292040301381921,0.008621182177198483,-0.018390870259856335,-0.0033945363729049327,0.5515972982549487,0.33567825960166564,-0.5271742477864825,-0.5672104198529496,-0.5270366748820593,0.013039600682390462,0.13402611965617717,-0.154143904204337,-0.14433938271878577
2021-06-04,-0.020134694826865668,0.287662440827146,-0.04136272112440306,0.0024445808420657245,-0.028024253913170094,-0.03112812668159759,0.5736001940776894,0.32009781747716837,-0.5113204447029787,-0.5412346845020208,-0.5095155884776259,0.01150914297940811,0.14531899133145781,-0.16781924499428794,-0.1604056983473095
2021-06-07,-0.02147913535023857,0.33111284614662717,-0.04242599335659075,0.025157607147327538,0.0004074012758844281,0.05425989719845395,0.6090589622445096,0.4064997437143709,-0.4471041884922837,-0.4420779709690952,-0.460776976108655,0.011563119801977717,0.18348388483423603,-0.13325254011421123,-0.1368024210073836
2021-06-08,-0.026109338128662868,0.33156361848781657,-0.03245143507485054,0.017339001181547825,0.026117771425716113,0.03890018419245414,0.6038116284927872,0.37468951122412264,-0.477146130736551,-0.4558376855463363,-0.4799198660867463,0.012013892143167115,0.16957186779205594,-0.12602186719434053,-0.1412441468142009
2021-06-09,-0.024753255889714776,0.3249534441629853,-0.04512871027424356,0.014265790300453718,0.034844879216313684,0.05724347695380633,0.6426026452391513,0.3770448059551309,-0.48303330524671984,-0.4623871934658831,-0.4689020851209769,0.008659674656000899,0.16695094419478734,-0.09728731857255694,-0.13636000444631763
2021-06-10,-0.01412286650254782,0.335335017431837,-0.03730079284954721,0.01248964340685127,0.030297805750946927,0.061557412174536696,0.5946674089241782,0.36573347635215125,-0.4884316824076971,-0.4648509849968022,-0.4779433800841253,-0.003885240627771347,0.14278368474085612,-0.09026559398047829,-0.14767133404929728
2021-06-11,-0.01228659190235104,0.3491971489210274,-0.017039782107737544,0.026967487285347536,0.02037413474434871,0.022891259480937065,0.5828624312966124,0.33334438374648423,-0.5416734696726558,-0.5277081516391929,-0.5306868484499614,-0.007044655496756674,0.1651731327756735,-0.09515648260815572,-0.1441860507327255
2021-06-15,-0.009849679295188152,0.33584523677932754,-0.035465968274466464,0.0025761295346931057,0.0033001822075061915,0.03364903730571772,0.5780708097256468,0.32844898915948306,-0.5502070590991897,-0.5289886501187813,-0.5224872270693006,-0.011211953166773786,0.182529440957655,-0.10512842149614354,-0.14744962332283473
2021-06-16,-0.01278144974011125,0.31808924269683075,-0.036491581427181785,0.00267771835258801,-0.0010553722294939227,0.029401909336438825,0.5628193518705737,0.30646464588239114,-0.5572253341417592,-0.519488244882508,-0.5321888018309007,0.0035096054605286142,0.2000284746233078,-0.09850492167260196,-0.14723444265114144
2021-06-17,-0.011758659919387016,0.3347336568393481,-0.036577548214445865,0.022542623945418533,0.007873723665931004,0.08619005563527696,0.5983428872451121,0.3564454634643377,-0.4970650014008787,-0.4585066267549438,-0.46302013073328097,-0.012323533106753354,0.20721472445876174,-0.11604604106625423,-0.1653713060464072
2021-06-18,-0.012568480524341064,0.32609314705315645,-0.023122237617432817,0.0056173692011214915,0.021055935372266465,0.060037561962534625,0.6165015968770413,0.38088299286219124,-0.4912373588899282,-0.4507239864913435,-0.4601929084543909,-0.013127111006452002,0.2215026420942603,-0.10336059409622347,-0.16191766541784675
2021-06-21,-0.03143221261315263,0.31045600579587496,-0.03167634528113386,0.0025726998604843343,0.02802612382027611,0.08256672712380028,0.6285822084800665,0.39975743565638744,-0.49296543945776594,-0.45367854799786,-0.45569695311075,-0.005742191194584356,0.22623386201226356,-0.11387764927441982,-0.1738143127552888
2021-06-22,-0.040782202207103074,0.309719576160045,-0.02768458337889171,0.0018362702246543794,0.021610923053523856,0.1081971186518062,0.7043418405143548,0.4943310363532659,-0.5079836996929696,-0.4725593023546917,-0.47295036408553304,-0.005227954270937807,0.2556000093240342,-0.11330759497615277,-0.17096445781276853
2021-06-23,-0.026973077715124555,0.32074329260164164,-0.0195520613551316,0.019836308903043803,0.020007212499657978,0.07425626054475865,0.7070894866561801,0.4755095268560577,-0.4604413452327042,-0.42638903595020494,-0.44879181176858784,-0.019157244535982998,0.22045391922165192,-0.11895824216035775,-0.18614306899664101
2021-06-24,-0.03951308366611109,0.31232231343945793,-0.023653415377504622,0.0040113731337110825,0.011401512885973353,0.06255033228172494,0.7243323053629446,0.46775176706848975,-0.4905467343657124,-0.4628383216062479,-0.4441974624929467,-0.009619173459239932,0.20281591509035238,-0.12824531365080255,-0.20122266868253946
2021-06-25,-0.04326402913503313,0.32404594939308073,-0.04770262082158397,-0.007346414003839868,0.03925663021142059,0.030025254354255765,0.6950026421508784,0.4623076569314607,-0.46111008598124903,-0.41797127356695435,-0.35406904859819144,-0.010149508613775587,0.2142642635822863,-0.10297046872972493,-0.19211513841385292
2021-06-28,-0.049971199103226976,0.2755468472018906,-0.043370858441506704,-0.00999082313097599,0.038600076727397375,0.03670734946375906,0.6758950490103477,0.4199759453967765,-0.4666597135499212,-0.3938861149373435,-0.35777239591684107,-0.011493592680231007,0.19745566985356036,-0.11599977880173326,-0.19998682233395165
2021-06-29,-0.04194282977693817,0.2795712129143592,-0.0531269087239955,0.0001933759443806249,0.0050374604378445875,0.024600966451844453,0.6793481137606281,0.4157561664414264,-0.4961598824593966,-0.4023421853048359,-0.3982681860976083,-0.01853596490217521,0.22215129773956488,-0.10503921120769766,-0.17270344981302904
2021-06-30,-0.050839932061024024,0.2617851490670313,-0.05267824332791726,0.04153524077135756,0.011748412954082521,0.027399964577348723,0.6717355750708556,0.43693645983522833,-0.46636692700665794,-0.3893712888516051,-0.35925195590001646,-0.03114382572113486,0.20328728899627835,-0.11351756464609242,-0.19438195933612867
2021-07-01,-0.0518659563744841,0.25515772238069423,-0.05499904812924386,0.020213400778207657,-0.0037680208055879683,-0.013829979462351066,0.6467492026091252,0.40153744810338043,-0.4664172156299504,-0.3920342268458137,-0.3987078395711439,-0.03626543590976675,0.19387357074933248,-0.1204278051419568,-0.20284771587559278
2021-07-02,-0.060119152614427795,0.2643403325154911,-0.050123059879457255,0.014709876016671342,0.014303596402542529,0.010385152140736237,0.6794123944906383,0.4505414501934237,-0.4270744896647829,-0.4108122373969865,-0.3917418056579468,-0.03730061029534895,0.20417166278330579,-0.1381171091508921,-0.20495219463058217
2021-07-05,-0.06677231508133863,0.2702977712030089,-0.043431527347536386,0.020023352422842117,0.01901833984693488,0.041202510439051404,0.7040380788352342,0.5331102700327484,-0.41230997359475663,-0.39316517613564156,-0.3716930125749577,-0.044055086233722784,0.21557105317681227,-0.15589893399758173,-0.2033925062129025
2021-07-07,-0.059911308351478426,0.28697316508350895,-0.03536640704760377,0.014462063320689111,0.04946281958853427,0.0780893346010057,0.7483977047206094,0.536598769175257,-0.40585538879334193,-0.40100467100574055,-0.34783458534759637,-0.045505249901721584,0.22707900031780276,-0.1681107106340317,-0.2117783539310763
2021-07-08,-0.07092596323334913,0.26403494706419384,-0.022623065717263774,0.006758147103864881,0.045403832805449545,0.10600584033681129,0.7344940838716644,0.6258874598790463,-0.36254517914219975,-0.3735789782326664,-0.3392894533807749,-0.0575686232513376,0.20032502277905226,-0.18091200846540192,-0.21496111464456769
2021-07-09,-0.0662334428606007,0.26658473328861765,-0.015619229985675248,0.015985736790088106,0.05798898088387863,0.1281064750116284,0.7436230735446386,0.6488346274292637,-0.3609934695587146,-0.38027304060804884,-0.35690553508762046,-0.05232779751114949,0.21184349338711547,-0.18553737998034,-0.2136807741439949
2021-07-12,-0.059557541198928254,0.27139056035596176,-0.010753093198463293,0.025550789890588232,0.07567533809193006,0.10535484162983666,0.7586478506888077,0.7088314070231141,-0.3818483842847275,-0.3822289436898484,-0.3655227056523644,-0.057173459052030445,0.1982962584926028,-0.16475407959304167,-0.21152376818606733
2021-07-13,-0.038084258188068265,0.29584656840101053,-0.012614435953866104,0.01008374917131713,0.15265774876257296,0.07094085255785434,0.7379178260833374,0.641192922942556,-0.45525820173246323,-0.429504399673752,-0.4511289485693968,-0.05778100290316615,0.18316766093921596,-0.15266545914759147,-0.20025503711055764
2021-07-14,-0.02814881746077355,0.287249912749786,-0.01698942652674401,0.029403436727731214,0.22315625619806628,0.12122976232935023,0.7708068770658609,0.6664682578093846,-0.4541221084928716,-0.4598242171156815,-0.4524283748425595,-0.061448516545615534,0.16302993880620587,-0.16213580401375097,-0.19769115733786885
2021-07-15,-0.03702300561579691,0.32366288301752694,-0.027493412241106185,0.024482938055167325,0.14799452532395913,0.11421619941961325,0.7263219367768079,0.733027565077411,-0.47609058458190817,-0.4811293339936754,-0.4643329657028462,-0.05821046026702051,0.1353436679147148,-0.17789831526498073,-0.2143686114763491
2021-07-16,-0.07085763698991496,0.3017965473513592,-0.010830724411997034,0.04329130344869189,0.17275840252384708,0.1219502552691645,0.7726346437392685,0.7278914056679683,-0.4868951108431067,-0.47929509083774663,-0.46222089340447203,-0.060451780671534755,0.14826327852001228,-0.1772190703279146,-0.21927596303535857
2021-07-19,-0.07687257724959595,0.3162845089534582,-0.018312913967551442,0.05143254154660132,0.19912722615504658,0.11738319592891633,0.7411880205451331,0.6995733973866294,-0.487659257110721,-0.4802049136268073,-0.48632501764668573,-0.06458658699974135,0.13505662200898066,-0.2027412866053579,-0.22850061845588096
2021-07-20,-0.06383932288830865,0.335283358309028,-0.012610148783025854,0.05513510192697982,0.283117533360731,0.12860834650090133,0.7523628449627726,0.7116414097323,-0.4445192460043753,-0.443692814770973,-0.4564371258417561,-0.04983407766483636,0.14098304120803465,-0.2134237507064085,-0.21976953107920208
2021-07-21,-0.05297972317706651,0.35191372358762346,0.000438235253367808,0.06577842045063687,0.2905408686040281,0.10393115968081601,0.7333997734854925,0.7395456872037232,-0.46113433865202474,-0.43924585788640425,-0.441765996142527,-0.05218460836556141,0.16255681903122832,-0.16544191457643953,-0.20484962975185733
2021-07-26,-0.051879099277182955,0.36159798548826394,0.023605804505964167,0.09137824567699462,0.34634779681573935,0.15915749811983657,0.7276397558452817,0.7366194184158945,-0.424503221776399,-0.3982026410796601,-0.4162654294480712,-0.04882552978811966,0.18091415883230874,-0.15183207077965669,-0.24951055569092978
2021-07-27,-0.044167599724027645,0.36930948504141925,0.03577179336935729,0.08531097866156592,0.31316765001735347,0.13908940889251145,0.7090685139299628,0.6760628910857754,-0.38422948272440716,-0.36880402633131937,-0.3845923725493268,-0.044928477555911644,0.21251760488950197,-0.14586345131671657,-0.21738253803517327
2021-07-28,-0.03806643434465534,0.3551577788901378,0.0435990727377179,0.06389964426294342,0.2891901411448424,0.11834335149193687,0.7379768849367431,0.659129687667554,-0.42730863893527105,-0.4345461371176389,-0.4385219229931279,-0.028223494848279324,0.1947242769388336,-0.11390740506238217,-0.23058142359362885
2021-07-29,-0.04667707651948422,0.36164108104672343,0.05008234399990699,0.05824557197116584,0.30897142509405473,0.1961795583756705,0.8038269260500811,0.7213170747079778,-0.39663603933552627,-0.3673201433982487,-0.4155094716303783,-0.046247710963868205,0.2132455524195985,-0.08771303251289445,-0.24814776725720153
2021-07-30,-0.04286628119592309,0.43378967871490637,0.06358698432343743,0.07696077027843176,0.34360561320197636,0.16817031620109665,0.766047714187056,0.67736420961388,-0.3544510472376269,-0.3505717022572393,-0.39379163733820466,-0.04362715902780709,0.18646692519725025,-0.07874330999009402,-0.227376746021088
2021-08-02,-0.04049808563859489,0.4432581897181158,0.05786995080561444,0.07401839163448307,0.3910925488300667,0.15001350801469618,0.7322489620650421,0.6841442544655506,-0.369432515125444,-0.3665900227789026,-0.39246169691999255,-0.04821378381468888,0.17864892969131116,-0.08736318806781643,-0.24173046331367862
2021-08-03,-0.036621451407836514,0.4522595898398637,0.08154019825889045,0.09325630710413577,0.3882126419702866,0.17759273598257716,0.7696260413919933,0.6918464578952633,-0.43935603742300455,-0.430337061770341,-0.4457605779232071,-0.024956570119544913,0.1843380528787056,-0.06539227608562376,-0.24535535232023134
2021-08-04,-0.03724729930550422,0.479282553656289,0.07755295343107363,0.09342694379662406,0.37945214553713336,0.15340279311667973,0.7503522007215447,0.6448417299173221,-0.42468151235113305,-0.4188695523335147,-0.4374421952235355,-0.01068377422540262,0.18205580325575407,-0.042044573930099166,-0.24228846191318526
2021-08-05,-0.03606800609154731,0.4880663829844265,0.08308966832384762,0.12926809242085235,0.38699067482910154,0.16473451051873744,0.7971902011671088,0.67044551080441,-0.43427818242285987,-0.42994363998766627,-0.4522167766639083,-0.019201856072200818,0.2150904546569255,-0.015008376654325861,-0.24407333326278025
2021-08-06,-0.040118097854724644,0.4694515077979382,0.06991991860680799,0.1416269098896278,0.3689285943731919,0.1521308838858321,0.8051772347510274,0.6476447416028585,-0.380752239121355,-0.3958771639228518,-0.41902157672199525,-0.022162104100158647,0.19946437666767255,0.007961067585933512,-0.23340688915078045
2021-08-10,-0.03758369230859626,0.4669433861900536,0.07919981141344276,0.1363837491590926,0.38809319101065265,0.13343689879630596,0.8107234769107192,0.6849376260133188,-0.38514712398313544,-0.3911509688492,-0.41554711936758526,-0.028961461287623863,0.20029122294558502,0.017240960392568283,-0.221719117078652
2021-08-11,-0.03369312916653058,0.4764720164214946,0.07147948032433463,0.1450974336458217,0.35694485159382805,0.12113115266148203,0.7755891403264517,0.630759484976102,-0.380914133543243,-0.39565895341580537,-0.4298096434065457,-0.04480297072626396,0.18007808731467131,-0.001512767093450329,-0.21817249523394242
2021-08-12,-0.040075835677437416,0.4650110775091837,0.049325635925846184,0.1413423453255883,0.390813333176561,0.14650819851808863,0.8154799183251248,0.6854013980039158,-0.3791430281037458,-0.3943170415960594,-0.4264241630683345,-0.06367562986726699,0.175258288501952,-0.002586498594990161,-0.21405124711625062
2021-08-13,-0.03473695119488965,0.43410453216006084,0.05865651974176053,0.09488664950350703,0.3366673295301542,0.10986367640485409,0.776844892074943,0.6682769851604109,-0.4178938861588052,-0.4251543558599553,-0.4548509010749088,-0.08411755399808205,0.19614664666521955,-0.011364296311890898,-0.21128780399131886
2021-08-17,-0.022958211371657933,0.4458832719832926,0.07043525956499225,0.10666538932673875,0.34844606935338596,0.1216424162280858,0.7886236318981747,0.6800557249836426,-0.4436796300177861,-0.4526927128777493,-0.48069413491304924,-0.07503046474377463,0.17970477456426637,-0.010297199997486184,-0.19988280240899545
2021-08-18,-0.05007880068803924,0.4111366615940068,0.07450759719616035,0.10350518646044804,0.38865057505821626,0.12272231900436659,0.7734340930867551,0.6702066257954842,-0.4476114971822534,-0.46555387169004253,-0.49454492891752866,-0.08893108206240724,0.17520812257317125,-0.0734660019423034,-0.22442723889928096
2021-08-19,-0.04939747763833188,0.40844487213829384,0.07835763455403721,0.07569439566671882,0.3780713666162949,0.09782697346998867,0.7637813078711998,0.6214950440711732,-0.4072634751359504,-0.43038075524009045,-0.464980833619408,-0.07265446646618817,0.1716532486804865,-0.05077743160036714,-0.2068008184561129
2021-08-20,-0.05995375011253258,0.4148098941082845,0.06135479697672211,0.09720503671902783,0.3974481497231446,0.12251483636514679,0.7796200521907412,0.6786001014077137,-0.3890468271772051,-0.40858153803630004,-0.4462750426303338,-0.07609576423900627,0.1589107824946777,-0.054452958997605036,-0.1999767205488026
2021-08-23,-0.05908396179226852,0.4328341855897143,0.07027866014811887,0.1015343847249798,0.4053965907761824,0.12775268068453097,0.8139711475914111,0.7481095169709868,-0.41036257255157677,-0.427879751225394,-0.4594964771259592,-0.0920528648358775,0.16770473462735816,-0.059550239555663964,-0.23238628136071782
2021-08-24,-0.05312110273595064,0.419953078716925,0.07495575071829905,0.11666309514984616,0.4383698088022081,0.11224147056206615,0.7631149423979612,0.7462336442149721,-0.4120924430794673,-0.4358740013790594,-0.4601952496639752,-0.06573956404070413,0.20026211287212856,-0.05015753227097669,-0.21378241491032077
2021-08-25,-0.044062415832710006,0.42715829223106283,0.056922715770562765,0.11579885604031756,0.4185247815402956,0.14184462140380275,0.797266031042832,0.7880240539777551,-0.43985000231239757,-0.4625594112392819,-0.4821730270835419,-0.07783173274405422,0.17637670469242359,-0.042774298576651576,-0.21635933951397454
2021-08-26,-0.03003222508484804,0.4340511872679771,0.051045140543818535,0.13809230129709543,0.43169946537379145,0.11933001009126609,0.7751675396736504,0.7893411457848284,-0.4659533040560801,-0.47574299493902816,-0.5015565724624929,-0.09370664625673125,0.17864201096417065,-0.032044554909522294,-0.21759650284425047
2021-08-27,-0.029991862873845226,0.4536551633225143,0.05196240027798674,0.14076353833725144,0.5173657967193196,0.15616046386168939,0.8514185091124927,0.8111521957205773,-0.4847164770637734,-0.4647438837955865,-0.5003899049066665,-0.10607808805544525,0.18418906275590716,-0.03846967017333619,-0.23865624482645306
2021-08-30,-0.030808493305864604,0.45849671668665515,0.06845328362984804,0.13216797113759454,0.5223757672773615,0.16930958321928807,0.8586316700664349,0.8151107840268219,-0.5015042711126958,-0.47847892746617754,-0.5103852198968846,-0.11283231986915893,0.1854021585588997,0.0069684602799687245,-0.23523664903651087
2021-08-31,-0.02141801483598879,0.4492376692411628,0.07200623106372403,0.12350836133965273,0.5395363698093009,0.1605498627262227,0.8556312992999349,0.7875394411201599,-0.4789684318764834,-0.47015576064012565,-0.5110438889207971,-0.09044645989880501,0.1918811002449782,0.012753999428980728,-0.23968496111293444
2021-09-01,-0.02211549920979336,0.4344832825459103,0.06848407470399948,0.14183233752415308,0.5006905774895792,0.16823888977906776,0.8671832932354723,0.7759244884893209,-0.4957618910180947,-0.47604930826373415,-0.5243298187421326,-0.08821156442476327,0.19449546493088082,-0.0029206288859929264,-0.23653027753244568
2021-09-02,-0.023086317524046635,0.43541234830224973,0.06838090047081491,0.1200608707830852,0.4620696023978499,0.1703476462283562,0.845057001073756,0.8072627687833142,-0.5061565232395624,-0.4869473225616864,-0.526664356610913,-0.08981695841300874,0.22332841416598975,0.017886531134079592,-0.23490541136688636
2021-09-03,-0.013214880744376517,0.4477162189293711,0.07048478075193251,0.1393785740268272,0.4732907088072884,0.20862518741030486,0.8670741026054506,0.8742754335402615,-0.5050946889400412,-0.49477972995738173,-0.5331681743731529,-0.09327252963778113,0.23319984189380158,0.021916312028362,-0.24510717535098978
2021-09-06,0.0056067084976133,0.45049036710476664,0.04924698510470385,0.12650581232638505,0.46106255410416264,0.20662914768007448,0.9285203239275043,0.9201606808310031,-0.49251971955371787,-0.48414108627738706,-0.5207867220736108,-0.0829410105296001,0.2862923278283802,0.0312770613316172,-0.24797524549420424
2021-09-08,0.008293851799235752,0.44302116224788524,0.04002641915993427,0.0974276859254119,0.4267060730062049,0.1780175538201027,0.8704463846126269,0.8251766405982248,-0.48191429645896966,-0.46132695553647707,-0.5022828828208339,-0.07118743570023064,0.3031430706492416,0.034760076871816536,-0.2362336365655208
2021-09-09,0.0063363663083712,0.4617684052266236,0.06546782873237172,0.09890060743694667,0.4773110048537585,0.18302878437587633,0.8937760906739591,0.8405249865228557,-0.5011341702240376,-0.48338816162157006,-0.5144006567064612,-0.086337714605353,0.3042577987767327,-0.00029395843680651845,-0.23968329995036985
2021-09-10,0.0013814297575784895,0.4999876471142272,0.0646465378814981,0.1128005543482844,0.45539958798733976,0.18360153086069753,0.9132795023912874,0.8573387027941166,-0.4807622275874414,-0.47550462773194196,-0.4947768207130212,-0.0961276500060102,0.329135966195863,0.011982527063896686,-0.25265172931960567
2021-09-13,-0.00831794896944632,0.4698575049501529,0.04369082821776207,0.09982010500782437,0.43232544773003356,0.17832352446309271,0.9172047995351836,0.824973266671693,-0.4929289872060232,-0.4890860636989882,-0.5069833421686588,-0.08131635378778282,0.34253669351157834,0.007140056056327587,-0.24282730932962826
2021-09-14,-0.010920989754407667,0.47453577151835796,0.06244513526321993,0.09138340422910801,0.44231109805809127,0.16504015172379655,0.9406390215817146,0.8256274960605421,-0.5119592920641731,-0.5018616196484572,-0.5195641098876804,-0.07673802273310629,0.3461147674513509,0.05009876500400995,-0.2210382827724829
2021-09-15,-0.01610633882994983,0.4751626738943122,0.030562258120072766,0.08455321440667615,0.4423072115314002,0.1626488201658313,0.9553741076793844,0.837658722870327,-0.5230949767110505,-0.5087948454383227,-0.5259456379073931,-0.06687889882779274,0.34049429345053317,0.048864202634736204,-0.22497110054337607
2021-09-16,-0.018816006181394423,0.4591438606261873,0.034910801641601874,0.08890175792820526,0.43859914941778255,0.19487374613035557,0.9608369298970273,0.8468971209605428,-0.5391488485661122,-0.5447617645337363,-0.5407976772847581,-0.07428751700817965,0.3179353324353327,0.0552942434555968,-0.20967771801737278
2021-09-17,-0.0187054502988441,0.430024878189927,0.039661769420620496,0.0867001847988303,0.4483715226222054,0.20863648321673461,0.9851510404828066,0.8805840558464675,-0.5359202037931088,-0.537818063811053,-0.5350487807979596,-0.059825788071138225,0.33755128669598483,0.0629985333431739,-0.21484209667508264
2021-09-24,-0.012440387193859731,0.42797329206795276,0.029063116042670173,0.07727730508745514,0.48497447278124106,0.20505556877366468,0.9819795135100012,0.8792447957788595,-0.5666279073923011,-0.5572320576876864,-0.5576716617571025,-0.07171714319060174,0.3615687049289241,0.06583770695102095,-0.2155829443501331
2021-09-27,-0.008873224728444457,0.40770602541274426,0.030669683116444052,0.061167795881833825,0.44297223065664426,0.16636517496426154,0.9531826994728066,0.826548322602887,-0.5613252174492356,-0.5734377760488887,-0.5680555229874732,-0.06965478186116497,0.3420631812190801,0.06533041849084811,-0.21517196904075808
2021-09-28,-0.01457877896870266,0.38906110796764126,0.03834209509275416,0.061671635236847544,0.4522961422081958,0.16676484011272663,0.9651841005199354,0.8366391744106979,-0.5626801950551044,-0.5652379154929228,-0.5563295879509418,-0.08016485312741817,0.3269208462912029,0.07300283046715822,-0.1994173185417899
2021-09-29,-0.019274930681545427,0.3487020708381684,0.024081060807874283,0.05900757548539856,0.41371021916054695,0.14113612726474298,0.8844829174534652,0.7857654841708519,-0.5400914169748087,-0.5545575983720314,-0.5584346266598665,-0.08552510165683294,0.3091654694088031,0.04443956529468626,-0.19241026260137348
2021-09-30,-0.02396911230045748,0.37191669732271015,0.033844872401853326,0.05798322531734709,0.43148889870485385,0.14404653282741112,0.9172639041520281,0.8266488883704108,-0.5454090337157789,-0.5502498212050899,-0.5639556628002222,-0.090219283275745,0.2964393078014669,0.015799462038496,-0.20659401418316253
2021-10-08,-0.028224107712594843,0.32762840041684793,0.02834665464388636,0.026849491607345427,0.4287617249380671,0.17574161715179415,0.9193439734064514,0.8773566586085818,-0.5304599352961572,-0.5291187404321227,-0.552136007658855,-0.08721398863146677,0.3168711072405619,0.03829164663528081,-0.1984926215487579
2021-10-12,-0.017494560451121022,0.30989017467094115,0.00979608145224689,0.01404858821323035,0.3843301772751271,0.13921829003544337,0.9029652570658298,0.8789950902471175,-0.5380452256329834,-0.5096196240043961,-0.547958461287544,-0.11207515216048645,0.31721997656749035,0.04663355306025674,-0.19466288785976088
2021-10-13,-0.017474915194335944,0.3050564602704676,-0.004954492847388942,-0.005761931797993669,0.40260929664722067,0.07952762469554445,0.847098606513588,0.8101301703703986,-0.5081260998492846,-0.4687857232561913,-0.510210998943009,-0.10797738017307919,0.29061900729213896,-0.05928028749796768,-0.2117140298071444
2021-10-14,-0.01637897886930509,0.3155595443393522,-0.001091875568998285,-0.0027423027781799947,0.4095112007129561,0.08571101396601,0.8434252147070215,0.7928410355082668,-0.5200637226925229,-0.47916221104529305,-0.5166032892499639,-0.10169478604517852,0.3042759719436284,-0.06749572482073252,-0.21239084411129835
2021-10-15,0.005912064591722083,0.31920507434743883,-0.014492945865960921,0.0028008571116590886,0.4345482267095958,0.13606579911071576,0.8717929852656064,0.8178781066937476,-0.5163762169187887,-0.47771010096941335,-0.5135199018654253,-0.11541182649180246,0.3322584288415752,-0.08632616979020094,-0.20524491315423227
2021-10-18,-0.0063721608630713245,0.3069563570973014,-0.024493188991790205,0.013864051576561481,0.4158765194067874,0.16411917305252036,0.8726817541604145,0.8505718653493856,-0.5331306039740171,-0.4736754272138691,-0.5074405162276467,-0.10946341323171645,0.3517939986238807,-0.09122274069127764,-0.19038601599723906
2021-10-19,-0.0011826132041005133,0.334721941736894,-0.026750191692636788,0.020334784755590002,0.441464283327669,0.24498889712209987,0.9503989191950124,0.9338435421435332,-0.5589811479754321,-0.49856428223445926,-0.5245162732068628,-0.11539924934313023,0.3759529393813075,-0.09074588634880512,-0.20181989155961405
2021-10-20,-0.003760994928939554,0.3283433507335101,-0.04163948179015234,0.017246642164145953,0.4508829452222735,0.2736258705181282,0.9643900655995508,0.9778651862461454,-0.5701329257031604,-0.5122569342107395,-0.539516417059333,-0.11889706918386377,0.363851421534882,-0.09043044381493967,-0.1875653329043363
2021-10-21,-0.0072111884405493265,0.30964770453991997,-0.04279141467722461,0.008108562173463868,0.4263488296248297,0.24917669891644342,0.9044865257595652,0.9153748975224621,-0.5935232281411617,-0.5260038749797055,-0.5483920234509905,-0.12042045028973725,0.3375204724524855,-0.06328814170342034,-0.18477146621298957
2021-10-22,-0.0004764932724106441,0.3107354686346677,-0.048023048942577334,0.021040904687280065,0.4456426480619503,0.25973037112873565,0.9286572852403661,0.9303302157566267,-0.5867219115289385,-0.5143216877546557,-0.5261585279404662,-0.11753009478677166,0.3589306144693829,-0.059348863835573556,-0.1734122850918895
2021-10-25,-0.012537496764120026,0.3145678344407624,-0.050467148758449515,0.02327276845004697,0.4522254900165902,0.3070327904853717,0.9317311765238727,0.9653145513975003,-0.5762054999690996,-0.5106311487369211,-0.5351421309634548,-0.12070049432161145,0.36992295438570044,-0.09841182030528894,-0.29792522063569005
2021-10-26,-0.010728741887244458,0.32277071451478073,-0.048177107634749944,0.025179445240860354,0.42133759754957306,0.33466724236274864,0.9200731293727977,0.9196296054143727,-0.5606460563530881,-0.5123975931760787,-0.5363112855493837,-0.11622018713979809,0.371264364590894,-0.07878632205224487,-0.3071951532864586
2021-10-27,-0.013086541005986274,0.312216023747968,-0.015479954278897173,0.030378384131248465,0.4312284482730485,0.4270365707195002,0.983600971329695,0.972899007571861,-0.6024847157061571,-0.5328374023185245,-0.553695127145784,-0.13274233934224572,0.4291566167187367,-0.11037546743011808,-0.3326883662030398
2021-10-28,-0.017856668912742457,0.34054352373498764,-0.0004647903591390723,0.04601569442414577,0.4366305650899841,0.46897185648354767,0.9748468855942717,0.9627318694019412,-0.6289833880130167,-0.5550173366956112,-0.5702618899752007,-0.1222894990084514,0.4444894694336141,-0.12338806795371188,-0.3388692827332521
2021-10-29,-0.023108983296405067,0.34373025761829623,-0.023622036481887376,0.03298249917167567,0.4688543171258025,0.5345940707653657,1.0303468304904129,0.9557247946037624,-0.601565006414733,-0.5131293776497865,-0.5249553086802716,-0.13191464445009132,0.45504540652864167,-0.11021507210379569,-0.3317228545321459
2021-11-01,-0.02785593300842429,0.32282119209355115,-0.02939603207714231,0.037002062895846066,0.4988502451285414,0.5245700282233487,1.0723978398228629,0.9323630752105712,-0.6024372731137024,-0.4878617901268797,-0.5104337861933688,-0.13522978936912863,0.46197745280710606,-0.12494828378242251,-0.31751584973240693
2021-11-02,-0.024338898596444752,0.3290456996350338,-0.04063288818399108,0.02962565328356298,0.47095181587687035,0.5610705472388169,1.0956087155164242,0.9049811393630274,-0.5621915196154736,-0.48385829803045405,-0.5118287421569283,-0.11246519443778741,0.4430622305328013,-0.08326401706824826,-0.3062210664770636
2021-11-04,-0.030288533423195235,0.32954119231087253,-0.03397702730133326,0.0420100993017791,0.49557483726991003,0.57684795430526,1.1075306090992434,0.909581507763079,-0.5537815629039211,-0.4880895564720441,-0.5001431549040052,-0.1070960937647681,0.4718732281043163,-0.062196513129586045,-0.2931154187009738
2021-11-05,-0.021069592319467784,0.33303364158787785,-0.051820387016467406,0.05114325065044367,0.5126925438954676,0.590137441662063,1.1369368270534972,0.9274169040637522,-0.5726555511717684,-0.5105173866960392,-0.4581625561625464,-0.12546376340168763,0.45340682734373305,-0.05197248748070388,-0.3004600183299107
2021-11-08,-0.02456381074893399,0.38275693644723896,-0.05554458563889261,0.050298668952176856,0.46593186592955427,0.5573401840541046,1.0898901780486527,0.8921377720841936,-0.6151786321673615,-0.5361144314723783,-0.5098284225274182,-0.12660386401592394,0.42460621583567837,-0.05367930067033466,-0.2952298973553829
2021-11-09,-0.0169368364940069,0.3707940650729865,-0.05352128048515872,0.04069973383743053,0.45190525927463643,0.5631999114641928,1.0938097817533952,0.8890407240615673,-0.5910443912555791,-0.503243022599011,-0.4671770768800857,-0.13523346810049044,0.44803083691061274,-0.04947736219664989,-0.29014583025979496
2021-11-10,-0.0163434528090923,0.36018250541908137,-0.05252260214800711,0.04204416541953465,0.46613050631366815,0.5978758700773975,1.1164698338696324,0.9143424577762528,-0.5809271299817553,-0.4952226927458643,-0.4316982831742964,-0.14054012471351895,0.43542786349896767,-0.06193380420297709,-0.29800066909895934
2021-11-11,-0.020076197184153738,0.3517740017096746,-0.052537999007023745,0.0385828354340067,0.4586905557406921,0.5811807349704932,1.1597287833208867,0.8941181854570339,-0.5656019868703082,-0.4805922309038494,-0.43528082222286535,-0.13870307408531626,0.43571654540354793,-0.09174075373874072,-0.3005120585825762
2021-11-12,-0.027134095097165717,0.36254979030200135,-0.05117523240155891,0.04798074142082931,0.43075748976954314,0.6126964903558383,1.152498288809218,0.9207017253885101,-0.5807201051122424,-0.4904838478839697,-0.45094227121960684,-0.13249108266564602,0.43779514838188766,-0.07758509109580838,-0.30880562126728245
2021-11-15,-0.02715264581714605,0.3702505622672246,-0.04461624427646682,0.04254852412416238,0.4431865156815183,0.5759242591316627,1.1247516340388808,0.8816911810113981,-0.5957152142808104,-0.5071008742754199,-0.45967772604411417,-0.12784248283006117,0.4369731623349699,-0.0755835968764842,-0.31978825028911373
2021-11-16,-0.02718942842523195,0.3669296342921032,-0.06111531590697222,0.0521917720049358,0.4243078303573857,0.5674882817277385,1.1196497084075874,0.8491405428531973,-0.6087403604513115,-0.5195541137098076,-0.49165391934381075,-0.13256499417732268,0.42348500751545654,-0.07504899721501648,-0.3229103729429549
2021-11-17,-0.031189087608938487,0.37236401547711573,-0.03496202376802707,0.07134141397695287,0.4255210303549586,0.5787561130391069,1.1138658113249396,0.8743705938525701,-0.600857512280601,-0.5144214614342478,-0.4719540616935718,-0.14501511197981093,0.4106876695717949,-0.04748711199212552,-0.3211634290107457
2021-11-18,-0.030627064364602025,0.36331452318787844,-0.05426853738407919,0.06126034449883527,0.41422070888409895,0.5462415270726602,1.0878608189027392,0.8429136047836383,-0.6284726852716657,-0.5322527627049118,-0.49637023724174534,-0.15645631588025705,0.37796259552143546,-0.03907073401827846,-0.3330440284118739
2021-11-19,-0.021210325628749194,0.36460778197011645,-0.06206170456536708,0.07285713591049597,0.4032223010528819,0.5629990294959752,1.0891540776849773,0.837844159359211,-0.61925666702545,-0.5227487478933137,-0.475004536271872,-0.14101861814929273,0.41789365794750644,-0.02235509715096365,-0.342760595390905
2021-11-22,-0.025247053917962337,0.3701428906032054,-0.05516563955547313,0.06107881517291125,0.42156525058241157,0.5663825470989241,1.1134289243499704,0.8513586177385719,-0.581248269572015,-0.49300068961189714,-0.4635857139319307,-0.08952828449595376,0.43892585935653605,-0.004356338157156692,-0.3451570745964593
2021-11-24,-0.03872525624079737,0.3522483674911622,-0.05787348132833778,0.04385353048387458,0.4229020119970077,0.5753046885370902,1.129000854446352,0.8634136381040066,-0.5826122162416065,-0.4973404034044293,-0.4758255595567776,-0.0948536836405662,0.41127497136086155,0.004705785559956377,-0.3585785148823177
2021-11-25,-0.03938650328824228,0.3612490385412462,-0.05752184289207099,0.04903009905189176,0.40240243636643774,0.6333398987300924,1.1510479532574647,0.881760387008879,-0.5719197724533983,-0.48668083076237784,-0.4743307552384307,-0.11033004905719551,0.43817171398787663,-0.0010991830525186597,-0.3458873173238459
2021-11-29,-0.042052145114123834,0.3586914230100992,-0.05719667306069415,0.06205536164690684,0.4308553592020585,0.6618813224066686,1.1517175399800539,0.8970445088325665,-0.59089452688622,-0.5030845805306512,-0.47341638438505623,-0.10794942659138046,0.44484738958705755,-0.0444409397072148,-0.36339773802971326
2021-11-30,-0.042741329457308075,0.36280818395886566,-0.043573377773032995,0.0818729834677554,0.44513876387367995,0.7241993359739307,1.2154314253170961,0.9187079832417542,-0.573164019265477,-0.4250992851629998,-0.46603211672130995,-0.1276126107810174,0.44906216315761266,-0.041665790496538846,-0.3444305978693427
2021-12-01,-0.04509044988369809,0.37318812677840174,-0.05261162965421751,0.0808301686464154,0.45749173890054284,0.6952267712948652,1.1772177148955631,0.8562952797763446,-0.5776943616668127,-0.45923168856549546,-0.4823377922636962,-0.09409134367246733,0.43577161707234746,-0.08981747479991545,-0.3695981654706561
2021-12-02,-0.02826474262102302,0.37489071807674007,-0.07062044977040732,0.06725900984644678,0.4531460334318376,0.6392408467598312,1.1392987460494592,0.8571621742216693,-0.5997542536311196,-0.4861014069178717,-0.5026817996541335,-0.08331578658679145,0.3917475992815686,-0.07566497302604985,-0.3897351302084102
2021-12-03,-0.038145775691849404,0.4138446395477144,-0.0886123041299802,0.08471657375323077,0.4669395589487167,0.66171374777932,1.1593373209763977,0.9054460509078639,-0.5750394405045937,-0.47261611459133934,-0.4996395382932885,-0.08439137640718633,0.4252007314372018,-0.06192271989112083,-0.369819700675603
2021-12-06,-0.05088624317579479,0.38644054242184034,-0.08188989245382589,0.09753262853654648,0.4569729917112977,0.6690912689322883,1.125997906300137,0.8892139173489672,-0.5940405541394048,-0.48980246421806406,-0.5102583715421138,-0.07467002075456702,0.3996922917742628,-0.04013104707798032,-0.3743782553811138
2021-12-07,-0.04541422616359042,0.36126529819996955,-0.08698427355905142,0.10246760135866584,0.42597791486631464,0.6514830890143019,1.12843986047301,0.8443724511979119,-0.613897584965089,-0.5238110202750613,-0.5336855791113284,-0.06648329319680205,0.4066564514382558,-0.03488957470064136,-0.3457851037282239
2021-12-08,-0.055678379472081235,0.38771051391232186,-0.07973201395279803,0.09163506561614743,0.4364965362010031,0.6700625270756049,1.1247393062691082,0.8810941417029579,-0.6106809963466466,-0.5183908530293619,-0.5251122126237434,-0.06847603355647566,0.43034263107393794,0.02588850984994534,-0.31726184306907373
2021-12-09,-0.0503318765023561,0.3594976514658311,-0.09045697865694302,0.07253047294272386,0.42121105299358386,0.6518238360860293,1.121876083971259,0.8443660859830975,-0.6137252163378915,-0.5234543644517373,-0.5177428615839137,-0.06276422915446886,0.40729203085744303,0.018454969869993954,-0.3375538727322438
2021-12-10,-0.05036164313608438,0.3499561464393285,-0.0906978830614718,0.07519223386352358,0.42792128734984913,0.686121107829774,1.1026117677151797,0.8316997796544923,-0.6285320031847422,-0.5165693740132884,-0.5187787632673129,-0.07461156783310513,0.3963007751248079,-0.01205613775180725,-0.3574847216101203
2021-12-13,-0.05369944443299712,0.3483859921269463,-0.08121594314734484,0.08074310170111976,0.41859319084293745,0.6714392124883529,1.109398424576666,0.8569265793894715,-0.6236810252200929,-0.5078796698081514,-0.5222217131514559,-0.07261636537104918,0.41837005301339414,-0.016426199599702707,-0.3520118663346292
2021-12-14,-0.04751902410009923,0.35300945060854566,-0.08203318975627075,0.07436530350808318,0.3986387120166989,0.6603333978075492,1.087050857362617,0.8198166817518442,-0.6207146427448598,-0.5032681917380368,-0.5142119530702004,-0.06050223560858378,0.4032624812848901,-0.05016052893629211,-0.3542293312196632
2021-12-15,-0.049295709788687164,0.34465070058600716,-0.08029935906671859,0.07206391832270276,0.4100365036383597,0.6820327775313939,1.1172076545527283,0.847694376150175,-0.6313797186875889,-0.519571614998092,-0.5351144113786334,-0.05618478000565191,0.3954091145073519,-0.05987487006216355,-0.36369210567899024
2021-12-16,-0.043492179965912314,0.35707434012555644,-0.0853246118225133,0.07520785756957321,0.41938608807364347,0.6906213923745812,1.1048873797973744,0.8688372678545293,-0.6390991594035766,-0.5311508679422672,-0.5376200180945498,-0.060700332698195525,0.41877923891164276,-0.03165589306884109,-0.35145236100006966
2021-12-17,-0.04170047312208225,0.3409670058517616,-0.09511472608622382,0.0554341173586792,0.4087783600022144,0.6756898807668386,1.0910656429548276,0.8565643827327083,-0.6584198166827869,-0.5605444212647961,-0.5599224202802688,-0.059641337062863425,0.38533768848313993,-0.0934910495154368,-0.3498079434747013
2021-12-20,-0.04855087317328821,0.3441406543053613,-0.08495020648422247,0.058902812986055264,0.4058363117165325,0.6655951349805775,1.0991532629951124,0.8449792786763177,-0.658064178291397,-0.5685235168079018,-0.5659416109886795,-0.06315921898204788,0.3558550603704537,-0.06579025184296575,-0.3458604419011778
2021-12-21,-0.057002107255529066,0.3422770675308259,-0.07935644783871593,0.0532819873732196,0.4100884216812788,0.6792495635775394,1.1133923190694621,0.849178747424748,-0.6535858402213885,-0.5659408032994452,-0.5664249202568348,-0.05705050248575402,0.3762695627585456,-0.0894207172969812,-0.3729938946187431
2021-12-22,-0.05409865030767547,0.34992415412098815,-0.08249078067879873,0.05001606461180541,0.4224984574326101,0.6993636612639822,1.1008300637945505,0.8600848739128497,-0.6608249015253119,-0.5618579045507899,-0.563839267926684,-0.04265083418437865,0.38158428452115284,-0.05411292930755651,-0.35178827266175206
2021-12-23,-0.05084784480894183,0.34806733203116064,-0.08509600445532728,0.05138594415064185,0.40310619772318473,0.7461528350759834,1.0976272107882727,0.8768158578732992,-0.6834001917537853,-0.574231848068309,-0.5760181223982954,-0.04307283735386319,0.38811059491855066,-0.048499262463088666,-0.3545559961035538
2021-12-24,-0.05498785632055114,0.36162166132465273,-0.0818528921513543,0.05627554567849802,0.41135463024579016,0.7411431321237263,1.0862664779324807,0.8801831302070273,-0.6950702846060225,-0.5812935574945519,-0.5871090558845924,-0.036425978747108234,0.37847854252948127,-0.03846629372435928,-0.3487418585323522
2021-12-28,-0.04840499767825718,0.3582128153357765,-0.08294504244986375,0.059390383955923776,0.40138529929485284,0.7456154866403137,1.0711383751611427,0.8825170405737524,-0.6953890919919328,-0.5848077310630584,-0.5825900605044088,-0.04333908220736171,0.38629625176270527,-0.021859093926146322,-0.3446980221535777
2021-12-29,-0.04960483201996685,0.3601166403435645,-0.08879215245140634,0.05544400761205759,0.40757796270339475,0.7173659021326714,1.0630554493007063,0.8670874258868996,-0.7070385516682101,-0.5933126873243271,-0.5980929193721053,-0.06051450394062369,0.36162096838794977,-0.015447648704281725,-0.3509940070281987
2021-12-30,-0.04961487855781982,0.3664369748249327,-0.10140543755099629,0.06265465292884054,0.4055953921747916,0.7103597487560531,1.06992849428158,0.8537922469187482,-0.6949732370029238,-0.5855028263402428,-0.5861648248250562,-0.06526548657917475,0.3705723073459107,0.02228060383095709,-0.34802779710147985
2022-01-04,-0.024665924541413586,0.36664925325179787,-0.11836460614884417,0.04762605328199082,0.3843501193403611,0.7220964588227272,1.059447567802881,0.8377655534126809,-0.7111380598221237,-0.5937630613446101,-0.5977130492325687,-0.07407544395917165,0.38548703645098026,0.06521941491238609,-0.32926899613620975
2022-01-05,-0.03242893835149424,0.4047759606838144,-0.09775647110500951,0.056885927161081984,0.39128516496401944,0.6935410421976899,1.0676872705478142,0.8155594321282452,-0.7259996879905701,-0.6052146005451515,-0.6017972885505993,-0.08930651675219928,0.37548371143926096,0.05128353253320883,-0.32915999668661067
2022-01-06,-0.03453970704465287,0.38915891883823567,-0.10570705500161112,0.05058062316994427,0.38924833516157203,0.6607873490806231,1.0473097231000774,0.813988722674077,-0.722126299528806,-0.6058580549243517,-0.5922694449875863,-0.08862440565863389,0.3340721058899722,0.02739673978987489,-0.308353447777014
2022-01-07,-0.039342391879714,0.38140062614394865,-0.10814594398602634,0.07042651698648233,0.3738767150990464,0.655670504753458,1.0316299164094305,0.7544320687155519,-0.7122682466355996,-0.6023525517773385,-0.592507093774659,-0.059735875628878,0.34038381420109465,0.044214036601384954,-0.29491082996510853
2022-01-11,-0.029650918211369337,0.3834327838408135,-0.11183832056898549,0.07113329527870477,0.3503492923248216,0.6482123342915814,1.0133613315375771,0.7197753946202927,-0.7339900518488143,-0.6076610228949759,-0.6065078024943131,-0.05093699728719947,0.31472070008658026,0.041118568500180086,-0.26499983900863705
2022-01-12,-0.020677137006752888,0.3833605784098083,-0.11151068424064223,0.05733742382803381,0.3417542135916387,0.6787955464579972,1.000715590465864,0.7200068640817843,-0.7221024113415013,-0.6003532272472223,-0.6031602795867573,-0.055693190925996006,0.35394437042798554,0.06218628148412347,-0.2571568614996174
2022-01-13,-0.02250586630974888,0.36114912217614364,-0.11080495400516521,0.08528198935713222,0.3326255977455173,0.6846692417567757,1.026643162270295,0.7141732755355679,-0.7309624776243038,-0.6194610514041237,-0.6137934584980478,-0.0717911146352122,0.3579924934295358,0.05802076273268447,-0.2635449566802119
2022-01-14,-0.004177247714894861,0.36772375391441137,-0.11404412044182799,0.06373270811480425,0.3383106101611467,0.6956258579442985,1.016861610188733,0.7184880681628979,-0.732255328679063,-0.620819813003345,-0.6144114298748854,-0.07769923988414487,0.3449794756446518,0.0461712983087304,-0.27617724157809087
2022-01-17,0.005446054741858941,0.38453083040329233,-0.11357602717442569,0.11189761366569095,0.3564369596279711,0.6958076463784082,1.0371213650855646,0.7485088335654806,-0.7295468208828689,-0.6163366473585008,-0.6153358693648208,-0.08172845488438499,0.33985993559540445,0.08123096649008099,-0.26905215706538776
2022-01-19,0.001547956635958192,0.36926012414355264,-0.11239752767970895,0.1233405842809484,0.3741397642878162,0.6743509425009557,0.9964992286935739,0.7358618891308901,-0.7391936664743202,-0.6243545238630019,-0.6175811435872567,-0.08260120671512713,0.2871252699822338,0.017320095918426037,-0.27781245248734715
2022-01-20,-0.002546097497815647,0.3745145378281343,-0.10179260881570668,0.11319455016718599,0.37652151926715033,0.7045713540791054,1.010400343434445,0.7363657417490672,-0.7558621607729878,-0.6561287831060447,-0.6285153720427814,-0.07947948412647335,0.289200367761646,-0.012302671012886068,-0.29834647577425627
2022-01-21,-0.00036250078403204933,0.35352624148635886,-0.0952456488570238,0.117927086705302,0.3885408248839091,0.6228626425219737,0.958188283065458,0.6935517087590186,-0.7420942025982455,-0.643397816167688,-0.6059334545633144,-0.07365045056967467,0.2894449476446647,-0.012077165768814901,-0.31059208084855916
2022-01-24,0.013184065780568466,0.3485252596260215,-0.10431996430203566,0.10748837848051501,0.38353984302357175,0.6472754983952187,0.9643379633407847,0.7156125557523068,-0.7517191509109238,-0.649498271414376,-0.618320716786072,-0.08528687443617525,0.2748129472049489,-0.04312512987705319,-0.31559306270889653
2022-01-25,0.010771282934859794,0.34977154495166446,-0.08716528358633444,0.1115550336735544,0.38254767846631915,0.6315057900626311,0.9414132752944373,0.692138226661537,-0.7409463441805137,-0.6623835228434771,-0.6196353721271974,-0.08390749467316402,0.23112901603423502,0.0008590208181843972,-0.30138190492420963
2022-01-26,0.004450908044456858,0.33920955382321816,-0.09076461342955677,0.10196666191637704,0.3859758576937997,0.6305195139329346,0.9323864025445094,0.7111711578702352,-0.7213210957161434,-0.6659823074989956,-0.6223248086966124,-0.08239691586416167,0.24793312760662012,-0.03758962047243905,-0.31813482503338386
2022-02-07,-0.009822918531537606,0.33858189468920147,-0.12626375237215312,0.07238372406611848,0.3675119360163425,0.6327079139877567,0.9323178560212393,0.703421386376468,-0.7207026558428611,-0.6644250692959242,-0.6142090301001987,-0.10870267978588752,0.18038031917681557,-0.0607311206877309,-0.3288543625763603
2022-02-08,-0.02460243463019046,0.3348871280690352,-0.1310072111456013,0.06527794111776392,0.3676632615836898,0.6412531609842633,0.9855490926107051,0.7360944081046867,-0.7083562670519361,-0.6613476721012285,-0.6136211228233241,-0.11239744640605379,0.1186487438546972,-0.06585835831305106,-0.32901427737810657
2022-02-09,-0.026927348516743554,0.3444343498621928,-0.1287493217246025,0.060701291478333586,0.4006072620428639,0.7059745187530246,1.0140582776647398,0.7926073328476217,-0.7085358764148239,-0.6604173197394644,-0.6145185546310776,-0.12265267645316749,0.12754111416072528,-0.03676409531237229,-0.3262785934030608
2022-02-10,-0.012175819237910668,0.3488225420586627,-0.1337920835503602,0.05950970040276288,0.37744549890635015,0.6775400673548829,0.9846532613139407,0.7666837378922435,-0.7180305903593133,-0.673412539505143,-0.6221921814839944,-0.10051571658380132,0.13611838103386348,0.011458694407350312,-0.31420283762505763
2022-02-14,-0.015122276415572844,0.33652017845224425,-0.12593510416928455,0.05167923540051611,0.3679316476731731,0.6743178772481654,0.9662623292421803,0.7564782973745755,-0.7134487498856552,-0.6510900609703609,-0.6057908687741891,-0.09941051514798316,0.10483835569322042,-0.031177389350523665,-0.32244283772779087
2022-02-15,-0.01887000338979289,0.339071503215657,-0.12128749370254441,0.059987714384700574,0.3627008775311708,0.6995973780869769,0.9808377861212891,0.7590296221379882,-0.6946309793772149,-0.6407086229263391,-0.5888019184346247,-0.09685919038457041,0.11093586019720214,-0.0167350890665402,-0.3209418151031541
2022-02-16,-0.013999197168928834,0.3483057070758315,-0.13360925664842194,0.050253405190521516,0.35696094008789636,0.7323941758199062,1.0158756837804819,0.75280942574944,-0.7118836817688481,-0.6578395660890033,-0.6034174017293188,-0.09750246577639335,0.11995432088229568,0.10210595263714345,-0.31848671642555154
2022-02-17,-0.017581167262419095,0.3608010116815665,-0.11907865310700283,0.055046485316088134,0.3549280863639633,0.7346347177176544,1.0081448377896474,0.7368874368666676,-0.7222123316139983,-0.6615479885296065,-0.6096713818823578,-0.09686490762326924,0.10750474468531102,0.13140835311083165,-0.32486415483064046
2022-02-18,-0.028077443033875216,0.3627856583749339,-0.12327318463304343,0.058164382495343725,0.3530366496761302,0.7681016111149774,1.0308653442001718,0.7550573305857695,-0.7205899344780623,-0.6573299092593692,-0.6026235174189429,-0.10425720502311295,0.10424005498817723,0.10205774560657788,-0.33665860232452793
2022-02-21,-0.035361768074022915,0.3729508125382183,-0.12993516718810874,0.056492606150022606,0.3536324374103041,0.7499273456603521,1.0258484233883354,0.748748748214932,-0.7109769037209799,-0.6423374091872971,-0.5845054262275255,-0.10366141728893905,0.058148720926866626,0.0720110749494553,-0.39071414646138947
2022-02-24,-0.043665411787529834,0.3760176545806797,-0.12751662984280146,0.0626787300215188,0.35342667964600527,0.7861426770887242,1.0190585878570646,0.7675720512266476,-0.7067774142835341,-0.6355117017865435,-0.5834058076131693,-0.11620091113851466,0.06482831298354813,0.05656787959433929,-0.36573570462190896
2022-02-25,-0.046935443182569286,0.3687274561379791,-0.11473483918969682,0.07680024557831577,0.37821457468744624,0.8271454288911355,1.0389555650210685,0.8326657205271848,-0.7007517287491327,-0.6354905475188183,-0.5833367500116304,-0.11389264053219542,0.12718636400807237,0.11766462493213026,-0.3236878272747328
2022-03-02,-0.050200973676804206,0.36557516362205583,-0.10467019817079354,0.07279665111710304,0.3799285224036623,0.8429583626250803,1.0572294664958202,0.8254309203200092,-0.7108595399803401,-0.639335309946198,-0.589182643206386,-0.11496386464210923,0.11828069287046666,0.06359432331985321,-0.340594642192635
2022-03-03,-0.052270110916591506,0.3715523023807867,-0.09703204821348793,0.08046754786394833,0.3897497490164244,0.8230972564420835,1.029489108664347,0.7966696531989019,-0.7232774709078904,-0.6480964103879581,-0.6082077357270789,-0.10209788048506682,0.12164121204772566,0.0996394527842594,-0.301473141451843
2022-03-04,-0.0528710383711376,0.36804835788391155,-0.08696554125434072,0.08701713165250291,0.3950589134714021,0.8301188170342422,1.0627660298418218,0.8100660415251602,-0.7161891492334007,-0.6325296321349119,-0.5996846599194305,-0.09100296677471711,0.10041717809064998,0.09401104952591999,-0.30980016237170444
2022-03-07,-0.05336887655559419,0.35590927175823944,-0.07895643635312422,0.07353736277301393,0.39358022378410346,0.763494176054963,0.9938205537762859,0.7430270267018322,-0.7305444702476416,-0.6305786888197683,-0.591177225039395,-0.09821261061459241,0.08376578756424019,0.08740251922784037,-0.2749274837650885
2022-03-08,-0.05540779242482108,0.36120992865725887,-0.07624358819163088,0.09432625887074225,0.37977762416466043,0.7568841444366176,0.9754291635686763,0.7036671255099831,-0.7353086155806882,-0.6271814772998371,-0.5971039764077766,-0.08601991676463258,0.10837866961725473,0.0486613903704784,-0.2622849395154437
2022-03-10,-0.046764357073935725,0.3601013741459618,-0.09008671500342352,0.08430146337871425,0.38976055664720466,0.7924711470835427,0.9755359100021154,0.7368641967185119,-0.7564569755747171,-0.6321256456139526,-0.6058738707436877,-0.11027987734121011,0.1514339661489938,0.06456002970886765,-0.28381185100606443
2022-03-11,-0.05770900411389632,0.36981147858675245,-0.0762399896950916,0.08335432408222845,0.38851992745491726,0.7790952520143251,0.9660049412053584,0.7260606972713747,-0.7417110042213417,-0.6126087752656456,-0.5720447420397179,-0.0934008538629422,0.09189280940063402,0.06768795135569586,-0.2946771754903854
2022-03-14,-0.06284162326643136,0.3847251642287143,-0.06689645041322714,0.10814535925284793,0.3936109932808086,0.7335833015839751,0.9578898516678042,0.6999111757339785,-0.7658608767729788,-0.6252196773060168,-0.5861686873065145,-0.09044941671947104,0.09005158925232384,0.04969936297136543,-0.3125269211163424
2022-03-15,-0.0679084333180188,0.3735749372045062,-0.06575965716141738,0.1055441252019517,0.3840145703501465,0.7193949783248254,0.9214145062463556,0.630676876886768,-0.8098945885682222,-0.655576498241129,-0.6188330552421346,-0.07073614949368567,0.11942653622488711,0.07420416775763469,-0.32451326032482664
2022-03-16,-0.06384016702295695,0.3817617841761037,-0.07921067612482222,0.10822839503354575,0.3759369133539386,0.6952659839924058,0.9238085531153515,0.6327073977182718,-0.7763450959349765,-0.6287193792848549,-0.5872198087069687,-0.06876357824370222,0.15629489466730834,0.09974830310700733,-0.31619375267629174
2022-03-17,-0.051239900157211915,0.3886540900426104,-0.087844036953593,0.08696738349451255,0.38493116760212776,0.725133103469502,0.9564555154220608,0.6812304156465084,-0.7702166472607838,-0.6341469935630633,-0.6094515408418046,-0.0982745671629991,0.17909500475950108,0.11929369614473084,-0.3058918595513551
2022-03-18,-0.05343484834306614,0.39779404333753443,-0.07294251102654242,0.08296466177592943,0.38644180869076794,0.6976896326973734,0.9374227181962433,0.6887657303744656,-0.7659826229897498,-0.6213619483938191,-0.6063069367820214,-0.09449747927599234,0.19604155962947567,0.14506646666693473,-0.2954896486334185
2022-03-22,-0.05853021205005077,0.3930577335668031,-0.07700406006340504,0.08649592893082281,0.384488628866887,0.7239288894808775,0.9405256206811001,0.6965847227567217,-0.771772103031823,-0.6207564762606201,-0.59729326327651,-0.08875449996505427,0.19952675318026986,0.135713520443899,-0.2967179325442917
2022-03-23,-0.05632338742117379,0.3928533191500578,-0.09497965657576979,0.07676771678617478,0.3846714001713592,0.7439269166678177,0.9786151787241797,0.7173933727819757,-0.778000444409213,-0.628781752666973,-0.612397830353432,-0.09564178859212721,0.2286218430078059,0.12555634224946288,-0.2855642700136241
2022-03-24,-0.05280626991455639,0.3899265351583467,-0.10460847380398347,0.08669815767082811,0.3904322115720355,0.743656473315415,0.9686971285197334,0.7316705747943615,-0.7922208283145837,-0.641815289638879,-0.6277923999707575,-0.103796786331743,0.2501184813018252,0.11050775475520558,-0.286223270355988
2022-03-25,-0.039781541685630584,0.386403373400769,-0.10126639517267566,0.08100379253631751,0.38379247582397713,0.7758687397260476,0.9894410362237588,0.7378589674724586,-0.7941316070969124,-0.6399898024758097,-0.6338817747145167,-0.10254671142782268,0.2610617318381342,0.14775121420781667,-0.2178745042330651
2022-03-28,-0.054553413633786435,0.38570575105240185,-0.09653684069064941,0.08875941267753007,0.37573557568521426,0.764251980342814,0.9847532290082293,0.7368757525069425,-0.782052909497922,-0.6253346540207202,-0.6194542774460678,-0.09506216698324271,0.25540447262644345,0.16379857088703975,-0.20489642123753896
2022-03-29,-0.04766220058088008,0.3840717913349037,-0.09712210825486556,0.08129478869619583,0.3710757634970003,0.77498932678235,1.0044172271294802,0.6972142467859306,-0.8011963255047438,-0.649532499190507,-0.6517740798438443,-0.08954831765493235,0.27315707462450184,0.14700644479042352,-0.2127237717509197
2022-03-30,-0.04003456247399567,0.38281128593078595,-0.10904677207337377,0.07508613349463511,0.3722481060925876,0.7823879283067681,1.0218718825806457,0.7093278333523777,-0.795352098882073,-0.6522499301055596,-0.6476544325917937,-0.09955127564936586,0.2509816432633709,0.1521240887108275,-0.2093358582512101
2022-03-31,-0.042389241826734536,0.37585370926397527,-0.10954178167577472,0.07541303062497673,0.3749059956868854,0.787055848639358,1.0000232891961742,0.694151028667324,-0.8227505764341101,-0.688046847627708,-0.6675750103695848,-0.10119460967424601,0.23562099167108425,0.09941498090145023,-0.22249603500773213
2022-04-01,-0.0520364124070089,0.3796975795087748,-0.09940212593004497,0.06397131676121215,0.36871968111895836,0.7685638529280454,1.0076766018375716,0.7383024031688691,-0.8221667392390546,-0.6823953717232041,-0.6580386200129205,-0.10456038378688787,0.2344939153059057,0.06089089801767755,-0.2556898468853274
2022-04-06,-0.06502271144887167,0.3709647663596118,-0.09877996822052845,0.04098934009963745,0.3593493481396132,0.7195638028609685,0.9943482965555892,0.7564385900500925,-0.8265571705380439,-0.6978259963051452,-0.6664653786956048,-0.10886148167307935,0.1838865077074926,0.011000203515749984,-0.2718119473315217
2022-04-07,-0.06618283648019316,0.3689798796594058,-0.08846914774440853,0.046066616824728734,0.3657735842284521,0.7240824405121188,1.0005090297995043,0.7133444094640589,-0.8326370459861278,-0.7111449534033125,-0.6788280656718402,-0.09636790107523163,0.17150289645152672,-0.0028603627646758,-0.26432659637575107
2022-04-08,-0.07056394336207097,0.369822983315634,-0.09674079056187365,0.054662703381684136,0.3699473226042661,0.735403992350956,0.9725150147835683,0.7045973778084205,-0.8303551186047367,-0.7294434054378742,-0.6899419866455737,-0.10545982037586485,0.14885765308410112,-0.016704807954033035,-0.2700520560216498
2022-04-11,-0.07280627952939794,0.35736979698077476,-0.08617950542383951,0.058616547384563567,0.3608589272251477,0.6703810880446213,0.8959702386143463,0.6676100740313978,-0.8651775510563336,-0.763800258471767,-0.7241280364073013,-0.09022807350499251,0.13449744125877766,-0.021668116577649,-0.26771320969939405
2022-04-12,-0.07122404765635329,0.347378051309876,-0.09461250786557704,0.06690664269544006,0.3322152256586103,0.6807582555527515,0.8971459177894122,0.6872908529338931,-0.8310032110064484,-0.7324598473007523,-0.6970028048054759,-0.10019531748370014,0.12254758942602323,-0.03150236014562163,-0.2739536677764977
2022-04-13,-0.06102684558727775,0.35480533108640216,-0.10092685310109151,0.0621735295263704,0.32380581915435563,0.6695873137964705,0.9051109842015246,0.6772210277104231,-0.8628903726226174,-0.7718181717126982,-0.7305506100894202,-0.09326211966170761,0.15155818702107277,-0.049625751037462695,-0.29358123913076756
2022-04-14,-0.05778491074542688,0.3620754332379262,-0.09768491825924064,0.06420554846388365,0.34619723664589314,0.6774375830945836,0.9104966068909561,0.693743423807659,-0.8344170896885612,-0.748655262808565,-0.7211102109285457,-0.10764174046394165,0.16578919021017563,-0.03107613788140992,-0.2794315100438256
2022-04-15,-0.06306790506460463,0.35996516675193907,-0.0889346408825609,0.0661259692520153,0.3314345522151854,0.6323495331200721,0.8673129902454708,0.6619522883829141,-0.8173647810432438,-0.7544754542642818,-0.7152825477159801,-0.10696397478130691,0.15405831010326887,-0.0312198425633603,-0.29424921288357875
2022-04-19,-0.06154107889517918,0.35642761432154524,-0.08382905579405314,0.07151659806418734,0.33891412925041153,0.6459563917278023,0.8808472205595602,0.6805362274768059,-0.8366448440536404,-0.7620254877153226,-0.7280293693888552,-0.10358687485739895,0.19825999524233603,-0.03149869900391436,-0.2788106838304526
2022-04-20,-0.06183822314803894,0.3584704020477715,-0.09400031270570611,0.06119588816111385,0.3480177845136385,0.680990530113837,0.8926766585905432,0.692426579748833,-0.8537276452543578,-0.7870487872491719,-0.7453931726434279,-0.11121021972434342,0.17648211754479884,0.002327249849910673,-0.26063535028446777
2022-04-21,-0.069427609002951,0.36271133430480784,-0.09277898371004506,0.058769873377287674,0.3492391135092996,0.6822118591094981,0.9025842850112449,0.7167554343537225,-0.8733714111334874,-0.8129293841489644,-0.7778947991175842,-0.10554770783568576,0.18676987562049807,0.00456075783761703,-0.2556657260830577
2022-04-22,-0.07587106597093188,0.3647066242814523,-0.08675552642372733,0.06235437644950978,0.3499405736046345,0.6417152203703244,0.8461571345882938,0.6545108641295483,-0.888218149823178,-0.8390090448348094,-0.7750919031753544,-0.10991764837663973,0.17641438476478602,0.013614619541768652,-0.262402620487387
2022-04-25,-0.07175390760483824,0.3422619402583126,-0.0864108415323466,0.0666520848965153,0.3292248489466384,0.62690253325524,0.8035723764133299,0.6453859560319273,-0.9508829764353175,-0.8969770218786656,-0.8469127495909208,-0.0963932951127735,0.15155969297250216,0.007956870514428088,-0.2587931340013961
2022-04-26,-0.07502024138931093,0.3450450829803484,-0.05885950596597969,0.06272203341283109,0.3097700084407673,0.6130129627253137,0.8009053782681519,0.5891018641825442,-0.9974027149034378,-0.9288962173750123,-0.9055768918552665,-0.10085052286638631,0.16731572547339954,0.025049192888190103,-0.24911801675202516
2022-04-27,-0.09161132985851585,0.331506994456184,-0.024469987668502613,0.08219937255456217,0.3040126695927933,0.7155157922855968,0.8289939507043551,0.6038760359202855,-0.9244310252511296,-0.8593794391920984,-0.8264395432884182,-0.09690548318836002,0.19182304396584615,0.007839408708876283,-0.2616630840257332
2022-04-28,-0.0892424273167532,0.3374024706887118,-0.05907687267968437,0.09368398123536992,0.3119761021151964,0.6562795117022668,0.78707266293583,0.5540948114466098,-0.9396431733260346,-0.8940591443222867,-0.8241194502490392,-0.10707906398784217,0.11438968735531313,-0.022833683910445574,-0.27536717058412985
2022-05-06,-0.09801705618528496,0.32703228335917567,-0.04805780116340733,0.12306985611283555,0.32937124548457564,0.6267176690053948,0.7641938519960937,0.5117281179019425,-0.9545158407460886,-0.9136912936450476,-0.8576444336936321,-0.11051787094389723,0.0980617754769485,-0.031320009946157634,-0.29267657264294045
2022-05-10,-0.10266670470073722,0.3399567808477103,-0.04671243103997219,0.13616277395235857,0.3263354219972767,0.6516541254045564,0.7859270105323104,0.5434312562134793,-0.9320649897434887,-0.8909210609272781,-0.8392321448233446,-0.12341692040282928,0.07991150288084306,-0.07736328332079509,-0.32163042332899816
2022-05-11,-0.09343351253429814,0.35176578425775606,-0.04646804021725881,0.12689684062626347,0.3196529621409546,0.6341083633133597,0.7566779806153652,0.5233589828811946,-0.9192884690336951,-0.8637051268391788,-0.8192638567454608,-0.11995862324075371,0.09641361869562173,-0.04944875395102963,-0.29658187462904095
2022-05-12,-0.09998540683578382,0.34257583286121185,-0.01861441670618727,0.13628695143165462,0.3213821492207428,0.64210069561708,0.7554094630164946,0.5239011756719643,-0.8845816549165577,-0.8317555071773931,-0.7853110731683959,-0.10757022002688257,0.08476561118967765,-0.060088020183194396,-0.2991203729668115
2022-05-13,-0.10190194614885853,0.3427297441939484,-0.03448356676023859,0.1354778008067593,0.33621146217167663,0.6590719260755239,0.7853343767558705,0.5607042375513277,-0.9024917336992951,-0.8491315436302579,-0.8071831299078011,-0.09694363654072859,0.10948311309334846,-0.0619170417450728,-0.3126146063326235
2022-05-16,-0.08876002180962507,0.3426453172241087,-0.03559061674709951,0.13697792563389866,0.34086287897687756,0.6524264598996474,0.78852656051278,0.5388426981664622,-0.9186135831203086,-0.8578443684371895,-0.8232513789048133,-0.10427298627207683,0.12437660105993181,-0.025154268802392132,-0.2993469892689945
2022-05-17,-0.07941545326649885,0.36002667790520065,-0.03255525302404799,0.1422427832547133,0.3488586637943118,0.6657651878184561,0.7949023822591117,0.5553414259567941,-0.9081653318242144,-0.8580484585496639,-0.816542083132372,-0.09455852129765191,0.11467291228070403,-0.04993504914014771,-0.32104883234112336
2022-05-18,-0.0793180433923019,0.341022879389265,-0.036946169642706944,0.13078132085284241,0.33067955896224843,0.6644557312727671,0.795843162729726,0.5461878769507339,-0.9272145739137925,-0.872932724212905,-0.8244738323477825,-0.10207356508241676,0.10820970837922858,-0.013264059720887955,-0.3057524112366617
2022-05-19,-0.09239466313210679,0.34567630657728365,-0.019831632829885426,0.16371543292016572,0.33450489115339843,0.6657149021855786,0.7971326534086923,0.5546940252039275,-0.8960094406984356,-0.840661007345377,-0.7947370877647134,-0.09380855799599855,0.1336751939050561,-0.03832004937821093,-0.3359091450386108
2022-05-20,-0.08492833530846648,0.3565671664188804,-0.02548932680242802,0.14696303071397662,0.34115042896603653,0.6487974650801461,0.7745560021000744,0.5206720447608317,-0.8854034815005726,-0.8370080139108128,-0.7866428505727404,-0.09417161269864345,0.1311158774546162,-0.058070572155281636,-0.3517131083789723
2022-05-23,-0.08942466559769527,0.3558513709698805,-0.022047103561347592,0.1439822389469108,0.33049526137951557,0.6434627705973307,0.7638277456971813,0.5346407578054879,-0.885311451838107,-0.8257560581509165,-0.7907313834938241,-0.09635925251299843,0.12000497517473474,-0.050938989661328316,-0.3610349685661789
2022-05-24,-0.09268850588927317,0.35858159951898616,-0.012120120932516798,0.1605111058316688,0.32796577806452,0.5983081745829101,0.7308078130027149,0.48035524016586195,-0.9166222004964002,-0.8603055433419755,-0.8283626904078877,-0.10518932064788544,0.10661068131529214,-0.04154416990997711,-0.3406628780308453
2022-05-25,-0.09378207279049276,0.36625246142796913,-0.022957805838884987,0.1517545400536645,0.3225818383636592,0.6327238296237916,0.724679448604076,0.49621527428574225,-0.9203326313957005,-0.8617574756640358,-0.8288693786883219,-0.11545082714750844,0.09570825633889762,-0.07355739172848981,-0.35730780541540663
2022-05-26,-0.1046197516496859,0.37874843562382005,-0.003133757991502728,0.14769228831418768,0.3253853251913747,0.585651903965513,0.6983938660272417,0.4547917459153255,-0.9123212302398129,-0.8352950755481865,-0.8087696225530743,-0.11457843845342988,0.0780223123762262,-0.045533689965188945,-0.33623803934915775
2022-05-27,-0.09241779412596429,0.38434582445458565,-0.02158560391044312,0.14173356027262368,0.3248309424424437,0.5672000580465726,0.7027771082954344,0.46157769460681675,-0.9408953705540256,-0.8609204830575603,-0.843596171591671,-0.12396686620693068,0.06835203912889348,-0.02642009654285743,-0.32480908846622475
2022-05-30,-0.08179749926946939,0.3830026605252833,-0.0363770070538762,0.14310427121363747,0.35361930137785613,0.6017511997266093,0.7297932066169193,0.5127293577689844,-0.9529845878764435,-0.8898231410824506,-0.8680918860830739,-0.12703445536366267,0.09018777893638322,-0.01019268572599602,-0.32144961177245734
2022-06-02,-0.09095249003649927,0.40003916268542017,-0.018819165526469894,0.14390712046350917,0.3769944061609454,0.5993456881266762,0.7398596629039472,0.5290994174568437,-0.9278445512988848,-0.8653783213652271,-0.8389149756317799,-0.13009983689336277,0.11318754736967795,-0.010183503517030318,-0.32107836072794893
2022-06-07,-0.09463386392895326,0.3863358636173971,-0.013198176497212388,0.15171161359034158,0.37862344291073374,0.5876181300755141,0.7306255314968513,0.5139172785554906,-0.9389837957259155,-0.875592501279651,-0.8355137065168519,-0.14413166232838015,0.12967842884908048,0.010165273166176492,-0.31661028968686084
2022-06-08,-0.0874516914428581,0.3913634803257775,-0.015617362530696621,0.14764879833350356,0.37112077843063296,0.600368222154853,0.7142991555395672,0.5163571630404225,-0.9545387062248734,-0.8934554196705353,-0.8528224090900768,-0.1566902808548391,0.14051018779194477,0.005041248088144046,-0.32173670347987193
2022-06-09,-0.09002787681649306,0.40388672034281226,-0.012663488942772388,0.1506026719214278,0.3820269342799637,0.6130544343173658,0.7362495264601704,0.5133585943526061,-0.977006355510675,-0.9174535002302189,-0.8702313316278648,-0.15526902509822066,0.10678251210259171,-0.01905370424840841,-0.37306692958809234
2022-06-10,-0.10082314819212476,0.4136336894577758,-0.003925020115035177,0.1603496410363913,0.4035851305442718,0.6228014034323294,0.7269999982424551,0.526086162857626,-0.9561092714151103,-0.8800549175121799,-0.8479911748230692,-0.16722832412912686,0.09092979299605433,-0.0474115316081814,-0.3933568493038504
2022-06-13,-0.10366827249397553,0.4085713714857334,0.0026969317546501614,0.17665365373215555,0.40574898715012264,0.6147436743149033,0.694572199011088,0.5074518929714287,-0.9334168081344735,-0.8575294158375826,-0.8342758296917617,-0.17031022501978052,0.06279011820042738,-0.04865769111963536,-0.39039439062068426
2022-06-14,-0.10802882240182361,0.41004158121846396,0.016412217757206582,0.19330857472513918,0.41914765247285285,0.6236859072645109,0.6902283662639583,0.521267923600107,-0.9402042800483252,-0.8602696841246567,-0.8339466131143871,-0.17206579331335722,0.049905903334216295,-0.10344056739328275,-0.4255753628368108
2022-06-15,-0.11285358080468288,0.39324226376035637,0.021441849453899015,0.1800336162346705,0.40520978486159803,0.530385730921977,0.6530775062621255,0.4277331951834465,-0.8910204743887293,-0.8405297069139315,-0.8117229791145057,-0.1886392293615323,0.042006590972793106,-0.08427666702218803,-0.4183453233817966
2022-06-16,-0.09931165723983404,0.41328369995099556,0.01828766462696757,0.18793423890560265,0.3661912440234487,0.4399620100310353,0.621334556135217,0.40345673032368845,-0.8765839907306144,-0.8208032161992301,-0.792713148376953,-0.17525852043817552,0.026186375358440067,-0.060460266436045476,-0.3894497283205406
2022-06-17,-0.10064855681693033,0.39055395575728347,0.012191867519813993,0.18944719281001648,0.342278966410007,0.4555170475113879,0.633872928794708,0.45036276177695267,-0.8672038988862973,-0.8075802321326006,-0.7757450557023796,-0.18094762647853613,-0.02315054316299532,-0.15122441610443346,-0.4113927796724231
2022-06-20,-0.08900236009819903,0.39478293427884037,0.01616697476628659,0.17442045043560966,0.29399965504711617,0.4206068020341567,0.5962265231659096,0.43364728187011303,-0.84639343918419,-0.7803911451640877,-0.7481970941766348,-0.18186127283644973,-0.016193667078203633,-0.12694384186789778,-0.40369920830751743
2022-06-22,-0.08549920794441956,0.3886512486304017,0.034392032791581345,0.15559868902213594,0.2685035722147978,0.374863141382641,0.5549277043859727,0.4044573984286942,-0.8516359461848113,-0.7927248351178314,-0.7492536935837598,-0.17285118135076596,-0.007489913323775771,-0.07634618783640841,-0.358835873009275
2022-06-23,-0.09264264894108662,0.3894482464922396,0.039287566472982885,0.1456210973063477,0.2681226477547679,0.3923969833964961,0.5403109940250284,0.3698186330732772,-0.8222105595360162,-0.7577061713154192,-0.7146557760731677,-0.16510485659214091,0.005061816771235475,-0.09240715089657446,-0.35693092971723833
2022-06-24,-0.09891038901902696,0.34483269054039045,0.02352724451465285,0.12652325108930615,0.2610933095769632,0.39346127477472836,0.5249801204406521,0.38996471015536416,-0.8189800259422608,-0.7543438128083241,-0.695849920498966,-0.15615878030634384,0.024207008388265436,-0.1067639074676576,-0.36445419980031923
2022-06-27,-0.09040662787243137,0.35366257261921075,0.02352927623563905,0.12024141335323354,0.25553981461454145,0.4202877371050442,0.6029883975310592,0.4320396908854849,-0.8128983852802181,-0.7573032126301374,-0.7192355946533665,-0.16519563063716236,0.041342068138060545,-0.0776752759061652,-0.3487436592023748
2022-06-28,-0.0854383197188005,0.3250171771148074,0.024189788528107825,0.11402020628759602,0.2352240114597133,0.38768512607032224,0.5335155977333472,0.39154954777684703,-0.7716330025503716,-0.7204144034791954,-0.6877509892607393,-0.1480670018534741,0.031955479391265196,-0.04556931750722544,-0.3412496532878201
2022-06-29,-0.08556548163169814,0.27788970264292506,0.031920114157662785,0.11244564182027077,0.2282875799452917,0.4099829544277178,0.5248392786823837,0.39760523173994033,-0.7492889338919327,-0.719248000502357,-0.6901813140189482,-0.15279791069823423,0.04370989766132065,-0.06115107007049979,-0.35047472525092094
2022-06-30,-0.08902395432270313,0.2707273115383161,-0.010870634522564204,0.12021078067818179,0.2202839414596101,0.41262744354975234,0.5037083549275282,0.42167031246301045,-0.7198675277322532,-0.671344866850165,-0.6551228324672277,-0.14262187390118441,0.04292534847137157,-0.06123971455247758,-0.3359614295401465
2022-07-01,-0.10434979649856463,0.27864038389882523,0.021086348861120395,0.1495503641605445,0.21505072377780848,0.36357602827212343,0.4713703679139955,0.362959451816367,-0.6949524281607006,-0.6526369485483382,-0.6359824614117199,-0.12365968262367512,0.053549118153580974,-0.016870497957444774,-0.29965198243423596
2022-07-04,-0.12574559050234357,0.28073129794305673,-0.006076348329145859,0.09224625203627365,0.22387570343397215,0.39274071622272366,0.48019534757015914,0.3756231706358225,-0.7042138873160791,-0.6691636581253912,-0.6402150765113876,-0.09894727439504497,0.06637685257436082,-0.10135206107978492,-0.31984613867039735
2022-07-06,-0.12389744987618198,0.28341402295794865,-0.01607971358117418,0.06634685058335413,0.21917703408711783,0.37854082146018364,0.4895408864914042,0.35906285435443874,-0.6596303467643247,-0.6421480852409541,-0.6134419546782881,-0.0873596468583378,0.10659014567302472,-0.07309231230889224,-0.2845886911383628
2022-07-07,-0.09938611932090376,0.27895526481760846,-0.025234539135700246,0.06905016469290216,0.20753539179953687,0.41299762115887473,0.49915152742999414,0.38401538135690494,-0.6991212499632796,-0.6496198510897271,-0.6382128348675957,-0.08071426895659727,0.09356092748087234,-0.09270841767619162,-0.30121592865599395
2022-07-08,-0.08774065018788654,0.28995637235179467,-0.004779311305104426,0.07893596554137,0.2753212523374376,0.41046030541793543,0.531146273830923,0.38254348030509666,-0.7118375473868729,-0.6651446883279182,-0.6438246003698488,-0.08106666785064884,0.09369238924041037,-0.049647479017658494,-0.2795069658721551
2022-07-11,-0.08989533757730447,0.2946159268818769,0.001512894563147637,0.08754561701333616,0.2663270959279973,0.3900824956783874,0.4868543322193209,0.3837182253110511,-0.7342381209293923,-0.6505768363153835,-0.6596335214696936,-0.07075509690058457,0.10101584081918953,-0.02650112692079343,-0.2748377613313514
2022-07-12,-0.08975852286997515,0.2954422640767866,0.005603443479923052,0.07440014316728757,0.24489798462220083,0.3877953520776184,0.4733465215894446,0.3497261943752441,-0.7261521482205461,-0.6283054766355238,-0.6617163171828727,-0.05516527027755796,0.09853369373230256,-0.015303848103429617,-0.2682861693457217
2022-07-13,-0.07055839130256879,0.30098494102241224,-0.00787685175468427,0.05621613991828525,0.2439351909364451,0.3680467771451943,0.4614550802034955,0.3429131931150884,-0.7542190668140498,-0.6661102103333337,-0.6870196558366108,-0.08334794577121768,0.07736474378786992,-0.04176378994593334,-0.2944772412231144
2022-07-14,-0.06895524354227858,0.3215318016210124,0.0016396197800837217,0.07138350335769844,0.2499085451488528,0.38653531868490487,0.4739899500323407,0.3731700224807874,-0.7572824467680255,-0.6733549501843088,-0.697250014131746,-0.09992160013635859,0.08645398187278763,-0.04358588119681585,-0.3023929419281268
2022-07-15,-0.04050948750269739,0.3239501461442265,0.007635716924357924,0.08358374788295934,0.2774083905848965,0.4203806027120073,0.49223140381182995,0.365436012705383,-0.7816936288030676,-0.7151987393736524,-0.7225181784595734,-0.06509617021601138,0.08518412023279004,-0.021984925614504446,-0.2967790944732672
2022-07-19,-0.04789484681591486,0.34401473084104606,0.009373652621270448,0.10688240498761187,0.2765590133686501,0.4251718872264193,0.4705308388821544,0.3487572119112826,-0.77637339984549,-0.6576644341724968,-0.7105237279173642,-0.07964531018852476,0.09717869983651137,-0.027768281499330222,-0.29271322507326347
2022-07-20,-0.04244113994720795,0.3509934648438261,0.004544303637660167,0.1228680092704971,0.2994756584413286,0.46138072019188814,0.5198553747091788,0.37540321204944316,-0.7758602078964749,-0.6763052088006998,-0.7097880811764447,-0.08889517150012695,0.12343314534198987,0.0331296913728215,-0.25710697191765186
2022-07-21,-0.04417646080172025,0.36441445206269724,-0.007069882278196542,0.12622409131160559,0.30692992276139225,0.48783265366307477,0.5626048252063407,0.40748316493778525,-0.7880607760710338,-0.7006772843644757,-0.7201876024717602,-0.08141859161199005,0.10343470422389167,0.046760192154654,-0.2624725629418915
2022-07-22,-0.04097252646172479,0.3577828020109779,-0.012193177152953073,0.13713990915513435,0.29870536264324105,0.4842313917287228,0.5493355809736818,0.406702883663666,-0.8059901232540365,-0.696460762981002,-0.7334324934587961,-0.09032242958112319,0.11010789956797515,0.06592805343565766,-0.26202085341636805
2022-07-25,-0.047083282412541866,0.3515876283180002,-0.02116273897064995,0.13283042694875516,0.28704592991139555,0.47943773279277957,0.5265914934521135,0.41444782121197576,-0.82174785865651,-0.7672553993055592,-0.7532985837090398,-0.09271827453240136,0.09852650779340255,0.04526014747763008,-0.2964862514620595
2022-07-26,-0.04742155287393292,0.34960362080092117,-0.029072323223547303,0.12583467858798913,0.2611160475422774,0.4534634359142588,0.46880156240476284,0.39185216646312515,-0.7992264588831869,-0.7518728943159498,-0.7387834385257894,-0.07423507136031543,0.10095230766295131,0.04811220839961583,-0.28879590498506547
2022-07-27,-0.04110328394146133,0.35846773271867155,-0.025685183849464714,0.1402903463726613,0.2817081285594806,0.5001162890305892,0.49583023998131587,0.4357747833154702,-0.827737732830387,-0.7576042024900109,-0.7546422943317288,-0.08033950680423353,0.1169055230285658,0.025318467154037218,-0.3016402225020748
2022-07-28,-0.04110569620700068,0.3916939396200265,-0.024798898480698862,0.15127373165755617,0.29631037174428987,0.3995291784522147,0.39813778425744406,0.33482606252901903,-0.7728066919131679,-0.66012124017975,-0.7025832904212482,-0.07673100482384618,0.09522004290483796,0.07081816438693736,-0.26881470137524643
2022-07-29,-0.032501139230913065,0.3683826959774916,-0.010733744795576552,0.14786526857171478,0.31992047814986585,0.37044992962733936,0.39925121086173815,0.36887031129392545,-0.7949991473199115,-0.6728018655554274,-0.726608897442414,-0.09207880580818736,0.07017040375802336,0.08819733736027516,-0.2878183736765541
2022-08-01,-0.041147051333885624,0.36845065278185496,-0.016558265764188805,0.14654036914291704,0.3223608212771377,0.34934643493970596,0.4128740969161585,0.3552812421690865,-0.7937730762246872,-0.681938515936273,-0.716394290321754,-0.09248273400442972,0.1067091173650059,0.11097254718163022,-0.3761022272657417
2022-08-02,-0.049470920321437004,0.3631461689531722,-0.001964695458121883,0.15975639169265637,0.3085755508196543,0.31890725218478344,0.4058014038106252,0.340749423132164,-0.82384008255312,-0.6853428005499258,-0.7232460492879229,-0.0702051692398726,0.11377076774656944,0.14151009511884974,-0.34258564023764454
2022-08-03,-0.033361468656868704,0.37872392184708825,-0.0016241316911669856,0.16792964901325075,0.3263602640844846,0.3135052016361075,0.38683383867934573,0.29147862049213386,-0.796408138151159,-0.6499674429342396,-0.7082470316611893,-0.0787271561621524,0.155769683104503,0.21520394038578422,-0.37064343806118555
2022-08-04,-0.030283263933508893,0.39994809190823716,0.0022733959965182335,0.17680067005521138,0.33632631324454665,0.3083596912310194,0.39404444881276157,0.27206362765169506,-0.7330097967710478,-0.6193478876742912,-0.655935466853739,-0.07039365745266149,0.20300654965416726,0.24797278659997146,-0.3515037896692157
2022-08-05,-0.021237627943340158,0.3866068223513406,-0.006127615731864031,0.16439819943796383,0.325994791648066,0.3162633295099424,0.41130426018224686,0.29406257223192245,-0.6730244158655829,-0.5462240703777821,-0.5832731529374943,-0.09284649029567665,0.18968615626060217,0.2399529465443018,-0.3877420957022304
2022-08-08,-0.027979636569133035,0.38423979347807097,0.0030187295033942824,0.13239846892446394,0.3741023496920972,0.33377826652221393,0.42253804366077724,0.31467266342675787,-0.6618815535783219,-0.44967997850514047,-0.5562325801936376,-0.10325382038465233,0.1907261915355467,0.22435487428236273,-0.39430249198868655
2022-08-09,-0.03388021203635112,0.37997515573031637,-0.005912332514042801,0.09222396356081745,0.3721156891542107,0.33830620501823266,0.4306422665202205,0.3165545101005602,-0.6398944663966925,-0.35653266698285596,-0.5081623856948962,-0.11848590526447632,0.18873953099766022,0.20948206994812013,-0.39657174559975655
2022-08-10,-0.04626265865763547,0.3793814904244331,-0.005485232755215348,0.083405713831031,0.3679748772552163,0.3194089643712557,0.4239064357876512,0.2925994641397663,-0.6676018955487085,-0.3535277484341319,-0.5301024376732894,-0.12617954733194647,0.17549288266369734,0.14361965789967635,-0.4137594433443945
2022-08-12,-0.04642052622577491,0.3734037997040874,-0.0034029674908548913,0.09077939028091966,0.37569607326251864,0.3488616373091936,0.44702883483717415,0.3097888238267113,-0.6783955298399232,-0.3380556697677721,-0.5583033546317471,-0.12716158054746993,0.20820043573890082,0.14588772258965252,-0.4135363737716391
2022-08-16,-0.04281284267939975,0.37540239847505674,-0.0036118468928942257,0.09188540908134064,0.3898440429849828,0.3425177451033391,0.4289304867013729,0.2984481393414435,-0.6856491032531421,-0.31992363456934897,-0.5517911755722993,-0.11416882068692645,0.21881406458371083,0.13373432072211167,-0.4073960866341003
2022-08-17,-0.041916579921085426,0.37139315391831246,-0.007668102443863109,0.08106379618181207,0.3924053863447533,0.31783779856048466,0.4296279598381061,0.28805130725116596,-0.6928061932033672,-0.3353187907828838,-0.5604553966434065,-0.12695978623768203,0.22554930574881432,0.13526874657496812,-0.41443851291985173
2022-08-18,-0.05083699997267696,0.3625110305844095,-0.015955649881108244,0.07753632306587183,0.3924852464127219,0.3285587668970429,0.44659067792962204,0.29999340958728643,-0.6798710368315778,-0.37772936450457717,-0.5598612635497714,-0.10446020484677587,0.2363767642290673,0.10546730502525978,-0.4213811138918057
2022-08-19,-0.05354215843204968,0.36841961986097854,0.007444538829579038,0.09658473865294812,0.39279956771865626,0.34941761603184324,0.49265311707460735,0.32135411388676804,-0.7263840398134891,-0.4306452006448833,-0.5841032570658159,-0.1150447285399783,0.24298429182589518,0.11834810588231848,-0.4104911114452854
2022-08-22,-0.05644471634302718,0.36567342677598036,0.015843480224331734,0.11508417963861861,0.38470154686208863,0.3661919737383615,0.49993431164228896,0.3393036240517902,-0.7223616678758816,-0.4165055783852263,-0.5704634068736468,-0.11925665277702019,0.21616323462668566,0.12039456814793537,-0.42272688895254734
2022-08-23,-0.06235502429153408,0.35042464993840206,0.011904275108793543,0.10126840936928291,0.38670537388472875,0.3133137028657866,0.4393209143325152,0.2778170846880078,-0.7316214339722955,-0.4096348010652421,-0.5596395719929869,-0.12453211560271157,0.20504088058859146,0.08497191413720548,-0.45739179288810144
2022-08-24,-0.06257059632770005,0.3475652785707323,0.017136707146829064,0.10170797163261364,0.38847558139970856,0.3150839103807664,0.4263849163288151,0.2559641564355884,-0.7691778574112699,-0.4701932044938666,-0.6052810917939582,-0.12445525284243555,0.20457912377445028,0.09766084913092121,-0.45237641006520185
2022-08-25,-0.0613253111652034,0.3412370784764367,0.008490935686853121,0.09439284542428689,0.41515361646999266,0.3064381389207904,0.4397181074778073,0.2748249871065476,-0.7857195210395314,-0.47253310295127227,-0.6191056346893156,-0.121306396528638,0.18920695945525623,0.08854258386237948,-0.4636764226975933
2022-08-26,-0.058626688076149604,0.3487434348274318,0.009090049521355816,0.09587505087898687,0.3980065477040246,0.31415534718144283,0.441793763734555,0.2540550899402347,-0.8024248841326694,-0.49724996296775875,-0.6346887854560131,-0.1214386245101429,0.1806818421210522,0.11866855746139185,-0.43885535982965457
2022-08-29,-0.06202243707101055,0.33599743817905375,0.0068918979814898765,0.10322114839236543,0.40472947411828314,0.3050103433336331,0.422871998475068,0.23310761643679992,-0.7899846588713986,-0.4808933410632077,-0.6187358802468393,-0.12172301198876875,0.16252662268113058,0.0924508807522944,-0.4603725705127787
2022-08-30,-0.06888674173086651,0.3365276178269988,0.00974460644205332,0.09600094693505037,0.4062354746670636,0.31302602323128864,0.42478076048022007,0.23946765698070885,-0.7825415044415363,-0.49137398338004346,-0.6174062671782883,-0.12015271001410041,0.2010412678821187,0.08436586108414296,-0.47487930167198306
2022-08-31,-0.06034290143913612,0.33650076799506656,-0.0008642354988591949,0.09462686014941707,0.4155300126502815,0.2937350202912079,0.4264947153003099,0.23410227894777835,-0.7964075827068285,-0.4927067168733264,-0.6153203772581566,-0.11440107445447911,0.2039552792611604,0.05397644265779025,-0.5051775578407476
2022-09-01,-0.06983620093781294,0.3384202182121493,0.011725040060298592,0.09943177608304905,0.42639802449864783,0.2200429830677327,0.3450777625766063,0.15558246076154794,-0.7832429582037115,-0.5193305343845949,-0.6114289560456635,-0.11677743361033924,0.17089116726169956,0.06471408567642914,-0.49613295735398355
2022-09-02,-0.07237145924524283,0.33275525192736854,0.015737949204910007,0.09724375107614117,0.43953459670330314,0.23240071089676212,0.3476648852619225,0.16432353408264547,-0.7644027515082471,-0.48663960800644507,-0.5827814094645457,-0.12356715077590792,0.174915035787718,0.04575254003977756,-0.4924170490275883
2022-09-05,-0.06949762032161053,0.32872080990944696,-0.00500578016383779,0.09254805357851678,0.39320191419936984,0.22959815426182523,0.36682816867431833,0.16513763195564046,-0.7789797393073522,-0.49023807120772317,-0.5861253384410697,-0.12973391393511371,0.18162214136153498,0.028482930358551956,-0.5087516754789612
2022-09-07,-0.08545305022264303,0.32002821603969905,-0.0050305946062897,0.10107909169101456,0.39760142915291674,0.2479675706040778,0.350676417040931,0.15175832617325966,-0.7422099305457435,-0.45300517896461456,-0.5523314624983251,-0.13081693238317263,0.20578867606527146,0.03002779975119784,-0.5183150873489138
2022-09-08,-0.09213533246018706,0.33148329542772137,-0.008363893474213426,0.10592679327597754,0.46125608532947615,0.23959885743077428,0.3387170216871765,0.1670734116062453,-0.7613292758132629,-0.5036087650237027,-0.5901319698240814,-0.14994492427321768,0.23238290230916941,0.016476406029634516,-0.5207677360941828
2022-09-13,-0.08472003337335564,0.35996952044453606,-0.009348677877552003,0.10145201128745425,0.45647034773062783,0.20887388589747102,0.3061370516140044,0.13904260387808484,-0.7691816559925935,-0.5138301047126624,-0.6033302549014137,-0.11181926914736344,0.23413900190829656,0.008576841902227338,-0.5234510757784856
2022-09-14,-0.09546460560917137,0.33798396243611495,-0.01052743967751424,0.1007172168443695,0.4745879817580582,0.19935027905008337,0.2773796460184616,0.13692117547324562,-0.7648568349816679,-0.4810444520130723,-0.6151016241627979,-0.11847010115786058,0.22042862608315272,-0.040937888140998295,-0.5821167924702512
2022-09-15,-0.0978371387879452,0.3432116370860913,-0.013802641142427172,0.09569491228245387,0.45871784959086187,0.17992756794886544,0.27002251013178036,0.12232788124428898,-0.7852492525496356,-0.5046837448050975,-0.6411084025060715,-0.13345458848445552,0.2307278031461145,-0.03196061190863762,-0.5866792523643031
2022-09-16,-0.09991760021868704,0.35541638403294257,0.003470274598337087,0.10310333526051194,0.44197581710460804,0.16452140913261729,0.24850777077260341,0.10631600171802565,-0.8062708511737346,-0.5072256822806163,-0.6572832903125276,-0.12248115928855256,0.21468442901000404,-0.04751649555712727,-0.5909909531044734
2022-09-20,-0.08831178374511287,0.3598476718678872,-0.0025687715830001283,0.08744279629271962,0.4345787383928659,0.13679407293390708,0.2331952038621012,0.09303250130889212,-0.8095682783205879,-0.516349681832666,-0.6612291573504476,-0.1417092068230546,0.22406912692672612,-0.04233913705085308,-0.5927072630963839
2022-09-21,-0.09130825058663995,0.3625890527111614,0.00728904123325458,0.09031725014594943,0.423707278415202,0.1337114165300335,0.22118922916093833,0.08241443358281683,-0.8035693271187391,-0.504784048187496,-0.6514721938237148,-0.1420969930796642,0.21927453691076004,-0.046332011535660966,-0.600532717827615
2022-09-22,-0.09545932200541984,0.36879459688934246,0.018277433475636887,0.09429065705308565,0.4472459212049935,0.1156219505621001,0.18837496200272563,0.06260102131240794,-0.7929516618927981,-0.503327519818617,-0.6486076605759774,-0.14876036418944028,0.21656902023740437,-0.04322743012909916,-0.6078520874070745
2022-09-26,-0.08992667511020169,0.3605144050717695,0.02632584342069314,0.0532586406716912,0.4177635480098802,0.09851273972671995,0.1524456499606315,0.030313256832424494,-0.7857172195403366,-0.49744465085653483,-0.6408642411690229,-0.13544008925012263,0.21324430215949783,-0.05111617205593971,-0.6032499759689018
2022-09-27,-0.09007946426082122,0.35454467160238856,0.0240857583545913,0.049752040497567256,0.43253907278488374,0.1405627150581023,0.18456626208044957,0.07013077030501375,-0.7693855144812435,-0.47939208653449955,-0.6277237128077768,-0.13339599999250867,0.2305958888135321,-0.07354701766598576,-0.6269444393348104
2022-09-28,-0.08623339074099337,0.3445517606029157,0.044157058742097154,0.05391398338403091,0.4094442239415975,0.09567400993686767,0.14377781171592832,0.0467264219094168,-0.7747137938714954,-0.4991145913594014,-0.6422235302664185,-0.13125326623661812,0.22319382714771827,-0.0483212807944076,-0.6034947963458726
2022-09-29,-0.09815747125894361,0.348412263729568,0.026285289141743204,0.05207324761194976,0.44175750927265245,0.07307868387090732,0.1333648957124648,0.023024248375796454,-0.7825336553129809,-0.5144287013198072,-0.6472745498578791,-0.13514395077115887,0.219336962692865,-0.046818984217922646,-0.5996601085997033
2022-09-30,-0.12036112816419561,0.37164379068476505,0.029247360133730513,0.04730675378751817,0.4716605655733507,0.12026607968855282,0.15750214789019598,0.060623095076040065,-0.7841483738370435,-0.5344074489217087,-0.6440639367065554,-0.11754624451506515,0.17101697684870482,-0.05424191515313265,-0.6195571709111625
2022-10-11,-0.16288284936380798,0.3215548206075781,0.019093365869930823,0.052956632362144984,0.43986703291391244,0.09576302982399926,0.1176506824452324,0.022163773646124277,-0.7348019208913154,-0.5031999201032675,-0.5830657775987241,-0.08739347199390704,0.15389496766164854,-0.04207738942280073,-0.5954922238832255
2022-10-12,-0.17100217879043175,0.3045030858411683,-0.02097742895690985,0.05154420055001771,0.420810729480285,0.10654530229564058,0.12751225228737234,0.0538783045475737,-0.7004941405729337,-0.46400944168533,-0.5404512981983232,-0.0783058559728165,0.11416662133204175,-0.040184099592523004,-0.5999683388768489
2022-10-13,-0.15641536862037742,0.31440994476745093,0.0013460226463834768,0.05574522557792044,0.3997425626335099,0.07754438276570741,0.08844487752457886,0.023094392969396943,-0.6800671253751476,-0.4410815797086439,-0.521976652200042,-0.06822090122560437,0.1474852253773036,-0.03555795987097676,-0.5675574318750521
2022-10-14,-0.13875100602823942,0.3358285857835127,0.0008344561021065566,0.07893922014775892,0.4308390358767088,0.1462647225644764,0.15774824181396935,0.09342869206465802,-0.6822657734008932,-0.44082940301000206,-0.5296225714648147,-0.07296250810460587,0.14981006145365758,-0.017032328986130787,-0.5498989733245973
2022-10-17,-0.16341605167751277,0.3535138043001665,0.006268517229393145,0.0833031437841901,0.446939812483607,0.17131863504561087,0.16760955889882412,0.14526484154801012,-0.6552649190740552,-0.4172485997367701,-0.5053519858658199,-0.05522609110879029,0.15741298782332436,-0.038279595178525305,-0.556969139688093
2022-10-18,-0.15069915351965285,0.3400407827477021,0.0010965561244120764,0.09037461267006983,0.4174954867381248,0.1716327743622728,0.18575488382641625,0.12339593555811812,-0.6810862600007226,-0.4438729953479232,-0.5257912354554547,-0.06915465217110307,0.17734126208043577,-0.017893390447325977,-0.5496368733022917
2022-10-19,-0.16802709845621414,0.335480734014931,0.001226323124053963,0.08570858679122322,0.40743184642430863,0.195287595967905,0.21679430530743365,0.12984034872091482,-0.6812807365786961,-0.4512557984447563,-0.5252032663887481,-0.0702867425608596,0.16020392599160466,0.00904911747863811,-0.5593398062295742
2022-10-20,-0.16061757242855063,0.3524256658056517,0.012006989632529552,0.1291540680731641,0.3982809995577208,0.14743333974814748,0.19196404220159283,0.1173908030626328,-0.632690368051205,-0.35370279630738943,-0.4588997185810861,-0.07331224964289651,0.14189988953078825,0.0273272760364833,-0.5519618392617598
2022-10-21,-0.17109819034254087,0.36621576349696594,0.020459850612078098,0.11867553265084405,0.40426297533584615,0.15728383177684563,0.17899988453496857,0.12225371450811315,-0.6371131557457472,-0.3438523042786913,-0.46837882383757895,-0.05628057248825277,0.1808083165012282,0.04152312095022244,-0.5390390535890801
2022-10-24,-0.18048015175934012,0.38145513642005235,0.030025868866191435,0.12673045053727938,0.4268317390501034,0.20047081836578826,0.2381887982357801,0.14400344798924328,-0.6540801361475449,-0.33278338374164373,-0.47823431747209866,-0.031002629643726243,0.21303909207637844,0.08827342905858288,-0.5084255360650974
2022-10-25,-0.2077464349158201,0.3912500700975111,0.03805203345695296,0.1259382946037972,0.4430466108764747,0.2113201897645402,0.2507323606306293,0.1782839624807452,-0.6538098456955774,-0.3535453285506155,-0.46907514943525785,-0.012574428174407515,0.24399533768473408,0.117058178777873,-0.4857130690653333
2022-10-26,-0.19931539764723252,0.3811060115661231,0.034485848362488636,0.1320320054981607,0.43683186246187933,0.18136288103203135,0.2088718289404529,0.1441996563269166,-0.6300558610355854,-0.2836322344707911,-0.44650663090122256,0.011506611195495758,0.22992768001728986,0.1332403490582464,-0.48224254731477767
2022-10-27,-0.1897462415594769,0.38886056924711443,0.04108189714380675,0.14756372610113172,0.4438659977277587,0.18271694871980448,0.23039366214028573,0.1531491335631956,-0.597204707054629,-0.2223340536037096,-0.4384113325690675,-0.0021939780820781074,0.25050413182980535,0.1168612114784592,-0.5049487461141328
2022-10-28,-0.1947032168690838,0.42468535396089213,0.039507671524627655,0.13363859365405042,0.480128808527993,0.20990757539196148,0.24834336228014323,0.1590591616295889,-0.574983439388251,-0.26357867949688474,-0.4694252443972978,-0.0291403020857062,0.3777891112653496,0.12609387056485022,-0.5293761322858692
2022-10-31,-0.17994757744923998,0.4084245323775463,0.052770505540316384,0.14118001893418905,0.47238269900609453,0.21356577746685013,0.2500928600831189,0.15613820102510226,-0.5686551663268448,-0.2096985087370141,-0.46596130755211373,-0.005683104169321079,0.353394988804726,0.15127925934317654,-0.4406334461205609
2022-11-01,-0.18283983236317902,0.39670585330020974,0.03525771068924123,0.1405465238033301,0.5146125351901821,0.21084285651656948,0.229075856564967,0.1541804264567342,-0.5799649408018697,-0.20010052341399415,-0.4647871591564106,-0.0023638561017686327,0.34865010506504995,0.1440673942050903,-0.4696263820404348
2022-11-02,-0.17875743227435625,0.3918882255967166,0.033146333987499194,0.14329887148666864,0.5075169135843989,0.22582780301512922,0.26651798663002085,0.17289332362805315,-0.5965326134033833,-0.2685516008472698,-0.47637690397159044,-0.013870379847683176,0.32379163005388645,0.12471433479536395,-0.47902713920441437
2022-11-04,-0.18706326430047693,0.40130450431698433,0.043485583883816334,0.1432315688190425,0.5190978376573901,0.23443998924057347,0.2634341511617448,0.15562489863272538,-0.596281707409196,-0.2716354363155459,-0.4783389485223957,-0.013581648160520335,0.29299957744892685,0.11230543133262388,-0.48320569003589847
2022-11-07,-0.1813482106224671,0.4347878704665722,0.057385652293601666,0.13721597090474633,0.5085559842628085,0.21164676597340862,0.23683536365096863,0.13104433583576164,-0.6046565180256307,-0.29517534660838984,-0.4978445812634319,-0.015214611514885304,0.3016397561547352,0.13503469469572912,-0.4556571309470042
2022-11-08,-0.16786901351328617,0.4242681157313066,0.04285534389097577,0.11888486788445993,0.5092038506205459,0.24062988321163062,0.24826182400936955,0.1454627872251945,-0.6243808058051494,-0.3190703608398342,-0.5196447755878927,0.0016809359503053012,0.3321501769822328,0.1528669831671151,-0.45757352904122184
2022-11-09,-0.14531506001778904,0.43073657935567744,0.038070031023909115,0.11670312985775358,0.5062230329161879,0.3054437979545468,0.2950748714877752,0.1875498747463213,-0.6526574571151612,-0.3101493338923927,-0.5366650442973316,-0.016658966723276547,0.36197027838561946,0.17026807033777105,-0.47668352893763594
2022-11-10,-0.15840921585981252,0.43722548819501084,0.04417249529275203,0.1296042181828889,0.5290915003570635,0.3290938100916896,0.3007526239992702,0.1930859747704031,-0.6665370938640482,-0.3688900587675426,-0.5461986161627819,-0.03285300434824143,0.35319436678894667,0.15910926792241037,-0.5010213862319948
2022-11-11,-0.11490124548083722,0.4446964234119007,0.03041614834790421,0.10759546051202876,0.5261145035842466,0.36462732348525306,0.358070211507329,0.21238560593632638,-0.6869333494802864,-0.38984116801935637,-0.570176536173255,-0.028924763617822945,0.39296623807376474,0.21062569733939937,-0.4593980401265548
2022-11-14,-0.11888048064802309,0.4470988288161156,0.03350342505220942,0.11155886269883608,0.5214515686155681,0.3559112270220216,0.37121982157620564,0.1963169560812248,-0.689530184631151,-0.3808256604445798,-0.5797690351140171,-0.05682653075322373,0.3740607170889576,0.24662928778741058,-0.4490100033188543
2022-11-15,-0.06903321212437707,0.43315857959303244,0.006400527581266952,0.09846948904244271,0.499685593089649,0.3456965589619773,0.3734735210716565,0.1912433875089853,-0.6378740735331522,-0.3599226940115171,-0.5610330929388311,-0.07464584522277659,0.3656790878660121,0.25694858492062483,-0.47750703285936646
2022-11-16,-0.053938997878663845,0.44235845944793184,0.025433382940974678,0.11169974657868892,0.5225472600556388,0.34941349959365925,0.3814561230046329,0.19185953839740053,-0.6572703904136026,-0.3671251644532908,-0.5746951920000564,-0.06923372276640358,0.3662952387544273,0.34180185406073593,-0.4650990860973255
2022-11-17,-0.05790842124232345,0.44143526123269977,0.02800942332760787,0.10625890846876292,0.5286750898801215,0.33080865948646154,0.3630828318777179,0.1795827731024695,-0.6413947558399044,-0.3478029991342719,-0.5526666077774033,-0.09003946692407187,0.34365307198670186,0.32351400584041695,-0.5041348152123262
2022-11-18,-0.05171056941420851,0.45838026854092856,0.033726140944307405,0.11531999881008335,0.5267735971039031,0.30408930582174437,0.3290054240340694,0.14776381248392284,-0.6510862609519624,-0.3759465542961274,-0.5625600170978811,-0.08146324541701563,0.31877977685390635,0.35486014175350233,-0.4899349780794308
2022-11-21,-0.05819001130290707,0.45481726821398705,0.031502380915451246,0.1079715484724337,0.5306141666139244,0.32722304890205883,0.3444067812481398,0.16018819268751092,-0.6571645159501843,-0.3790081620049722,-0.5653129573904535,-0.08411625171968709,0.33708712564525734,0.3439997576500201,-0.4867637403856623
2022-11-22,-0.046092719162882906,0.45476390239825326,0.03478512776655361,0.09167487533208496,0.524211560587393,0.3144307249991355,0.3418283679721843,0.16229620207932768,-0.6627698528145766,-0.41241019157930847,-0.5816879586316811,-0.10363382534212642,0.3052286565114385,0.2984046973863623,-0.5247962500002207
2022-11-24,-0.049934716941781046,0.4490682085309609,0.029988935626504166,0.08539339075811081,0.4951608103939113,0.32821638947139836,0.37148306429289324,0.17141041318497954,-0.675113477752045,-0.4288793020308221,-0.6027179707215032,-0.10903709913359358,0.3330059462785098,0.29188568679703,-0.5417782888218523
2022-11-28,-0.0705966462977115,0.4484474567744732,0.039064801871926215,0.10050441824765996,0.5012493867739668,0.33691711281831876,0.3939470640280963,0.19889269311379837,-0.6497919511839776,-0.41030194495204203,-0.6049182724836061,-0.10879016658739973,0.3356724856984398,0.29064743294401035,-0.5378519522999945
2022-11-29,-0.0675996830157813,0.44642865621419997,0.024986450850100917,0.09575430205130316,0.48879310986979785,0.29711133437419734,0.3612840148406699,0.1802222152526086,-0.6449090402047442,-0.40813445510337865,-0.5900696146933332,-0.11094507210615594,0.3071813839621933,0.2624686593327104,-0.5693018922796533
2022-11-30,-0.07294312353939272,0.45363599743425287,0.02917398227715929,0.09274421443470283,0.4823412057779194,0.31499239411387464,0.35911892840651205,0.18105799174367204,-0.655993820756219,-0.4328035145247172,-0.6015543513130497,-0.09636978676532046,0.29933321438614363,0.2576728796990454,-0.5748869800752222
2022-12-01,-0.06466028582186764,0.4880087276203043,0.039216497482577654,0.1019476830113209,0.4834158739916102,0.3314751987315296,0.41137370425898007,0.2354048413207896,-0.6685156686485718,-0.4313859347821374,-0.6093353276500186,-0.09887491256312678,0.3295685703701284,0.28583919436058774,-0.5441158479764749
2022-12-02,-0.07395991301500604,0.48587993436931726,0.053694855385168966,0.11026703521840532,0.5000459301192235,0.3405350068111353,0.44511352459012266,0.2571902596073055,-0.684754288852017,-0.4505172422790571,-0.6042608095274791,-0.13184144755639757,0.3253728981560393,0.28363978737935464,-0.5493196748391794
2022-12-05,-0.0817636968688644,0.4852081433637754,0.040179859260406695,0.10408544884224405,0.5207134522353859,0.3735569887759486,0.4939568136120278,0.29703967857339264,-0.6683872236467313,-0.4500222057655216,-0.6015446395909427,-0.13417014725701604,0.32118004790926713,0.28045407429355307,-0.56417125174153
2022-12-06,-0.08756037536966547,0.4892085435141698,0.04769006598884551,0.10853193135562206,0.5084553220667736,0.3722745372196569,0.491399156278213,0.2846887112254264,-0.6466164583255747,-0.4094416021624633,-0.575610767420966,-0.135625527957487,0.33283017773026785,0.2775635061327593,-0.555410065125109
2022-12-07,-0.08712089437943397,0.48889806400143665,0.037678484366528014,0.09691807918580726,0.5052600105262993,0.2958949201404795,0.40888151053998945,0.1897741875369766,-0.6601002001105893,-0.4234203469541771,-0.5835070526447477,-0.1339707495755264,0.3016204548638023,0.25443466721530333,-0.568408844210823
2022-12-08,-0.08924171513310937,0.47376415554895346,0.03203758961288611,0.10219305253871666,0.5224400082861828,0.2978309789749143,0.44422049900146465,0.1826266128248631,-0.6771310288574434,-0.46151432585218927,-0.5942324312371112,-0.1236152528179262,0.3124051108506646,0.25667343609833354,-0.5726192747192319
2022-12-09,-0.07867146123587512,0.4887939286506558,0.02891106497113256,0.10592064959336081,0.5041022394532488,0.2874140960783723,0.4144540162035409,0.15115629581267795,-0.6759199391852483,-0.47011119169002685,-0.5954747899821365,-0.11396463893122386,0.3237282293652084,0.2699197118451763,-0.5791608330860394
2022-12-12,-0.08592948703752462,0.48095696967189006,0.035244381856674355,0.1220375329715659,0.5024516010696511,0.2970863274823888,0.41900957046777554,0.15322525119451963,-0.6613628130065307,-0.4475466902944646,-0.57891990594201,-0.12264418855154387,0.32106063207228086,0.23533813139427984,-0.5798848586443449
2022-12-13,-0.08717264862766447,0.46859060942258857,0.0365427228457341,0.13235379980119005,0.5145981466222445,0.2762102921344703,0.3852294120905186,0.1421360139925067,-0.6655005330605636,-0.45098089241628236,-0.5829888405801498,-0.11313575333237913,0.3199535785481142,0.2572211667139407,-0.5579229152065607
2022-12-14,-0.08305508151942526,0.47129912495433435,0.04102987393496002,0.12721186398524054,0.5077440159888723,0.271641238735081,0.3851449698862915,0.1403044698786607,-0.6650988740847377,-0.42738475397531256,-0.5696404527084368,-0.1146150304778986,0.2996835296332024,0.26203149600354486,-0.5713203454166395
2022-12-15,-0.07696050310291878,0.47369267198859266,0.04019065604579959,0.13848091694324863,0.5080989429936699,0.2821142245350615,0.3854998968910891,0.15345277841120328,-0.6302991861304925,-0.34316163604358096,-0.5354580136046919,-0.13429409540582044,0.2963688018397105,0.24999195267782134,-0.5874598551165525
2022-12-16,-0.08287886779291788,0.4671667925521692,0.03494060833627669,0.16063986566475771,0.5241242518434175,0.24804579358308187,0.3471042708065494,0.11531794552919279,-0.624550324648212,-0.3572055256752877,-0.5452952720111889,-0.11687637898330923,0.27296205004773255,0.23295234601436743,-0.6134793034591762
2022-12-19,-0.0859025479643176,0.4695763021531012,0.013102291119768883,0.17659336452595262,0.5187954488612762,0.24400252024855787,0.3420749162126084,0.12189416695402527,-0.6584818607074016,-0.36887687242094336,-0.5643186920816182,-0.11030015755847675,0.264153471019369,0.22182889627037664,-0.6154105773051485
2022-12-20,-0.08697350118557483,0.4636852897788022,0.03025873498823274,0.17207614788598746,0.49854378569500474,0.15744767359206674,0.2982785557396755,0.11773014683230483,-0.6421408755285047,-0.3371627193546291,-0.5447816999071742,-0.10713138078079319,0.21750805867932155,0.21084311506038722,-0.6018410922464058
2022-12-21,-0.08823254760424509,0.4782213881159769,0.025726327481563976,0.1634425312248642,0.5286734786135754,0.10432265289912115,0.2749368384610067,0.08541811141882827,-0.6570834558458928,-0.320446699,-0.5709427321506905,-0.12195547605455476,0.19207635529889977,0.20180523805922845,-0.6195241863098286
2022-12-22,-0.08335860633250512,0.48444633794081,0.024889513732093554,0.1638543610969868,0.5221132879360119,0.10214984761066064,0.2853939885461272,0.07555785141970965,-0.690643430787139,-0.3458310575234099,-0.6111292451909186,-0.11771182346892368,0.19739694239633407,0.21917654170182382,-0.6194258397302866
2022-12-23,-0.09959750310600132,0.4597443584130696,0.04299069586213104,0.1580869935233718,0.5250588023466379,0.13837466952659974,0.2932024085476281,0.08748995261673974,-0.7002733448638541,-0.39340023101060756,-0.6063062651913611,-0.12284467437254248,0.17778063673797806,0.2069625527419518,-0.6400723823775905
2022-12-26,-0.09725167129787299,0.4609287717803931,0.04817646696735177,0.15714150803296711,0.5180770192431206,0.12129973874710925,0.271379308220929,0.07715473114971977,-0.680083725402258,-0.36865201688277843,-0.5907418170505555,-0.12723875348866368,0.18003527621315407,0.20397837448579162,-0.6364075750362171
2022-12-28,-0.09956784455343891,0.4611902941873984,0.05168711442689947,0.15565300299548762,0.5064118429916479,0.11158031690157535,0.2545883406114946,0.05975076962533857,-0.682059558225948,-0.38735010956838845,-0.5951453880546523,-0.1362629189154207,0.19849870847221207,0.21078819171340885,-0.6312736997808184
2022-12-29,-0.1044822711268453,0.47062780134851034,0.05047697508778458,0.15772335495281112,0.5147183603667846,0.13023687243178667,0.2586601827151791,0.08023681144058117,-0.6801546662895928,-0.41400218330729366,-0.6104951188740122,-0.15326493916120307,0.2154395944142479,0.18283807230988655,-0.6405800637685107
2023-01-04,-0.11048009410200388,0.4628270263364875,0.0410202859050442,0.15400237379316184,0.5144587276952636,0.11546594161678249,0.21655202122645753,0.0532850754751932,-0.6732854210591148,-0.3747467503644498,-0.6028369649054339,-0.10909735745684185,0.18642632983273943,0.24487776748397858,-0.6275348838938097
2023-01-05,-0.09780805890254402,0.4652339772820885,0.030101523914588868,0.150962504168439,0.5173568481107863,0.09994553654831026,0.1935802837532632,0.041266586840519565,-0.6610850056433907,-0.3899821836952244,-0.604124110720123,-0.10935286550055498,0.2090001822824145,0.24554712278385663,-0.5997635650834222
2023-01-06,-0.10285020229966498,0.48318142892936367,0.035072142839728,0.14865267188733772,0.5143126132974746,0.127964180398067,0.2243360602839991,0.0745066940060692,-0.6669608135118767,-0.3985085500651696,-0.611508241654861,-0.10074293359063384,0.22875271586291723,0.24710561534936437,-0.6091503134312427
2023-01-10,-0.09594288273763364,0.4846855203058359,0.03530763065539843,0.14388237375640225,0.5089117092747658,0.11665589929415943,0.22301825771563205,0.06172649994732893,-0.6264139529763958,-0.37851987604928516,-0.6021590930946653,-0.1091316858950438,0.25150326333913053,0.3286725258835816,-0.5925976472131588
2023-01-11,-0.09554788595813268,0.47827091237195674,0.024033567600850677,0.1473687976225399,0.5064749691631512,0.13193026030281857,0.2158775376107355,0.06989680976105107,-0.5819461909296065,-0.37165103481430767,-0.5917680704792627,-0.10399115023797034,0.28244242681009357,0.3152496780651129,-0.5846855971470252
2023-01-12,-0.09008512947401351,0.4845767905330972,0.022895361101671063,0.1406582988603251,0.505836183003973,0.10955696779974786,0.20863699223912247,0.06185027023301176,-0.5756439773779253,-0.38962682533429716,-0.6089438834917804,-0.10264795378939437,0.27990953351227027,0.3294700239425752,-0.5695118756533798
2023-01-13,-0.06897248089465291,0.4783180777499973,0.01165529359440716,0.13574636061316608,0.4936071565938083,0.11126639007139413,0.19372021861665328,0.05086337929228136,-0.582664073743847,-0.3981830028326849,-0.6117041209786825,-0.10395999792055116,0.25799514145151065,0.3352594305138158,-0.5611378744450126
2023-01-16,-0.06593831540950303,0.4714020204758359,0.010962062188163733,0.13017538857209549,0.5025332048439473,0.12009868669413332,0.19976326680978923,0.07198653016620184,-0.5808596098258537,-0.39480156414631695,-0.6081974830020976,-0.1059540773423112,0.22104655105648674,0.3601025250170444,-0.5740141704550803
2023-01-30,-0.02629131277505662,0.4684310911019018,-0.008668482322065563,0.11460874291069306,0.5021682042746133,0.1516941318918003,0.21076678502626464,0.06700748221803224,-0.6210403049104742,-0.41867983568902495,-0.6383584015721921,-0.163155599179264,0.20572255633868533,0.2979628924627343,-0.6771769431763669
2023-01-31,-0.05086789693280759,0.43450645799931126,0.02554476475154547,0.1386545842698935,0.5113573651172189,0.17022938915992045,0.21336217514507036,0.09080162282718798,-0.6240058125737483,-0.4184446521222696,-0.6290826123146737,-0.17876559320765176,0.19108726388971978,0.28552278792436364,-0.6697966588847978
2023-02-01,-0.045756444055381734,0.4442110453980314,0.05420656729953993,0.14023745380700134,0.5237742444823942,0.1961063446745799,0.25342506260477116,0.11992430259116343,-0.6005647430945176,-0.37694930120114933,-0.6093607391110933,-0.1953995744035694,0.20270774490673563,0.2878046595873989,-0.6688645580461663
2023-02-02,-0.03835121799474715,0.4426804399174862,0.05209405487443991,0.15064895761873492,0.5272207451078432,0.19885488946908358,0.2767571003211117,0.12558688503841023,-0.6111269480985931,-0.38668227244789266,-0.616304542584014,-0.16652047231509612,0.21649457952103102,0.28840859443964817,-0.6518920499971466
2023-02-03,-0.035135078344730376,0.47090971449677715,0.065219073250223,0.1664492239947666,0.5340258407105964,0.15202003269768205,0.23969858369531633,0.09091480142764172,-0.6022348390653062,-0.37788921198887976,-0.6103056582641013,-0.16700127514486804,0.1987223886952981,0.32179538989300516,-0.6145687832679129
2023-02-06,-0.0515596759474028,0.4605824777208709,0.06286776086561725,0.1687463114775423,0.5547994288602348,0.10539163537602451,0.18843891218520029,0.04627306910830208,-0.6038793307162412,-0.37933262681636953,-0.6119503156930717,-0.18383895638419417,0.17675596475419605,0.3228519049741055,-0.5967317770706241
2023-02-07,-0.05780484694109064,0.4600570562267573,0.062342339371503616,0.17573027416662063,0.5703601558339685,0.11258822699324428,0.20861812282651604,0.05492209555957543,-0.6073234108444016,-0.38874683851023745,-0.611383354115236,-0.17789190316532194,0.17923787823791343,0.2945051536781815,-0.6404048826030032
2023-02-08,-0.039825573325337205,0.4699161619959593,0.05744569796475795,0.16296804536535306,0.5510184655502341,0.1100522446847762,0.19460975649941425,0.04546950596116856,-0.6367959865216514,-0.42184385846273875,-0.6374731113528245,-0.1743138594838675,0.15920546839715075,0.3109592509474627,-0.6419434630127758
2023-02-09,-0.03857881429424383,0.4711629210270527,0.05642229739500744,0.16172097454835324,0.5504810333851372,0.1188748278479578,0.19174969988333515,0.03758370972319604,-0.5941189171202849,-0.36236868266055533,-0.6025458649304587,-0.1699025602923759,0.12977503229610793,0.2999318292828827,-0.6689757936159588
2023-02-10,-0.028588665723181226,0.4719363333447354,0.05035414439317803,0.15874194220112134,0.5386757150164494,0.0928780189035851,0.16752181616919423,0.01983815862202644,-0.5901465299062939,-0.36463018347912457,-0.5900887624527181,-0.1754681416540156,0.11800914025289391,0.286248831478321,-0.6864267301656425
2023-02-13,-0.03323310143303654,0.4556101895271721,0.050785346985645616,0.17267913180039654,0.5521892032313562,0.09171656426001408,0.1532221210500037,0.0036917439689510244,-0.5856518708033837,-0.2924424919737952,-0.5726913770370278,-0.17274608083245482,0.10376358682003971,0.22138009892769706,-0.6811836042746141
2023-02-14,-0.032931029961829866,0.45334200292912774,0.041424698584107696,0.16189032612440413,0.5451247781711467,0.10773005179490355,0.1694885663102855,0.0340147578022302,-0.5706449061007516,-0.2555894702051199,-0.568374335975654,-0.17505253050475994,0.10203253334318019,0.20265360340764754,-0.6616270862300395
2023-02-15,-0.05606240392355406,0.46759824734502037,0.0568296088428997,0.19340962691755892,0.5303409103113055,0.16660341694546627,0.2065438080254344,0.0709478135998467,-0.5415990433377436,-0.21323786054487792,-0.535769124548622,-0.17674569009560173,0.09803815717414528,0.22857191828338014,-0.6442235554168576
2023-02-16,-0.05795612759597742,0.4552101399631773,0.04923773992322194,0.18336982560965537,0.5227490413916277,0.16625804476405762,0.21319430899798505,0.06335594468016895,-0.5931617278177085,-0.2755077102123291,-0.5804021178679147,-0.16050781071961348,0.10550019372563993,0.22170420451179929,-0.6445097109416631
2023-02-17,-0.07251392034567622,0.4403553357614721,0.037596999445420144,0.17931757306972607,0.5401212389718867,0.1526058860569171,0.20964396829525286,0.05437498027049105,-0.6197604015395262,-0.3136456238273658,-0.5948871496522298,-0.17336382746572687,0.08411606425803063,0.20133962540796987,-0.6627343206340905
2023-02-20,-0.07905659476935972,0.445501294324583,0.05262918278208873,0.17840882532940344,0.5318679979609106,0.1516653646047782,0.19890496623710116,0.04063216042978944,-0.572028949936682,-0.2230777434658804,-0.5679490782833057,-0.17637806557635888,0.06294001643133093,0.18063942219800005,-0.688488572095028
2023-02-22,-0.08734149874798249,0.454812028532015,0.06537429153639966,0.182799375658042,0.5485047422547609,0.13145360265412365,0.17946632942802432,0.02716283850555558,-0.5714794408369183,-0.19863544481998516,-0.5607259856154713,-0.1833014212295878,0.04747470257624126,0.1252859116684821,-0.7369543519117724
2023-02-24,-0.0937734501103705,0.4858532451445711,0.07823959887607615,0.19837159366461676,0.5556784867710132,0.09281788141085681,0.1531640810041238,0.01607116781613067,-0.5604042631697184,-0.1425658781340927,-0.5482750860825265,-0.18748201261764263,0.10901551076303756,0.13520540932598368,-0.7242988222625701
2023-03-02,-0.09955174304787645,0.5045306751137603,0.0872440545058547,0.199535461599003,0.5520274215595755,0.11163613074297946,0.19388818909135155,0.02941956714081932,-0.5731799550626242,-0.18914188597915504,-0.5596009447241915,-0.184201643233197,0.1151927987002986,0.15098143926224172,-0.708395951302896
2023-03-03,-0.10597071515928028,0.503909009960582,0.08437528910513899,0.2616839995157528,0.5783616105616203,0.12949941408669102,0.22663564045253,0.05930138077170749,-0.5491174234145999,-0.09457718939593697,-0.5266658127629076,-0.1897699770383184,0.12174710837770378,0.1484473876552731,-0.6752477392843528
2023-03-06,-0.10621460658535829,0.5032382940929445,0.08233125103769177,0.272596647457357,0.5773005037386085,0.13415786810795222,0.2244406661847705,0.062207509030089786,-0.5802237999292335,-0.14360261613909658,-0.548625696543126,-0.18326331561284373,0.14698636166257767,0.1567700602354967,-0.6775303106700612
2023-03-07,-0.10644222464283924,0.510936655999131,0.09406142644038604,0.2795444914073228,0.6058768751118878,0.11364277522283767,0.20884671614978914,0.03482407381746225,-0.6325649892533075,-0.19748268803991642,-0.5938157053415757,-0.20232623409967748,0.11402870181688471,0.14211662232783734,-0.6991519342638536
2023-03-08,-0.10967803427336409,0.504351597059055,0.09327237205584879,0.296912708400541,0.6201972684097471,0.11980505845909473,0.2286109264936555,0.045950699814339,-0.6239184478515577,-0.17934096519132087,-0.5756437434363627,-0.20643169143716963,0.10941715720661235,0.1400615086027644,-0.714503521954029
2023-03-09,-0.10475058200993258,0.5027847929692262,0.0863321215659885,0.3300235126518134,0.619845933275555,0.11548891657411305,0.24484101387979365,0.04033995828823461,-0.6051883966909642,-0.17943869458860054,-0.5715981047234506,-0.2067442839782545,0.1276172225928104,0.15556443699328174,-0.6940207973692777
2023-03-10,-0.10651987179565853,0.49988814631438133,0.09414623123915625,0.30495176289590575,0.5854146580551362,0.0974630790371247,0.2357708165802201,0.03407947712038995,-0.5902752045935855,-0.2004968472479961,-0.5611650963839926,-0.20115535232409337,0.12498358101587373,0.14835472657297427,-0.6608474610868185
2023-03-13,-0.1028952322477073,0.5116034205368183,0.10307606362628767,0.3196413826769438,0.599012241482856,0.11035161139253233,0.2563793962499213,0.040684156405149885,-0.5818955232471433,-0.1722668927131923,-0.5612922275293403,-0.19499324633337306,0.12277748879469785,0.12199479723605969,-0.6339795849162111
2023-03-14,-0.10165018924299722,0.5106230124028079,0.10039173032631485,0.3304859463674445,0.6102095273790644,0.1005643527425791,0.24650568266864697,0.04922946906005646,-0.5522468901049472,-0.1176989216485578,-0.5247483045425338,-0.1988593025507334,0.12439557447773224,0.12063842065186407,-0.6310073078274827
2023-03-15,-0.10145860993662069,0.5227771146134784,0.09411485375311929,0.35359040018991983,0.6291683825015993,0.10262120015952435,0.2428134415955074,0.0605914541508797,-0.5502242872855052,-0.13242528712945417,-0.5285459855053086,-0.18715843304204044,0.12779086636689427,0.1288214331211809,-0.5941963254471724
2023-03-16,-0.09699655071579047,0.5290355723811793,0.0924849087583142,0.3541795554031813,0.6175729304601212,0.10198222504139406,0.2517622028731274,0.058339590259477915,-0.4887243782746563,-0.12372411794799176,-0.4866506492689836,-0.1746101439997896,0.1314331459778614,0.10545576951147634,-0.5691393184897837
2023-03-17,-0.0866964198307493,0.5277122170209364,0.09438522810965208,0.358520911335409,0.611159546339594,0.12102440459431443,0.2443378584586463,0.0650102751920504,-0.49343448055369227,-0.12027792746024629,-0.5076961201326988,-0.16662329883232435,0.15497849489066948,0.11942033859973561,-0.5238176490138895
2023-03-20,-0.09620974502189436,0.5298493803718558,0.10548095922280933,0.36571629010194323,0.6115621109950864,0.1342935744968899,0.25220577621395607,0.06714743854296974,-0.4331688783939258,-0.09823734616738175,-0.47915161207182827,-0.18259378778603902,0.13287213115095123,0.10631453831563585,-0.5340160176282416
2023-03-22,-0.08152796741314927,0.5325714893901953,0.09745762825593121,0.3377364077717586,0.5905793538568884,0.1292687868603002,0.2602851359969041,0.055614932884334334,-0.4311191066624883,-0.10428213199987607,-0.4987871786730881,-0.18521097500254732,0.10783016119572882,0.10244142131235663,-0.5741111589559263
2023-03-23,-0.07873582654400405,0.5396942544993651,0.08869779477710046,0.34840710795563334,0.5960931122892158,0.16468793733004453,0.27172627549894773,0.06175500005166588,-0.4064394922406728,-0.048664905179066534,-0.5082209800813084,-0.17230645053633697,0.08673183626772885,0.09550144021429888,-0.5923190828747292
2023-03-24,-0.08007283723576972,0.5410149461587699,0.08771867491098177,0.3330917453362269,0.5860262904878017,0.17509967192037154,0.2896971097332717,0.041611618035685,-0.42242555450034686,-0.06905574595984441,-0.5240302880769474,-0.16432718939802438,0.13556392619932156,0.12075290800807059,-0.564019864695013
2023-03-27,-0.0897095498059635,0.5281493291047646,0.0985511279208836,0.33229234195256113,0.5686742272419624,0.16338021073757433,0.2915173077646762,0.034024976895415115,-0.4379839688301445,-0.07550630794097919,-0.5157880553246534,-0.17339904542731668,0.11060590774039658,0.1109733351611782,-0.5473995409387002
2023-03-28,-0.09290206565175665,0.5408974841056786,0.09788277337889364,0.3322501467020429,0.5662072971881623,0.1222459713959218,0.25674839523724985,0.020313590548538166,-0.41554588077715254,-0.10730686185621743,-0.5322606354843998,-0.15242732585010432,0.10536829880874424,0.12148238550465107,-0.545377809861983
2023-03-29,-0.08776225077012995,0.554658453284269,0.08686203946551994,0.3112785415275645,0.5600839440461101,0.132243851474522,0.24690960136996637,0.024785200108611974,-0.4310990832761315,-0.15461206565951324,-0.5276578474676049,-0.15995145010722012,0.11135965074610654,0.06973349948852377,-0.545954430453433
2023-03-30,-0.08341193452196814,0.5585476980365202,0.10173494781323304,0.3269867836503127,0.5797372566208856,0.17582526557286451,0.2744229984676316,0.03713751221486268,-0.4343114877408253,-0.19164326927067313,-0.5336867873743281,-0.15127357234997924,0.15368439148701296,0.10350662413846107,-0.47761770150850835
2023-03-31,-0.08833195483165084,0.5573729590902232,0.09726891194573904,0.3216968952221738,0.5803031549859541,0.1746505266265676,0.2803404256633218,0.035962773268565784,-0.4483460982662671,-0.17646890826934264,-0.534861526320625,-0.13986970971596854,0.18732943037566915,0.11790839275875738,-0.4608701946225146
2023-04-06,-0.09035940728331848,0.5609898921110417,0.11181496788749529,0.3314803124632625,0.5977372508786662,0.15425260287733777,0.25346174574636454,0.03957970628938423,-0.38124655632574145,-0.13312870865741916,-0.4956936912247486,-0.16161074085637378,0.16507424299032203,0.09610366641292903,-0.46544367835183
2023-04-07,-0.0901005225531615,0.5414261038582436,0.10583156306535857,0.32162371316063126,0.5909521108001226,0.15609274570823956,0.25001252853218564,0.020561964960478015,-0.3711234202682698,-0.10912298546574789,-0.5028497158781208,-0.12081103176937211,0.181430574437425,0.0957226761202006,-0.4676793565128291
2023-04-11,-0.1019697575775432,0.5390536647550259,0.10776949625966237,0.32751580484145104,0.6041374718801639,0.14328538856136486,0.24218061499687843,0.031261565044999017,-0.36845224604583127,-0.12418972332975699,-0.5033263663546867,-0.12014399847880461,0.20629716105091261,0.1085800942137721,-0.47892975994152104
2023-04-12,-0.11083152272774192,0.5378548117274545,0.10657064323209095,0.3263169518138796,0.6046524082569656,0.13506881895495532,0.2428049005485406,0.02572427649875859,-0.3469921098497231,-0.11661667605939251,-0.4979183469565344,-0.11982635256583472,0.20701581239458536,0.09546417128739458,-0.4853699184412042
2023-04-13,-0.12217013522059447,0.4941580443123357,0.1081774818697559,0.317798402591593,0.6006730518385334,0.1253859108050334,0.21188209070452269,0.02067441158039495,-0.38647391480845994,-0.15776418198636094,-0.5242920853954142,-0.11023301670980908,0.20353433778396893,0.09565790137198983,-0.4875437609715999
2023-04-14,-0.11833140086867919,0.505440217412625,0.11322367474167959,0.30469733826319545,0.587603026609863,0.11393805215970997,0.20022981205895088,0.012817235115522536,-0.3599712637282952,-0.13135294163281286,-0.4920676286898184,-0.13333448728584857,0.2014744413751941,0.09320256819761771,-0.49197148061490753
2023-04-17,-0.11274897879779133,0.5080286759331878,0.10787371940590704,0.28344881101933833,0.5889416126676548,0.11179838814913082,0.2037773818936902,0.010677571104943388,-0.3899021086478142,-0.12774664532424132,-0.5121406735674822,-0.13240664469858643,0.21652699359451025,0.09189161012679346,-0.5016087953062782
2023-04-18,-0.11649816519564163,0.509213265244709,0.11056589900470475,0.27533002929845535,0.5878856839101877,0.09956183065312622,0.20400285989103473,0.007740671878907895,-0.4081911812518689,-0.1641445445651079,-0.5254594013596332,-0.12191037067531842,0.20909356379595498,0.09987254716519897,-0.48788731825021353
2023-04-19,-0.11999817618219784,0.4963300033507323,0.08846672353269193,0.28484176356217183,0.5818284864642361,0.07607583227408402,0.17543922371454268,-0.022206347697179822,-0.399313939301516,-0.18917748128191744,-0.523094385086342,-0.11717971941520523,0.21150357687846325,0.09824641792833926,-0.4913232864613078
2023-04-20,-0.11013345219372597,0.5003296412383558,0.08580703691326919,0.2855857548572638,0.5733613300786251,0.10246461426670067,0.18336810549913815,-0.027465954423216556,-0.3863378744673044,-0.17245083396918567,-0.5142332924739135,-0.11623820729711477,0.20387514141274732,0.07651169246195781,-0.5089186919761989
2023-04-21,-0.10736269273737585,0.4972977501213743,0.0935969796668325,0.2922627260085123,0.5582983256034596,0.11649452736318308,0.20946319059753876,-0.020788983271968042,-0.4516644824206257,-0.23560341510476027,-0.5914863817553203,-0.10345437141749096,0.21055211256399584,0.09381569859836593,-0.511595015161356
2023-04-24,-0.11675068139295848,0.4908784855592191,0.11515842821793197,0.2950718403343396,0.5530993133894003,0.13670518049942224,0.24010327725088343,-0.013059037041187285,-0.4454788247737695,-0.25384629370289963,-0.6046868718804594,-0.11262317529612259,0.1992283374603883,0.08294061244024829,-0.5314375818441536
2023-04-25,-0.11813471266402953,0.5024912839812326,0.1295089323300991,0.28528125779616664,0.5435538133042057,0.12044220485885257,0.21673857643847488,-0.03409532865517623,-0.46144476878034085,-0.2637117491328419,-0.6021312162572965,-0.12094228065603554,0.20187979075925894,0.08960253176128463,-0.5362591346775101
2023-04-26,-0.1315266086203744,0.49233659348027226,0.11609712577002151,0.2916722093050214,0.5489446300724581,0.1493876335392303,0.25823679877616346,0.012388546124459072,-0.5670941491048557,-0.30791671152265854,-0.6387525346169699,-0.11336506115187833,0.18349874079731546,0.037601784197332136,-0.5631627366255804
2023-04-27,-0.12986027800176686,0.4949046656067136,0.12467962766487656,0.3089503659684752,0.5521627343599814,0.12884375461443942,0.24650494467419892,-0.00843975602071138,-0.617926161147772,-0.3358397988257831,-0.6366679430382581,-0.10798957475458588,0.1811041312111923,0.028374809137885086,-0.5596883326052837
2023-04-28,-0.12360493504433796,0.48408262851332323,0.11603862694964187,0.31529617599234316,0.5487756454437659,0.17843073061358763,0.26526004318907737,0.008262866705235834,-0.6085825315087838,-0.34105649508933056,-0.6463731999063238,-0.10497592021846737,0.248447009310819,0.025745917295146803,-0.5430089775075964
2023-05-08,-0.12032963194485513,0.48905185121054784,0.1134644384002509,0.29007323406645147,0.549633482723958,0.2279778501503467,0.2731010793255398,0.01717582481880037,-0.6006166715995573,-0.34574914516204464,-0.6420364063423645,-0.09745472657117914,0.23358483272696315,0.07334661358723324,-0.5557362716532165
2023-05-09,-0.11028514373241452,0.49205793164306516,0.11484387073736953,0.27730613821212297,0.5478433246943102,0.2230773604382496,0.2941789133175822,0.015385666789152496,-0.5950349559948852,-0.3278987824536104,-0.619407991800201,-0.10839122172298782,0.26529850180175035,0.06224976569214776,-0.5646509196075085
2023-05-10,-0.11862638579273643,0.4782128190629998,0.12032312634487913,0.2838885657408034,0.5440547117876434,0.2128575417770191,0.2821139515165336,0.011815090939078484,-0.5947103930363026,-0.3294676453062406,-0.6161241886777616,-0.11368953197545403,0.262506508847721,0.07146219105263904,-0.5811866805284422
2023-05-11,-0.11845045569104307,0.49608185548303213,0.1253137101299151,0.29535087267440985,0.5447381661638073,0.20827874508080846,0.27421682943895337,0.01541948836218585,-0.5788282162085938,-0.32731004393146057,-0.6112660975624806,-0.11174059715226867,0.28714157157769704,0.0962507742351828,-0.5773548004705571
2023-05-12,-0.12368887751359539,0.49203102871213744,0.12821976126736984,0.29943381632972094,0.5417704762917988,0.23438822312136173,0.30686949211975717,0.011634488363679502,-0.5487975917306173,-0.2826140370560239,-0.6060740662925189,-0.11250767526520292,0.28956604921648216,0.07668097399332416,-0.6143033099489936
2023-05-15,-0.1229341017793359,0.4937942848276822,0.12575028326400103,0.3022917910547684,0.5397601583334874,0.21083377973821754,0.2875053857126129,-0.009805104887212701,-0.536418595267218,-0.2657737502408323,-0.5687274195310607,-0.10452358427499073,0.2798442791707577,0.06905039613203376,-0.6094264265009879
2023-05-16,-0.1167109225290285,0.49068826101972857,0.11721512080502225,0.2906173167394653,0.5288808287741285,0.22961425995952772,0.3010779118055935,-0.008586727147444993,-0.499742881696811,-0.2621646017306298,-0.5584577048202778,-0.10343454892896442,0.2931364895270202,0.08695379827598666,-0.5932561801717823
2023-05-17,-0.10527699791038574,0.48909686256134377,0.1086681581196271,0.29096647390191893,0.5242265375506038,0.23824388271549687,0.27820982470673816,-0.010704854124664438,-0.5210288735129075,-0.2893065847954206,-0.5764415832906699,-0.12548093017731307,0.28043521477774164,0.06966835831129962,-0.6288225372895506
2023-05-18,-0.09533138123822649,0.5107060508412823,0.10182467106265417,0.28743755111960384,0.5261741088872178,0.24225410577929604,0.263685615703203,0.0008418060791609075,-0.5317197044449578,-0.2921541359876832,-0.5968491638821998,-0.11821529804662281,0.3194180252707937,0.10169684112424879,-0.6519006147150026
2023-05-19,-0.09609092321737267,0.5061801892824989,0.099384230947095,0.28184375975301246,0.52532470694455,0.25254329086636995,0.28509034357798413,-0.017167362398578564,-0.5090103599147527,-0.23641479441891244,-0.5899226609208488,-0.0900488369734993,0.30724110725190584,0.10547694302379942,-0.628755993980073
2023-05-22,-0.09834128436236783,0.5149438753363237,0.08749087536523834,0.2814747548225523,0.5175891370437229,0.1977802989284964,0.24468129072499648,-0.013021726403050124,-0.5366145709342012,-0.2644891322738433,-0.5975643799259651,-0.08895703316237355,0.30225310368569847,0.09855609044312977,-0.620737144005002
2023-05-23,-0.10066745028430968,0.5145026727794841,0.07964601599929559,0.28103355226571275,0.5263476730238345,0.23392848607969613,0.2705342179852624,-3.987784428278324e-05,-0.5438126202389151,-0.26542329565302875,-0.6158913286835561,-0.09085904446079912,0.29250947901294144,0.1141989671535966,-0.6095522552117373
2023-05-24,-0.10837132232230552,0.5025474768476299,0.09198083698663556,0.29765525300238843,0.5317790740685657,0.2386931415227055,0.282636463814827,-0.011687824170396814,-0.5467946139771599,-0.2446000781450577,-0.6130551347141148,-0.08762313092972045,0.3128035376133938,0.11338327579818916,-0.6335354217272967
2023-05-25,-0.08283710838753727,0.49437027939982237,0.09425320227936322,0.3009905808936541,0.5344913098503752,0.30526328866608193,0.309786775496082,-0.01089635562523687,-0.5337409469029972,-0.22651654103287233,-0.6201725723551385,-0.091430179759814,0.3924020169692958,0.0802539600693988,-0.6591458693236639
2023-05-26,-0.054344915498703635,0.4996433844041284,0.09979906678024857,0.3495405969729447,0.5569637736806311,0.31959516018540324,0.29844603689324634,0.00688307317510297,-0.5338127223678194,-0.202956020091363,-0.6236760737654022,-0.08285465628015426,0.40975701704707296,0.13288011226224344,-0.7288909381495465
2023-05-31,-0.06594270152523746,0.5022805578441857,0.10846029209612854,0.3540313858631485,0.5578842155993021,0.32500627168828927,0.3312362120130872,0.018140914705552243,-0.5362907353681473,-0.21554341488811743,-0.6333089432269615,-0.0927438222687314,0.40977288359775,0.13907113706233543,-0.6926855922006722
2023-06-01,-0.07455927753491556,0.510762521078606,0.11246799271682513,0.3279616408746754,0.5601721584435938,0.33178032814109065,0.32028094448934236,0.022148615326248844,-0.5530092006670447,-0.22740581831039042,-0.6323925720932069,-0.0957636025562901,0.3925595614408715,0.11954832328919231,-0.6414609017531194
2023-06-02,-0.06648771527624239,0.5384592077081918,0.1166614537774167,0.35004015196365673,0.5553376563407503,0.3255943673447862,0.3399153303110381,0.023246358694535105,-0.5656869455733543,-0.23746213756217388,-0.6502993858114785,-0.08928951239228143,0.3768344554128076,0.12108199576766447,-0.663065607174545
2023-06-05,-0.07947144085594716,0.538009223870797,0.10631035058601773,0.3309677763370172,0.5600027521664497,0.3196347061442372,0.32967731559644364,0.031235170501330838,-0.5502146055705014,-0.21204165906925865,-0.6611878700038353,-0.09668860704326421,0.3921413088826986,0.1558467569576309,-0.6577500211377277
2023-06-07,-0.07483541733989725,0.5568600046524822,0.10671184049418594,0.3214189779129236,0.5572451235525452,0.3044202412062701,0.29796229949147557,0.008838199879970254,-0.49522490332560054,-0.20941995652802284,-0.6525249785990759,-0.11604821960364489,0.38379337766468746,0.1722325481281682,-0.6311225922984449
2023-06-08,-0.07958834670000628,0.547876156908034,0.11296795022559762,0.3326379012918418,0.5735274007066092,0.26314896735827153,0.281207319071326,-0.019508422618999564,-0.490052052812582,-0.22558877040921305,-0.6660252299807328,-0.10623909959831901,0.3802370036886743,0.21363521360041482,-0.6096206641807189
2023-06-09,-0.07799694721882629,0.5669624986005508,0.09889590804148711,0.3290934862944624,0.5778209757498863,0.28065376526859953,0.280948798192092,-0.024118748780461677,-0.4842465114497974,-0.17553679137905037,-0.6642870851880323,-0.09992799853386741,0.4065142732586176,0.20229004980646204,-0.6015892537358222
2023-06-12,-0.06626899128884,0.5589103354104413,0.09980742296176559,0.32501752652998556,0.5586819600369555,0.2823917030943221,0.2821314691324365,-0.014890712353600496,-0.46286311939956165,-0.11495223915198799,-0.6576564165113717,-0.11798982348855873,0.4034828202840284,0.1741623784407241,-0.6208649882797965
2023-06-13,-0.048993676210343215,0.5633453692650826,0.08948077175114319,0.3652481571417041,0.563426472221116,0.3096619324181822,0.29102282712053684,-0.017050927887963807,-0.45242872827470737,-0.1287781334877217,-0.6404652330834839,-0.11929342315647334,0.42734374260039165,0.187440944869295,-0.5824232154076792
2023-06-14,-0.05531579536337239,0.5343705354359479,0.0931686824011079,0.35875752236182284,0.576942557931711,0.31118547542447805,0.2914775629198484,-0.0010594532260386758,-0.48124417773308653,-0.20794068325655257,-0.6427471666749747,-0.12193356601357032,0.4206834886739066,0.2022086305814602,-0.5585900979803797
2023-06-15,-0.054552721331753526,0.5447050191334774,0.10223680883050155,0.3514026634293818,0.6112500817282738,0.33828402081985304,0.30564258741027567,-0.010944264736368212,-0.49796415516885095,-0.2310869164480338,-0.655599428326305,-0.13311434585518006,0.43283632282776535,0.18993252837013141,-0.516118363565163
2023-06-16,-0.055281396000265354,0.5394296180120469,0.11935606251984103,0.3452532392883051,0.6154749852070766,0.3569029687143241,0.3029513597380875,-0.02124218042822884,-0.4881856081904854,-0.22923062196250343,-0.6529382404091048,-0.12626633664554718,0.4494045264654655,0.1745752216339646,-0.5067345482966299
2023-06-19,-0.06469025746159357,0.5481965409209478,0.09597219742004921,0.33719448151505704,0.6394724158036205,0.33639907556377047,0.2984004754337899,-0.024769186143231654,-0.45459528364662355,-0.22840028809223317,-0.6386848554132294,-0.1338274817692603,0.4405326562513612,0.17502666918997817,-0.49066647139354785
2023-06-21,-0.06914396639097116,0.5471792914992814,0.09979750776059071,0.33796762553859794,0.6138435491145111,0.3273924927854115,0.28487180114391164,-0.034407103655290046,-0.4630365111653407,-0.27904208306364087,-0.666562191163921,-0.14752961907294918,0.4336064205297717,0.18905310628889,-0.530079783964085
2023-06-26,-0.07290817184302448,0.5515758314046284,0.12254332838237009,0.37454519215709003,0.6121835937887036,0.2975975012585258,0.2823787463932752,-0.017429510046552972,-0.5016681806165827,-0.305929212111938,-0.6776863751498805,-0.12806185891120592,0.45310772943703215,0.18132383764418789,-0.5128960408783962
2023-06-27,-0.06630401270273936,0.5456700043334096,0.1278645331524792,0.37590612336932333,0.6356118074027889,0.2908850016810564,0.26855321701984525,-0.03342326911576765,-0.49032473866923715,-0.29494928449561925,-0.6599706274587118,-0.11520828153386728,0.449578927153357,0.2090231073594358,-0.4925511959726635
2023-06-28,-0.06563590306902922,0.5428476792437927,0.11542670205293123,0.37483661181121486,0.6443121962384096,0.26520463665059735,0.24122436325102814,-0.04954959039672252,-0.5238796159852703,-0.31743260368442083,-0.6814032366768136,-0.11665424961942285,0.46346798000525635,0.3143267999768915,-0.4728340938690558
2023-06-29,-0.0677733595928867,0.530283428933511,0.12942183510312485,0.36210798028502844,0.6307387259007623,0.27057460180264903,0.24273719344851255,-0.023510106934859498,-0.531053088187017,-0.30705426536219516,-0.6751890187622408,-0.11620523722040653,0.4878169301524975,0.31359260904142494,-0.48889243347020184
2023-06-30,-0.060970654050964634,0.5032563788952745,0.13100266391244492,0.3742708650357857,0.6422205849393926,0.28358407683364534,0.2500160247970502,-0.008970174516478427,-0.5198010152107158,-0.29658454282915686,-0.6637773782039642,-0.11739054021562675,0.5044487372965205,0.32567652483312587,-0.507167742137852
2023-07-03,-0.06569735825123268,0.49784967953930626,0.13526585130797908,0.40559235382712755,0.6404758686105766,0.29335393115419184,0.2625675827188153,-0.014608751820398988,-0.5141244257542466,-0.29288225627494247,-0.6704432487109078,-0.11629251847300642,0.5322037530433473,0.31844806863694397,-0.5011129741090107
2023-07-04,-0.058693583516095535,0.49454388461331317,0.13664392854711194,0.433772221364453,0.6613064421020992,0.29282969844928963,0.2291842916677967,-0.017914546746392035,-0.5008284979790333,-0.29618805120093555,-0.6512521242669413,-0.11959831339899946,0.5275892958366919,0.30805839422876014,-0.4990503535168589
2023-07-06,-0.07093531338958219,0.4846720690574949,0.13992866125458767,0.4428065953767169,0.6560177371833595,0.2583475344664331,0.22337499220825158,-0.0005118632851913857,-0.4875182997761023,-0.2734895939741856,-0.6232449811606429,-0.10776654486710802,0.5141312713717676,0.2882151905849627,-0.5152210852661783
2023-07-07,-0.06507411859114011,0.49513101214333943,0.13146990679456613,0.448667790175159,0.6519942133684904,0.2701083772564467,0.19337582295304387,-0.007554102686538104,-0.5120837670331247,-0.2800289727474971,-0.6387064704170857,-0.12593494381772014,0.5183995827131322,0.2593991592990237,-0.5261096562814025
2023-07-10,-0.0643891738072315,0.4865992997212789,0.14172434861668554,0.4442979893053799,0.6609231940225401,0.25298872474098116,0.18181575675732436,-0.0068691579026295,-0.5175968974747409,-0.2829154044794767,-0.6499457638611426,-0.13098876187488742,0.5089785610189008,0.2766791567686557,-0.5291853048984194
2023-07-11,-0.05804328702021275,0.4857218726608974,0.1318040861531669,0.4329998914393207,0.6544291064232701,0.2502229593650124,0.18141641107652592,-0.021539872586400943,-0.49217890432441447,-0.2886813948570276,-0.6377186052954535,-0.11728885590119197,0.5099167335057859,0.26057626111755516,-0.516295730327479
2023-07-12,-0.06004003589523374,0.48654958477891647,0.1280759430624902,0.4753326421633192,0.6392348730926419,0.2582595104497661,0.20760073372410937,-0.04273570051951253,-0.5098356953980532,-0.3593149324598847,-0.6531928260937305,-0.11543819874865935,0.4799949408517406,0.25505512850970985,-0.5030643064334346
2023-07-13,-0.05384330320479205,0.48070823502558385,0.1410145798088096,0.496383630932489,0.6545841935210022,0.3258854409165734,0.24029983752476475,-0.023161767401694545,-0.4662343868770409,-0.31975701360586206,-0.6283602160888705,-0.12127954850199196,0.5100562062072117,0.2810073104277884,-0.48869071518840534
2023-07-14,-0.05658491469504598,0.5122140669316837,0.14650233434655613,0.480115513588799,0.6270157958003466,0.3764091830576478,0.23300900784930517,-0.022563423143442382,-0.42773527290747987,-0.31164011020827237,-0.6227297238913155,-0.1135778003623166,0.5161311653593066,0.29549787189371907,-0.5048791683310789
2023-07-18,-0.06749461769959028,0.52702794656739,0.15713228757797165,0.4522648346923891,0.6443448647996595,0.47687571674485807,0.28750131070625107,0.0434393444081389,-0.40541581741155414,-0.2507356356085222,-0.5883746764813006,-0.125316541717518,0.5388569720403272,0.31559714665566896,-0.4625821114828474
2023-07-19,-0.0610032387204012,0.5028824571666912,0.15465503405920433,0.4634622533790893,0.6587413910362216,0.4982556624559652,0.26077929387560883,-0.009916229743776012,-0.4099555369197253,-0.219603195741009,-0.591863428031158,-0.12300029267413162,0.5506953585466193,0.32848482234068743,-0.4523154961767425
2023-07-20,-0.06727822991250818,0.5089053923611253,0.14731373235078338,0.452780003413067,0.6621942066884204,0.4628854271059546,0.2598271598641494,-0.02159254231629469,-0.44750789131554364,-0.2714675575828272,-0.6190568960168672,-0.1356379328891667,0.5277274044876965,0.3121444869267527,-0.4563024629338715
2023-07-21,-0.09279537390992956,0.4899665744876896,0.16417134906992667,0.48092586300258827,0.6606086484501696,0.43972370663337096,0.2333865208867575,-0.03621682887389169,-0.4247533580651485,-0.2039124277374285,-0.6071056420441721,-0.1376977153100871,0.5135708589950783,0.2751236122378208,-0.4805957702312423
2023-07-24,-0.09654397374576124,0.48979571199981203,0.1595059928950308,0.48229942904226825,0.6364559202152678,0.48571490579480986,0.24669039431797662,-0.031852493141833256,-0.4298682505878564,-0.22845956095142406,-0.6175647679853515,-0.13644688243454495,0.5375320932966978,0.2706747963314856,-0.46147520695448335
2023-07-25,-0.08667902977867056,0.5156985517386793,0.1407998097955261,0.4444720662572953,0.6364612532482513,0.45580450882356793,0.22355918958502768,-0.04604416017562159,-0.4436146812028972,-0.2302009355926452,-0.616932973345902,-0.15180135627012747,0.5441494439178934,0.2556447689142515,-0.4826617458636603
2023-07-26,-0.08985005126411587,0.5090417173336707,0.14291496304935378,0.43541393114089855,0.6224209624634702,0.46809786311917323,0.21201555554516183,-0.05306157777914888,-0.4417923574645011,-0.2592724583470819,-0.6230399256750137,-0.15254754553452168,0.5290459945403566,0.27697075493187406,-0.46666779364137606
2023-07-27,-0.08917199281949854,0.508829177148441,0.1518510547273688,0.4340109324790075,0.6194401792227195,0.42740341229081297,0.18956751562699725,-0.08087252319486246,-0.46651356017464124,-0.31256379941482637,-0.6442977832761438,-0.13029876569298515,0.5096793278838336,0.27059943964664296,-0.46368007751302426
2023-07-28,-0.09565281014960327,0.5361091505674567,0.14889117157699389,0.4547675791597847,0.6578875219499242,0.42706478209325593,0.2044475561001312,-0.08383240634523739,-0.46917455042209527,-0.3318358719236949,-0.6462089280898045,-0.14871932408247068,0.528541914853261,0.29308073256180395,-0.4611255556337666
2023-07-31,-0.09062033104236389,0.5188117873591964,0.14844813969001786,0.4475853018778126,0.6282932602366393,0.4010068086375777,0.18714161128684387,-0.10383967146749942,-0.47535225881536,-0.3310661728825604,-0.6324154887532161,-0.15154946316783213,0.5490030841891109,0.3207339417781455,-0.38865430327564726
2023-08-01,-0.091012390668866,0.5105097134788034,0.08069219430419684,0.42118680842847916,0.6080272922592254,0.4051784171028691,0.18924616190228927,-0.07450809299884922,-0.47293256725094385,-0.3299400629465849,-0.6394742249655129,-0.13702173204054474,0.5675451167014649,0.29875303898237304,-0.42178304011941653
2023-08-02,-0.08293625958113647,0.4980415514596091,0.08174422021810467,0.42518339752628914,0.6217874545286491,0.39110325589938344,0.21594490259931476,-0.0418720322793167,-0.449410290250126,-0.2894755703779491,-0.620759489981398,-0.13532887312106862,0.5563451357233945,0.33619798587719224,-0.4022302069848223
2023-08-04,-0.0925251588850605,0.48734095356084783,0.06673082050012184,0.42319580006170743,0.6313552633389867,0.3800841665972142,0.22288020908061285,-0.03890495106371701,-0.41447829085718363,-0.2815501652086328,-0.6021263309027383,-0.13965581140579603,0.5229528841993873,0.32266481628764454,-0.38540215661920385
2023-08-07,-0.09433358161940344,0.5010151757414254,0.0788484613913273,0.4829653926410685,0.6370468855563323,0.3961177274194981,0.2059253569893294,-0.05716682076280176,-0.4372661002596799,-0.29732012599242524,-0.6080248612416392,-0.14573430855654196,0.5141863362291497,0.31189089667909803,-0.3831002283491637
2023-08-08,-0.09812236733209602,0.48536053284580744,0.09419528476456161,0.4992182972162213,0.6293748426239463,0.38372169172176607,0.1907467842337664,-0.06419652739077884,-0.455667959640725,-0.2889408802083526,-0.6356883476914532,-0.15193792761844793,0.46120258829966315,0.33509331719289004,-0.3735203054098167
2023-08-09,-0.09414224798528754,0.5039061876323314,0.09972653487792381,0.48725480078423267,0.6280920193587131,0.41443223269876434,0.19924023694209553,-0.05444336589936176,-0.47241463474800954,-0.3376843391027975,-0.6353250160766396,-0.13252645175935426,0.4795553427986885,0.2984943377135955,-0.3791355657289248
2023-08-10,-0.08547065052652311,0.5180079423584477,0.08877485916280706,0.4472032148485278,0.6222263268911065,0.38974793483276987,0.17832290385995359,-0.06398345176962363,-0.45492883492239766,-0.32977445808579503,-0.6212232613505233,-0.13157301347935021,0.4792915046604181,0.29358972693450297,-0.38639121413430255
2023-08-14,-0.08208676177861163,0.5215002031417946,0.10448803035087734,0.4500777502575229,0.6089684373528218,0.37914171816048925,0.16327427295485147,-0.09499061721511146,-0.4366994040099325,-0.3117683994885099,-0.6152117436150897,-0.12195687364703764,0.47666682161005797,0.2891883832460693,-0.36777087550880355
2023-08-16,-0.08159915695751277,0.5036386651308078,0.1049756351719762,0.469199489595327,0.6025831913259488,0.3937738464964874,0.16164545935141303,-0.08469907160854649,-0.44426471187288336,-0.3345610266809618,-0.6180518353596266,-0.1259368739939343,0.4544566089061261,0.26739297942814305,-0.39311842651124873
2023-08-17,-0.08215578787442496,0.5040176667326267,0.098623815838506,0.46341990958083906,0.6154377198819452,0.403481095111667,0.15952197045920274,-0.08407266683052148,-0.42992029695873335,-0.34961207489473267,-0.6189640461107383,-0.13466449750631687,0.4476213542910785,0.2490683604035358,-0.4336729076992157
2023-08-18,-0.08316104803184424,0.49832491637001414,0.10155290213818821,0.42593517848195156,0.6100141672899979,0.3779037153172232,0.14421998960874147,-0.07584411347193695,-0.45723668343074214,-0.3649508228675489,-0.627486263170155,-0.13245110841275165,0.45498333399925217,0.23780155157348343,-0.45418605952997265
2023-08-21,-0.0868895848258637,0.5076162825631496,0.12257311281695175,0.4623493477013564,0.6168523788933284,0.36636500447619424,0.1311369916810186,-0.08561133338307293,-0.4668329141397264,-0.3697427636532639,-0.6388224502802498,-0.12794734413418873,0.447638067565793,0.24818239319533736,-0.4489928950959373
2023-08-22,-0.08288818841808554,0.5088152807596422,0.11184253776230843,0.5309246238872436,0.6168396859017333,0.38303200297873263,0.13427432114244559,-0.08414136489827856,-0.4440305242564867,-0.35313048711668305,-0.6365638039864476,-0.13136725485626277,0.4650844736887417,0.26288757476144353,-0.4405746825001455
2023-08-23,-0.0711978220049656,0.5095514398383607,0.10654400664286566,0.6176648874626623,0.6434927860868987,0.38025947388326164,0.13018396659771203,-0.08771327242961043,-0.479687982692381,-0.3896202622814317,-0.6690718292634567,-0.13232602792326642,0.4736080660633,0.25600982338898304,-0.45658526146737843
2023-08-24,-0.0613248794863199,0.5293815358692348,0.10530587750112988,0.6383970156674933,0.6400361951041849,0.4342235961937168,0.15685338110398953,-0.08011517118022532,-0.4657207551525861,-0.3737239735874499,-0.6830278632507448,-0.1276987072471461,0.5303428174565477,0.27961581736479074,-0.43561486357692014
2023-08-25,-0.0763602021897446,0.5772849645436213,0.12270588069041488,0.6684554177886056,0.6590635313473747,0.40005175071382365,0.13811761577313783,-0.09661674018777983,-0.4829377470326682,-0.40172563409768197,-0.6975266173623973,-0.12655924280119682,0.4740749905757549,0.29286722987832137,-0.459981581496681
2023-08-28,-0.07255871177710663,0.5968392014954371,0.12618520330404162,0.6138276734501841,0.6508602262657995,0.3786825454764324,0.15997012698391827,-0.08849082240057896,-0.4759316476424103,-0.40231127022469504,-0.6825377130832386,-0.13271827918091936,0.5132188393783551,0.28854016393732984,-0.44161032562536806
2023-08-29,-0.07401404220602455,0.5772490219069413,0.12441110479160292,0.6029360770424532,0.6504805260242459,0.4162293062743132,0.18428519176360175,-0.06181948690588787,-0.45012198157596894,-0.3675212152539511,-0.6580630004801288,-0.13962326150578297,0.4978141833188975,0.3067066193904864,-0.4374489183436806
2023-08-30,-0.07436226920394509,0.592534013569773,0.12679755509724278,0.6247464859270104,0.6528093159087272,0.41046084927095816,0.1744099227877256,-0.07231605646837302,-0.4112007205825357,-0.33225833097772006,-0.6434456197440275,-0.14091070512768072,0.5180151105991314,0.32611754236061063,-0.4229017503543008
2023-08-31,-0.08011672934714922,0.5808422436494838,0.14402207122049504,0.6246670011879398,0.6659568766248556,0.42369537078796016,0.17333339460867217,-0.062472522151066856,-0.4027054132145218,-0.30281815151731806,-0.6316263433241329,-0.13878041404133676,0.5248380487854571,0.3369821434648697,-0.4113946721330661
2023-09-01,-0.0825666942312776,0.5844438212266619,0.14539935114497166,0.6109338571230971,0.6685250972504877,0.4040204107001951,0.1788985500474169,-0.053709486772948234,-0.41010344131189724,-0.321757755542765,-0.6378364678739842,-0.07992609932034914,0.5188512166462185,0.3381450577171977,-0.3945098248251723
2023-09-04,-0.07493557337917282,0.5715567076541956,0.13373303284583984,0.629602747117036,0.6693901296686706,0.4117107576359161,0.19863923389118898,-0.04844690253433384,-0.38118208579650537,-0.3018570764014312,-0.6298376663747056,-0.08577202331018015,0.5221279052465904,0.33930013360493255,-0.36218729454576976
2023-09-06,-0.0753773220673865,0.570516503273721,0.15144932117576448,0.6530446893154125,0.6818519627096222,0.4175763229664136,0.20585151740027705,-0.03612616398179051,-0.36754144109312586,-0.265300676422481,-0.6092197240687475,-0.09253427527126162,0.5641656184117605,0.34567911587570005,-0.35627148050946716
2023-09-07,-0.08289318237535911,0.5818809465263929,0.16338159847906966,0.6488387742261809,0.6889880338866311,0.4112531403697781,0.2169955757648845,-0.04272027318212584,-0.3951680128214049,-0.30815093824562684,-0.6162220275676294,-0.07970019907252245,0.5265995375784353,0.31714232502237333,-0.3418072299747496
2023-09-08,-0.08584568304272597,0.567457291225361,0.1563641081756445,0.6527034027037546,0.7038187196128731,0.39469886035462276,0.21558562502608736,-0.04012223673332438,-0.39349298722494835,-0.3016177929293722,-0.6125292256824696,-0.07852385798714068,0.5083242070500281,0.14151868490868252,-0.30727461096669323
2023-09-11,-0.08275857429310524,0.5500375475994613,0.16503273454211273,0.6344299751023114,0.7094431507942934,0.3950456015941114,0.23225422591233938,-0.03145361036685616,-0.3780737860746073,-0.3003402561283085,-0.5951460878242685,-0.06276793131380767,0.4870421139802025,0.14974890417645584,-0.30306858147278715
2023-09-12,-0.07641224838200855,0.5590361671816751,0.1517211534161128,0.6414450855728211,0.7398429831355476,0.41675717985804517,0.26093522988761375,-0.03074829519486598,-0.39267781245312045,-0.30584624804452687,-0.6079629084539169,-0.07548309881947449,0.45732757153337567,0.10054916375142123,-0.29639363409684927
2023-09-13,-0.08247304474426201,0.5321881436949523,0.17042170506323534,0.6241288735153558,0.7553125396876866,0.3971262557661118,0.24882128343285637,-0.026723217002843528,-0.4359554903674254,-0.3303303744006396,-0.6238617111869391,-0.07035628927387544,0.441762598392453,0.1185753654601547,-0.28995220446578707
2023-09-14,-0.07395435063481627,0.5449647726711907,0.156881092344328,0.6260924936858205,0.7272368473162368,0.4080766742490831,0.24108899348461005,-0.026719616713989487,-0.46829730507255096,-0.3611917728465808,-0.6440616425781925,-0.072676387393252,0.4572307045631448,0.12325319890088825,-0.3073601202643623
2023-09-15,-0.06623549072538798,0.5425624954776679,0.1549098248333515,0.6558755169657939,0.7219779954141721,0.4252603018891244,0.2833410955563395,-0.0156633131461959,-0.4760013338973207,-0.3592157831278244,-0.6430186755632571,-0.07522316133571401,0.45920399019088076,0.12791507424316845,-0.3151159562307997
2023-09-19,-0.06623087826481099,0.5506731343973296,0.1538516568613596,0.6770256219257882,0.7330950493185528,0.45042398393919836,0.28153632511496984,-0.016363241748608814,-0.4986213226155224,-0.3570766395648193,-0.6559797827550032,-0.07722238427829112,0.4153141038359879,0.15780135635252662,-0.30850124491142283
2023-09-20,-0.06569868632154405,0.5611735949438811,0.15997570585850082,0.6299051059812756,0.6970440889528826,0.4296646625894581,0.24814436535015236,-0.032611423572702775,-0.5062763479639015,-0.3572817272168185,-0.6577341072277819,-0.07396788857985168,0.40526326767845855,0.15733640327376447,-0.34678105963463357
2023-09-21,-0.06748807704950271,0.5523745494861935,0.15879455026744793,0.6141179844249812,0.6838190695607114,0.4264576830918079,0.27287184224033656,-0.01933447650728375,-0.457896104724943,-0.3418905465462162,-0.6343393149184505,-0.07079930430586104,0.38145603616726415,0.15908854820004148,-0.37997178199517356
2023-09-22,-0.07872410921661767,0.5506715749575223,0.152225351634216,0.6505523650764299,0.6836946208955852,0.4275210697692922,0.28436419427272763,-0.030128509239490394,-0.4489394511194337,-0.3211440861241464,-0.6183034284006811,-0.07395470808087379,0.375809859284307,0.14887835540904676,-0.3828283497665523
2023-09-25,-0.07956425370120754,0.5485551584444692,0.16018266778280643,0.645271018501579,0.673964337044355,0.40704173167760055,0.28525604681975786,-0.03669931372563627,-0.4561730800238888,-0.3344491144291674,-0.6359239714431101,-0.07184217476173596,0.4156872066764954,0.14902960643710939,-0.40305643661325674
2023-09-26,-0.08029343322280304,0.5277148840114805,0.15641965583214812,0.6495721460125591,0.6687801419139859,0.40370230660111883,0.27346376180480036,-0.06314779360645446,-0.44408263412302507,-0.33676292212431724,-0.6397086656162897,-0.06745615681105746,0.3889198663938997,0.1597947151211875,-0.38907806818810237
2023-09-27,-0.07663436516964987,0.5301869542779368,0.14451110998090758,0.6539315670346927,0.6602239733319838,0.38729142530695326,0.2789351110717053,-0.0700029276064703,-0.4349918103943369,-0.34839131603866946,-0.637313798768514,-0.0724806480938178,0.387206957847939,0.14871766571513176,-0.4046883422101617
2023-10-11,-0.06345438319226938,0.5653157672015647,0.14514113748849677,0.67647375241002,0.6462553055034888,0.37235137030133725,0.30304761491244053,-0.10265956125085081,-0.43009968387007874,-0.3381190043160339,-0.6377347972205221,-0.05485926161251771,0.3521985324088846,0.16226021661948445,-0.403606161425007
2023-10-12,-0.061673278296214176,0.5647489656738186,0.1504116934288231,0.6772119106656922,0.646729560634179,0.36316382358519167,0.2803071256217067,-0.1070965341179452,-0.4539621561895129,-0.3677363402744271,-0.6523541398392205,-0.053835350111198,0.4017223692323864,0.15780295564721963,-0.4005167395299355
2023-10-13,-0.05365440732494763,0.5673280687555062,0.17663256416011563,0.7053865326706662,0.6604641809332373,0.3510584499519231,0.2848336013739211,-0.12849932420190935,-0.4481033321766197,-0.36464148122185885,-0.6410981236018397,-0.06440442510560895,0.36681602472245595,0.16551670695692228,-0.3990229004825568
2023-10-16,-0.06043023242580949,0.5708230607191875,0.16556013776007716,0.6974151722775379,0.6555010001569413,0.33186640324162997,0.27694312496144524,-0.13537346661480953,-0.46920815121968185,-0.39094243076223967,-0.6595618319837248,-0.06695611151600361,0.3596392946948271,0.1451785346497566,-0.4151256757328573
2023-10-17,-0.048899323887940827,0.5714051009184484,0.18967260144119014,0.710148032030794,0.6576868143824662,0.3445332723351971,0.28735803358733636,-0.12987736483695075,-0.4632479310349019,-0.3871639495607047,-0.6545549171551711,-0.03564724497182595,0.350323416837709,0.167472224007867,-0.39827433210631974
2023-10-18,-0.056874915637080116,0.5835950663079893,0.21571962157854557,0.7065129434489139,0.6746730697572088,0.3169016406979725,0.2797845524426183,-0.12260146102600765,-0.47514725930665846,-0.3456216295267855,-0.6534638529034854,-0.007731275693874634,0.33894390306767724,0.1684311134047378,-0.3998548025627026
2023-10-19,-0.04654392555124452,0.582876367326411,0.19648198123467778,0.7466653036656246,0.6834781446906167,0.31618294171639416,0.2466086626733803,-0.12332016000758596,-0.47586595828823675,-0.31481774175143884,-0.6475085253765014,-0.02273601410766824,0.3042658755911808,0.16684306436135088,-0.4122891889645963
2023-10-20,-0.02766420095266632,0.6049293999026312,0.1972122035574073,0.7637510136828337,0.7107103334709364,0.3231437602429112,0.23489063224096443,-0.12752826656474034,-0.4984128275905595,-0.3445775977954477,-0.6828995748846317,-0.03212858363575244,0.29372977160032643,0.1482574790414811,-0.4107175646566983
2023-10-23,-0.03789857958691495,0.586533132276432,0.20411292904116107,0.7327255965259701,0.7099108662432004,0.31907857852501015,0.23598195442821968,-0.11594365872221978,-0.5135439710336127,-0.40242827685229615,-0.6910487482914621,-0.026375277151628265,0.2746356396611145,0.14014608902524933,-0.42038324725905574
2023-10-24,-0.04148564762826961,0.5742124540710218,0.20987162997304812,0.7339637118691243,0.7125350395645131,0.3059826513324842,0.23660538285940483,-0.13048152280495062,-0.4964086118293898,-0.40989447976696464,-0.6887913152772607,-0.028501223899032424,0.2971309447802524,0.11831011714952619,-0.4550910525571662
2023-10-25,-0.044493419344104085,0.5712046823551874,0.19281216488845992,0.7176305151121265,0.7141604616911958,0.30297487961664976,0.23359761114357036,-0.15575742840905632,-0.4990628509966674,-0.3903924182149623,-0.6698960308736907,-0.0388350176229854,0.30998586599924166,0.12629160132844142,-0.43647303012217864
2023-10-26,-0.05109625690556718,0.5710896613017223,0.21510264920420302,0.7055099390004762,0.7224570674809292,0.26825995898004934,0.21263348986610053,-0.153645056569028,-0.48892905457806596,-0.32613981442587003,-0.6500336296245469,-0.040553420409511404,0.2874316106455172,0.1086548092658917,-0.4711103712006556
2023-10-27,-0.05111664082109104,0.5806138892727571,0.19713821780235719,0.6737028031137685,0.7140006949459745,0.2509664679521059,0.2283137921745817,-0.16892518418722127,-0.47751153652192513,-0.30535325744087305,-0.6436265201116388,-0.03537803147372346,0.18907723951735694,0.10628901396389626,-0.4843776726153318
2023-10-30,-0.05392829100492748,0.5663763444722719,0.20095531423343047,0.6995394754114883,0.7223985109394596,0.23977645876705989,0.22093549927018846,-0.1793675034606322,-0.4073732415063401,-0.27640427840569426,-0.6344759007068111,-0.0363115714099385,0.1676388757417472,0.08344983107629662,-0.3965076072880457
2023-10-31,-0.05035106248186092,0.5889125004219857,0.20543682895158583,0.6676874914161787,0.7378034957324922,0.23167724317490723,0.24726214176689193,-0.16378613046929474,-0.39195317072581404,-0.2637431387872023,-0.6297129047638432,-0.03304059100243285,0.16448938046813788,0.07666602285116107,-0.38306382456681043
2023-11-01,-0.054570755216639046,0.5953567568197234,0.2125878278035853,0.6666695968395319,0.7323941769603143,0.2397843568222406,0.2617415187211337,-0.15353509085258457,-0.40144940449915467,-0.2685189069778311,-0.6365300709432983,-0.01027452286189607,0.17220414800792114,0.09467800734177705,-0.3629499086034189
2023-11-02,-0.041317890005923535,0.5862725224271673,0.2091804356793856,0.68685700456751,0.7286437413870962,0.2616851939959341,0.2520645658399265,-0.17043980381572887,-0.4245304480252804,-0.29258108358173585,-0.6654017399306632,-0.01646625360435406,0.19109515154582674,0.12578739761534186,-0.36363637582547725
2023-11-06,-0.048046155297047546,0.5861993452676071,0.2006326294564409,0.7112190321378414,0.7349330686759435,0.2690867080858986,0.2626866804835244,-0.1881478124233417,-0.4140784594819394,-0.27693034086890944,-0.6553392620251232,-0.0065082257714429645,0.2486487988360238,0.17023490597805094,-0.36058077618698536
2023-11-07,-0.041131382559292565,0.5755893872428943,0.19849730049511266,0.700654901530381,0.7313239062617488,0.23805689916694356,0.24138143065565354,-0.2140815841724334,-0.40405455974927024,-0.27310654288910335,-0.6520661927326568,-0.008643554732771189,0.19069918362794197,0.1558556287743939,-0.3644275044750922
2023-11-08,-0.04267473106105066,0.5722458055756511,0.19051330609839268,0.7045403920345042,0.7250259342319527,0.2412068952758323,0.23156528699008158,-0.218472779402944,-0.41861675459560466,-0.2902560144958404,-0.6640772869296063,-0.026191887036194177,0.2403606378639098,0.14611918122994624,-0.34639375963602914
2023-11-09,-0.04116585867152541,0.5762041665249822,0.19022541006000243,0.7102369037288111,0.7173141289871481,0.24091899923744203,0.2160099452816156,-0.22718182526633407,-0.42961673592497435,-0.30172771701779433,-0.6753062200259758,-0.020773553557676634,0.24847727396163144,0.14497612058569048,-0.36884976930781166
2023-11-10,-0.037397763674203215,0.5757260045345829,0.1939935050573246,0.6910710520253548,0.7314605235534375,0.22177287081925257,0.22197351663078535,-0.24154751686814857,-0.4274337479056477,-0.3149732708261622,-0.6726389157717324,-0.014164507928896938,0.24987124882850414,0.12973714856589907,-0.3682512956755917
2023-11-13,-0.021918084617435885,0.6080543716069585,0.17530339673218143,0.7386814712673299,0.7411085790341402,0.24500463639733777,0.22353428254375574,-0.22224278901511024,-0.4361436697198542,-0.3021624634312358,-0.6699414273225759,-0.024928605556166106,0.21933072967271294,0.1626615288496172,-0.34993922359413066
2023-11-14,-0.02469629219323942,0.6116564589769607,0.18938051653783283,0.7490364715328955,0.7307750304218542,0.22105856929058243,0.21900624192316231,-0.23411980107431976,-0.4362428111229249,-0.3025034544552716,-0.6647238185412524,-0.02379071210629434,0.2361386178345653,0.1510010963851789,-0.3708121491884261
2023-11-15,-0.021601730561714473,0.6191799644637387,0.1814609625163403,0.6876154014373342,0.7124184672484021,0.21829749694596529,0.2279490972915308,-0.23303143306966462,-0.44466490417359794,-0.32763469460891287,-0.6772410358575564,-0.01672683953009299,0.28752179764670843,0.19655423493709934,-0.3529303095612115
2023-11-16,-0.02063775025593001,0.6087394625210419,0.17439096902185044,0.6899050671054401,0.7157854829058719,0.21905610974424836,0.23813512321917377,-0.22928613202667306,-0.4506012049263849,-0.348134158496448,-0.6851159206885812,-0.010923483695058522,0.25752666108598266,0.2141416318594717,-0.3254078376755343
2023-11-17,-0.027993937630087687,0.6105342789392114,0.16757481724248258,0.6983400392388386,0.7222840436454245,0.24233811207133477,0.2296288682695657,-0.23458728834434964,-0.44431713545523666,-0.34080297046006525,-0.6873130937444227,-0.0172499389202678,0.2508710314660973,0.2243284367841154,-0.2623127382913618
2023-11-20,-0.03326800306380092,0.5984217071558426,0.15818410941405064,0.674469193177779,0.7164069307624462,0.24851926461166984,0.2379438652506426,-0.22744797313888,-0.4535179401792291,-0.3300447629836641,-0.6841563849757628,-0.014583259821006625,0.2251348945429657,0.2429107838653241,-0.25184571180182813
2023-11-21,-0.03141029987989858,0.6104157235062126,0.14627259862854397,0.6577324990077635,0.7044954199769395,0.28836969188887135,0.2405704874099896,-0.22708940211239823,-0.4651137939555768,-0.2947755011492674,-0.7080181473366254,-0.02512057602088698,0.24561878720854413,0.25302736142193666,-0.24275136659582872
2023-11-22,-0.03904941841028853,0.6126010070408935,0.16170499341151473,0.6504722829617452,0.7293176334018965,0.3092275191743067,0.22375904443859795,-0.23735312891348237,-0.46945169538211423,-0.27619529187611813,-0.70736757493302,-0.018990480581867822,0.23301345401097606,0.25989587489962523,-0.261515110248713
2023-11-27,-0.042583481827940216,0.6173553300237808,0.1796790775110476,0.6505609301287181,0.729336592253032,0.3028589521285627,0.23666664607814497,-0.24203372818208918,-0.4568434264298513,-0.24550169990873372,-0.6930817792318752,-0.015870172272634313,0.20950313566604356,0.26680571737525105,-0.24618157318333345
2023-11-28,-0.042158409983213394,0.601555463535319,0.17702975624064715,0.6656009334171117,0.7305283471083674,0.3239230984384162,0.2496376050016425,-0.23739620347510154,-0.47126112219722316,-0.2757550893993742,-0.696055990109046,-0.00824852747286399,0.19838505465564238,0.2628986343181068,-0.25527918227374163
2023-11-29,-0.0455880110028994,0.6117480330755289,0.19791528991426793,0.644446781245557,0.7402682015914426,0.3512219653885273,0.2721434612453164,-0.22590681164231474,-0.47359939399617046,-0.2761160075002904,-0.6911583538205874,-0.009937321769642196,0.19768319915610427,0.2558189882872377,-0.25357093116690776
2023-11-30,-0.044011833962935114,0.6159543670060318,0.19427844435507832,0.6578627055042735,0.736631356032253,0.35894878393236707,0.2564825253524431,-0.23358001213212776,-0.485064121845149,-0.2757802772956967,-0.7169202257974552,-0.0121999727432055,0.19051712055952144,0.27392601189811827,-0.24128275647561176
2023-12-01,-0.04080993890119061,0.6156962817618663,0.22045365272600032,0.657604620260108,0.7916360184319748,0.3530250081575681,0.2622546530547059,-0.21778959726824795,-0.48532220708931445,-0.2866674257979628,-0.7171783110416206,-0.0235075956548485,0.19589994278182576,0.2669457509884162,-0.24689568537331485
2023-12-04,-0.04851511483154142,0.632168299236247,0.225759837805442,0.6753393909286323,0.8334258399269432,0.3596585256629148,0.2672223874657836,-0.19711681901682965,-0.49919880427590274,-0.256305109879679,-0.7150924646313652,-0.01424119037153751,0.15155905182227467,0.27815552952634304,-0.26763822554406685
2023-12-05,-0.050128543086520636,0.6336944614777513,0.24404288824574397,0.6675687992461856,0.8245101914979723,0.3334717043811687,0.2805544117129206,-0.17241281121215718,-0.5156576865379534,-0.30648289386948474,-0.7414974870465192,-0.028333525034462223,0.10839875726910214,0.2849085553382552,-0.29455324771093416
2023-12-06,-0.052014512780638636,0.6279399821866232,0.2464213478434661,0.7057825270827803,0.8661651807562494,0.3228009313237706,0.2647101139076649,-0.20342702879152147,-0.5329470227602009,-0.2961042751897299,-0.7456929729620062,-0.02322163926943832,0.12624267290389035,0.27347692962180875,-0.30664458032976616
2023-12-07,-0.05432341124955389,0.6131032142657162,0.23398693472860974,0.6988879534984511,0.841652936850111,0.31867163663710507,0.2613789248929057,-0.19869366287912815,-0.537570878595813,-0.2900174450032853,-0.7340469986497652,-0.021281495919859478,0.1229169606773004,0.27465134904618804,-0.31753834546268633
2023-12-08,-0.05335397044778899,0.6304690341164829,0.2785578430529979,0.6667472606717749,0.840728108418127,0.34758788148282704,0.2673786434281131,-0.19496254567320573,-0.5084082983522763,-0.24083714551621016,-0.7162956824972758,-0.012086917027913577,0.13679655506469882,0.28414316140300677,-0.3025123286699801
2023-12-11,-0.04833482543967116,0.6400114633101518,0.2888540384562126,0.6635720031577954,0.8476997794372022,0.3654726747521743,0.2753550003998987,-0.19207021753018672,-0.4953694746023838,-0.2453743433066332,-0.7409465019462792,-0.008566191554178149,0.13317491631500666,0.29160159070544145,-0.29152205438954787
2023-12-12,-0.04324250684735571,0.6266429149164098,0.3500148428849977,0.6936563442758952,0.8709746005115496,0.3523209892758323,0.2555204212265417,-0.18907975797675375,-0.5041995015094348,-0.24381056282586316,-0.733666189787611,-0.003592546295634602,0.16071708342741653,0.3262784968654603,-0.251185481134554
2023-12-13,-0.046021994222041444,0.6294483972465931,0.37904413406858184,0.7336631104068936,0.8674420811379088,0.356938623673261,0.2625044680948351,-0.20472660021335226,-0.512610388306774,-0.2642265029250519,-0.7542212451391954,-0.014210133002311928,0.19217711511416957,0.35658100073841315,-0.2635228193684901
2023-12-14,-0.04266933933545666,0.6455272587563591,0.4638661936383901,0.7668979393349361,0.8766590978966997,0.3660315594117606,0.2599846163772356,-0.215214680104169,-0.522091283158219,-0.2869579089851123,-0.7647093250300121,-0.020585686755963353,0.20163806764285977,0.37585971875353663,-0.2620483255433076
2023-12-15,-0.038703199336767496,0.6254478994491474,0.4892706155736041,0.716397433424444,0.863213763218963,0.3731322379554371,0.2607914365388938,-0.22130403427143033,-0.5344021926217446,-0.29298420836158234,-0.7740290392345007,-0.019028810826596076,0.24885823747346036,0.42330948151452363,-0.2496300528139329
2023-12-18,-0.03746672142687495,0.6304939380808077,0.4639273789596191,0.6763437145613823,0.8330996787804994,0.3408460385730396,0.25805968918308786,-0.25822481517106916,-0.5430549684339415,-0.2970669781337048,-0.7857263998768291,-0.023264267883602724,0.24864609874774762,0.4278448180782196,-0.22693446018506047
2023-12-19,-0.03318164204236994,0.6347790174653126,0.46145574308818177,0.6664776737538958,0.815490808483265,0.3365718909644664,0.2341170730820742,-0.24781719342783565,-0.5380846137981992,-0.2843728715228738,-0.783810809031354,-0.012143851500692512,0.2766333434059424,0.4413686144272941,-0.23288359918776796
2023-12-20,-0.036512830735589835,0.6314478287720928,0.4410301750585564,0.6772976052526674,0.8030031130860706,0.32460749097442326,0.23486755262666736,-0.24708759848743467,-0.5572947679940135,-0.295668748688396,-0.8014793329069019,0.0034189534721084935,0.27971649199046283,0.44040792238118803,-0.21520690643392984
2023-12-21,-0.0450824400900444,0.6251750492906688,0.4427755123749359,0.6587994668573381,0.7896346714765562,0.3639013445116253,0.23598554031123264,-0.23281065314256194,-0.5475818816834671,-0.29670787425743655,-0.7974837372485496,0.011288765877578238,0.2772139783084272,0.41189968198923993,-0.2294842884061386
2023-12-22,-0.03946485819150805,0.6336372339035271,0.436299088157905,0.6581844680932388,0.7932955895126939,0.33829136082336336,0.2206294940701619,-0.2408536753810644,-0.5610380321214965,-0.32690611893231003,-0.8089636004132157,0.020207199423872876,0.27084754237046405,0.4285902032971906,-0.20405643728591794
2023-12-27,-0.03712046991975855,0.6333132070727443,0.3975791259320175,0.6751510082521468,0.794880318601007,0.33326158576742904,0.22283703862315649,-0.2576920456475025,-0.5455334314447761,-0.2838678466558796,-0.8056606667939276,0.03520015300853527,0.3029997376953272,0.43756437534769654,-0.16112683811190853
2023-12-28,-0.03648681818473938,0.6471293484132584,0.3860171062776973,0.664718127364763,0.7843987651522902,0.31806297525511595,0.21375084862424426,-0.2597505998698319,-0.5244566035032069,-0.28492193365329355,-0.7763910576241843,0.04053578729930633,0.2990135706781761,0.43269957311459656,-0.15704567045262927
2024-01-04,-0.032482229065050786,0.6516244560959866,0.3828705137397492,0.6604664103955058,0.7904586938958011,0.28572544050419774,0.16365737506156214,-0.26022342769912343,-0.5566007931120933,-0.3006321703155407,-0.797633594480663,0.035877715782568625,0.26228102986869384,0.39340415792438055,-0.1723101765020973
2024-01-05,-0.0376626830372678,0.6494196399222671,0.3696848802272156,0.6597966213500376,0.7825366995685479,0.2597286681023574,0.14792968805631435,-0.26464361045051166,-0.5678697126962812,-0.3130434033262858,-0.8106902970316049,0.03761771151318741,0.2602952125207043,0.37908082051017156,-0.1744032088185869
2024-01-09,-0.030412702443433887,0.6554974629606607,0.3679635300524868,0.6680228825582943,0.7818412229661817,0.2711197299767941,0.15670641159500714,-0.25437958590752,-0.5707821636292805,-0.28610113295694806,-0.7995229506529422,0.015924632130783226,0.31765097920787644,0.4043752934845326,-0.1395577753200299
2024-01-10,-0.029839616884398137,0.6594893046836229,0.3872228219610394,0.6683539404568297,0.7970377382762237,0.2751115716997563,0.1584833967727348,-0.27295273087561656,-0.5734064987674324,-0.289346937588052,-0.8084846057984446,0.005081234131288165,0.34174962757031535,0.4002674704791469,-0.14385615113034045
2024-01-11,-0.030973127258541636,0.6470004862129032,0.3596810703712445,0.616233293803659,0.7756310886017084,0.25817534919415397,0.16495668061356497,-0.2795818935787527,-0.562845181590288,-0.3011897095123047,-0.7898400488025267,-0.004920437379426532,0.33546493565958224,0.3845929096844364,-0.16055252813648674
2024-01-12,-0.032538377557804476,0.6528301743465742,0.3459092813188239,0.5868342753486963,0.7901519685889993,0.25063904529806147,0.17118645393616694,-0.2829394968140853,-0.5718193274982795,-0.31308884959993005,-0.8033910883793726,-0.00443410327431408,0.3391745669866296,0.38512988687482186,-0.15512433419489857
2024-01-15,-0.031058616486283053,0.6469149969851619,0.35571212009857484,0.6122941135068304,0.7965694739046782,0.2518396947765358,0.14717155578562036,-0.2703553732082982,-0.557943146979764,-0.26487263914947096,-0.8092187576997032,0.004511298179471143,0.35536661534729086,0.375254384315642,-0.16803850508631715
2024-01-17,-0.018609298088306095,0.6536496982837028,0.3664388108711268,0.6050486915317539,0.8031895761403391,0.24072457986109136,0.13527275380443582,-0.27922696994528745,-0.583312969380935,-0.2633005665106072,-0.8237091212476972,-0.007046921911406295,0.3186838503092075,0.4017915323535712,-0.1585858247545972
2024-01-18,-0.010471444812830813,0.6656846747008457,0.35499591081392007,0.6330803917271162,0.8183734330351891,0.22737734381606378,0.12223891536069072,-0.28619531866068926,-0.5689403042318517,-0.2555892436920302,-0.834290617458131,-0.0010745018287322133,0.32549067935028086,0.3982800307663426,-0.18390280979689572
2024-01-19,0.0261556084059949,0.6706986427589074,0.34415135227422367,0.6269605692822113,0.805746399152163,0.2779882789043022,0.11907470299394313,-0.2843690326912527,-0.5697561053603029,-0.22938347061750908,-0.8616409523532221,0.013918626107570498,0.3412251475615736,0.41481608147066695,-0.1952436593775011
2024-01-22,0.01862921789730279,0.6895391652905271,0.35155059100868397,0.6532946915952512,0.8035180122511933,0.30239498911050056,0.1272260977805904,-0.2757660292044963,-0.6001118002952948,-0.2423743572654423,-0.92632576054119,0.011732506566868278,0.32311528096086556,0.4286627845784532,-0.17304925363568668
2024-01-23,0.018485315187735663,0.6862054131405948,0.4092771024677836,0.6258923856975933,0.7935573010000281,0.2961999835398861,0.1349421926837758,-0.2642111819429162,-0.6077601382900042,-0.2525809688105225,-0.9196665732816458,0.00972964993108924,0.32639371005950646,0.44234547688909576,-0.17493015647493762
2024-01-24,0.016822228679804874,0.6824115995597139,0.3916325692210577,0.6258230027712831,0.7974693839722646,0.2670587533193677,0.12604273573041289,-0.2741815753604653,-0.6450710583526397,-0.2915584890482241,-0.9112493764446417,-0.00642604830262597,0.3044504808659563,0.44768489670767264,-0.16120063944499174
2024-01-25,0.03339631233134227,0.6974850011415739,0.4159809631808542,0.6199725275774097,0.7917252188331798,0.2947771246352743,0.1145305924272024,-0.27628662343361354,-0.6039511522276847,-0.2675648444196955,-0.8932809946056921,-0.012143553836352877,0.29966787743073564,0.43671371305222795,-0.16418589049841242
2024-01-26,0.03692847292932047,0.6979066866789304,0.41296045665357184,0.6288738608840899,0.7666934676172367,0.27214295200350247,0.11717691855720139,-0.28581520842788544,-0.6472391713438592,-0.371063002358105,-0.9066907990907297,-0.021213396705970777,0.24522592105144345,0.4544339414317088,-0.15443733843958293
2024-01-29,0.03622009045560584,0.6910063278568546,0.436622675200674,0.6327715833576559,0.7692462702619671,0.30244297486545413,0.12352188314009077,-0.27782696783844896,-0.6821479718159887,-0.42912147074423357,-0.940410047590948,-0.014581799335383783,0.2642427388009819,0.4114066099636463,-0.2881166526058401
2024-01-30,0.031619721322327154,0.6883824288918479,0.4346132746995479,0.6398574981401545,0.7699077857405403,0.30714505714115825,0.12382825199815661,-0.2536120378807532,-0.7002605413398822,-0.46134841385382674,-0.9691655323203091,-0.011224603156384766,0.27713463078435363,0.42950704717205557,-0.27907121993531503
2024-01-31,0.017648124658343145,0.6964589419822839,0.42228088526227514,0.6479340112305905,0.7752818380949152,0.30392202000357166,0.1319047650885926,-0.2749493829635478,-0.7322941211295139,-0.41634287537809356,-0.9987724080785604,-0.02491752914561607,0.2616312838181977,0.4424117675257496,-0.29220341586134624
2024-02-01,0.013266972512195108,0.6697719662309161,0.4178997331161271,0.6279555466735844,0.7586471747842114,0.3080274557783909,0.12531859432130915,-0.27933053510969585,-0.7282587718997617,-0.4099596234520508,-1.0046909443832817,-0.016995098949051796,0.26029429907349,0.38993241776560933,-0.29286360897819186
2024-02-02,0.019254571417026023,0.6380065747586418,0.41965195482756823,0.6167941279920044,0.7369750491946818,0.3169164567754813,0.12462668048755696,-0.264722753353669,-0.7734062574933775,-0.4454939688174402,-1.0586551982429053,-0.0005858622651297718,0.230174124212602,0.3939534656099609,-0.2914822089205906
2024-02-05,0.0344299690993182,0.6398609630374608,0.4244556006826458,0.6147949778074353,0.7349758990101127,0.2952814505221642,0.11379745627593513,-0.28146417320358835,-0.8137817431991474,-0.4256582180068908,-1.1171477879802365,-0.014625561917344376,0.199446408195104,0.3922671940655405,-0.31116460175933536
2024-02-19,0.02554910618208578,0.6310017676134831,0.3925658807835588,0.5873739779051419,0.7361451455629069,0.34983769984405244,0.1231693473575404,-0.26357934423622154,-0.7946786990279406,-0.41703904278970627,-1.0232541608221426,-0.002515827969706591,0.1850025808171166,0.37322741708536245,-0.32503233627743877
2024-02-21,0.020883346749985265,0.638751224492739,0.4069638388657387,0.5914803526905632,0.7416150173307637,0.34868094841901737,0.12071848195946078,-0.2643870310293981,-0.7827291685853659,-0.4245634066997179,-1.0479267497555762,-0.002510862445527423,0.1903326916379775,0.3686323047240291,-0.297978245865674
2024-02-22,0.027502595189824064,0.6365930743073334,0.3975593981314154,0.6483986559754289,0.7511044470009602,0.3366344786588119,0.09806871782017237,-0.2836924822549603,-0.7649568094014488,-0.42095057663299085,-1.0609875162890448,-0.010546147656862737,0.1984395036403466,0.3715881719809927,-0.33125010861441384
2024-02-26,0.02582488114652115,0.633481781028935,0.397787087029522,0.5877565616463027,0.7261642716566956,0.375195784356434,0.0926975200169789,-0.2827634221015683,-0.7700597490947267,-0.4348170963853546,-1.0788773431709404,-0.01503024311129153,0.1987939356173956,0.36001326069337286,-0.33412879647707894
2024-02-27,0.030779099163342233,0.6133899918189709,0.4027413050463431,0.5927107796631238,0.7172294347560967,0.28942122348181,0.048974701253541975,-0.30851783451228965,-0.7256240294831483,-0.3803342623833811,-1.0482021899803309,-0.00870322291844014,0.16936467290985577,0.36920830670143945,-0.3291745784602578
2024-02-29,0.01330995407549282,0.6146684936395304,0.43602044205166723,0.5789171840829108,0.7042701413664065,0.2862690175795852,0.047772377285598355,-0.309275530718208,-0.6902019988883229,-0.34206969688070843,-1.006575414560644,-0.011916660121226663,0.13866328903149663,0.3580086808127423,-0.35258596670491094
2024-03-04,0.04492142499861421,0.6203954439746782,0.47883317684303395,0.6297077477402088,0.7306578954659371,0.2808971166198751,0.021301866676805448,-0.32962713820496164,-0.6655417956115965,-0.26603883693533675,-1.0258944714522813,-0.011005672843168779,0.12622308940498222,0.40268400354637335,-0.35417683963550545
2024-03-05,0.04757581015883691,0.637156789711049,0.4984252965419014,0.6399672707047557,0.7329883453860133,0.2627315687767021,0.021856712963691044,-0.34006316135887715,-0.5744174200163908,-0.2790328060031658,-1.030112863363527,-0.031375116223841176,0.15708601810610465,0.412875873186509,-0.31835854505913164
2024-03-06,0.04861432204160085,0.6620360667203009,0.5043338072964432,0.7187925739077541,0.7324091690596137,0.23421571573028782,-0.0031621736670230383,-0.35735112422005266,-0.64066675881961,-0.3099737920966466,-1.0529530183217806,-0.04807693603892896,0.14326852696974568,0.38417521953833417,-0.37935913194394855
2024-03-07,0.07215886195130711,0.7449992359284678,0.4885994418225334,0.803341326750983,0.743071958667382,0.21565409334545282,-0.025275753358040748,-0.38101865683740777,-0.6980798394437324,-0.34652321657552443,-1.0889937286093325,-0.06762886213447128,0.09192891626342564,0.44405726756170666,-0.35846279182426066
2024-03-08,0.098598917850586,0.7155795203115389,0.48686858200165534,0.7503297212094595,0.7447625222313743,0.21678404087752773,-0.015291956701547232,-0.3521231505150215,-0.6514191008290073,-0.2558637066908771,-1.055297125164144,-0.05715887508699907,0.10209127835061543,0.4655132830900977,-0.3269302657150787
2024-03-11,0.0783706489461174,0.6834869129754869,0.4810822823389149,0.725929387201607,0.7208537669928448,0.2397546948763266,-0.007462428461494031,-0.33682928248507393,-0.6598689997411876,-0.26366345106506883,-1.0547285494220393,-0.06651482092217659,0.07140993363124515,0.43498277521715967,-0.3716390162883195
2024-03-12,0.07406979574442371,0.6964506575371966,0.5005607903126928,0.730213633757492,0.7191067028425072,0.25810264410796,-0.009768576967450038,-0.36173128048137637,-0.6651997627841808,-0.2693025012793211,-1.0630219325630446,-0.0636692702920583,0.059535805905126166,0.3882901004100652,-0.36179111435533634
2024-03-13,0.08498970155154945,0.7020791479930385,0.5688530285802227,0.7203385579714102,0.720980108420032,0.23236585630862822,-0.039597453175173436,-0.38227581967615537,-0.672873960086712,-0.2762023441025474,-1.0637226309910535,-0.053515330678153894,0.03744458437116788,0.4017949453852142,-0.35405663592874004
2024-03-14,0.09091573998531907,0.6728050927852561,0.5549578746688445,0.6823033676283501,0.6984146691614738,0.23189377207642944,-0.025399395924022905,-0.38697634650048574,-0.6952783892686686,-0.28997675027340386,-1.0801164571009865,-0.051291873221369355,0.028164545933923896,0.37300938672741246,-0.3999757641384706
2024-03-15,0.06346533452149805,0.6791839904090644,0.5945196552146712,0.7235006733832574,0.7204647020244535,0.21331111095052802,-0.032114328932070724,-0.39874898679637416,-0.6820271475110764,-0.2727600848532728,-1.057394882134981,-0.06568506516990177,0.052885432493834095,0.3356908623632983,-0.3982477293879222
2024-03-18,0.07264989422065724,0.7013642304156111,0.6232574141214962,0.7455633493006433,0.7104879818218994,0.28694862771562,0.00149939775335714,-0.3466330847041347,-0.664846581092905,-0.25565582725659897,-1.0516042366290532,-0.0687701545155083,0.09073652958573356,0.3190166595268139,-0.410800941450125
2024-03-19,0.07116860886963891,0.7150830303893726,0.6167734918094074,0.7285209640281802,0.82010861459624,0.31707614476273027,0.005006218747805796,-0.3323148847211974,-0.6809029603662867,-0.280029417334143,-1.0552891869138714,-0.06763014066213605,0.049010725471813205,0.31341396775672203,-0.4080205001397832
2024-03-21,0.08415320772403517,0.7164594535099861,0.6062103722906205,0.717038980516593,0.8017010183130228,0.3139898216575334,-0.01809074746963102,-0.36772644762798246,-0.7016442703928327,-0.3067503207605011,-1.0736237086412064,-0.05763916972205638,0.03395294356415568,0.3111915766777885,-0.4252009449161084
2024-03-22,0.08397621591365254,0.7087384113502069,0.5920199074606297,0.7247618788207308,0.7537295618126963,0.3125383426035985,-0.02427032721779865,-0.3691779266819174,-0.7030957494467677,-0.3166339902298394,-1.0823128838725184,-0.0641475715272026,0.02125284467496527,0.31163642105621503,-0.42145272403928447
2024-03-25,0.07937657611486826,0.701049796536175,0.5599084954060896,0.7173776592453422,0.7555197195953804,0.3042780897829696,-0.034399273051450324,-0.3723260977791172,-0.7013055916640836,-0.3971740199945385,-1.1100088313933485,-0.07126882382972849,0.017901564332695602,0.31279491241065344,-0.4161327052007424
2024-03-26,0.08519954053164697,0.7011321669052971,0.5525037408864083,0.6926004337587982,0.7587817175423983,0.2662972288065488,-0.05295632810363701,-0.38201887672034085,-0.6980435937170657,-0.38780122989497445,-1.1180322644390561,-0.046500736383814384,0.01447046247380751,0.32298395431877813,-0.4304066139089246
2024-03-27,0.0777042788228772,0.678187379427137,0.5568628428967548,0.6936769021395798,0.7804477376602477,0.27050930785274274,-0.06646025134040148,-0.3886840703101641,-0.6717069810796259,-0.4441671126014325,-1.1668237692959893,-0.051404825550288635,0.02340711995631492,0.3095576412725515,-0.43024063377173355
2024-03-28,0.06743936493948668,0.6873153543141174,0.6263812274559614,0.6963323079490507,0.7626575870500598,0.2653010016516967,-0.0838054995224857,-0.39107150870635177,-0.6718035300135727,-0.42468165478068964,-1.1458672093110556,-0.03176171315491785,0.04418908897325538,0.34861461465608057,-0.3860680038411304
2024-03-29,0.06918674758859353,0.69282162522459,0.6190669129301065,0.679539166307386,0.7722110732889347,0.2710587008910157,-0.07608198580067466,-0.4004102454501042,-0.7106110341922891,-0.4176651939852565,-1.1213113692370484,-0.019467568032744798,0.02131492864497722,0.3262161141723061,-0.38428524129446795
2024-04-02,0.08282377868070573,0.703881534667987,0.5966446824206032,0.7056336234050821,0.7577813400502563,0.2616405669131472,-0.09527309388145105,-0.39774538792545766,-0.7595637949648927,-0.45105225584797637,-1.1345627756088899,0.0044591206022390195,0.011765803896419458,0.3007834805562025,-0.38839786806995524
2024-04-03,0.07640614200726026,0.7166964800971722,0.6029661506849702,0.7072712818407725,0.7506634959290159,0.2601799182565924,-0.08415541789275255,-0.401180110962732,-0.7502946020819377,-0.4442806483378778,-1.129488932976403,0.00013576130531472996,-0.004396079387497032,0.28066621024164257,-0.3951899546232121
2024-04-08,0.07631425198337152,0.7030096205197517,0.5937860840490026,0.7033405187345065,0.7491897262609802,0.292058632984589,-0.10011995593817491,-0.4149632645274796,-0.7955381828338461,-0.49331808697130275,-1.1612696664472024,-0.003795001800951131,-0.007536883778202996,0.2812882960256011,-0.42512926963334974
2024-04-09,0.1028974789275518,0.7040595499514279,0.5514487530117909,0.684972412049657,0.7221956541943799,0.24566316538639849,-0.11848806262302455,-0.43333137121232923,-0.8089340267221736,-0.49673260904344896,-1.1757940631968218,-0.032871262109776866,-0.007751201520054041,0.2796517341739508,-0.4625356771829704
2024-04-11,0.10951030474539042,0.7077057329386511,0.5438041831052222,0.6854690113240148,0.7289617866931336,0.2513680664154131,-0.13538325413162924,-0.41987999504972995,-0.7997349774499283,-0.4871514252855813,-1.1858516725603265,-0.026411570433839265,-0.02121395636296644,0.23963496507646997,-0.49196312471043746
2024-04-12,0.10787086527645368,0.717898127347909,0.5554470082732235,0.695661379137707,0.7209759969069548,0.25993267409313536,-0.13709005819846448,-0.4512731754190809,-0.7934333960973616,-0.47076413124761873,-1.1810781453128172,-0.03037653141992061,-0.025108036283254087,0.27500747911975754,-0.47966768125967624
2024-04-15,0.10701941926184527,0.728705132725316,0.5747506143831904,0.6859468639824309,0.7311128928819997,0.21275194592046442,-0.16681547175895922,-0.4434999047079751,-0.7713142613613906,-0.49699529433822554,-1.1751085039767322,-0.03453283777898833,-0.0346688486085408,0.2531298801342599,-0.518671612083254
2024-04-16,0.1115872563526053,0.7111227325069995,0.566429553179553,0.6660786721976204,0.7493659715858982,0.20930479894059545,-0.16895854158318688,-0.4287690675460373,-0.784999115568774,-0.5121894060063266,-1.1970782639754358,-0.03450834354605031,-0.002211283451452467,0.24666917791699833,-0.4742955561811522
2024-04-17,0.11616451888809515,0.7150167434487666,0.5619554425670839,0.6782519096920985,0.7363929577078265,0.2050168425601253,-0.20358270547351323,-0.4287889199539854,-0.7655294482534536,-0.47759142396697385,-1.1476268044446694,-0.06387792324503846,-0.013281735965979119,0.22826569166020066,-0.49119767952583276
2024-04-18,0.1118268513932957,0.6781029531187796,0.5437862453616696,0.6690242142773817,0.7509832768155694,0.19788194950096336,-0.22179014598990457,-0.45071623766046975,-0.77143147254837,-0.49214551282095376,-1.1664862157921132,-0.059382677772394615,-0.0008095570363314541,0.18771465448335514,-0.5116601476295386
2024-04-19,0.08117648736624816,0.6833054104842576,0.5515420925725941,0.6780469805862348,0.7873559991695298,0.18796751547188711,-0.22571708372020702,-0.4308084712164233,-0.7728886598313408,-0.4860759570518042,-1.1477588635494487,-0.045953388483675445,-0.0028973834987342795,0.1883259574881262,-0.49088443499099216
2024-04-22,0.07640544768970392,0.6789312043962284,0.528338440236176,0.6532283447224564,0.7666406385931208,0.17910544465724249,-0.20242254229385076,-0.41955051214111583,-0.7866895076998122,-0.5140420540388473,-1.1486133736407806,-0.05951975994831868,0.009274556338970591,0.17792224303030824,-0.5091961473843857
2024-04-23,0.0828069598983534,0.672743902354678,0.5186969308705103,0.6042827911042834,0.7569991292274549,0.18427894504646736,-0.15363307012739635,-0.42076191568344407,-0.819030498904469,-0.5347218123211288,-1.163734326716034,-0.07707676625498791,0.005480496640448279,0.18429209897605942,-0.5127160735414533
2024-04-24,0.09374252474527253,0.6664176044496064,0.5152848857708197,0.6178230424866005,0.7505771344847261,0.2527843267520612,-0.1303615888562129,-0.42885533993099834,-0.8099233763850188,-0.5211274704779307,-1.160767049042665,-0.06364258539018816,0.0010780758085336406,0.1746052480305849,-0.5433061003051264
2024-04-25,0.08551196781743775,0.6596589604692761,0.5290048346028161,0.6252799041525257,0.7528827654083877,0.25033138110309516,-0.15063184090469778,-0.4182297694545276,-0.7990788259029276,-0.4917940613359148,-1.1324869124208847,-0.07962143232408583,-0.006605435430058038,0.2018115436526675,-0.5231889559081367
2024-04-26,0.09302262266862166,0.6291052974018507,0.5158428903067849,0.6121179598564943,0.7281749327441451,0.22898387730599556,-0.16379378520072907,-0.4293276776214231,-0.7774756593814645,-0.4509676135869961,-1.1120539786273596,-0.08755460959823183,-0.012636948913901436,0.1963227413983118,-0.5188242382933641
2024-04-30,0.09155163583207665,0.6407230314819543,0.5149668458118429,0.5851096193991135,0.7467494581439722,0.2228929131394914,-0.17749922868229429,-0.45140618306021146,-0.7891859860260968,-0.45750395588853987,-1.1023198079198797,-0.07234028597522912,-0.0008829835360068261,0.2285419825511002,-0.5304317770258258
2024-05-07,0.10288166093103668,0.654465778478803,0.5349977517254316,0.5845154691263781,0.7473449974854083,0.20563897222876204,-0.17843321540847804,-0.4609007126792124,-0.7958858036395329,-0.48437899749054336,-1.109857622185678,-0.032086650418310575,0.048342071537907705,0.22314431590066153,-0.5304403115226872
2024-05-08,0.1031063346853873,0.6488768318745702,0.5298313114022263,0.5833855332598091,0.7519457963877003,0.24110721458181875,-0.1647049527754728,-0.4526463923470632,-0.815937761069187,-0.4973308400442017,-1.1317381857373439,-0.03435876168126806,0.0321134235605853,0.23345865798478807,-0.5421204344335181
2024-05-09,0.10237049835149378,0.6388995030162408,0.5307908578532522,0.5600292241334437,0.7407505755117739,0.25578582769567626,-0.17124736893679865,-0.45957893343181894,-0.7913844570249715,-0.47362020741600436,-1.1017219792654003,-0.047461723503203074,0.001180707916217577,0.23288362542463423,-0.5577605396106429
2024-05-10,0.10270400630708904,0.6550971003030621,0.4788981719564569,0.5645494799856139,0.746048852941104,0.24598198232748747,-0.15983026919397467,-0.46675471968763604,-0.8151958177414038,-0.5204390028235322,-1.114962128409793,-0.06093084459107001,-0.02633728514544026,0.2284698322436557,-0.5619408474421828
2024-05-13,0.1165164885547578,0.6245606624539549,0.477814206740903,0.5503853091030597,0.7443804137029335,0.2202260409571455,-0.1643651817748925,-0.45707525865527593,-0.8350197205024318,-0.5467558576469123,-1.1319050536827715,-0.07824626511629545,-0.0502308192718241,0.22130677793718714,-0.5771118920955236
2024-05-14,0.11769122417475406,0.6251700780003264,0.4747152237933636,0.543089019343823,0.7272362715559063,0.19788476024911147,-0.17311799696309876,-0.4631999321179316,-0.8392156686051603,-0.554408293741851,-1.1429559436676333,-0.08564731426976721,-0.04132330150601626,0.21701926502048066,-0.5613669605386703
2024-05-16,0.11267314684056845,0.6111264637388332,0.47628478833308424,0.5625451077517154,0.7321409057832375,0.19322165881353537,-0.16751283235149478,-0.4832174012004226,-0.8608319207484594,-0.5690067434702479,-1.1454226679444288,-0.09432412842168494,-0.05579630095892038,0.22393156293664673,-0.5617055687519736
2024-05-17,0.1076647865806214,0.6232284284294818,0.4843711705063443,0.5874768423833272,0.7067425525904318,0.1981017983140953,-0.18361471921723374,-0.47053936515417377,-0.853662061691083,-0.5639692712443278,-1.1261974894800377,-0.10245559486492128,-0.058645712009510825,0.20120569963288532,-0.5355402420989821
2024-05-20,0.1070459234137568,0.6259044346659385,0.4925889013180027,0.5879835393723069,0.704726131016094,0.1809990085841615,-0.20014898580406315,-0.4722058418843057,-0.8489044506279109,-0.5588408983705112,-1.1244010767537365,-0.08388007037450218,-0.025517285478106028,0.19235877197469559,-0.5424227904659247
2024-05-21,0.11584701707394068,0.6406176480000552,0.5116723566547763,0.6063567469176869,0.6993495953919271,0.19091610866559622,-0.21740177240595315,-0.4853485511021115,-0.8553388376594842,-0.5799005903295404,-1.119147531524432,-0.0885960838330804,-0.014413159747283244,0.20767612927323986,-0.5323348987686383
2024-05-22,0.12810064720281522,0.6355832419015564,0.49982246368574507,0.5894143044509383,0.7055287510031156,0.17893205111548888,-0.20790212041624734,-0.4916014403078176,-0.8650595949564703,-0.564789564668008,-1.1302756817184014,-0.11229226062122466,-0.03247048089213572,0.1829375007020257,-0.5583407831115531
2024-05-23,0.13817523172255097,0.6708660705419773,0.482773990341977,0.5644152525816823,0.6834530588597492,0.22187881939320292,-0.20517351647236426,-0.49840637009801997,-0.8925304782284454,-0.5565194359051974,-1.1509797413417928,-0.1071765106014606,0.03524215836454353,0.19308482991346515,-0.5710503167809735
2024-05-24,0.13094014241106022,0.66035468012636,0.49343206437157033,0.5686301321062892,0.7062803924448489,0.21330224474689907,-0.2192240568254741,-0.4964565365551672,-0.9250391192318157,-0.5860157948119271,-1.1712255505400346,-0.13635747357996414,0.018186982495536685,0.1758879832088634,-0.6126846582115892
2024-05-27,0.12224879590694931,0.6862864829187265,0.4939309472943742,0.585522736546513,0.7007795274065951,0.21805507344616776,-0.21686827492147104,-0.505335560401474,-0.9118691325847625,-0.5488204114345827,-1.1600253879054916,-0.13037013825774485,0.06581563522362527,0.18042026275804296,-0.6026267397555489
2024-05-29,0.12196029145939191,0.6891734012500392,0.579895070559171,0.602273606467518,0.7057146638302572,0.22183626944897006,-0.18341413602790335,-0.49425340862532363,-0.9004831938300537,-0.49464413818237274,-1.1646110516199573,-0.15278321777928416,0.07688996859821084,0.20024059112125964,-0.5826166870245943
2024-05-30,0.11339326025723362,0.6750307157617048,0.5804322395197169,0.6128134100925811,0.7236355271993569,0.2171945354687822,-0.19154006791726222,-0.48560610744499944,-0.8527022931300142,-0.46209907007515166,-1.1334950319517705,-0.16179629048685523,0.07760591279775958,0.18590563898420137,-0.5991632942705494
2024-05-31,0.10184367839218839,0.6744672139934548,0.5427298623276693,0.5971212815276371,0.7148327156599996,0.1991112318399776,-0.21777427780735434,-0.49032374072316354,-0.8479836976895587,-0.48696835954593054,-1.1245497172582737,-0.15285097579335855,0.10761458262267254,0.19822674430017007,-0.5882285244298064
2024-06-03,0.1148631285440393,0.6826489856233717,0.5479762669311323,0.6080950298047498,0.7047192796735751,0.2144822567586423,-0.22710774798921302,-0.515802145664294,-0.8320092039684039,-0.4811336938094576,-1.1330054673377359,-0.14033492302562076,0.08207454512249207,0.17971702305901,-0.5835793030320336
2024-06-04,0.11495392657362913,0.681688024684449,0.5645836751598805,0.6153913294753408,0.749388972382276,0.21756256570609428,-0.21870823791583766,-0.501019557846663,-0.823237054055002,-0.49337112494896507,-1.134350326920136,-0.1372334354472654,0.0963494702883596,0.17979713805412367,-0.5934989472542824
2024-06-05,0.12668666148582813,0.6599021792500315,0.5613169878642347,0.5938304222685042,0.7327909730856733,0.20085085635644884,-0.25562635309382054,-0.5208890194938246,-0.8155387266155465,-0.5133573854727091,-1.1318066467371222,-0.11571471387758767,0.10607047422477711,0.1524610106745941,-0.6081074019056282
2024-06-07,0.11179125700861736,0.6587977809839204,0.5360183450216163,0.5902474000305764,0.7387821196241798,0.18403326740238196,-0.22755771838868802,-0.5080876487688564,-0.8206945850232695,-0.48207782319212655,-1.1199651868730658,-0.11498191046725545,0.11526548010377563,0.14723345900687473,-0.6178467787839851
2024-06-11,0.11936747287204752,0.6649636633505567,0.5797656023211917,0.5762666022761775,0.733870991287652,0.17888372213467302,-0.24268049071628414,-0.5190830969095952,-0.7864393718420564,-0.48192911697152085,-1.0809540423333717,-0.11857276765032759,0.09532286303456788,0.1860301672967447,-0.6092957542338442
2024-06-12,0.13667045059892102,0.668750850104137,0.575995594422638,0.5679759527459733,0.7353640883470758,0.18347130075265256,-0.25439757135819885,-0.5439293710021752,-0.7908481668498177,-0.4862386358386355,-1.1069062957357314,-0.11315040267320478,0.08184090420923379,0.17138132255476363,-0.6206893567969285
2024-06-13,0.13960800401269297,0.6660782795432062,0.5641346711261281,0.6329071454324744,0.7142744532477742,0.1634912776973168,-0.2506737310419301,-0.5568923365017904,-0.7930471683289001,-0.5352724073889077,-1.1223577861423566,-0.09793033121144132,0.08322101712297014,0.20430378497085,-0.637738340850536
2024-06-14,0.1342684893625255,0.669601047872812,0.5607991832242407,0.6369004700862833,0.6950231233539972,0.14670702302810001,-0.25927242621007857,-0.544759321631548,-0.8040526559104836,-0.5558576061613967,-1.1405951870625601,-0.09388684535384581,0.10120707654478989,0.18042923948004413,-0.6561378376960628
2024-06-17,0.1335473965889537,0.6759710761458074,0.5506089730981023,0.6741162074761873,0.6980610780485006,0.15525663492062275,-0.25120609688836004,-0.5508957436247137,-0.7297280763401172,-0.5241217586503926,-1.1127666890484904,-0.11254666472600197,0.1244554704984942,0.17450210402195637,-0.6561020862374289
2024-06-18,0.14562297865282098,0.6881101980938842,0.5496326077038007,0.711615012986403,0.690527716660639,0.1758143909182553,-0.2576347165609077,-0.5526913115392339,-0.7374298541937885,-0.5369052383586163,-1.1302040702509675,-0.10254401029432864,0.12997318524668416,0.2135903722391524,-0.650376938590775
2024-06-19,0.16545744273930058,0.7141606771868042,0.5660472118976879,0.7341041006746097,0.6708560277588387,0.1508656058924881,-0.26717966249067676,-0.5788424989221124,-0.7460167125046051,-0.5216727928017335,-1.14279187579584,-0.10482366269634094,0.12443612994233655,0.28308672486611275,-0.6814105366201273
2024-06-21,0.16072673988241765,0.700847634561974,0.5283725289414128,0.740649801403764,0.6708442983546116,0.13886775808070656,-0.2757857977950581,-0.5722967981929581,-0.7420483711332182,-0.5272382991088607,-1.127867863445228,-0.11808057928502835,0.07976212294324592,0.27176358258580213,-0.6751913144212034
2024-06-24,0.1484003961297083,0.7084098832057416,0.5501183027133079,0.7861728952640424,0.6766888822065964,0.15259553138320203,-0.28247060739995244,-0.5500274745459243,-0.7232812989120836,-0.5493206695580599,-1.1489050649449626,-0.09151881195476361,0.07637235676687659,0.26461037393725717,-0.6408687900107197
2024-06-25,0.15097946255957434,0.6851854858948481,0.5447364383049338,0.8049532932089474,0.6872082077181327,0.1170797882792568,-0.308975651851667,-0.5687535654895071,-0.7584743321785301,-0.5912671860466792,-1.192142864567363,-0.09176624333557706,0.06198586776436904,0.23198419949308696,-0.6604617123918504
2024-06-26,0.16189958809127564,0.7008557526828505,0.5452131539364673,0.8043712646329086,0.6611026132806543,0.11225150467271039,-0.30847063513999884,-0.5789727490315882,-0.7199238875904255,-0.5686842268982675,-1.1429039628399094,-0.09042552970969589,0.08775855933857074,0.27795209328876763,-0.6597444015933098
2024-06-27,0.16541688476279826,0.7014703130377682,0.5540075453658406,0.8246956820417813,0.6469921147292667,0.10740057666605662,-0.3129641213653672,-0.5830517358746647,-0.7100229284434332,-0.5871260869421178,-1.149226865194875,-0.07877473951578706,0.054716670737449236,0.27942499441406043,-0.6627545044765704
2024-06-28,0.16615001419300973,0.6754141821609965,0.537928075961144,0.8108300557621864,0.6226947055042646,0.11027142593546685,-0.3211459966312512,-0.5820344363397859,-0.7066511137989867,-0.5782282951399662,-1.147335087412597,-0.08549822890714867,0.05258471009479093,0.26802636292484977,-0.6666160312518277
2024-07-01,0.1670761457962719,0.6816076149216242,0.5314525853940625,0.7884556891694087,0.634605715261118,0.1063477431218896,-0.3412844836141195,-0.5617625784734317,-0.7185731850716548,-0.571363318238725,-1.1521648865225873,-0.08296619715197648,0.04761730344714793,0.296298206652134,-0.6554123378442549
2024-07-02,0.1665793234620157,0.655403165214547,0.4955317585126773,0.7523909195386689,0.6337244974132068,0.10856301536527413,-0.3556442076285011,-0.5529018696980754,-0.7320349687036916,-0.5800905596013344,-1.1480644264956572,-0.07516427643002574,0.04710637209088775,0.30958227811576433,-0.651816812593021
2024-07-03,0.17345003503780293,0.6520653215009227,0.5476916847457578,0.7920771421241394,0.6253478587182706,0.12073297642931385,-0.35446336739622447,-0.5593002605770495,-0.6918099547470034,-0.5727507072677851,-1.1485068947448656,-0.08789187927902783,0.07244541791077735,0.2963576007736951,-0.657114247803434
2024-07-04,0.1846657565119919,0.6707637101610159,0.5168648282944084,0.793959651099451,0.6117985046774073,0.09750704325445347,-0.35574117741317696,-0.616976344847304,-0.7233089710887488,-0.6155008291266423,-1.1770243197605368,-0.06923050449374052,0.0400373277400321,0.28334915602652744,-0.6669732770580454
2024-07-08,0.20052151181703642,0.680666955633275,0.5160133000742975,0.8749599493143805,0.582146356598296,0.0978573504972054,-0.36657838026393663,-0.6123618908498758,-0.7568457079940965,-0.6437896911479819,-1.205658239466876,-0.07935022578206657,0.039670143881134656,0.2638179039976594,-0.6555499457834719
2024-07-09,0.20442275459977266,0.7223085879068956,0.5226424520237083,0.862699725541515,0.5693586592076052,0.07459199537644184,-0.3950462490373229,-0.6090515098722029,-0.6989872398065715,-0.55677929294258,-1.1416421607005791,-0.07570199939784172,0.0690170162997219,0.27997729637138624,-0.5967622518627718
2024-07-10,0.2047520626662015,0.7150599883149732,0.5106283411717717,0.8845006425377989,0.5543890292354493,0.06161435094169715,-0.4135781722005968,-0.5661358054511422,-0.7134710068315652,-0.5551272556311058,-1.1378398179564801,-0.08016898001507622,0.05898139131378072,0.3042945623211014,-0.583730965892341
2024-07-11,0.22187062023427545,0.7743366228460624,0.4769677666613125,0.8385974946893364,0.5460765722132499,0.13964622203828986,-0.37429355301893347,-0.4897656737554662,-0.7013207136840349,-0.5545307684727737,-1.1373289324566824,-0.09827523819095524,0.05426214660512935,0.32314896686403355,-0.5914944215191448
2024-07-12,0.203718000782878,0.7076176233748837,0.49398163840996984,0.8311044816383246,0.5746063761189806,0.16186914429297333,-0.3413898288670038,-0.37820932055123196,-0.685894502302044,-0.531947047178797,-1.1142749505607132,-0.11590097520854359,0.052997589429618075,0.30805678912144147,-0.6119879463011118
2024-07-16,0.21311332230455027,0.6999033770077769,0.46895562333190155,0.8552811945619843,0.5770076203337553,0.19293790642163322,-0.33810651048453716,-0.3831340996786635,-0.6546470460531006,-0.5258687151336217,-1.096522974074512,-0.10935763234781054,0.05870023555704923,0.3221804396700779,-0.6177830608766239
2024-07-17,0.19865377684288849,0.7287902734808345,0.475936782747786,0.8531077624981191,0.5894454786014742,0.287154347330242,-0.26523835484516584,-0.2783014306305924,-0.6836016574869795,-0.5453833055589646,-1.099408905944042,-0.1113032358064211,0.09144240274875426,0.3716579227734202,-0.6117488080682819
2024-07-18,0.18982859370837551,0.7082701962825431,0.484020042650852,0.7998609332253539,0.5949501717803447,0.2529494479580467,-0.27277926339113423,-0.31704352779246175,-0.649847411183974,-0.53965256993536,-1.0904966578190736,-0.09325308421238176,0.06858155486591289,0.30680161865694106,-0.5925144860878284
2024-07-19,0.1772589016290187,0.7023267548031338,0.4676763898071083,0.826930804655184,0.5879741789299959,0.212912683044778,-0.29268946396912954,-0.3560419431611046,-0.6323673347066339,-0.4802515639472055,-1.0573864625530098,-0.09956667951646148,0.09740483625273016,0.33427751880596285,-0.5578097791003404
2024-07-22,0.1719158930857741,0.6876671166865096,0.4840898635168653,0.7892508060698193,0.5780704147345379,0.22960622056611657,-0.30171722732152045,-0.3460721949746803,-0.5871654393102221,-0.45819020855442116,-1.0313808951852386,-0.08915596181876129,0.08724654049130515,0.3210052625882703,-0.5863978080668608
2024-07-23,0.18638162625807297,0.7109476404016271,0.4487204016909767,0.7664548712746673,0.5539598150066962,0.22313581687806505,-0.3010328080962559,-0.34346957514623844,-0.6740618701332075,-0.5358860904424213,-1.0943697753976507,-0.10562123913967841,0.05784010348668822,0.3288375736145993,-0.6018921236087404
2024-07-26,0.1620221244418425,0.6406561011244462,0.508991616105702,0.763711745191053,0.6045141969624165,0.23843710150036102,-0.28704489701963515,-0.3016413633438443,-0.6371798617778411,-0.4886392329460439,-1.054838178885435,-0.06596178473817768,0.04610238717507431,0.34207380633734086,-0.5875410456663763
2024-07-29,0.18139103213173813,0.6256659797576649,0.4213773360363006,0.7336275391767557,0.5790854577761393,0.18261573778547047,-0.3146958260550748,-0.3120545916930275,-0.6284139992030886,-0.5003150570668008,-1.0653938814209318,-0.06430501186434581,0.07831505139026779,0.33924278245281475,-0.5815795489381099
2024-07-30,0.17448299062553962,0.6359491538047404,0.3924364334936021,0.7403995962994283,0.5827128162834105,0.1936713501291213,-0.3377369912270501,-0.3843098434266706,-0.6228150874919964,-0.4815493556582031,-1.057126682119029,-0.0694331294258125,0.07107325735154929,0.3220590565538232,-0.6009675432875948
2024-07-31,0.16916992532962682,0.6010291730590203,0.3604411919987173,0.7273054503128664,0.5869331749854945,0.17272240046879445,-0.360457244563819,-0.4246045948241475,-0.6045064569715128,-0.45463369046328744,-1.0123199192166736,-0.03316623688721512,0.06551126752958508,0.11419995419363277,-0.6228440250197378
2024-08-01,0.1768787765793412,0.6043464610505116,0.3213376401187347,0.7809849731881202,0.5796077215646867,0.1722852733639022,-0.35934008001249124,-0.4029673799573277,-0.6085059904859659,-0.47570128181623494,-1.0182902913448133,-0.06249521523080115,0.01075747547849798,0.16254861955269223,-0.6225486161328996
2024-08-02,0.16102385529833224,0.5823367821442924,0.29233500209989344,0.7385244732976943,0.6402777920466847,0.12014278065817569,-0.39698114299826026,-0.41795472794630606,-0.6145675907394377,-0.47259896612687613,-1.0030293521984768,-0.0601701246254745,-0.05256125635253975,0.12328398608338337,-0.6337391022273765
2024-08-05,0.14570416267751257,0.5707509343194179,0.3067904650292162,0.7262659127696116,0.6234819835109326,0.10266620966572099,-0.4144147671659622,-0.4052159689910411,-0.6057673899409319,-0.43334816667069287,-0.9614957056973834,-0.08167150958066337,-0.1334248929308927,0.1634233766690359,-0.8484204268078508
2024-08-06,0.1892037096567945,0.5936062566672398,0.26217088344940415,0.7317596969857485,0.5986440640010386,0.007343003502508494,-0.4476490232168658,-0.5045019075798503,-0.6303118266391003,-0.45270992207297195,-1.0146063755265127,-0.09961697383489264,-0.08005694820051529,0.11114768970991212,-0.9475597632452646
2024-08-07,0.1956446340557385,0.6121475854769685,0.27621638029904666,0.744785494704824,0.601589072278979,0.02470975975165668,-0.4680228663752538,-0.44800382274282713,-0.68442494991624,-0.5079708088611609,-1.0538726417405118,-0.10773405452335466,-0.0939241596210626,0.09078011795457003,-0.9995917995049239
2024-08-08,0.18937942260641863,0.5793931173488632,0.2594797760067289,0.7746621597551525,0.6136989539436798,0.014105951139627815,-0.47982915529832937,-0.4060312637048613,-0.6454960428466563,-0.4853891857326206,-1.0286921643848448,-0.10512242696564894,-0.13524459537607067,0.10884727634267707,-1.0163837685388577
2024-08-09,0.20262288271627113,0.6040229701868326,0.26446197580323616,0.838600837664496,0.618822439615229,0.013212428643560703,-0.4866923288971946,-0.40533629524528403,-0.650173160661619,-0.517546500018836,-1.056984704644769,-0.11585866981349055,-0.17495036369713057,0.14371209407633914,-0.9686518704898286
2024-08-13,0.20261600699528937,0.606314364575393,0.25986458322592415,0.8247918769545909,0.6131406486022427,0.008972890627034824,-0.5048567218032767,-0.4064063269189149,-0.6348625163047774,-0.504562509934749,-1.0417123852931698,-0.10901316835548791,-0.09915103092916044,0.13283030720965555,-0.9876388635033426
2024-08-14,0.1994996587749083,0.6416962924398609,0.2633721769144344,0.8354066025639728,0.6087573816668211,0.011063586627936078,-0.4915332764440897,-0.43105184975102895,-0.6572473513314895,-0.5237901193328586,-1.0711205050268513,-0.10518957496360237,-0.052369798105478704,0.1449449776031357,-0.9424153016903111
2024-08-16,0.20616763796850118,0.6375866999306511,0.2706213891442931,0.8397738174633858,0.5943715201803215,0.0063313707276208,-0.4950852969082766,-0.42273393371807566,-0.6787568813462761,-0.5467387727096971,-1.0941665204375721,-0.08759585812663717,-0.018666455910868518,0.15656568499478862,-0.9250193255993729
2024-08-19,0.20759273933103684,0.6381442382017282,0.2747529248508766,0.8492995027216248,0.6053654099553771,-0.002652388975782516,-0.5011523946480704,-0.43495229971890337,-0.6736438646361038,-0.5354873570630801,-1.0868357618498543,-0.11426630102506069,-0.04811007545281354,0.1443956133912493,-0.9190515509290205
2024-08-20,0.20672434939136108,0.643748410299058,0.27388453491120085,0.8362109584623307,0.6029853320830167,-0.006680368872760689,-0.49864815590933176,-0.4262967927191307,-0.6908471679398482,-0.5669035609278901,-1.1155188974194319,-0.10750113814560955,-0.021106760581967893,0.15906905230993884,-0.8892499456051046
2024-08-21,0.1997497130755262,0.6360494084154542,0.26874731019853654,0.8282432305453509,0.610032942082025,-0.030275796592610177,-0.49684334438511174,-0.44171720994552893,-0.6750653274656666,-0.6016082580206281,-1.1159721698116905,-0.10657310437246043,-0.027427184525039672,0.14716280563823136,-0.9056249926497439
2024-08-22,0.19642882799635347,0.623533085072606,0.2588710593725331,0.8322561724784885,0.6200882715580739,0.027804377259653068,-0.4726954134333772,-0.3450454282298886,-0.6848820311232665,-0.6120959097570654,-1.1223624644129664,-0.10256016243932287,-0.036019561213554624,0.1752656714728824,-0.8818000781701739
2024-08-23,0.19390729295517073,0.6264446265745158,0.2549523033740226,0.8565326517718383,0.6256780249624978,0.033560978403293806,-0.49664215517061333,-0.3498962525183526,-0.6717956189866326,-0.6088672211137569,-1.1020793867367034,-0.11066865483648652,-0.02554004178924968,0.14332432105676723,-0.9453545595236683
2024-08-26,0.19126357502321695,0.6059969239206122,0.25475790991488595,0.8364419012309814,0.6294382957444427,0.017480066224363544,-0.48682538103351247,-0.37606600510548216,-0.6531723704499726,-0.6104872384171516,-1.099394629619797,-0.135172624722495,-0.041863804194602144,0.17656141490089555,-0.9273970740291575
2024-08-27,0.18528836807478194,0.6016987372753859,0.2642080613897238,0.8264491249505455,0.6304325927575407,0.01684125479858828,-0.4978576431261384,-0.37358456352583125,-0.6885051177807876,-0.6310918731246071,-1.1266119803477652,-0.13664095735871867,-0.04015278529226532,0.16668025919505886,-0.9450786835617979
2024-08-28,0.20004045136975246,0.6268126945138831,0.24890545047427337,0.8264485422319308,0.6456292943076377,0.002237779094940495,-0.5164480854239728,-0.3550110371281484,-0.6951792718209184,-0.6267673644993341,-1.1441625877790904,-0.13709053100167828,-0.048872215817350434,0.16077039563052553,-0.9563976349404032
2024-08-29,0.18559011861446228,0.6343873792197365,0.2703693279392678,0.8340232269377842,0.6444447826457468,0.043818861966382905,-0.49861685944054857,-0.29991119958916396,-0.6623862662625501,-0.6072103530213824,-1.1079026322226213,-0.16143346589628427,-0.05293008301126351,0.15585829074088126,-0.9720094265044665
2024-08-30,0.18367072348863678,0.6412283414374085,0.2708324755008524,0.8351850226710273,0.6574660794218576,0.03474221596734334,-0.5015959632657434,-0.30289030341435885,-0.6109236692525701,-0.5800927086369088,-1.0867536835563714,-0.16036691362763505,-0.07103869742745111,0.15593917803619517,-0.948817003701403
2024-09-02,0.1893817640044121,0.6394483252117605,0.2688728252859619,0.8366676238429164,0.6531599419253492,0.03008977148005304,-0.5035205691246618,-0.33574582928170066,-0.6603314495455713,-0.6254173787690469,-1.1093991348759271,-0.15753924418102866,-0.05014555347280941,0.16260237677585243,-0.8566865746664667
2024-09-04,0.17989473225256036,0.6314934928052589,0.26205864454791694,0.8528535578073246,0.6641488151035622,-0.01382580050483262,-0.5455173554008133,-0.35908384111997893,-0.6312746596169228,-0.5890928037339316,-1.069493195121282,-0.146334715619011,-0.07639481867701947,0.10560382215576347,-0.9025300458555827
2024-09-05,0.18991998664017723,0.6270015315035649,0.2684167622789901,0.826285592022475,0.6533872290857861,-0.025335400018060977,-0.5655135449557693,-0.3683950967585866,-0.6367513296829715,-0.5883243918016036,-1.073985156422976,-0.16521554863645987,-0.13755348820863092,0.10414797136845594,-0.9409235621051293
2024-09-06,0.1958903413861835,0.6013536255626452,0.24595408558437998,0.810198673145298,0.6433457588274267,-0.033433022681010005,-0.5810400374489133,-0.3800076944204297,-0.670948850677075,-0.6319226923279129,-1.1089451675512265,-0.1782784394561845,-0.17910157842183755,0.08848533068615538,-0.9540813924568485
2024-09-09,0.18863301009002015,0.6185379130591564,0.23382703806340172,0.8372189999324777,0.6554316090214503,-0.02329102008239678,-0.5831937090196349,-0.3760595469830612,-0.6691183012024067,-0.6161011404608878,-1.109829029315808,-0.18514992400000546,-0.19149389853344984,0.06563698119455968,-0.967064812062647
2024-09-10,0.1979870677932853,0.6397980607445026,0.23014406018829064,0.8186543863686524,0.6353718525131375,-0.03724568544506135,-0.6076705908366786,-0.4130737792975435,-0.6595488672981183,-0.6020754867912422,-1.108688030195164,-0.20078929529658124,-0.1828991314861588,0.07538985036262763,-0.9537733205929986
2024-09-11,0.19623463830601282,0.6239173342652743,0.25769125916353,0.8381637839712001,0.630481532964428,-0.046484906551783806,-0.5979356058202099,-0.40239729777712707,-0.6671437089458249,-0.6107217192547699,-1.1004629791708516,-0.2190506100990711,-0.21606925015795264,0.08252463108016275,-0.9569322709955489
2024-09-12,0.21390083090097312,0.6327604353970561,0.2538510752008813,0.8567371653201322,0.6269248287677779,-0.019290008928579905,-0.5911616575994867,-0.3522100904794121,-0.705208935746199,-0.6409614396711211,-1.1416291416809727,-0.2268664142549245,-0.16520358803385854,0.09679275588383285,-0.9519077871639607
2024-09-13,0.2164181871568724,0.6244630792801364,0.24537143670345907,0.826082854147203,0.6044927679514828,-0.013970261515052235,-0.5463400170368722,-0.3432548296497851,-0.7135578798054876,-0.6589353314562677,-1.1627694245930096,-0.26084436320388454,-0.18181226605704448,0.0818808785223088,-0.9711687422340886
2024-09-19,0.21976403540058953,0.6045346918971132,0.21783775258485694,0.8139737101172331,0.6160193236422973,-0.0030267080296789706,-0.5480587244498725,-0.34557909306806006,-0.7269677389001572,-0.6668745281609155,-1.1631312102352007,-0.2978816052146292,-0.20704419342426214,0.050465110738954266,-1.0209600026620482
2024-09-20,0.22793317343824387,0.6155665494424979,0.21619896369690456,0.8041568318188625,0.5975796002853373,-0.008308389911445224,-0.5386341630238666,-0.3603846718892747,-0.7254552884507723,-0.6825019925995344,-1.173811027611353,-0.3047492936495797,-0.1701068322833847,0.09075604345051153,-1.0085843929012817
2024-09-24,0.23157539365489266,0.6090254347799464,0.19511217313166396,0.7976157171563111,0.5893842564295452,-0.04541223066996869,-0.5595639975725327,-0.37654126097759066,-0.6893768521275156,-0.6455929959517559,-1.144610372152387,-0.3017513469506358,-0.21592067432108816,0.08615104808140794,-0.9826902624700711
2024-09-25,0.235051891477786,0.6039380253383919,0.1986652610345001,0.8331438852075488,0.591208733304784,-0.04971677046012854,-0.5669399747996311,-0.36256405859496393,-0.6767605777524563,-0.6580916071180749,-1.1540184985948796,-0.33229688553985587,-0.22487561940234232,0.05136541315004739,-0.9862658688985828
2024-09-26,0.24069129981933235,0.6245996804920124,0.20513702517868326,0.8288821486602891,0.5721805327211199,-0.05397850700738829,-0.5748053701330633,-0.3574799897876653,-0.6538773005557166,-0.6228103006325272,-1.1251983904697096,-0.2971523068204241,-0.21306544106156108,0.05822564875731295,-0.9590254776042879
2024-09-27,0.22737976944679472,0.6044029383133825,0.21026651534451957,0.8739442873925013,0.5770579397848398,-0.03548050774408701,-0.5447566609944875,-0.3148949007438252,-0.6044746787109445,-0.5701918370251554,-1.0629230129153595,-0.2977381771290586,-0.18818561813062498,0.09715745892780114,-0.941434618171799
2024-09-30,0.2099904056570533,0.5793411229860913,0.20805013581354942,0.8570217320131793,0.5953491281563521,-0.04305100080987195,-0.5181941455266496,-0.30635085061527145,-0.48265855496731813,-0.45267832336842884,-0.9409432890315833,-0.314141629252376,-0.20084364437565774,0.09123299473763047,-0.9152902598874653
2024-10-08,0.2189772226220869,0.5703778645032431,0.2009008207734017,0.8788239201858218,0.5773569892415532,-0.07134583024652877,-0.5501452777705526,-0.33481235815863286,-0.38340166659671016,-0.353304468732232,-0.8419986085813136,-0.3216594591073372,-0.20791803337608386,0.08139053464061474,-0.9206060034533713
2024-10-11,0.23254370595851986,0.5662025335801661,0.19025292781331893,0.87617607550868,0.5787057995429867,-0.09257582213752655,-0.5645036885330986,-0.35489429849053566,-0.4374182471295495,-0.4233929364638055,-0.9060472928640153,-0.32553927404091787,-0.25837627145562714,0.061192190371720634,-0.9415367539152986
2024-10-15,0.24249302424657354,0.6168509023799873,0.17656054653493414,0.8624836942302951,0.5650134182646018,-0.09586950586534124,-0.5745397066393828,-0.38270451165971425,-0.43995514397842683,-0.4634385000365284,-0.9166517309522899,-0.31096696689729464,-0.21232130656334072,0.06957000652854645,-0.960335483816249
2024-10-16,0.23099144204233713,0.6080007332171912,0.17000860645247118,0.9166950863993366,0.5634311677577589,-0.10112107877859897,-0.5734089179971578,-0.3994125958228638,-0.44593922335047825,-0.4680117918934301,-0.8922539302849907,-0.3237245316376582,-0.22594779594637437,0.02876718554320129,-0.9820381050808253
2024-10-17,0.219515143717176,0.6091655986324278,0.20154606687099452,0.9222969830271435,0.5528972764421543,-0.0718913510946115,-0.5679167819098816,-0.37242522375811254,-0.4526530887756378,-0.47127814919628963,-0.880001737493731,-0.3222296534782175,-0.2120635553207329,0.043446571909899645,-0.9994651989010832
2024-10-18,0.24806737009360003,0.5783811923931333,0.1607787256049263,0.8502229036248334,0.5290309068223796,-0.10767058736214993,-0.6087661011702517,-0.39580204333546953,-0.3925681170156706,-0.418008969154156,-0.8469342445799535,-0.3492662724757449,-0.22740630438640852,0.0401226363485605,-1.012281288095029
2024-10-21,0.24571737955854578,0.5637233617482276,0.17691353496388246,0.8749537943910369,0.5405941386207077,-0.06271443858236628,-0.5779638680604727,-0.3028418406784017,-0.3969185839003856,-0.39324312613709655,-0.7857561831783231,-0.355000360533465,-0.21531491879654938,0.02410944597032383,-1.000032482904483
2024-10-22,0.2367597123026668,0.5793862238801982,0.18087147795176323,0.9127129343797554,0.574854932672405,0.013814557246037085,-0.5597084206687442,-0.2982205618519426,-0.4211968560451781,-0.3828019200425905,-0.8282857442875178,-0.3769789472375195,-0.250155136021598,0.01684893343113003,-0.9966613808581776
2024-10-23,0.2312708793672832,0.5725878202492957,0.1747280932611529,0.9101852418517605,0.5699721751157543,0.04654771024767457,-0.551145572924896,-0.2983157907608696,-0.42087732502358344,-0.39633941435735986,-0.825325118919353,-0.3444424217572418,-0.2565540663386958,0.014460924740722303,-1.007550982751774
2024-10-24,0.23738517101109685,0.5631012062998406,0.16215032746030145,0.8822697301849574,0.564171445268983,0.016183829908407554,-0.5702578682693502,-0.3097458373258535,-0.41502164211978476,-0.3893659878901184,-0.8239034555889035,-0.38155006329183294,-0.24874267138154874,0.004090302790909051,-1.0203647047899533
2024-10-25,0.23539038092935255,0.5750925032803196,0.17414161029157088,0.879407702569557,0.5488721141521937,0.036965673276174005,-0.5842847872949268,-0.29456386514691574,-0.4104025034307753,-0.38581471505481596,-0.8091981308565375,-0.40069544116988476,-0.2478422338769435,-0.006348668164978644,-1.010819607081142
2024-10-28,0.22766705071688398,0.5753620546027657,0.1581302764939102,0.8704248369474442,0.5255330074896354,0.04342714154338245,-0.5778233190277184,-0.3144197480380337,-0.41863005764973815,-0.3819064423315266,-0.7248212523789628,-0.3556326252949628,-0.21031588663207276,0.017328406086871306,-0.9892534469699693
2024-10-29,0.22986932227742662,0.5714840518242036,0.12338204460754365,0.8585734734021259,0.5157211294755127,0.04002412379525949,-0.6111719684493224,-0.3668902461281215,-0.4042657406688841,-0.3752606580120662,-0.6180490993132637,-0.31837112206220347,-0.19427100038823103,0.017317490478694353,-0.9669553106022502
2024-10-30,0.2248485920596225,0.566616436748593,0.13198359551516442,0.8632146652393666,0.5057100169756495,0.03235744890720893,-0.5837161256118952,-0.3434692015645025,-0.40898999681580916,-0.3200974420579166,-0.6211839756254879,-0.3221545111146269,-0.17471622136732987,-0.03195797140516349,-0.963187120038127
2024-11-01,0.22175212778919923,0.5490928952068552,0.13375329590286167,0.8807949826211596,0.5472680413042548,0.061609767276068206,-0.5932887472522832,-0.33705911396210186,-0.4411046081537565,-0.22308489518826727,-0.7245321027230609,-0.3357042571584177,-0.23543430975615162,-0.07925888369336373,-0.997021307338841
2024-11-05,0.22518344379181826,0.5264254839862834,0.1316231287168823,0.8862624235678997,0.550114661612648,0.06460409542802509,-0.5756162721994849,-0.3289452141663587,-0.3916728442345742,-0.13391283708771412,-0.7133606119653432,-0.3607595583014383,-0.13653345041817785,-0.08462806519233207,-1.0329079412425388
2024-11-06,0.22988755774348335,0.5348960023294599,0.14665104059608497,0.9339341740754222,0.5700761792793603,0.06587167259099247,-0.6042015931932293,-0.3337199141627191,-0.3375861653863754,-0.04329095352907236,-0.6843897078153355,-0.37075634185946504,-0.1384192198316242,-0.07755934140467649,-1.002775116441521
2024-11-07,0.22638182765638204,0.5526597579399606,0.1540038685667824,0.9402154171704457,0.5636081833436826,0.11899307451621927,-0.553917109578418,-0.3232395376412706,-0.33961879455621147,-0.07746301706334505,-0.7016924129957935,-0.37896805647821763,-0.12701698054737778,-0.047032498896380476,-0.9394243823819165
2024-11-08,0.24340647691581213,0.5432713839261143,0.13226119992630048,0.9376280519096281,0.5345215599921977,0.09854932670305777,-0.5792163140758368,-0.3575885140693444,-0.35082878147642155,-0.09314248805575803,-0.703314749434488,-0.39039553804518373,-0.12867958853126807,-0.03942221187870107,-0.8995725290802874
2024-11-11,0.23983876002268795,0.5570811866732388,0.13720520609288878,0.8946950443806225,0.5444247971428233,0.07925939829506284,-0.5820547022108717,-0.3709471907419386,-0.28455832071788223,0.0031435725560054473,-0.6250430913206603,-0.42508346053806073,-0.12483756709666338,-0.05254605733943299,-0.8996867813636213
2024-11-12,0.23060864439274953,0.5483799498632008,0.13704832931781358,0.8916876241688311,0.5447484445127923,0.08506712719020293,-0.5980258381493153,-0.3718385937248779,-0.27071273289009035,0.019353276016999765,-0.6393586239708515,-0.43856506967733,-0.12975908786344248,-0.03853469480960067,-0.9210127671658719
2024-11-13,0.2215225140083923,0.5827637507246172,0.14235086181092066,0.8853845697706121,0.5608423947066863,0.10223925404711454,-0.5927233056562082,-0.38552710514419464,-0.30433589242730497,-0.05168243645056664,-0.6413660458326857,-0.47960294688257316,-0.1535743353484643,-0.05637623301941258,-0.951885664996083
2024-11-14,0.22787898813441826,0.5698269829212079,0.14067518379526223,0.8720940648357796,0.5473246824915792,0.08773057980741733,-0.6108578859809823,-0.39852948714311187,-0.32657563656991007,-0.025471312607050767,-0.6885063785354553,-0.4871769644041702,-0.18809772698971292,-0.0690823024169786,-0.9145568606401402
2024-11-15,0.22667398199343947,0.5750945388172349,0.15943090428782924,0.8548887055812207,0.5588124897824819,0.07135082241056795,-0.6079391796599019,-0.38543382487806643,-0.32546270255106297,-0.13110565936613316,-0.7299852369505853,-0.41872133027076847,-0.19572697299429143,-0.0687488641132463,-0.9113574308853428
2024-11-18,0.22563079250062365,0.5609207322494499,0.14003868358531094,0.8431871869636465,0.5584283707313389,0.05210766270891401,-0.5789061413810709,-0.3879870935002926,-0.3747047489037802,-0.17042814261131,-0.7616044642093879,-0.3519630856524538,-0.22671449486005815,-0.09250170876587793,-0.9302350022771291
2024-11-19,0.22684182126012242,0.5672120811684808,0.14285096813239162,0.8741428164812847,0.55055108332737,0.041930257014026695,-0.5722624801287322,-0.39313245729171786,-0.35852976076535364,-0.13672035069364782,-0.7443532948537679,-0.37235981818410574,-0.23377815745419098,-0.09791047114965307,-0.9236286622173946
2024-11-20,0.2193603781933589,0.5774898208000605,0.14186545963710923,0.8772447778082313,0.5503381537057814,0.03635851371820731,-0.5691762331012682,-0.4149835922411019,-0.35985530210730193,-0.11817564432640781,-0.7308183746024796,-0.3832346527985082,-0.2211580861482305,-0.09165164573265985,-0.9426846170900365
2024-11-21,0.2104840616488163,0.5736312023621369,0.1477314105686476,0.8831107287397697,0.5415248389726806,0.06109302702199851,-0.559349885550792,-0.39870086367252566,-0.36801970654111144,-0.09968725440161783,-0.7281912997659519,-0.35767260050165917,-0.1972850723535026,-0.08618011003336298,-0.9447009110816288
2024-11-22,0.22441490230144506,0.5776471703600397,0.14042404917371437,0.8950633440247315,0.5335519308046575,0.04886386851382435,-0.5866180177553939,-0.4192352024319436,-0.4366416875890395,-0.18751993743330148,-0.7908621888035405,-0.3801295807862518,-0.18671913222397393,-0.06322446555952951,-0.9422896882290006
2024-11-25,0.21283166037614737,0.5725257731416529,0.150431303795323,0.8776378265698492,0.5552037112730763,0.03444236592631744,-0.5726659452276067,-0.4097633361503981,-0.4698808234211225,-0.19756582257941266,-0.801323247237542,-0.3486852115362996,-0.21959747124572043,-0.057960980977664694,-0.9417590467037511
2024-11-26,0.20504130750385427,0.577913017586637,0.16224938305723138,0.8697314194719954,0.5777171728144544,0.043110806804981056,-0.5530046975196965,-0.39897563939938685,-0.46204738275162277,-0.20047147567286897,-0.7938026243098409,-0.3299824244521034,-0.25886175557767455,-0.03304155125162639,-0.9149517934324024
2024-11-27,0.21037468549996968,0.5637346453049341,0.15757237646946737,0.8648937560782424,0.5550559287135992,0.0032753155179700566,-0.598101481211821,-0.43011376515668254,-0.43118152528811676,-0.15863756215035316,-0.7614389516127773,-0.3496062577053456,-0.2491453488197135,-0.04070394354994977,-0.9331954001180267
2024-11-28,0.2169698447191013,0.5418119498116771,0.13881272865435307,0.8705582315416438,0.5474128194094458,-0.015319770183779946,-0.6259696249517614,-0.4295865414564777,-0.424085866919253,-0.16174369607337674,-0.7691890740139021,-0.3623100641844219,-0.24798437871641452,-0.049038959447714775,-0.9483595602882505
2024-12-02,0.23429254090042545,0.5403335442333759,0.12585602252189243,0.8534161014101004,0.5281864379304527,-0.03976785758658449,-0.6731448437378524,-0.45917504613836313,-0.41460323780937913,-0.13434203904985031,-0.7702083610354374,-0.3945287153394235,-0.28278873429605317,-0.05411329716896801,-0.9526745067186777
2024-12-03,0.24073478567881545,0.5308676437478487,0.10502891973264933,0.8446484844912232,0.524740256614249,-0.049103579105483686,-0.6683741671726829,-0.46867541131152557,-0.438811803462491,-0.16855217839730569,-0.7878845916564277,-0.4072257118101285,-0.27859435634398905,-0.03553438605294079,-0.9703735533449628
2024-12-04,0.2450058139667151,0.5401905976682957,0.09925536960538761,0.8229670865953307,0.531332151467057,-0.052261427520757714,-0.6653176757853481,-0.4585111424910593,-0.4595408503008096,-0.17677755163751474,-0.801899888868058,-0.42644467321350615,-0.3279154196828495,-0.056439324708680544,-1.0431723112731879
2024-12-05,0.24912573557889367,0.5364789827368763,0.08644313883744481,0.826385456264392,0.5326000053512319,-0.029738312802402633,-0.6874588305808831,-0.4538529815279072,-0.45982839053359265,-0.18807063912274685,-0.806627802948602,-0.4157508200629766,-0.33459826499098033,-0.05517127091682625,-1.0666728594229975
2024-12-06,0.2429943331527245,0.552311732466104,0.08965743255885605,0.8216631948629907,0.5194055520502607,-0.0396388806242918,-0.6886208387781293,-0.45792657085078325,-0.4502744983371064,-0.19011085742901468,-0.7950592642905647,-0.40511526805851833,-0.3558456462271248,-0.0721289406638285,-1.1177281906247447
2024-12-09,0.2488975271054768,0.5519990963547909,0.07795044037808935,0.7817054882229473,0.5159630498554328,-0.06308202888625439,-0.7097629651916425,-0.47610614074268054,-0.4775063929343863,-0.22295742399324278,-0.8127457570440864,-0.4215812836634042,-0.3563790034718143,-0.06524416795372759,-1.1154180000034026
2024-12-10,0.2459387170940141,0.5458072078694536,0.07600389659747087,0.7587401062132393,0.5168198440813032,-0.06006785856809668,-0.7033760790555248,-0.4210806271549684,-0.4731926574463507,-0.21657053785712507,-0.7979555635897051,-0.40402102312946264,-0.35290126228583507,-0.03963673090795078,-1.1143031419689111
2024-12-11,0.2366030200286039,0.5426904852990966,0.07299450989645839,0.7640980353754461,0.5338087448770681,-0.05044556314092638,-0.7072371180733381,-0.3865193429863286,-0.46590760598431746,-0.19649111478629255,-0.7783414900463264,-0.39439872770229234,-0.3257114177021814,-0.057641786009819285,-1.1364140256494508
2024-12-12,0.2484583024437435,0.5428488161076825,0.06676299562953936,0.7492827712597465,0.525740717151802,-0.06345682771144681,-0.7271363255012764,-0.4116475371842113,-0.4690238416108823,-0.20305820267213232,-0.7845730043132453,-0.3660499134462364,-0.3196147877290258,-0.03998578163392963,-1.1446315886077547
2024-12-13,0.25430687203699853,0.5535003132184263,0.06365937042550424,0.7759587816245129,0.5139321931530385,-0.1004469339130089,-0.7633811977016033,-0.4236429589962224,-0.4830290377320968,-0.2236333663808977,-0.7934220922315618,-0.36133571955046073,-0.33127746339040326,-0.05052603827575253,-1.111212266638145
2024-12-16,0.27206866138740177,0.5651964163684127,0.041309944254333986,0.7100165570793564,0.4476809861219249,-0.12996601685768866,-0.7453558995307248,-0.46602902087100867,-0.48809174019680157,-0.24702744103997065,-0.80689704302975,-0.37113156650691653,-0.34727065854054995,-0.045322359518571304,-1.1334571248531142
2024-12-17,0.2637599271256666,0.5504480112932142,0.046598869592025305,0.6928671470680574,0.45655248543084587,-0.10033960184739177,-0.7258863032377669,-0.4768120044613617,-0.4897873676605766,-0.25453358992158565,-0.8161679668985335,-0.39568335837521235,-0.3357151315299892,-0.02792891050549931,-1.1087017016769998
2024-12-18,0.2664952422701405,0.5627333927648854,0.07829610690578581,0.7396891042779357,0.5093759673851936,-0.09631868818535255,-0.7232777486538554,-0.48763693249705137,-0.48445827700948074,-0.24212961623164064,-0.8048722870935789,-0.38937498242187013,-0.29654755248481635,-0.047885904316750494,-1.1341261506290856
2024-12-19,0.2628306509249656,0.5729901075935955,0.0968516048021455,0.7542655195464982,0.5435089389623489,-0.09660687582414926,-0.7267512812456747,-0.4666620673526862,-0.45655248511573454,-0.21329649626755853,-0.783741350902272,-0.412454533565346,-0.2971142818245131,-0.07865487451257,-1.1812581708836447
2024-12-20,0.24814696403676928,0.5695846455979079,0.11954880169847598,0.7771400244229942,0.5474569531197321,-0.0815732797488708,-0.6853977532928108,-0.4674648717501247,-0.40982241277075737,-0.1664953308523603,-0.7503038806437761,-0.39576616812674453,-0.26840487118101103,-0.07665626855642713,-1.1751979013063716
2024-12-23,0.2646482601675389,0.5623948344261729,0.11788199534200022,0.742460941452957,0.5378374134615289,-0.07621544747609799,-0.6545480197733623,-0.4001912761796337,-0.4599294782732814,-0.21771854869573626,-0.7987419173987651,-0.4124347626033531,-0.25535706097855776,-0.0971590966196896,-1.177408500481677
2024-12-24,0.26396892009419837,0.5863321056464825,0.12121063402726617,0.7287095464687493,0.5371580733881884,-0.07689478754943851,-0.6341739096219295,-0.3959323266935254,-0.45524276942549136,-0.2035577825931099,-0.7860988009752445,-0.3964316792990096,-0.26689520956283475,-0.05902857139307874,-1.1438448028145332
2024-12-27,0.2673311953293256,0.5850965673830734,0.10403854251338901,0.7274740082053401,0.5014676034914956,-0.08157270228426128,-0.6110179603432202,-0.3923485706200209,-0.44353960124302216,-0.20803485940849906,-0.8057864318217861,-0.3890078764994917,-0.267695862885376,-0.06291212175230709,-1.1431214317650498
2024-12-30,0.2710104785880122,0.5796433484196992,0.054096696692677804,0.6823631272945946,0.4656308901275523,-0.10232734855590109,-0.6235333437866499,-0.4080873294884969,-0.3794247258087692,-0.17650040734404004,-0.8021071485630995,-0.39468305589995434,-0.22667897597660883,-0.0721952959382326,-1.1463150915054134
2025-01-06,0.28894368046711105,0.5826975092706701,0.04727206394243594,0.6809222920658594,0.4662724575411681,-0.11656738681515424,-0.5764010214986922,-0.37442103226253515,-0.4263938339581448,-0.1952860614744732,-0.8296364397842049,-0.3950120975213078,-0.23986136308064038,-0.07992949576563327,-1.157169147748715
2025-01-07,0.28898997810203414,0.6311074366920046,0.051047310847168126,0.7019592315066949,0.45141303162018315,-0.10458863727215734,-0.6062915175332146,-0.37880921009601354,-0.383943286256031,-0.1625228514329062,-0.803224104266822,-0.40838499712981596,-0.1810538366685654,-0.07680730499110555,-1.1956936413936625
2025-01-08,0.27698518865320276,0.621272287146047,0.06141487980001492,0.7081339542269333,0.47398649339244914,-0.10073570926901923,-0.6220936930503064,-0.39622117839973947,-0.38460779778980564,-0.16205095518269041,-0.8020902746709877,-0.3642964980864572,-0.2005861679197025,-0.07281984105693284,-1.1783050112067308
2025-01-09,0.28648371669562744,0.6027106870898696,0.04658058329077186,0.7179570996449448,0.4634576677638288,-0.1369638115823653,-0.6388315887553542,-0.42046964059708003,-0.35101536973583203,-0.1337546723575148,-0.7815839378117128,-0.37142744150721585,-0.20407726934099696,-0.07932700416877242,-1.170789225527447
2025-01-14,0.28668560805472626,0.5797818055859201,0.041583399064830384,0.6998275523402315,0.49727967019816016,-0.14705404862235597,-0.6202259907603209,-0.4084165475869598,-0.32189670236194456,-0.09336203496314505,-0.7498181327218656,-0.3887864231714635,-0.2807133653276219,-0.09925671968786398,-1.1818368285532266
2025-01-15,0.27597183606402426,0.5953716250109038,0.05407246754565748,0.6757829259439732,0.5097687386789873,-0.14890205499730289,-0.5726456425744721,-0.415405254457677,-0.32454624542733557,-0.09596887703099474,-0.7417794377648173,-0.3800148045359929,-0.2839937033019994,-0.09110454918292729,-1.1693477600723994
2025-01-16,0.29041993005412536,0.5943897281429386,0.03595133509941856,0.6672177699024661,0.4888909359047263,-0.14636766059942322,-0.5391873167358215,-0.42650475258624365,-0.3444710834302016,-0.11169274459316289,-0.7677763084111654,-0.39132574994172964,-0.30016731525376816,-0.11471259868798983,-1.1650470036877052
2025-01-17,0.2985765387347746,0.5951051521082751,0.02632329351510948,0.6800731665876283,0.4393927659985874,-0.1516945954300941,-0.5814188782615977,-0.4308085253966193,-0.3423427351684737,-0.10792549616586505,-0.765966712838425,-0.4077639785665409,-0.31040068150441186,-0.1129445272472751,-1.1729126165934491
2025-01-20,0.29346005706999867,0.6254953353939441,0.02550791860397189,0.7016248765307077,0.4502765899361877,-0.163878201026891,-0.5940825567749433,-0.4369481690816903,-0.3174605839351373,-0.10748642440932896,-0.7587155624167439,-0.41848275054066714,-0.25627433497201224,-0.10054068786258372,-1.08953603453409
2025-01-22,0.2971366496708965,0.6445231871099376,0.020163194486941427,0.6876018844822019,0.5349439630553945,-0.17709624321535797,-0.5738569685292327,-0.4435127626319545,-0.3387811585647177,-0.11538030481191205,-0.7683429029487681,-0.4132674764190084,-0.23267592889194263,-0.0793847103277433,-1.0862181787961867
2025-02-05,0.29474313694397725,0.6536036106929639,0.008678655781661437,0.7056739961692787,0.557882451573728,-0.18082540738337835,-0.6093499860418714,-0.44468118639362,-0.3353971756162857,-0.10798050624377425,-0.7737413200241816,-0.4254787895316403,-0.4177516150648465,-0.08377517585482291,-1.106872112683976
2025-02-06,0.29256685372768393,0.6438321980694299,0.010976642339333764,0.7470895578788694,0.6430442181026357,-0.18343923041188093,-0.554932966988224,-0.42540328214017087,-0.27633014012984486,-0.08271909483029477,-0.7552480156180529,-0.4115687416892067,-0.4567822882923997,-0.06440686993149708,-1.0950523298401784
2025-02-07,0.29458570646749555,0.6584286577977074,0.017370856102959353,0.7587850033991497,0.6270612289033703,-0.178276355097741,-0.5544626241442717,-0.44364752548231395,-0.29179104885614027,-0.07469566082664153,-0.7561774523110423,-0.4240495771647503,-0.44858526365884566,-0.08343803507440006,-1.1157978416353473
2025-02-10,0.28632591839926613,0.6801914840014188,0.04883628835286313,0.759203766044869,0.6548042061788726,-0.18067089159847233,-0.5374583848670432,-0.44229418621364586,-0.2914599020324107,-0.07262228897623746,-0.7439471429989257,-0.3796011671174035,-0.444814785764835,-0.0847962391174314,-1.1206729549040013
2025-02-12,0.28131661387552176,0.6722201845714474,0.04429341499663586,0.7632446158572738,0.6325276978998149,-0.1969146515607876,-0.5794027121896602,-0.454253704139399,-0.26645801314180273,-0.03286929290071117,-0.7176260167264368,-0.3737666078597468,-0.4576130428118781,-0.2010044815439665,-1.0577049532589364
2025-02-13,0.26748691438433037,0.697286850212581,0.06512925988017376,0.7723404439402556,0.6291626529158149,-0.15360288392820212,-0.5418674035350595,-0.4199373085792305,-0.30425895707572687,-0.06583135542786206,-0.7437375184963201,-0.3784640732898956,-0.4188952781305789,-0.194194353097936,-0.9928692261963934
2025-02-14,0.250181519402534,0.7339408132013772,0.07152202782921552,0.8055180697401905,0.6712234155012997,-0.15478750284626736,-0.535030498856806,-0.4072678158524216,-0.289922949413404,-0.015877578208485177,-0.7279529483718519,-0.36428295293508656,-0.4286926869448843,-0.16815019143865764,-0.9114360611163641
2025-02-17,0.2583727086665806,0.7358187073495727,0.13351966105784185,0.8080979428255207,0.6391872195847342,-0.18183577858019492,-0.5501502159611147,-0.39089682988098945,-0.29885229308949035,-0.037503526428360634,-0.7456599324368216,-0.3794026700393953,-0.463818502924651,-0.16895208281059682,-0.9487648948824086
2025-02-19,0.2518649334112386,0.763272078891954,0.16703459588909508,0.8107224016312213,0.6224187411227193,-0.1637072281163315,-0.5157771486883658,-0.36440485090919555,-0.27172227800641624,-0.006548521610868496,-0.7138428233872145,-0.3456337024414311,-0.4435137431600902,-0.1495870706680103,-0.7972092032809941
2025-02-20,0.24760118077060506,0.746185513530474,0.17578256893910033,0.7892420052339764,0.6075950384669537,-0.17817237547401382,-0.5073580109055189,-0.35006228768375647,-0.28515558533537166,-0.019835274114962886,-0.7045402309784505,-0.3458046907185108,-0.4617447861178506,-0.1520888694045355,-0.855165411464248
2025-02-21,0.25111056560254724,0.7442233613437921,0.17304585241562737,0.8097297463742996,0.5866016170950208,-0.1575658611910487,-0.5176419148657021,-0.36034619164393966,-0.26243646758091166,0.0028001373845865096,-0.6942048868870196,-0.3595191050418511,-0.41674227463989355,-0.1496892525451738,-0.8511660830997438
2025-02-25,0.2442661263504145,0.7589956294971965,0.1887763565832254,0.7949969660195626,0.5877114626913216,-0.15332274839338464,-0.4810139743340601,-0.33884131379848226,-0.26654899489494177,-0.005067118592569697,-0.6907801423344537,-0.3493304066655117,-0.4515754889251304,-0.1508791244399342,-0.8636519248069403
2025-02-26,0.24398967761451856,0.7483091482160897,0.16850416185004508,0.7899922691968293,0.5620875252232467,-0.18970255659356175,-0.5035937412625733,-0.3534154772135545,-0.2740454919983005,-0.00396147291670923,-0.6923719412715488,-0.3648800117188841,-0.4333233080764042,-0.16641751420223821,-0.9228383314101027
2025-02-27,0.23998266664242662,0.7373749259402628,0.1680413295731059,0.7729941713653424,0.5785167413952342,-0.23628244100997903,-0.5246574982446557,-0.36764451470110915,-0.28375927244677746,-0.015233247454166043,-0.6971161133432101,-0.3551531068749738,-0.3545959511478778,-0.1322237231812401,-0.8850052008935968
2025-03-04,0.22720803723794264,0.73529809136749,0.18303749625481286,0.7945502733606811,0.5950106641497761,-0.2336501421938907,-0.4798892629506698,-0.3606165634408838,-0.26261093869592445,0.011300762790998176,-0.6756212466173234,-0.3481251556147484,-0.39754881710261314,-0.16532692339342506,-0.9205918225333132
2025-03-05,0.23491339965286046,0.7353223228708672,0.17884543805808623,0.7824530551108895,0.6160071678644974,-0.22396000508316327,-0.4772802378926892,-0.30337905072789395,-0.2768267758708952,-0.004598143301976887,-0.6886166006486705,-0.36943896299802836,-0.39159280483537046,-0.17103129646051005,-0.9966999901339089
2025-03-06,0.22696297082817557,0.7421870073046963,0.18571012249191526,0.7747895888096057,0.5857322365626787,-0.23888267600985313,-0.48512179676663236,-0.3256426111537378,-0.2526160444733352,0.019091000490106536,-0.670139455953922,-0.35703406419396383,-0.38687741342974225,-0.1486021010047347,-1.0145162198644673
2025-03-07,0.23311687673993226,0.7270311165589469,0.19186402840367195,0.7760535469948378,0.5864660647512536,-0.24603272263528236,-0.4901411208381774,-0.3403954082996494,-0.2643384660233579,0.005993668525752727,-0.6801004820384942,-0.36199145207634753,-0.38455591633830283,-0.18031836116640743,-1.0112496820180372
2025-03-10,0.23131966212414934,0.7229498498010011,0.1771750628271433,0.8006640341130998,0.591658453407878,-0.2319513724970793,-0.49246755543866705,-0.35143048786821096,-0.2671354453635155,0.007360637931919989,-0.67852474139303,-0.3567990634197232,-0.33546471105085957,-0.13629099207325668,-1.011372628996055
2025-03-11,0.2213224887417618,0.7088309821756884,0.1865399772861513,0.7986754563008158,0.6185539455515481,-0.2459851363144006,-0.4979398898774283,-0.32991946430485664,-0.24836997408318306,0.019549932924392277,-0.6610952207436764,-0.3412334628567308,-0.3602555206524789,-0.16423416442993757,-1.0289478698516807
2025-03-12,0.22933151487865266,0.7185320404027399,0.19723360225808206,0.7893282809023129,0.6132362505169706,-0.23275798872780729,-0.5150390332736607,-0.3392666397033595,-0.25825135657493925,0.01335020032170342,-0.6695370288761604,-0.3266163817595836,-0.3696026960509817,-0.20380132014708974,-1.0458498338785729
2025-03-13,0.22009366046001566,0.7233699507648937,0.18745271779590988,0.7888298172184457,0.605871928192425,-0.259449297535922,-0.5124641642203682,-0.34760791599686475,-0.2628133982690499,-0.002461130350940255,-0.6771791096581554,-0.3159493212593958,-0.3239192431126324,-0.17965285009043014,-0.9870374569299349
2025-03-14,0.21356648619579344,0.7070795870144644,0.18308931062331346,0.7805476523181587,0.5931764782343605,-0.27379109479544206,-0.4971289226134213,-0.3406328636856729,-0.24502648505846164,0.02597927883930723,-0.6564157810879764,-0.3162393796652493,-0.30512167763462666,-0.19805048193615005,-0.8510194994004431
2025-03-17,0.21814044177886643,0.7162487742944093,0.24334448373306355,0.7717085503099135,0.5904976512992215,-0.26657047400640677,-0.5039600406780524,-0.3474639817503041,-0.2539990078567284,0.018448592465564573,-0.6542296436244821,-0.2714115835514011,-0.3158327074599964,-0.17275452053598078,-0.8431907329689818
2025-03-18,0.21692568685543656,0.728222111492155,0.22106435416500636,0.7668213492179925,0.6027548772669418,-0.2688253081485942,-0.5108552257135874,-0.3553937337549291,-0.25581613091004035,0.01574329513680761,-0.6593311456231833,-0.27830676858693615,-0.29632443527061875,-0.18067022745160352,-0.7841190509228995
2025-03-19,0.2112192569232772,0.7265781849755613,0.23123594365160377,0.7677515909123542,0.5865462688064695,-0.2877144313927295,-0.5006836730728128,-0.35593752494714537,-0.25086657704811754,0.017880999709830092,-0.6542770334797914,-0.24874757657310978,-0.2923422901037956,-0.16865915465199433,-0.7611509601589082
2025-03-21,0.2054766941609676,0.724847686524462,0.2240728681806164,0.7703319136643774,0.6048857726017274,-0.2756154858426515,-0.5007741324246792,-0.35561467526422386,-0.26379646388798716,0.0009096120959471432,-0.6649991748041175,-0.216592887464604,-0.3282492371122834,-0.16881032962909848,-0.7602634748119181
2025-03-24,0.2101007472128516,0.7263613440626121,0.21000486378783528,0.7558694617795506,0.5905390867791888,-0.3033267576121175,-0.5233361887288231,-0.3624431183745326,-0.24983925320037245,0.012443989088413432,-0.6594539074564458,-0.2316094559457371,-0.30823663196006645,-0.16418627657721446,-0.7431962438461852
2025-03-25,0.22094427883882795,0.718855699732554,0.2024992194577772,0.7391942534292127,0.5830334424491307,-0.3155382638441741,-0.538747003407875,-0.37414606370987447,-0.27359651150207914,-0.01150637125538273,-0.676210286232251,-0.25075278764799014,-0.2933208873808966,-0.14828103823844052,-0.7523520913520887
2025-03-26,0.21137114493694759,0.7256462031783033,0.19929783182543187,0.7428393698782492,0.5753710356074448,-0.305569224505012,-0.5461358684690625,-0.3746187701247311,-0.27551957136249167,-0.01314022292096656,-0.6774914434553589,-0.2237691823251206,-0.2832840719158336,-0.15730503151658307,-0.7525987794497605
2025-03-27,0.20262344149824124,0.7081541649451638,0.1979873575525346,0.7267579225051524,0.5782322244512171,-0.3152539649626981,-0.5771761596430234,-0.3840919202443749,-0.25794990521053773,0.007808568442589259,-0.6579633186032496,-0.20331867621849709,-0.30607657275779426,-0.16024976673272293,-0.7714040590740627
2025-03-28,0.21236084037837732,0.6850813373471001,0.20628550691623426,0.7128932854473835,0.5998157083573596,-0.3533010587104378,-0.6259734738925206,-0.3998205088524356,-0.24609923178990237,0.014988899735388639,-0.6531164652990133,-0.2076058443070638,-0.3347206074076655,-0.19944550150040447,-0.7468803973069533
2025-03-31,0.2101319212844467,0.6768543865746826,0.19338558337571038,0.7046624858151508,0.6660119095629102,-0.3783207551125808,-0.6864603545019292,-0.46117780242431466,-0.22831143079946323,0.048214933729610165,-0.6177438142575257,-0.20539790585907486,-0.31781102600172306,-0.15764621209853552,-0.7432774287303678
2025-04-01,0.21897334008353403,0.6934661849929813,0.1978065484390698,0.711559945223192,0.6368158734873772,-0.3752907486186029,-0.6898493039040403,-0.46462632779722,-0.25643713207914837,0.022613725248710415,-0.6446409915851212,-0.2160847721013304,-0.3289943302116458,-0.19868761398638557,-0.7711174463274479
2025-04-02,0.21600468405490508,0.6892682424919467,0.20879306022365396,0.7249277368945767,0.6400303183653382,-0.36571107441765854,-0.676308467090517,-0.45707595884374286,-0.2507350703923551,0.023627610593047077,-0.6473756280478915,-0.21693265677082782,-0.31807743522136994,-0.19677084168825948,-0.8014580795081442
2025-04-07,0.21290981464652986,0.6889159190841437,0.20763863400951144,0.7217175393937465,0.6366996371516997,-0.36858085617800695,-0.6796391444885421,-0.45947778436765574,-0.25416271856084993,0.020464297930138237,-0.6502806615043621,-0.16798033430446457,-0.4221732319464366,-0.15789255192701732,-0.8216236178452068
2025-04-08,0.21543380242246937,0.6764582553356615,0.16240774105397618,0.658552921700883,0.5733298821981734,-0.4319275503372576,-0.7434216493051568,-0.523258831383368,-0.2437016835537689,0.013877629032944774,-0.6450277738101365,-0.12136672720688442,-0.25414318524635227,-0.08450286750545627,-0.7948396198610976
2025-04-09,0.23631006470770463,0.632881009902526,0.15842355282669415,0.6785642039677048,0.5603660846988269,-0.47739692947156953,-0.7890446172527031,-0.5675406600612668,-0.14872757345466683,0.10375054653881463,-0.5614545264468865,-0.07114958391616996,-0.26124794568015997,-0.05461085788453461,-0.8116624463667931
2025-04-10,0.2425970382160696,0.6397471606955238,0.16160992607544122,0.6844170931914795,0.5659280587088491,-0.4710474765745234,-0.7828908855614831,-0.5609715493803431,-0.20925095986780487,0.03929252907011238,-0.6243924134326666,-0.09741635282881281,-0.20690766781271283,0.04350259154247854,-0.728227085321651
2025-04-11,0.2448313894022331,0.6736209169242956,0.14333606217611833,0.7076281543035398,0.6333450973188162,-0.4869348041311153,-0.8162950405131834,-0.6155299513057162,-0.19412653570682736,0.09975618677808373,-0.5997081975441203,-0.1463707681457652,-0.24455862151954372,-0.10124207421928734,-0.8354084873424049
2025-04-14,0.21826687378403015,0.6594425377858635,0.18001756079521514,0.7345922622418498,0.6719984964803913,-0.407563647984332,-0.758598910032552,-0.5802145728612254,-0.19332331123985713,0.09444787473168206,-0.5929466985534922,-0.12761373467447035,-0.23988265751903118,-0.06662072857610811,-0.8416723994783911
2025-04-15,0.21453955290776738,0.6643267065140537,0.1756420441697943,0.7310735463051343,0.6964579043260124,-0.3777973815401271,-0.7341085642104033,-0.5431865964499303,-0.22593422644821626,0.0649946176338935,-0.6234063543906774,-0.1380263445339232,-0.23689212806007093,-0.05787112635594606,-0.8307108847387521
2025-04-16,0.20895226538172915,0.6692747280404973,0.16005836517621555,0.722721000640909,0.7024828480246835,-0.3993644294070571,-0.7495363132367343,-0.5531367106105083,-0.2061159918680629,0.08403703147980829,-0.6126561872447035,-0.15235336786833154,-0.26840996534553907,-0.03218079819599827,-0.8338019731047703
2025-04-17,0.20621375853035812,0.6455164574751293,0.17121495398079195,0.7016204207046712,0.6993752565894537,-0.39858797867633367,-0.7473683640275337,-0.5364529326896217,-0.2009770290038168,0.08290801021319066,-0.6120853917604471,-0.13840514093402054,-0.22952751300120236,-0.08150681275173588,-0.8588722167848787
2025-04-18,0.20684246675869342,0.6387409859075845,0.15929893931625919,0.7120873923402603,0.6950646921160308,-0.39560914886414833,-0.7446604992836234,-0.5508212952491491,-0.2038839953355924,0.07136007626176039,-0.6190739071677818,-0.13768878416218902,-0.2536111167880645,-0.09562166905787617,-0.8775027375701704
2025-04-22,0.20033064404586137,0.647433913399591,0.17124862136983027,0.7148168908044215,0.6923529433579629,-0.38156962504154396,-0.7363953342619693,-0.5224109179626149,-0.1989076695377091,0.08708531444053597,-0.6065925412510389,-0.12842971309768766,-0.23913251271212657,-0.0841381382811916,-0.8657629168907639
2025-04-23,0.22383455908829258,0.678924375377396,0.18919811810047554,0.7188089526480792,0.692138367220862,-0.3336493913009594,-0.6857472622260813,-0.506151594588615,-0.2326031002506011,0.052005319656859755,-0.6496021313314193,-0.15979998360881406,-0.24839829059177837,-0.12375980580643961,-0.8748352493315679
2025-04-24,0.2216690949083471,0.6500803199800032,0.17570254837550983,0.7124781110952925,0.7559055183391692,-0.35169431486235037,-0.643720126854458,-0.5007437563800374,-0.23350777088997232,0.03473608422579466,-0.6576488675319159,-0.15160267413250916,-0.18413183569816646,-0.08836677452523581,-0.812759577771322
2025-04-25,0.22904685314777387,0.6671004572131961,0.13350747967535928,0.7224891422111903,0.712643424287202,-0.30357083701082904,-0.663741354494963,-0.48644447031013216,-0.24775481121076237,0.023800437889503395,-0.6705309085327387,-0.17162390177301412,-0.17596751890559062,-0.049773843286717356,-0.7899986338585032
2025-04-28,0.2310281893030465,0.6553545418845703,0.12540464045559038,0.7549715651252016,0.7141758298293535,-0.28293300283773426,-0.6573959950412399,-0.4679146368798732,-0.2643786538364641,0.004625854038538796,-0.6827070819086664,-0.17793298947389222,-0.18484261869679813,-0.04871814963195917,-0.8674600573813361
2025-04-30,0.2375396174014808,0.6333372762879402,0.09801175254885139,0.7456786844908324,0.7033619847382594,-0.30516933895113285,-0.6795374176323943,-0.47993024706273135,-0.2521568347412684,0.01431326302005581,-0.7373464741254429,-0.18344238992522982,-0.1673474525820085,-0.07550475913021105,-0.8759017785137785
2025-05-07,0.2450337496723521,0.6248203361906821,0.09220743438555681,0.7433671618083142,0.6875797086815221,-0.32161741496020557,-0.692859519653408,-0.47044153579285863,-0.2559464385236023,0.003946749595963556,-0.7447997053837773,-0.17909655651256629,-0.18953876528454258,-0.09312307248705531,-0.8934798820374552
2025-05-08,0.23434980829439844,0.6396231145422593,0.12439721749689575,0.7684622172364942,0.7036668343552875,-0.30293789301044444,-0.6685387925366906,-0.4545221040079884,-0.2546282311648937,0.017109253449816703,-0.7383599915659158,-0.17894616215965733,-0.15885914167752244,-0.08499531170688776,-0.8749439297044795
2025-05-09,0.2496326025419462,0.6216943824593466,0.13313666840352079,0.7561170232257188,0.6923040990305943,-0.30692539975621114,-0.6815047409765026,-0.463365788873384,-0.2896261732732518,-0.024286642713806483,-0.7752766072036689,-0.1932185239865123,-0.02000803614841412,-0.08158703042323714,-0.8594635733609586
2025-05-12,0.2478235668367807,0.6436939273464277,0.12730952396610662,0.7894933888408475,0.7418007482132385,-0.24423881554306393,-0.6339999599604924,-0.42440999784976685,-0.28626815838966935,-0.020190399731556175,-0.7706807830197382,-0.1535898091701314,-0.001200270826480998,-0.08294093733522834,-0.8498644869584173
2025-05-13,0.25083568405078405,0.6551514348307887,0.1222177462703016,0.7563106439199628,0.7010403439941656,-0.26564019913127573,-0.6623176040159265,-0.42528589963959257,-0.2980627046060669,-0.038117458678552485,-0.7949292599210822,-0.17526613392363882,-0.016506236586105005,-0.014552500243176447,-0.8244476681205221
2025-05-14,0.26032311534490715,0.6680503032170279,0.14377461168767064,0.8280343881988795,0.6851138944206663,-0.2599483726226957,-0.6738415140429298,-0.44020956020023794,-0.31438014532236364,-0.05525762179479865,-0.8106213311313312,-0.18751988540115738,-0.0034589589788172614,-0.014384956434958213,-0.8284629771960481
2025-05-15,0.2567175721705447,0.673796607247096,0.14201775860333582,0.8073013936016137,0.6395647663052866,-0.2722720975506871,-0.6761511071154815,-0.43295431571677667,-0.33441454696631623,-0.08178124254569377,-0.8306997898671262,-0.1868449118114077,-0.0012361648080919663,-0.009973359728514736,-0.8732400809823226
2025-05-16,0.25653338141101245,0.6450594373243178,0.12840759918654238,0.7980130007990908,0.6370104694812692,-0.26762655391126244,-0.6861085463407566,-0.4321478271200351,-0.3333666469412935,-0.08698801112486701,-0.84461168052649,-0.20081598009598434,-0.014700905668770192,-0.02367817914575157,-0.8770538249800921
2025-05-19,0.257157419386937,0.6252052473075049,0.1218362163567831,0.7900126502945832,0.6451172030363741,-0.2827281947959262,-0.7003446046400184,-0.44536179441352436,-0.32516877531471355,-0.10778166615453608,-0.8309537325541709,-0.2038271407213605,-0.0013325182323669638,-0.018510685802350546,-0.8572110010505927
2025-05-20,0.25093905111165066,0.6390893091291763,0.12603515233523938,0.7909559324365321,0.6450150322611921,-0.26779242520207336,-0.6810287869893459,-0.4454639651887064,-0.3288637775989602,-0.10010159708543573,-0.8223411954788147,-0.20213884295204834,0.03715467094108138,-0.042722825462264,-0.8703245400102344
2025-05-21,0.25030794053905137,0.6297290363188363,0.13023034812323614,0.7998357497357842,0.6375078619909288,-0.2609138496594883,-0.6654172616105951,-0.4399636668422081,-0.3498215219839802,-0.12276823537167025,-0.844977078208101,-0.21854951385143137,0.017456724529479217,-0.049338085229456846,-0.8883092064562217
2025-05-22,0.24831042113977295,0.6392994014148609,0.13211821680488242,0.7987687113964982,0.6369705432380842,-0.25968764500235997,-0.6925583589148746,-0.44848199511078846,-0.34916319043331845,-0.12617398163439175,-0.8520915212572638,-0.23054979687030808,0.018965420099819302,-0.07626975644986944,-0.9098401796479166
2025-05-23,0.25120919232822864,0.6227719319521455,0.14561413351332808,0.7965385541151124,0.6510976507192967,-0.2203570694684834,-0.6725547322054892,-0.4414940323584954,-0.35623567133301165,-0.14590315146161276,-0.8635111343101901,-0.238868292668112,0.02040671461921767,-0.07754095841922035,-0.9157655588212242
2025-05-26,0.2484023890422649,0.6385997420370287,0.14256723186708684,0.7915108136628858,0.6603988445033263,-0.23404887914653555,-0.6767221871407816,-0.4227958294399406,-0.34598764449090946,-0.1245395367464529,-0.8559099071874812,-0.22432907309866623,0.06127880741115252,-0.09598227010003488,-0.9350408577453463
2025-05-28,0.24948054698621192,0.6411348041500702,0.145857600496118,0.7905185658769232,0.6567220813607659,-0.2441320429881759,-0.7501442591724532,-0.4383691240312271,-0.3559847886962607,-0.13662408680718266,-0.8660660809673855,-0.18888755467910376,0.09869865931997546,-0.06307309688572052,-0.9114013174158078
2025-05-29,0.24996854215491096,0.6130494464459542,0.14634559566481706,0.8086877339513345,0.6824271466197742,-0.27612944595621836,-0.76384095589961,-0.437881128862528,-0.3360369140510283,-0.11072173747042371,-0.8372154422818483,-0.18482806927700202,0.1271414478506576,-0.08505787144210708,-0.9197109546251511
2025-06-04,0.2682296583117666,0.6376085657650703,0.14468640731279014,0.8074120603569249,0.6673817143941321,-0.2893551972712495,-0.7249475642430808,-0.4142844458110099,-0.346607813739017,-0.12301293938807892,-0.8487555924656928,-0.19035762651142513,0.1126139970822696,-0.0669308582925777,-0.9152117198055028
2025-06-05,0.2736750947503064,0.6314280221395898,0.1546624404703172,0.8200302697609109,0.6687236656166677,-0.2919579506413644,-0.718071511288855,-0.4181180466833282,-0.3311811097980383,-0.10623851446870258,-0.8355566152021217,-0.17071827926127647,0.08304716720292993,-0.05899060059803585,-0.9197878785828886
2025-06-09,0.277708538685685,0.6326298687077119,0.15666396042659103,0.84391664171928,0.6666966022878869,-0.327483418293547,-0.7524761829688114,-0.43150133295188975,-0.3365409197308994,-0.10760750950925235,-0.8415233106673293,-0.16491018131832555,0.06186583810384555,-0.042378110822905324,-0.922258955199811
2025-06-10,0.2962135565060072,0.6298051045840404,0.15967009920632746,0.8379910283531942,0.697268971310955,-0.28034911438943466,-0.7260434813224623,-0.42027699576279975,-0.3748189068887581,-0.1483515592302878,-0.878968463811503,-0.19551863100979283,0.039074219270394395,-0.031721756312846905,-0.9220622344641745
2025-06-11,0.3049747136814991,0.6404424297990057,0.1571953234303432,0.7883803096573937,0.6982176879130214,-0.2720269117329808,-0.7135635321682209,-0.33538207021300515,-0.3874893977744008,-0.1568477072404064,-0.8846249350426193,-0.19396041463676028,0.0591462725821133,-0.01314677358437466,-0.8570355976369508
2025-06-12,0.2983963829590407,0.6451451695704693,0.1653404876805578,0.8015379775166026,0.7038968056189444,-0.28240075344598403,-0.7189625769896326,-0.3305210203549101,-0.3849325951948038,-0.15766352705248818,-0.8776129497193357,-0.1925154846046249,0.043635931072424194,-0.011378907794485471,-0.9143955869430112
2025-06-13,0.29362565928946865,0.644434065583787,0.17117447261999497,0.8261140733383485,0.6898480719141806,-0.31567930805624805,-0.7416104775018024,-0.36224955653312807,-0.3821179664565728,-0.1578834783089465,-0.8770371756525848,-0.2032021822749353,0.05210848853955996,0.0017475156406366321,-0.9003654780330388
2025-06-16,0.2898042349649602,0.6558774400509801,0.1913402560715156,0.8369629196966151,0.7022065839836048,-0.3097683158557616,-0.7082303065091216,-0.3623483827224796,-0.3798200917578455,-0.14821802437423642,-0.8737066339279985,-0.22120558338956295,0.08796901974020122,-0.02203518690075279,-0.9301225238748021
2025-06-17,0.30182252020675115,0.6690498798614163,0.18403412283871512,0.8345229389120535,0.6886308519416063,-0.3317446240311488,-0.7338856277529565,-0.39632275347413687,-0.3886929426812546,-0.1403739244432349,-0.8662816090958663,-0.21290004359387424,0.10223333174383864,-0.0015754720864497584,-0.9080723223269658
2025-06-18,0.3048329515039627,0.6625366822773414,0.18506811269135043,0.8231435888797397,0.6795988084960591,-0.31874505196103703,-0.7311821807153761,-0.40283595105821174,-0.38212173322578413,-0.12759124911764538,-0.8649516057232174,-0.1905731818843904,0.1160311156834053,-0.014465968130850049,-0.9116967616491632
2025-06-19,0.3016197054230816,0.6648569227497725,0.17817931099795725,0.8193643876630553,0.6725644053900887,-0.3322330244970043,-0.7384591675639753,-0.40111147629980554,-0.3774004897201433,-0.12294608144711128,-0.8613785425386253,-0.1847314467489427,0.12744306736985428,0.0034265765490354427,-0.863136128019091
2025-06-23,0.2822144110529696,0.6963427418510413,0.17706769534602318,0.84364747786265,0.6895286058184322,-0.22259024588860232,-0.7005959548700469,-0.3783194723033656,-0.33308438150762115,-0.07321517918745607,-0.8300675625360272,-0.1959320179013399,0.11503528585549061,0.007887511315715523,-0.8680664388098916
2025-06-24,0.29040272208845747,0.692407392993132,0.19068875061250118,0.8569148982396071,0.7331813401921119,-0.2298451500877456,-0.6803870247723324,-0.3788677521271654,-0.34165086010703394,-0.08343214757451933,-0.8319666857598804,-0.17453090283166556,0.11326494239309404,-0.007963651646863357,-0.8836608777519754
2025-06-25,0.29843061919366426,0.7047082601576604,0.17230089094999235,0.8460742260138083,0.7492825774477392,-0.21851189510626134,-0.6867733518520087,-0.3814876142412347,-0.3428120316519376,-0.08260042042749227,-0.8351277526822134,-0.17223495003829112,0.13715572860631708,0.015163084233940471,-0.8322959153458152
2025-06-26,0.30034439807718905,0.6986865746126533,0.1657575141993861,0.8240016560880529,0.7195923841301867,-0.22126017894238786,-0.6850870437774812,-0.3924567081890907,-0.3534179325615816,-0.0970211036364445,-0.8488650716103555,-0.19309082037045575,0.15244916768915068,0.014797406652278466,-0.8506869080525179
2025-06-27,0.3010914066375612,0.6782640040579039,0.1656593018351022,0.8442058790941117,0.7156990788514231,-0.2339641277208958,-0.6934149409668988,-0.3916441874927204,-0.3380797654883853,-0.07454453846613052,-0.7569460765639605,-0.18095168184575938,0.16768839429856452,0.018962870514542818,-0.8411572273657821
2025-06-30,0.29685501555598276,0.6759125160404496,0.1763198013010983,0.8296739954632404,0.7157471089936864,-0.21069789184067578,-0.6834136937325455,-0.39495108137508883,-0.3209492525414085,-0.04988881668723477,-0.7285320901676313,-0.18308020072783884,0.17617472969950537,0.032001075584614846,-0.8182926218667945
2025-07-01,0.3068783422563795,0.6489728986732763,0.163032263794827,0.8261425581317328,0.6891791083763044,-0.2416850343282701,-0.701175506383814,-0.4070444207911589,-0.325959905345511,-0.05230671015792071,-0.6766626149599585,-0.18970104050347106,0.17042136563002225,0.011119684669093133,-0.8444435398708563
2025-07-02,0.30581391699653215,0.6571104155398416,0.16954367606966325,0.8299207205041867,0.7274382913607786,-0.24274945958811744,-0.6800660322799787,-0.4057251799067827,-0.3466445141025157,-0.07720500816703807,-0.7418945082721866,-0.1808480522314022,0.13305298765902812,0.03313141180340551,-0.8256177729270683
2025-07-03,0.3044401069699949,0.6686523148800976,0.1933139513213793,0.8618683015111306,0.73677293555046,-0.20504607671044145,-0.5931440016132586,-0.35132880822205065,-0.3460333081405539,-0.07923038731891519,-0.7498463547954961,-0.13865625636778933,0.1547475976866617,0.06462417846840968,-0.8749676501609543
2025-07-04,0.30715419745796674,0.696583647868148,0.18586547383141738,0.8645182868630306,0.7351847700749516,-0.18922347631616684,-0.5698316974086364,-0.34401684536386945,-0.3477088170830654,-0.08380443977570548,-0.7625551137760402,-0.13921217743186212,0.1647373258055862,0.0687922382688056,-0.8401578707061896
2025-07-08,0.31012136653731953,0.6925821910025738,0.19632335784871607,0.8297451815288159,0.7120066504062246,-0.17759823057036755,-0.5549359729361356,-0.33990229936243505,-0.3266960572881466,-0.06847421775548018,-0.7514907790707713,-0.14111909262617112,0.20378059200750592,0.035575020144187286,-0.8592190040626959
2025-07-09,0.3119982391036494,0.709423169657786,0.20746827719423316,0.8414534292421025,0.7295209778183234,-0.13041728204360628,-0.4680442711324713,-0.3078891516755547,-0.34512549393735004,-0.08657336048288441,-0.7750911883809279,-0.16487968610929715,0.17051695077744888,0.05855437164734567,-0.796778438081592
2025-07-10,0.31377798039856447,0.7256804906548584,0.19276276022179278,0.8291868975935144,0.6999597233906085,-0.1013498883733778,-0.46822825429892184,-0.31855470789663937,-0.3554963681630403,-0.09593102046611743,-0.7814195918550702,-0.16234751526645946,0.1460807900247736,0.049390279174451546,-0.8105098506231894
2025-07-11,0.3112351156462498,0.7231376259025437,0.19390316222426635,0.8413142722015006,0.7013721167893734,-0.11591699300800148,-0.43913407379009334,-0.3222043119356249,-0.3451242712362885,-0.07584943661770491,-0.7677184372232421,-0.13899887721520454,0.1259964265851476,0.039111278285953344,-0.7969711517529354
2025-07-14,0.312677756992927,0.7190855303344548,0.2035711930206795,0.8127411715909563,0.7086853480614816,-0.14270849605857694,-0.44008018577701224,-0.31731416618186753,-0.3424138681285723,-0.05892203892903686,-0.7667681794399058,-0.13459933514054528,0.12941730764223863,0.04373826422784599,-0.8074811565983528
2025-07-15,0.31655996194759933,0.7227401966633473,0.19384771376737248,0.8424316366719702,0.6963302363426704,-0.05712184763267575,-0.3567132940584401,-0.23192905360072175,-0.34497748586270277,-0.07448550933697168,-0.7856427002872952,-0.12530479097359531,0.1567410085136744,0.00900184685346267,-0.8227685735688937
2025-07-16,0.3253953117133115,0.7170348024288533,0.19937126347564982,0.8897624874727847,0.6713715125331503,-0.03997417317223945,-0.27186924978864624,-0.20822634928296804,-0.3554869666646899,-0.0718615607946998,-0.7845021203283205,-0.11875023351757202,0.1375649602609817,0.011173852307515941,-0.848234132415532
2025-07-17,0.3223457109330682,0.7172910708921173,0.20351597988247105,0.904812916810022,0.6842585093680155,-0.05789403236840812,-0.2924119851399798,-0.22107995015983214,-0.3475817455075377,-0.06952240184042818,-0.7845229500207799,-0.09135617536081772,0.1389019985138048,-0.007300334130645736,-0.8613693060421341
2025-07-18,0.33262089499565006,0.7220505007988978,0.18471411744795163,0.8751053414450864,0.6857402111551825,-0.0732539229286957,-0.2981544782630013,-0.23762577704786964,-0.3600730503186974,-0.08459086182468156,-0.7890988026105581,-0.09698468275376132,0.11122104189996901,0.00022040926014327278,-0.8681406711203374
2025-07-22,0.330300184207386,0.727389487760584,0.18544493140265456,0.859284544339858,0.6772786209211574,-0.0962026658874246,-0.31314449433038,-0.26143133497232085,-0.339579957469076,-0.06319422242073908,-0.7728745814826847,-0.10866840272631684,0.11911054429309198,0.035693363643110654,-0.8460143622499758
2025-07-23,0.3292017543392952,0.729524750225264,0.18565243667808906,0.8494934099997904,0.669628906543422,-0.08741021250171349,-0.2765968383954085,-0.25114554099296227,-0.3606034121608718,-0.08210580864139944,-0.7595448901178878,-0.11691160917360391,0.08787962021602164,0.0011587284902805917,-0.8611600637966943
2025-07-24,0.326843316052294,0.7401114955610046,0.18329399839108784,0.8736852223882223,0.6685922688312982,-0.08219286575565549,-0.2587526246436277,-0.2535039792799635,-0.3431707494268547,-0.06532857665585368,-0.7599596342183936,-0.12531230776446461,0.10294657625672154,-0.0007348736480172202,-0.8528186352917676
2025-07-25,0.32724340108928124,0.7275663969752497,0.19086261416238276,0.8520093522771632,0.6610348009199962,-0.09317808973045533,-0.22740774568081706,-0.2826626964845205,-0.33931839745607245,-0.05775187180792973,-0.7508596524220184,-0.12642847959506848,0.10590265118204656,-0.018150608874550278,-0.8897169166213508
2025-07-28,0.3251654888051438,0.7319820734111551,0.1959020941161645,0.8763647151669449,0.6589568886358588,-0.08010421454554267,-0.20756697156857942,-0.284740608768658,-0.3359546148841515,-0.025426512090799214,-0.7577614626962001,-0.06245172623966072,0.11839576934827861,-0.019282895903263153,-0.9809375143376391
2025-07-29,0.32546644272003233,0.7345613005766992,0.19068898702952453,0.8854375310525319,0.6626892360870246,-0.019738052539206574,-0.23999383391366624,-0.21739888475909527,-0.3045676469310074,-0.003706732883838215,-0.7613408952915808,-0.05054188609490451,0.10697700113030362,-0.0069075519729391854,-0.9728313711830755
2025-07-30,0.3317815838918896,0.7135889025464708,0.17953657380370258,0.8699277978008371,0.6528746421616094,-0.016705847693632925,-0.23433915042029907,-0.23803004193946092,-0.32300901171483376,-0.013782583202771481,-0.7833254686965433,-0.03375955254752505,0.11269319308649406,0.14859555568009553,-0.9971258794605554
2025-07-31,0.33266335010644726,0.7134350159261476,0.12957863939238823,0.8965996217378185,0.6587514493360107,-0.05234689065330217,-0.2517633443917172,-0.2606993450958493,-0.33975975993155283,-0.008648948683221136,-0.794715789065835,-0.05386461676515264,0.1284791872297904,0.09863766102662908,-1.003999391912399
2025-08-04,0.31324470607792093,0.6824672168935535,0.10377637847381155,0.8947220026069465,0.6611200671482222,-0.06832738885738582,-0.25504448084100895,-0.2730009170314316,-0.3321933505391495,-0.007017731747755995,-0.7743466169516107,-0.03995184816963854,0.17336105497680804,0.06444170177412312,-1.0266896044850071
2025-08-05,0.3143988334264437,0.6636893178177538,0.09180118396514358,0.8912213955280851,0.6358113894959462,-0.07660572608197708,-0.2613699210881738,-0.28497611154009955,-0.3435925057252114,-0.014576374908967737,-0.7784244792210344,-0.049061680193039414,0.20945705600243425,0.07967903391774084,-1.0288734022073478
2025-08-06,0.3014725980653168,0.6624504971209991,0.08023482951928673,0.8789515285522423,0.6107312524315668,-0.0786847603653808,-0.2722323576645536,-0.28086148688518175,-0.3282270477774228,0.012672077525918646,-0.7683887420732591,-0.05587067852698635,0.20298757048762506,0.08064565363410298,-0.985047502705212
2025-08-07,0.32575108418658,0.6594760056285609,0.07331112309323135,0.9018226217475167,0.5928184347234773,-0.08732257880854777,-0.3043434095843698,-0.2993762051195207,-0.3454067685856671,-0.017293249502123964,-0.7869422117082171,-0.054914733420017736,0.16466660339527744,0.058995352388368005,-0.9976629920108504
2025-08-08,0.32077636768252826,0.665481719269001,0.07258274310453205,0.9952814590494676,0.6017120985753414,-0.08072492773213674,-0.32853327704116847,-0.30010458510821997,-0.3627592461947981,-0.04562223166749174,-0.809410577307611,-0.037371316386372644,0.1530947826285789,0.08755030120703211,-1.0302506810081842
2025-08-12,0.31982968928477534,0.6444674998691369,0.07575976389873901,1.00145238692591,0.6062373916573476,-0.11014324612359655,-0.3518272536536318,-0.3106667222054148,-0.3542597683224448,-0.00203800882133498,-0.800495320475795,-0.03691046402964665,0.16224232685573287,0.08746792598235831,-0.9967112400504563
2025-08-13,0.32791357457834297,0.6391169583428316,0.07930666165535238,0.9856115756654154,0.5892949063939121,-0.12248308718018963,-0.3863030095804343,-0.3242325516675021,-0.3496814691518773,-0.014601305943443166,-0.8072576810475232,-0.03444473042095697,0.14856002074024016,0.12969243788560153,-0.9507811902439731
2025-08-14,0.3122880576917894,0.6411722047915034,0.08879135459084131,0.9874617671634316,0.6029420965797141,-0.11705517727152392,-0.3896087687546154,-0.3188046417588364,-0.3524398794096546,-0.010573481706928456,-0.8116723866564347,-0.03319789095598974,0.15564369838286224,0.1594524161215492,-0.9267290827526762
2025-08-18,0.3062229772360625,0.6518579333779699,0.08272627413511441,0.9992864272887807,0.6198665682171773,-0.07626489726386393,-0.31904063280210393,-0.23581794459866107,-0.3299157163052108,0.01394276930028926,-0.7853537032093563,-0.061862935276494835,0.16098087877111866,0.12190168323145767,-0.9038785239247832
2025-08-19,0.31573515660486334,0.6437635858062469,0.07148077869672498,0.9757912815636673,0.6089775018938905,-0.09233419816051919,-0.33028611585374995,-0.2578085645078436,-0.34019973633710565,-0.0064818119490138715,-0.7670342992901679,-0.056579137266018265,0.17298718021618115,0.13931692660177603,-0.9359279553471826
2025-08-20,0.30297661101823486,0.6502639159322137,0.07223180977591032,0.9342781665980913,0.5962967015919456,-0.10235521616425586,-0.3748976752491989,-0.28434443694145106,-0.2728319580785159,0.04108181233819014,-0.7293094448204225,-0.019110146690410112,0.16216023992851464,0.15669487905919693,-0.8381627520234113
2025-08-21,0.3019553039491799,0.6291927807394443,0.083506233672271,0.9623602581417915,0.597628414308581,-0.11650584509050155,-0.3771433561591443,-0.27439751428863624,-0.3171411062775773,0.012146760614944074,-0.7526853347880014,-0.031843269575064725,0.1582069793016293,0.11087703748810712,-0.9248117936814925
2025-08-22,0.29710904771518193,0.6339976035963362,0.07064688943001785,0.9593010696906461,0.6031143288865899,-0.09704937833546018,-0.34836182484805134,-0.2661144486654435,-0.24890895487405265,0.06646156681122262,-0.7008776137489794,-0.012292580167797496,0.20358207282692958,0.12824905381803697,-0.9182294476327268
2025-08-25,0.3061264822625022,0.6468940741479572,0.06203247498392278,0.9679124480093493,0.580359308972747,-0.08203522898307292,-0.294365763584716,-0.26393740157893036,-0.2661514774711698,0.03813718379050668,-0.7107621105992651,-0.03224649027005527,0.20492185533668633,0.14410931282858758,-0.8857396966992725
2025-08-26,0.3092498262999307,0.6491144035441366,0.06089137421095703,0.9958642881831564,0.5778146714548765,-0.06899171168464308,-0.29014498276289175,-0.2063709015251182,-0.26754894932660733,0.03265618524781,-0.6876385982649394,-0.05031320289655444,0.22840581473011012,0.1454556922420136,-0.8970125967159209
2025-08-27,0.3131362616882859,0.6503322590669668,0.06049588830859304,0.9834747481355809,0.612978949086972,-0.009737085661157663,-0.20460641443013136,-0.2107933868155435,-0.2864007676838913,0.01072359575420101,-0.7233371149224073,-0.054853614938742856,0.2107843969688723,0.14531492330251705,-0.913991414575004
2025-08-28,0.29923028116002526,0.6418247557926531,0.06371989691170943,1.0164552128264965,0.6192154813471165,-0.011354913725429572,-0.09789002337294805,-0.207937990297404,-0.23465631804515497,0.04182123706334989,-0.6916829170768146,-0.05749185039741134,0.24265540648723793,0.16593295515125073,-0.8820381292852022
2025-08-29,0.29936849616145683,0.6654145886192921,0.0680686259678962,1.1106223731200522,0.6233996346852795,-0.04857254452326221,-0.12465929512067048,-0.20779977529597243,-0.2415111782476671,0.13733009866691742,-0.6710662018784235,-0.055917926225635683,0.20978997565486862,0.16932055942663465,-0.8786857724005293
2025-09-01,0.3103509326698302,0.7046720658006982,0.07474993467575153,1.133202321557452,0.6124294019742436,-0.11360645778717365,-0.20830060568767805,-0.2742103505934532,-0.20398216285331897,0.1966938479190789,-0.6593301300992875,-0.07982899639059365,0.18391154494559275,0.15675876067289102,-0.8955445082747406
2025-09-03,0.30687933513636767,0.7012004682672356,0.07127833714228898,1.1395508032917054,0.6361703758889689,-0.10569274630884917,-0.2453237467636156,-0.27768194812691577,-0.224773740890876,0.22833382887177545,-0.6825333938359941,-0.0732211486223312,0.17686365765653456,0.14122627405252952,-0.9047822378690252
2025-09-04,0.3035840305664089,0.6786119830530708,0.07215845063898235,1.1198347129996553,0.6355559867593092,-0.10146922710871242,-0.27521638418996314,-0.2906391636086113,-0.28438405383866666,0.11955228405326146,-0.722733140236293,-0.07222779211352415,0.17213427650097812,0.13721687423555062,-0.9167894452249228
2025-09-05,0.3077461886842789,0.6785830608907382,0.06338419625711711,1.1647964358608482,0.6998822488280183,-0.11066315550983125,-0.27742462617972236,-0.3035714098467516,-0.2719847372210697,0.11880193409360934,-0.7060336641997489,-0.09375606001243625,0.1938973246665024,0.14466388335919683,-0.9046226326070872
2025-09-08,0.30559289788422694,0.771157095923145,0.10982343696188435,1.2173680364230903,0.7294389884106417,-0.11655476414690458,-0.2876100781543293,-0.3008820761710157,-0.2621073121015569,0.13996987674604044,-0.7081869549998008,-0.08731332915171641,0.19906398942548598,0.15681694103712684,-0.9116639509929146
2025-09-09,0.30993898178956353,0.7321066203054742,0.09340204669840507,1.2137436419893464,0.7477132243373292,-0.11784236938958631,-0.31088204173740824,-0.3085237961095971,-0.30204849569962844,0.07264924174943499,-0.7446565242248135,-0.07999968791602036,0.1770627231383211,0.1520374588679146,-0.9245333800409621
2025-09-10,0.31707455736699564,0.7305278112207322,0.08782346318322642,1.21192189260442,0.7503961789743004,-0.08430121647922295,-0.3189456821092391,-0.3029593296433325,-0.3158054385653908,0.06618982453230365,-0.7618855997366331,-0.07821583365274648,0.2464603160959622,0.14016336122638584,-0.9396523913348416
2025-09-11,0.32832777009957576,0.7147070549350767,0.10639994135243641,1.1725951541345605,0.7251296770657396,-0.07817629489342398,-0.35004364067628563,-0.31812870504892277,-0.2778700086946828,0.11098230852664853,-0.7232575117363819,-0.06817427053688502,0.32456221428125803,0.13602407423644652,-0.9271576382065734
2025-09-12,0.33411186256084197,0.7074893172150072,0.18832989338809764,1.162378932246912,0.7054795116745691,-0.07445502527339287,-0.33549934482787547,-0.31882104542531586,-0.29256399648716247,0.10712879269741088,-0.7236038000434932,-0.05150707413095329,0.3053251181494891,0.14932891379267138,-0.9438542328721364
2025-09-16,0.3471400458417426,0.7146585376092567,0.16094671112853925,1.1486831213397328,0.6947911351294394,-0.017089915904813124,-0.2529111037295006,-0.25435669959110085,-0.2802508051559047,0.11179984826840311,-0.7190656952452861,-0.02498787691186366,0.2970185014558185,0.1472445019028496,-0.9262909647076971
2025-09-17,0.3428477920304348,0.7191999160828558,0.14459106604817762,1.1501362612730976,0.6797872540576765,-0.03964665231848219,-0.2608004314401148,-0.2697454215989769,-0.27094809607379133,0.12792518040690315,-0.7169178068863085,-0.0327210912729996,0.2471107572149539,0.20634484077093185,-0.898810715348813
2025-09-18,0.3456021574302881,0.7121673830034305,0.16222146988167052,1.1522418753134915,0.6823039743558803,-0.045822096457334316,-0.2406927857091943,-0.26432850115584616,-0.2746376750516647,0.14677865836019377,-0.7227260884704398,-0.01915329666648885,0.23719737780252248,0.1777581646995008,-0.9264930849382946
2025-09-22,0.35729396927396906,0.7150195817805587,0.15379160879845777,1.149305840743413,0.702967629392973,-0.051239568086860365,-0.1843559935879565,-0.2401968128222441,-0.2626556798233025,0.15176157382955902,-0.7203506461064134,0.008177153131446513,0.2799796938671185,0.13642875874750449,-0.9711603554860728
2025-09-24,0.3592251183637452,0.7025204675804138,0.1590394961363209,1.1452310423527496,0.6808839618089895,-0.061966801168818086,-0.24398277165314924,-0.24727473367483382,-0.21096302496043048,0.2490293486902993,-0.6777036155148168,0.01833865820341357,0.2590502167081233,0.14005160814959444,-0.9492629692919685
2025-09-25,0.3508082692248761,0.70914166905737,0.16234395936519003,1.1518522438297059,0.6711686937454631,-0.05534559969186187,-0.19953721881104514,-0.236138851843351,-0.16577489497907988,0.28388035093031355,-0.6710824140378606,0.033123213245291494,0.3032688857403571,0.13920761765916428,-0.8805346526370106
2025-09-26,0.3527309007873138,0.6878084462357916,0.10721338220356386,1.1037002636878825,0.6871816911040027,-0.09045494417579619,-0.22699743452527554,-0.27451861082636203,-0.18330049838471352,0.27257544228081537,-0.6538923218660608,0.017252457053441583,0.2980481414807697,0.14956239814958155,-0.7783370404695085
2025-09-30,0.3472227530034073,0.6693567914092494,0.13983067146910966,1.1475739904478224,0.6790118410677589,-0.08316259034166706,-0.20488105863449932,-0.2603350582656718,-0.11729991454493277,0.3140370546200645,-0.6632392667155647,0.004336231741526919,0.2780721867220677,0.12249120506655664,-0.8168372492810987
2025-10-14,0.3591152513951464,0.6537684260258168,0.1048085110338865,1.1011309804626321,0.6646430836994555,-0.12840631449838485,-0.243972937441276,-0.34147524163575455,-0.17929920758826734,0.21369228704940008,-0.6583890022301249,-0.00920234068344733,0.26548491370808674,0.20230841062274313,-0.7888849304154552
2025-10-15,0.3689484204520673,0.6848486851838798,0.10376533649133213,1.1107633934373167,0.6823745702102797,-0.06410866177810304,-0.16686826563592638,-0.26587239708359445,-0.16982348016115323,0.20056123078406307,-0.6762393267350769,0.009392956180073742,0.29086720510844755,0.16623663422924773,-0.8503935293357598
2025-10-16,0.3689559602957172,0.7444009242344723,0.129434018916614,1.1809542284234111,0.6959178181847087,-0.03444407949805034,-0.18042032828041987,-0.18716048299010712,-0.1881579167003653,0.1949810729817365,-0.6897913893795704,0.023865590511761348,0.3005495656304623,0.19747063824865818,-0.8221697893387483
2025-10-17,0.3576797953546311,0.7802029673988918,0.1258537282317621,1.1625846813921075,0.697497231232156,-0.052546114903179564,-0.17140383061043818,-0.15113364252839911,-0.2302627453225533,0.10819779695903353,-0.5817516631027198,0.038485717857874746,0.2750898895328714,0.21705445098759202,-0.8179742066202997
2025-10-20,0.3641099432436499,0.7863572154903751,0.12796078782601478,1.165533722297515,0.722007731383334,-0.06971474444925235,-0.19620501876012242,-0.16518205304565653,-0.24203527883906173,0.10696344869098301,-0.6200106120986915,0.026478081980766677,0.27535214372141065,0.19631701303504429,-0.8274187316202181
2025-10-21,0.36180914499591926,0.7587386112324905,0.0996845162985816,1.1963852433263884,0.7137792084581376,-0.07201554269698301,-0.2130251835350659,-0.1741273940120558,-0.22161064830136568,0.13772349530976286,-0.5881199739206155,0.018042261324692832,0.25275866257795593,0.22516554523271776,-0.8006933888309629
2025-10-22,0.3519398806277018,0.7521656038292768,0.10012601232269697,1.1585066894671727,0.7210764908528451,-0.07454877110419922,-0.2020027716082809,-0.19400088225709078,-0.23204827910040826,0.1360251110714767,-0.6490749174877022,0.03299757073844406,0.2728603447324151,0.22486656884708384,-0.7964322027540143
2025-10-23,0.34929487595273084,0.7718180479969914,0.09440353387159633,1.154199761990207,0.719362589859357,-0.08936903191427265,-0.20872385987155784,-0.20006465632464943,-0.2303278241399015,0.12376904631775326,-0.6864503309358354,0.01569731411662756,0.22664894503579597,0.18522223536731114,-0.8241899815117615
2025-10-27,0.353154818902281,0.7878246101970534,0.1454435727052425,1.2092371075759039,0.7286277348786314,-0.05903062471833137,-0.2035630582718918,-0.19283205595919567,-0.21948806239387175,0.15516710762300495,-0.6587994909751635,0.03095387218022644,0.24232893537170214,0.19300634644207887,-0.837668904853982
2025-10-28,0.3513623833577056,0.7918823681703342,0.24206223265772592,1.2134847559993371,0.7486319098419796,-0.06357392496840597,-0.21098852254753114,-0.26820141625924476,-0.22265948456950008,0.1613000858247628,-0.6500163435576187,0.007730391268374326,0.3957655914522337,0.20703184226405386,-0.8036919178169293
2025-10-29,0.35920672243024376,0.8645485456671591,0.26045739987415795,1.2948149408292167,0.7488061345247292,-0.05455475994902881,-0.17207650920782658,-0.26964199601213446,-0.2371008642373692,0.15937697683973606,-0.6559577467810648,0.005439907178159231,0.4552341268723934,0.1635174661890476,-0.7668793262414384
2025-10-30,0.35946160572138,0.8827410866010605,0.23285536392116668,1.2755570217615608,0.7445463362718678,-0.09111390044036127,-0.2015180581025099,-0.28023712874506407,-0.2416421171925131,0.1614239950839229,-0.6854119731070296,0.0408889999745512,0.4569612332688018,0.1801181143412336,-0.7712099132550096
2025-10-31,0.3580509547346444,0.9799684795679875,0.21191439470092038,1.3441656249882896,0.8025529536903275,-0.06755749919913862,-0.1699044687477576,-0.2856192740577429,-0.27844579675889913,0.11214209634646083,-0.700757856259995,0.07494503162375005,0.53122468893123,0.15819884255353373,-0.7982518424467717
2025-11-04,0.3624587523803432,0.9588250538299276,0.22540264230533902,1.306220148988988,0.7266806064345596,-0.11748580198316533,-0.17987949104508794,-0.3108044399314772,-0.26138608114986056,0.09904766467163328,-0.7128195588289086,0.025246371969036563,0.5209991747908348,0.3248423490364596,-0.8028560671555212
2025-11-05,0.3464129103780378,0.9562576095969249,0.23105523589228538,1.3504524738383212,0.7323425193766304,-0.1379976904702086,-0.19455640968949028,-0.3114753753182443,-0.27096472903041235,0.09558880494465827,-0.7127649789309884,-0.002298202239605529,0.47390115057889803,0.26825167049521004,-0.8531177588734743
2025-11-06,0.3432729160661065,0.9454344178647256,0.20989759039450645,1.3301947636544418,0.7203400052820534,-0.1354516913623922,-0.1974455423558263,-0.3370823898365106,-0.2569042754069901,0.124739259143623,-0.709239694516464,-0.02287128883668138,0.4932988544222074,0.297908482244517,-0.8238684219717705
2025-11-07,0.34878431130556736,0.9305797490115564,0.21882781086960795,1.3205629778720054,0.6948415161692809,-0.1509875357248654,-0.18851532188072478,-0.34365635589737425,-0.26756507773416516,0.09845809536631417,-0.6804413001422821,-0.027132538468018774,0.42458930704028314,0.2677821540656879,-0.8450912224257416
2025-11-10,0.35114931228056667,0.9227232246048943,0.22266727514228168,1.3289670290119808,0.698221112182921,-0.14043862301860982,-0.13424006922931842,-0.3515128803040364,-0.26850828427728335,0.08960554395396059,-0.6965282590014596,-0.007783325718738021,0.43336440680377775,0.2493435075400875,-0.8293298424309448
2025-11-11,0.34738538435472094,0.9235714291889459,0.21106456141268987,1.3134006262755238,0.7023765142870129,-0.12531510539482377,-0.13637817881405223,-0.3484741080838614,-0.2827134224636442,0.05869123199006604,-0.7084772547079861,0.023674788758565546,0.4621523924346556,0.26466983332990307,-0.817933756298674
2025-11-12,0.3483694894814097,0.9133571825318612,0.19635696570209665,1.2957754792120553,0.6932041949194656,-0.12514574752495977,-0.157890188852241,-0.32731611540499156,-0.31031486844427086,0.05364559177837641,-0.7329247492561513,0.013983976411097998,0.4807072342545717,0.231499701786325,-0.8386877705968203
2025-11-13,0.33970673934710655,0.9345458255448384,0.20975023891114725,1.3208095142489107,0.7092156343589162,-0.0599815991486215,-0.13031079238234372,-0.2314846842229657,-0.2942687454415749,0.06723563036601948,-0.7211618187484947,0.012628736096867543,0.4760445881207292,0.23916934475977164,-0.8368650829426829
2025-11-14,0.33724733758105124,0.9131955602062487,0.17054824413438413,1.306090140825807,0.7040664747077867,-0.07393132810991854,-0.14508361329388025,-0.2664807354503608,-0.3075800741630337,0.04609346270082465,-0.7381620562088456,-0.02508338977820951,0.4057325753253687,0.18155475136111382,-0.8722339573788962
2025-11-17,0.3458656810943369,0.9000795873730444,0.19334844191236233,1.3279715180448126,0.6897428050970761,-0.09934763413860781,-0.18293988571118291,-0.23597836256089233,-0.30858697056146633,0.03817064492097322,-0.7417328303508506,0.0074817388607311686,0.4661204288163857,0.17125171279929163,-0.8849702487219511
2025-11-18,0.34329875696746553,0.9025950573945616,0.194236812387178,1.2781066810033077,0.7209523376480531,-0.059027579186286705,-0.18345871478372888,-0.18259700641414484,-0.28065785628901907,0.07004684077269668,-0.7241609675107343,0.004758996827168682,0.40300215627824926,0.17150360876502718,-0.8825333896176959
2025-11-19,0.34275540690523437,0.8832804496958504,0.15949511877657302,1.277101720062413,0.7207027028766788,-0.10993233997273416,-0.23302095987825025,-0.2546092294972813,-0.28978508920121415,0.06386333642452713,-0.7345184282093853,-0.0020228315295489074,0.3675434951605074,0.17160768319092484,-0.8869418678219338
2025-11-20,0.353525912554979,0.9121427566278566,0.15695614634954003,1.319323342636679,0.7330660046271908,-0.07498413168831053,-0.19510352628521332,-0.24944986359545768,-0.3340545047871578,0.01767109767142616,-0.7730861952516115,0.008245353648038023,0.4102797884479765,0.16409253307729332,-0.8958165573817827
2025-11-21,0.3410382063921963,0.8863679135816714,0.14529927278734622,1.3224842564049601,0.713499283209475,-0.10757562266452847,-0.23153599899925015,-0.29088408784048203,-0.33303008782766563,0.012544421784935644,-0.7741480409451802,-0.014319494190405013,0.3460270777354978,0.16065845896048103,-0.9023634960811442
2025-11-25,0.3544402052915528,0.8781946219038117,0.13332028544151037,1.3145543868109129,0.7062946023797798,-0.05223191992858017,-0.23473724042264577,-0.26533596203604604,-0.33526524552900955,0.015789589921431535,-0.7820076439843393,-0.0030612632895558045,0.3307532090196786,0.17882841066679828,-0.8809281384758085
2025-11-26,0.35364129994925286,0.8854946853752867,0.1313212936871737,1.329818145985824,0.7039277351455282,-0.05643982680327686,-0.22543464461617724,-0.2800186900073546,-0.34544425070356644,0.00191532431289676,-0.8077344056828868,0.01326612094634011,0.2742079965945756,0.1802356576737284,-0.8981236024353493
2025-11-27,0.3448872717435872,0.9382709156308926,0.13249717007759304,1.3706335034140038,0.7341717427971164,-0.015195615015895891,-0.21718367680918196,-0.26378831588886503,-0.35211761551287124,0.0029852347155548964,-0.801909307222723,0.014776522733590258,0.31770052878633076,0.20755876195324746,-0.8764154312601571
2025-12-01,0.3341652454860589,0.9265750054324551,0.12028334014632852,1.3294417303624413,0.7031332425351984,0.04990821941923468,-0.19172916239398352,-0.26049918818760487,-0.3091851262789816,0.037069503250785785,-0.7600009780350887,0.02808853834275593,0.27974676342744237,0.25912442835659727,-0.769071212490779
2025-12-02,0.3401730492378437,0.9361585219766222,0.12515153661624184,1.3619108057786777,0.682419664378664,0.03674214372930151,-0.21683589333770759,-0.2721160270150672,-0.3346632915598907,0.009600445126977442,-0.7761030727460237,0.04547814323587146,0.2583302367537785,0.2874740773802253,-0.7908012368363435
2025-12-03,0.34579682077579765,0.930079057431815,0.1359951690685367,1.3514356796696139,0.6867909863317516,0.031024668749496664,-0.19873421818634213,-0.23192888771022865,-0.33882283029520543,-0.00822907383830207,-0.7960749004417792,0.04779505338222778,0.30535659601809184,0.35348716097659216,-0.7161247887532047
2025-12-04,0.3422464369733584,0.9256065801970288,0.1200004239920302,1.3267022347329405,0.6752137147178727,0.04105527277296145,-0.23864609987092064,-0.23202501777259057,-0.3285927457183287,0.0006949953093889905,-0.7889507358626251,0.0534240108381307,0.3124349969900772,0.43305815313790236,-0.7095718721402375
2025-12-05,0.3459335338247002,0.9320385733210912,0.11975012060576179,1.3245869983369194,0.6981548307533851,0.114264103774051,-0.20175988491197505,-0.17963155972109335,-0.3420144235679965,-0.010308268872816495,-0.7964905218495829,0.0776998078763454,0.37209282065418353,0.4091979909084524,-0.7936300913179766
2025-12-08,0.35814972616141727,0.9483149041647214,0.12720460568680558,1.3420365242674492,0.7154126007672701,0.12805020008790102,-0.21323342520141336,-0.19749489810930265,-0.33889713195183124,0.0062448162732919865,-0.7998958994606258,0.07632269891008714,0.36337031479438375,0.3988816866109386,-0.7828832118472404
2025-12-09,0.35235622271874095,0.9630768549372302,0.13461530681165573,1.348517700477351,0.7218794259676653,0.15697813086128448,-0.1583905841419896,-0.17101639571277766,-0.3448518135714148,0.011066759184430508,-0.8090886423165562,0.07051685500806987,0.38246443968827876,0.43683490817790677,-0.8057635682776085
2025-12-10,0.36139692799156,0.973943074569598,0.11751549442068365,1.3429933878778777,0.7388619954986797,0.15588324875459725,-0.18028527848907633,-0.22360583508623028,-0.34473372674385033,0.002559456081056899,-0.817704170101132,0.05910981104651303,0.3496942516435715,0.4268856410567834,-0.8085231573822719
2025-12-11,0.35452103457802414,0.9872698918247864,0.14953445918538338,1.3230207495278126,0.7564215422740066,0.1581602432649884,-0.1741269782139615,-0.21685798892908448,-0.3526033110166341,-0.00860036724176072,-0.8208160548185943,0.06593407582318017,0.368556870256091,0.48920538097132943,-0.7883065790271359
2025-12-12,0.35513699717981634,0.9770078532600148,0.14337076140764576,1.3545138273812012,0.7470850193788285,0.15199654548725078,-0.20394965800672932,-0.2230216867068221,-0.34756922823469366,-0.00204219153615115,-0.8132620500045442,0.07457181529877194,0.3682905994408144,0.48708905844278355,-0.8261082500760915
2025-12-15,0.34646918754624373,0.9490227427690798,0.136489339625332,1.3286677774772724,0.7428782509638023,0.14812940879397946,-0.2126046989298508,-0.24818996422071196,-0.3571703044529847,-0.010335494100149611,-0.8216355819063345,0.04800630733293082,0.3098757025977343,0.4391117835273179,-0.8582776320664348
2025-12-16,0.34799337096056315,0.9393464398603955,0.12615367496371488,1.3154463901218638,0.7186326987296485,0.12560568234131453,-0.26672531775346375,-0.2890034534183698,-0.3637301771862282,-0.03047999695370085,-0.8331550063940727,0.04066071728038756,0.27751870972492065,0.4419662372075467,-0.8543209600602188
2025-12-17,0.3449202944370905,0.9375780178483717,0.16752165154240606,1.3112234269633534,0.7312520761597745,0.11663331097451546,-0.28864390597499207,-0.3068015357854338,-0.3478869433779787,-0.0021200689231414827,-0.8148716318787351,0.08949752148571621,0.3026823178187368,0.35609663377401657,-0.8592496978419032
2025-12-18,0.3469801902372506,0.9107790605988768,0.1664902721087711,1.2825843080697708,0.7143910431772644,0.0948256811187771,-0.32424538020886806,-0.3345946031349548,-0.35308966938596514,-0.015052184493467624,-0.8165465919088857,0.08877321404893601,0.26046585520297594,0.322524165039364,-0.8915443835148056
2025-12-19,0.3387205289378127,0.9357450442076991,0.14262973853361693,1.3073465506904034,0.7228448464287291,0.12448528182268892,-0.3114071967526506,-0.3203814085823342,-0.35882939331319313,-0.022752555480016035,-0.8238712083943374,0.0683581852745434,0.2956245870596229,0.3252663315527181,-0.8934442957816201
2025-12-22,0.34666730789997807,0.9303454188855251,0.20498598506135618,1.316314386850328,0.7295501990737181,0.13351095180569844,-0.3090263788724697,-0.27207685406504195,-0.34666720707292875,-5.6156266723561554e-05,-0.8206691452661954,0.09087444836406283,0.3296103380003876,0.33639010755846405,-0.894903686485495
2025-12-23,0.3578910234723387,0.9353664966011417,0.15166082048045804,1.306082005709235,0.704223242390513,0.1048770561581921,-0.33542820588403544,-0.28824529158763834,-0.35672282501054087,0.0017474934380207752,-0.8236202897727329,0.09418640621905938,0.35009795631765184,0.34054756182332124,-0.9128977620265445
2025-12-24,0.35907080934333846,0.9331961673899807,0.15253462038550558,1.299355917711156,0.7270677137346739,0.10964316260607732,-0.33759853509519644,-0.2799443209315039,-0.3456049175197955,0.006491958460797254,-0.809471064833424,0.08842218675851077,0.40172276052011924,0.3400919819007717,-0.9156181588664574
2025-12-29,0.36334321647930934,0.9670432931245622,0.15218386720424937,1.384556626191007,0.8117080922292742,0.10075745584530305,-0.37112617738908393,-0.30530486489578323,-0.3593939039113946,-0.005330589407304742,-0.8237817314165798,0.10552826591726316,0.39374300914440197,0.3270269525737517,-0.9233982570240089
2025-12-30,0.36039366931859107,0.9626511473385205,0.1472568220854421,1.3820232456018133,0.8286199528500983,0.09981990730483348,-0.36751826892837314,-0.31844776685988774,-0.34276360033220177,0.021795387109216025,-0.8183622598300436,0.1124778677748286,0.41307334067870605,0.3182399858131836,-0.9066178327624842
2026-01-05,0.3872263958979314,0.9583384393025673,0.21542505102679876,1.339651237820986,0.7952768927602072,0.12342101895936453,-0.3741154381808278,-0.2697462718720693,-0.32610904638836935,0.04404166412918753,-0.8194542037567423,0.15912060392563632,0.44917370878495744,0.3763772469546909,-0.8669778019923292
2026-01-06,0.39243525215920994,0.9727145971524148,0.212222953385638,1.3392131980349928,0.7837204017100329,0.1100599137171191,-0.3773022740562625,-0.27638998061489034,-0.3395583244342052,0.03932533808440619,-0.8234873857860479,0.14936402867506915,0.4130334484290453,0.47541236569976497,-0.8827644806612025
2026-01-07,0.37929980062400825,0.990140028257057,0.22416553440074738,1.3419552738538751,0.7962421112243779,0.09496057126927915,-0.38503159739896553,-0.23984043656995224,-0.31842953184851847,0.04669019700981669,-0.8118595049662451,0.16898620705228629,0.44715891217919723,0.5436189458818753,-0.8612730842324002
2026-01-08,0.38771688253406034,0.9871351641842779,0.2143900905790148,1.33119971224072,0.7503101903290142,0.10404043599648338,-0.4013762716745425,-0.2901739884990512,-0.3185270608372618,0.04715671059390769,-0.804168303315318,0.1557250416342718,0.3968862300709455,0.5735827450362573,-0.7961291720742649
2026-01-09,0.3871057874390358,0.9839963598706667,0.2018622392219387,1.3354597667908654,0.7851941646948144,0.09757114067795336,-0.384355589835474,-0.272865253663023,-0.26126231251017173,0.09425188901224324,-0.7845806286690717,0.15952564484635046,0.3790472775073248,0.5427741739408307,-0.8300752387501338
2026-01-13,0.39430327832173473,1.002137402845998,0.29260502947453015,1.3327424760958038,0.7768026756332909,0.135221099358514,-0.33723688657350287,-0.30260878524831236,-0.3002997724160948,0.042691157379824984,-0.827775861674739,0.14627513868612552,0.45404126558089397,0.5245356968296595,-0.8679008498565688
2026-01-14,0.386693755844855,1.0116515853640597,0.3235007908323173,1.325132953618924,0.8465797964740078,0.11173824698837886,-0.3693989978367068,-0.3360447072850905,-0.31313624405214013,0.04985292805771291,-0.8345296418046533,0.15809766523344493,0.46900856823560577,0.5240737917907712,-0.8047638688606669
2026-01-15,0.37917809971605165,1.0293917463451876,0.3513266909183205,1.318229655230659,0.8437115101944412,0.11398539693302301,-0.35753078934637117,-0.31450399872831875,-0.262117966576715,0.09433744144327749,-0.8107964385386164,0.18768252372876182,0.47942483866249597,0.46310408147436244,-0.7707238849724671
2026-01-16,0.3891078820036227,1.026776662948779,0.35323427062906987,1.3211849661113155,0.8351420347524979,0.18842789172160057,-0.2826555903520148,-0.23842057862755023,-0.18601385376397345,0.1704209756420314,-0.7666388863467518,0.20261206370568108,0.5062987821584163,0.45470825424661887,-0.798194745822312
2026-01-19,0.3932217602499314,1.0045238949210311,0.3440164962083857,1.3065306855920944,0.9157216947669509,0.27509526821440256,-0.196074295364759,-0.1854000199522453,-0.1842769352175217,0.1910932469065154,-0.7739536596867156,0.1979800574066658,0.49847335749336863,0.42270072612396736,-0.8340589104491679
2026-01-21,0.3896105008147598,1.00379185616347,0.31143103070422906,1.2951323136133717,0.8266652317583134,0.3327408023496158,-0.1242399400239741,-0.20107905703671414,-0.10683725819216766,0.30268973448683845,-0.6622688131661812,0.2434684903346508,0.5621739246314592,0.460644133915151,-0.784250744476704
2026-01-22,0.38517307872282414,1.0116960618368342,0.36803125813434234,1.3069687588787584,0.8307999088304534,0.3353937537148821,-0.11413053164321091,-0.18981639908543196,-0.1856590567818378,0.28486131415380456,-0.7016821389471719,0.24615819478252077,0.5734695034243196,0.530871506652907,-0.6893140007658785
2026-01-23,0.38407576069800153,1.0363145146508321,0.3176104328965016,1.3429930754746247,0.8207309519936704,0.3646705437668736,-0.09032645507184528,-0.15604954278766692,-0.20014423323951075,0.28415128135644574,-0.6778706097006707,0.2380809781060348,0.5355690429877499,0.5050351125996769,-0.6947876189509384
2026-01-26,0.3723473901511334,1.0476248250168805,0.35805040546786626,1.3774510293764384,0.878527316184596,0.34359519822670725,-0.12546176663239395,-0.15391170852164815,-0.2388686362375646,0.19691890895867115,-0.7499311246056255,0.23486322883637956,0.4875428362220998,0.44816304827961717,-0.8846810159215177
2026-01-27,0.37862011199334134,1.0219676894811425,0.3732123669750629,1.377947488465761,0.8830396628431426,0.3968778724926967,-0.06795080216262384,-0.06778534234079969,-0.2281031261153259,0.2166548499507156,-0.6626973785843501,0.27449727831629944,0.48959512177324316,0.45387793954548916,-0.9515008166756659
2026-01-28,0.38592012094920236,1.0312198083123585,0.3506700885485411,1.399034831303002,0.8894262878220032,0.419381166370272,-0.0803454935655259,-0.01912771897324217,-0.20536278046704515,0.21775291142771613,-0.6414477456414254,0.27759261708703487,0.5054436586487894,0.4458767200160656,-0.9330952541912907
2026-01-29,0.3858338072627706,1.026588630419314,0.3356477846762803,1.3877431595090877,0.8418738892318456,0.36294145884479034,-0.1293143603484646,-0.07015210310917708,-0.21878370968149907,0.17592256936513606,-0.6599264451612371,0.275259054954329,0.5144813129826487,0.4583926254055455,-0.8201828224766248
2026-01-30,0.38370298062110775,0.9983777787522016,0.3443889508251975,1.3724201874204591,0.8723013667147107,0.471692758553626,-0.07664763813470393,0.03800329903944566,-0.1939978294878622,0.20194971424164054,-0.6206045041691441,0.288643019085433,0.5257138308688759,0.4540039442098568,-0.8080165118823558
2026-02-02,0.3918619872476218,0.9952082994022803,0.32007889055567984,1.3483587523260594,0.8477668069343492,0.44918289681655754,-0.11704899889483583,0.0009364844981600839,-0.24575201064939228,0.15272997296113544,-0.6820705669288789,0.23745636492923006,0.47696705771513315,0.43384238875472836,-0.8402580206172531
2026-02-03,0.39359298654553554,1.0109764414447027,0.35203456362479013,1.3598421836175478,0.8363552925080855,0.484623825050172,-0.06541790166160533,0.009809532610768779,-0.23494094116622782,0.1751229750541774,-0.6548133535379204,0.3272362954326409,0.5411128098249451,0.4132437659845869,-0.8090348229170519
2026-02-04,0.38229527259047325,1.0097013480230357,0.3314403493703614,1.3687672742527375,0.830184340346646,0.48945642703433356,-0.0298092238260963,0.10182070082571182,-0.27678070480125144,0.13536737825250167,-0.6873899119337873,0.3338138132376888,0.3851047545356433,0.36880067724860954,-0.802990087472684
2026-02-05,0.38627302829866306,0.9618398431918621,0.3124428569828762,1.3268543410889162,0.8056895560922764,0.4449629037035777,-0.045525928259319226,0.09084747667964832,-0.2882682669910666,0.12312326867592627,-0.6990963967770828,0.2893582825611879,0.38847448087199365,0.33143153211621046,-0.801030449421964
2026-02-06,0.3953129486060184,1.0321137979766557,0.2944051765201291,1.3380699503308051,0.7718990495913662,0.37321937343847955,-0.09260752577720072,0.008372994315155702,-0.3012169813410158,0.10636757332960556,-0.7276970550240203,0.2855314725962994,0.3848263354601621,0.3410853783303981,-0.8078881864793224
2026-02-09,0.3954130673062263,1.0840309349593755,0.289541261757291,1.3465258718760977,0.8069623322954392,0.37566649700870713,-0.017629178810205537,0.03926288650688403,-0.2611131950965893,0.1275275720191179,-0.7050337953832742,0.3141687414723221,0.46082872397847885,0.4305465901015334,-0.7796947849614879
2026-02-10,0.41018408935024175,1.1142971564023776,0.25670348022875156,1.3614975247550374,0.8444410379153089,0.4220353857728234,-0.05499408069238498,0.012947848424210817,-0.2927112899779214,0.09309141074424876,-0.7426291779977088,0.29014118403257005,0.45619782907048645,0.47218483349545104,-0.8070524766680691
2026-02-24,0.41672850093107516,1.176242165116089,0.26317636954145174,1.3639778036296142,0.8759957966992161,0.4901395501526561,0.012725320881469049,0.08054125849839677,-0.3066683489090056,0.07930785212002622,-0.7497155097312771,0.29867436033279393,0.5055026389804272,0.42677659625575337,-0.8450879037927704
2026-02-25,0.4215378329877305,1.1753930130826107,0.24479864317554778,1.3250837120959704,0.8429391733209172,0.4974632483395628,0.08717546570690804,0.07414495395726117,-0.32314239947733225,0.08627921643196768,-0.7673046857666236,0.2957054282038223,0.4614328605205581,0.43700518214368944,-0.8099038862278654
2026-02-26,0.41152262569038256,1.1714894627013348,0.24475860314654374,1.3466828219640454,0.8524685748073997,0.5463691556091668,0.09074560685426625,0.03972652842012847,-0.2855367228148302,0.1202925123712465,-0.737812380295541,0.36449437276607966,0.42413457047292136,0.4854315219814933,-0.7935994304454622
2026-03-03,0.41328816315116745,1.1635768705911516,0.17601349142613154,1.3334790240699683,0.8198869784713024,0.5304555752742869,0.03416110471679201,0.07662337293910837,-0.2463497762826078,0.08469022015045624,-0.755813091372543,0.2826427549248267,0.36291462449733647,0.5074490922717666,-0.7737874538229482
2026-03-04,0.42096789755778163,1.114876698424069,0.15801912304655574,1.2853143734478105,0.8430598690241743,0.4703407204121831,-0.026673431585545027,0.03854134255507036,-0.19574597307188635,0.13233374130884024,-0.7134124268534139,0.20231305099292474,0.3267594681482364,0.482249930309529,-0.7834508251260526
2026-03-05,0.41417474875066673,1.1658860976112635,0.1666114624488252,1.3192825846531915,0.835499554461344,0.5211161245104782,-0.027908986784901946,0.05783630724032274,-0.2037330213838211,0.12034588300523119,-0.7289183626527669,0.2836803644550042,0.31994216317707536,0.48298308879055163,-0.7528907295767124
2026-03-06,0.4110798881212745,1.1349955743843627,0.17101838848127104,1.2852227674340932,0.8482266983530631,0.48247635088304275,-0.007456470214943556,0.039644328758418945,-0.23623154050906514,0.10372007751630452,-0.7430196880595294,0.2679579103597437,0.2947116738171651,0.45837314603368573,-0.7426236874479601
2026-03-09,0.4131616358831881,1.113837638202515,0.11098965875109046,1.2856232488924084,0.8210629911030762,0.42296184493191724,-0.06642082832602358,-0.012222662856929745,-0.2352355724011777,0.12412444948253232,-0.7156934489152509,0.23196217465103586,0.25506045153334256,0.43520875497346045,-0.7539256676971213
2026-03-10,0.41463050575527494,1.140748657866229,0.1481695099443261,1.3396038446227125,0.8939305666628524,0.4887260302278692,-0.07505984785326214,0.0026742190075947914,-0.23364663706272493,0.1282445002846586,-0.7067221995228435,0.2913043987382822,0.3136711623537849,0.4527815855324683,-0.7257666992118262
2026-03-11,0.4219898753525465,1.1299764318022065,0.1126778239844185,1.3428733627642204,0.9071335510179653,0.5430352550977969,-0.020529953761515896,0.02100677977101839,-0.25633409981278227,0.07083797445799245,-0.7532368020162177,0.2622756854139636,0.26892167261273625,0.4291604524216849,-0.739922937280682
2026-03-12,0.4089571845325185,1.1148417339274919,0.0760123449420167,1.338798326898174,0.9097889623565182,0.5883632004993299,-0.009062381041473722,0.03155733796004534,-0.26394901008458216,0.0702945216957771,-0.7496567276958153,0.26688893596637064,0.26770506176104825,0.4444325740528622,-0.6988669781027727
2026-03-13,0.40371098990277365,1.1394794288855978,0.0641698084365041,1.3291051155318123,0.9086087820121006,0.6504790691405985,0.09098895424630171,0.1310289996664229,-0.2640103271331304,0.06551864331580226,-0.7631046988197225,0.2486142934451795,0.29735360984052006,0.3895335744327829,-0.7520280243416041
2026-03-16,0.39466146929112655,1.1294295223711934,0.08071710848542968,1.3051291162102103,0.9103410611631828,0.729828308012421,0.18714840485177042,0.19236639083712048,-0.2563589570232805,0.0875408239388985,-0.7324894967266686,0.27829029618363343,0.33595814955108927,0.4320975748743425,-0.7388695506695153
2026-03-17,0.39666899072918993,1.1279657433831214,0.05862806487300487,1.3110393938669782,0.934598123539696,0.7041302308438843,0.1327946184941866,0.19092217097747544,-0.3157681111371365,0.039151325077670496,-0.7878722457689148,0.29076546037319706,0.3633024857498678,0.4548273410886755,-0.7537970734628248
2026-03-18,0.40019413524055913,1.1572719559973212,0.08472783828003327,1.390093510936861,0.9099796151185768,0.755030547157078,0.1591862510195523,0.24382232658407843,-0.28564923535073933,0.07055241493386633,-0.7707945047299906,0.3483435152236525,0.3461638488342802,0.4774081420407501,-0.8066734558841172
2026-03-19,0.3902668599469672,1.1468304152571394,0.07768485380876178,1.387552502428779,0.9196554692738236,0.7761223254462543,0.1679169409996566,0.31126474254222125,-0.30141058042240976,0.05885313506294154,-0.7798219771236015,0.32858776282616997,0.34009723771337463,0.5081494893533928,-0.765527846881489
2026-03-23,0.39861959851207396,1.1285565456561157,0.05418230429376247,1.3382359833222561,0.8973001880324378,0.6963551696317754,0.1796849649110267,0.2423237500604053,-0.34939181643495404,0.019376701468405533,-0.8193638850024894,0.2854246310820465,0.2727182271881332,0.4835376726895284,-0.7920524814045034
2026-03-24,0.4019948279812451,1.140995317821105,0.0575575337629336,1.3150374282244792,0.904117722598345,0.6183508250725989,0.09910848974621755,0.169142480832577,-0.33659337504750775,0.03470525714230699,-0.8037585989578752,0.30688551665563557,0.3144721479613213,0.49365717296429823,-0.7854911000814787
2026-03-25,0.39610887010424023,1.1729482115618297,0.09068967957332774,1.3252759922862958,0.939097307851574,0.6886225478393783,0.16919501185471497,0.23643144659804316,-0.3319131643450746,0.04331474672825597,-0.8031956573748529,0.2781502033995856,0.3683074235615067,0.5545814551866349,-0.8093940393478488
2026-03-26,0.3964347379516049,1.1956790198879508,0.06885243868928048,1.3265810688929132,0.9125781683067788,0.6837256403538083,0.2245459470632999,0.23947107907714726,-0.35909939442000904,0.028736844921087745,-0.834711542976394,0.23295501230823956,0.3692216063954892,0.5510336229962394,-0.7379366989637397
2026-03-27,0.3922786529217074,1.1870130374678323,0.057835850098305164,1.299811545556505,0.9713107758532779,0.6964568966772889,0.21715942666240162,0.2476654974019752,-0.349793481671406,0.028233679570741077,-0.8263045521212831,0.23972796628569004,0.3531589937589661,0.4569533679021115,-0.7986740775817767
2026-03-30,0.3881703729122251,1.2051278980323015,0.08106578893914762,1.2943103907570737,1.0144269471350116,0.6915361840790873,0.26858147753767225,0.25003200099830547,-0.323867033157284,0.04752567134412089,-0.8122797228105438,0.23858534628903005,0.3116179901511834,0.4596644351498794,-0.8028001294449084
2026-03-31,0.4016278958835985,1.1565383012349577,0.05881683559874684,1.2777858174194356,0.9982334623463851,0.611720421078819,0.1879779954733265,0.17310941821907855,-0.326850654324787,0.04436737217421105,-0.8345110893030572,0.21034604084109632,0.28302200811120015,0.40970761761362573,-0.8240664444515101
2026-04-01,0.40944919720164685,1.2061299130477394,0.05595825412991784,1.3050896394769507,1.0188259518279512,0.6613603525233002,0.23819032737901547,0.1872916947519795,-0.35268345269084633,0.025413343937027655,-0.8546517818685045,0.2915860882299325,0.3287369487420463,0.4526358942947538,-0.7998715739172442
2026-04-02,0.4032162977492889,1.2244548614521444,0.10955134334681149,1.2436689542826322,1.0065675391645257,0.7402497292558248,0.24600720438554857,0.21759283420309994,-0.3602673988226495,0.004300650313468268,-0.8686977186047269,0.2487589741744446,0.3098218729298917,0.5028692403853683,-0.6968606827368274
2026-04-07,0.41048453610293656,1.1792266909369442,0.038797544013519314,1.257846406162023,0.9550376884532823,0.8034185935662781,0.3200547483572561,0.26242887476211296,-0.36650216439930283,0.0031899621279801726,-0.879914865312613,0.24623173328129677,0.3088312574239176,0.4899293477048041,-0.7089338821424461
2026-04-08,0.41267811884449046,1.2185711831212878,0.08810098612727146,1.2565896491044373,0.9630329374109728,0.8530245170262304,0.29561474757493367,0.31179183003420996,-0.33330371976542433,0.03878955580891308,-0.8656849756837119,0.26999566507901274,0.3801520629016807,0.4573371710764319,-0.7129033743339606
2026-04-09,0.41237258126890186,1.2389316958278966,0.07810027213285775,1.2357048468765497,1.0529868222494199,0.8581903771504944,0.3417628008127982,0.2909992627349056,-0.33783883332495923,0.03793683294663297,-0.8710214765422224,0.2357636338244511,0.3789180321676744,0.5505061624130219,-0.6076724394717143
2026-04-10,0.4192875720459859,1.225637459179266,0.08584424880007868,1.2289126622638213,1.0831610490103558,0.8629349451684938,0.32292682826940633,0.25953195209677116,-0.32754018607981134,0.03298746027906929,-0.8778359548302747,0.22967781677920485,0.37099566657068395,0.5852513795491947,-0.5775960248592527
2026-04-13,0.41316157197624614,1.2849988212282288,0.10320698207307533,1.288953590280554,1.0951883223312922,0.8428335205460878,0.3036584142606701,0.2196175638676735,-0.33261322733402054,0.04111696712064605,-0.8691933287045511,0.20399305864173622,0.317779448798472,0.6340155696907509,-0.5680728782590195
2026-04-14,0.4219206560382691,1.2770657140708597,0.07523780654333023,1.2857064277102996,1.048027123189428,0.7720182370721327,0.266440668259707,0.20843907365414382,-0.3218136893124628,0.04154551640887583,-0.8662264934272192,0.20760651358853377,0.3492269619037467,0.6525315854093565,-0.5475469599641929
2026-04-15,0.42234380407419225,1.3171026734620561,0.02847751309549551,1.240250441854353,1.0363581418881878,0.7949206092848646,0.270132983954948,0.22990765055277929,-0.35054213249883276,0.03499714902244222,-0.896186266405848,0.21749527310735217,0.2820889816488805,0.6553175721174365,-0.5804586799550755
2026-04-16,0.41364490206769666,1.3149215655394513,0.029212194942525693,1.203039579797734,0.9589356828193103,0.8265826687297471,0.35351156121384086,0.24454930001123,-0.3584353287122519,0.04558008696627314,-0.9008860008403659,0.2367362116556505,0.2912515910851774,0.6177786568347605,-0.5740046126790932
2026-04-17,0.3957757463367385,1.30473727511865,0.01426539091459278,1.1814623980995331,0.9505080920620222,0.8323409686326292,0.36652769969912014,0.2483176363589653,-0.3438708411449518,0.05777041884538148,-0.8761990460177301,0.23867960314724979,0.2642739234645892,0.6785217690746955,-0.5117707829060766
2026-04-20,0.38912162991446075,1.3437213844868445,0.012484089396556985,1.1626221588448202,1.0326044001297427,0.8811554849676996,0.4571474217342918,0.33909141370186735,-0.33652933086802467,0.059996012740845095,-0.8788184017610412,0.2275229204617526,0.29624081378607003,0.7429874618022282,-0.5159588140001022
2026-04-21,0.38405561795767795,1.3488822115022472,0.018902090710482877,1.18152188215582,1.1093655554827662,0.9099370714056019,0.43097841308576035,0.41695987351561214,-0.3642587533490915,0.01633152605986876,-0.9127491175834906,0.2309488019458389,0.37682242805287314,0.755914444132973,-0.5750298091722112
2026-04-22,0.3768127029602414,1.3266976783407056,0.03715298542415035,1.1971470652922767,1.121354008888427,0.9111093432275182,0.4413239203436675,0.4470269854792638,-0.338440831471074,0.043632187933495215,-0.8994865639564468,0.21683302539392102,0.42842001307836985,0.759699228929415,-0.57378517409845
2026-04-23,0.3956883498455367,1.3299694004835216,-0.012566690397005864,1.166092660810564,1.064332600579268,0.9320777343762091,0.43565888909555495,0.42561317292772805,-0.35856065867925674,0.01364789086628182,-0.922039449965666,0.2528573773949401,0.42694706511142233,0.7926883611875303,-0.5844916123699196
2026-04-24,0.41314485688737146,1.3637923201028783,-0.029969395665815912,1.164472129303732,1.093910083980542,0.9820181622198776,0.4986056706526869,0.48742233372186705,-0.3796017590882755,0.006528348963610764,-0.9554360132950437,0.198542482636346,0.5139858450742101,0.7699904288314638,-0.5934119118821699
2026-04-27,0.43168149881464324,1.3453615391091494,-0.014601753743422319,1.138270285337462,0.9972385817497381,1.0247737814586642,0.5248390044887051,0.44886583835723604,-0.36566511696610804,0.04493274904299538,-0.938127005520341,0.20364373957162718,0.506877120911826,0.8213324009401005,-0.3989546759925049
2026-04-28,0.41175750112458676,1.3477598320163042,-0.005314829867237414,1.1406685782446169,1.022567792686221,1.0103447746443042,0.5478342269580866,0.43757867817913676,-0.38995845253142075,0.02860203814063811,-0.9545233608285713,0.19484368896514792,0.5005555805259859,0.7914615147584624,-0.36730584112625464
2026-04-30,0.4005342845110669,1.335666079033404,-0.0030418610604732166,1.2151727393966498,1.0093880678030278,1.1149503021583287,0.6501956791747117,0.4858285235938371,-0.3536314134086088,0.0830752130289345,-0.9186118124443154,0.17984140987522856,0.5808805342570151,0.7905308289742874,-0.24341714090702915
2026-05-07,0.4077128567281805,1.3466048091119274,-0.03938534671189364,1.2274972973495015,1.0851571812580296,1.1391478638176207,0.6384761406333608,0.4872032947333844,-0.36121896932604813,0.10065525428411548,-0.9145274646578577,0.1811684585617045,0.7641102543027047,0.7780184795400253,-0.21859874683348446
2026-05-08,0.40691400387986454,1.3090392574606993,-0.06906204048430775,1.1491869424937806,0.9892572127193732,1.055966584125263,0.5430050653770245,0.4224748472924186,-0.3133207769435143,0.07551394368207609,-0.9210817093709156,0.17795409051788358,0.7180585997387255,0.7196658945493372,-0.24115838237811937
2026-05-11,0.3781397504027785,1.3444670003800834,-0.0578828322967373,1.1070448040499725,0.9914677425922372,1.102735157285407,0.5998546718651959,0.5117322628410562,-0.22238456390109007,0.13966993621722723,-0.855291697191092,0.23488166522427079,0.7225780861798347,0.7735208992813188,-0.11496829973142964
2026-05-12,0.3844613197639698,1.3748497792786227,-0.056045256372496466,1.1094533551120311,1.0020965211361412,1.1162773308008944,0.5884178308593454,0.49109035037047877,-0.23559588077710625,0.10824886276143186,-0.8791344603100969,0.20926414405536353,0.7755865736657767,0.7719773713707517,-0.08201160487577186
2026-05-13,0.3813995219703049,1.3747379654623457,-0.019471877704090423,1.1352359009034032,1.02122060229597,1.148100508513866,0.5785259471028196,0.5107313788665274,-0.18309114623204992,0.1437658741328307,-0.8527886062728083,0.23960761751320014,0.8185180029915616,0.7413919199849793,-0.14008588330623584
2026-05-14,0.39459558484653556,1.365661347908337,-0.041563874206145934,1.096206967122967,1.0077866610542392,1.1266154335802225,0.5312280941624795,0.5497267925965102,-0.24907046702578117,0.07615741504195828,-0.8874810730751433,0.271916216122046,0.8035624737377772,0.7479848781675599,-0.15181920389895187
2026-05-15,0.4063646888711381,1.3778090429218661,0.052117136025420896,1.1219361403561288,1.0085738940357045,1.0700551557201992,0.47045840965842745,0.49224205294796697,-0.16849991087094296,0.0834894129068865,-0.8707057083870174,0.195802983220691,0.7377887582702787,0.7275999097990873,-0.17476391786760848
2026-05-18,0.4021028646239583,1.3146080884719584,0.06698636415306802,1.1136341736172093,1.0329553006398284,1.070783462852202,0.4836367202403212,0.5374289498870984,-0.15685098348200932,0.10857363577941226,-0.8369612040852861,0.2407226635301416,0.7430281501816917,0.7100044991953053,-0.23167785937498786
2026-05-19,0.4040257323649581,1.2548475671110575,-0.01185327092119981,1.1107567816619872,0.9808569885746454,1.0909026767063656,0.5101185993139599,0.5708176009301058,-0.0975419949430244,0.13975741999073177,-0.7786041062541064,0.23862687046440756,0.74034655873193,0.6644535551427804,-0.21953810775583615
2026-05-20,0.3987731793964452,1.2671454368507398,0.024511280915439748,1.0740099353503445,0.9467066407476724,1.1008555597010488,0.5520891218999134,0.5569770128620782,-0.008454795929061842,0.2000950056816332,-0.7375374643352886,0.24429916759197368,0.764878118568023,0.6607125795661709,-0.1916563635829729
2026-05-21,0.3860460236605554,1.303025405029252,0.0849624769094629,1.0710679507544911,0.9723650405620714,1.1627213515815253,0.5695455135113681,0.6184525239163161,-0.03224860714431821,0.1585976257137084,-0.8150735676960639,0.2928997465238783,0.8653365644092521,0.6716267366644308,-0.15370877860496812
2026-05-22,0.3756774986328345,1.3768186828619084,0.15787287715840992,1.0839187744605168,0.9621990873039895,1.2105656695888984,0.616715659457291,0.6915892797613185,0.0327472254619392,0.16391946433039728,-0.8209140039768652,0.24773319569916163,0.9179277114453631,0.6115607252508733,-0.17909993760319876
2026-05-27,0.3721417139772719,1.4096449249941352,0.1368122012222479,0.9968883860178489,0.9390193748796557,1.189281719650383,0.5814403206286024,0.6835079854448302,-0.007205284692699321,0.09455682805963239,-0.7612927581528094,0.25747233256942337,0.8751679335608241,0.7057769352846307,-0.1655194057224464
2026-05-28,0.3840818236332537,1.4001196000613096,0.19964892876148532,1.025167031936306,0.9789436692094462,1.151129704740781,0.5328581483892516,0.6672533238565872,-0.00970727478766864,0.07827434080246665,-0.6827928717304131,0.2468553990169604,0.8551717631081488,0.7024539598939392,-0.1656720365825144
2026-05-29,0.38507228277339434,1.349452520049743,0.23323216652084078,1.0265653524477618,0.9875321472243404,1.1551602632030824,0.5056849005882378,0.7105471886233916,-0.06678361472895622,0.004666571503785133,-0.8130226204604067,0.27882518551429936,0.9832013839396216,0.6550817448653721,-0.19774255346086722
2026-06-01,0.3716389058933397,1.3195171208815486,0.18489590248052246,0.9806465606062528,0.886153598278688,1.1369763183474455,0.5573058189442622,0.7570119533244061,-0.1614284328347354,-0.08117460190548864,-0.8746517100045604,0.36156196374603844,0.9159543768207733,0.6270911167180236,-0.2639113228297284
2026-06-02,0.37737107167327366,1.2962171725160991,0.1267598954497553,0.938985348786429,0.8424640689931981,1.0580408345466934,0.5037986735410844,0.711308612805408,-0.17022950566932715,-0.04686910351801077,-0.884919992647913,0.38915452130902284,0.8803767135021405,0.6671028685120304,-0.3165136299586797
2026-06-04,0.37770739036680023,1.271891789448345,0.1752950722606793,0.9544023733099207,0.8894779096032726,1.0455806362582012,0.4915845694281813,0.6625653178250075,-0.15388497566862813,-0.017446305943976337,-0.8627457294574523,0.380840923100942,0.8124863255743173,0.6913318549837966,-0.25620969114220826
2026-06-05,0.3826535687720891,1.257906873707706,0.142411334528461,0.9281761946017488,0.8684331579180893,1.0190266722652623,0.466641837542463,0.7044245296108844,-0.1974263958534288,-0.0658647163625724,-0.9126024982183688,0.328056202916712,0.7541281285748376,0.6861776903054406,-0.25112793236080067
2026-06-08,0.38802111792620897,1.227046626720509,0.08811947845286494,0.8933260168492345,0.824167916865749,1.030577182127926,0.4853478288152362,0.7199785722603091,-0.23535914224119947,-0.10143437594707672,-0.9506171516890205,0.2560801454451942,0.69455057835932,0.5935784791299639,-0.33541219324850124
2026-06-09,0.3651210609064267,1.252109888006034,0.09897137251558674,0.8747061878491201,0.8226523456402052,1.065050905383281,0.5533006191502005,0.7153944476674939,-0.19403161921600776,-0.0944221302844751,-0.929074933798139,0.31471488756355626,0.7534587795027933,0.6164761744829116,-0.25656383482503353
2026-06-10,0.37683166791395317,1.2315863828329217,0.07490446307456866,0.840826338558226,0.8329281252839247,1.0068847190559096,0.5108120993055663,0.6703926747776454,-0.17699701416579539,-0.10829907725463483,-0.9246915642123457,0.2858859320054177,0.7206776127755079,0.6877656711228548,-0.24446415879077854
2026-06-11,0.37903779140371363,1.2425816360292465,0.17107570136897643,0.8425879164377866,0.8511027654878526,0.9741204694033684,0.46419668757994714,0.608019690321331,-0.20400466702283282,-0.12875512497758967,-0.9441948516380239,0.27600987013944056,0.7679398781741017,0.6710239738034754,-0.25089017091088905
2026-06-12,0.3820009869830088,1.3004008172899006,0.19034368220555398,0.8553388974467673,0.8842608217570962,1.0054496534498578,0.4556029390401011,0.570019229559442,-0.2703838019502419,-0.20104920215193012,-1.009615579889033,0.32831522901718224,0.7925649200887985,0.7374667478300456,-0.1856149329148179
2026-06-15,0.38232914329957834,1.272979121798653,0.10211752697524368,0.8243647885795042,0.8590345601823142,1.0403467123283747,0.4770295358308483,0.6213784119213086,-0.22237179449523148,-0.15568702182780325,-0.9725376873009952,0.3448733428986197,0.9397582890956471,0.7935263551980851,-0.15000081213167016
2026-06-16,0.3837615077300167,1.2673242073397917,0.15100116159185817,0.8045922058313653,0.8142774763703107,1.0529469014102308,0.5156726846679152,0.584687889308841,-0.19689499713044778,-0.14239039549231358,-0.9420865370097563,0.3534819152523294,0.9172220246506253,0.8161153364745943,-0.1329716877496221
2026-06-17,0.37600420132769996,1.270891338263139,0.14517516400834185,0.8120571296505134,0.7733872111234782,1.0585694400056873,0.4951581278310596,0.67822716308997,-0.13749040711225824,-0.07793021744597628,-0.8768285404257126,0.36214657049511223,0.9827203227425235,0.8275356116077034,-0.22279404787476997
2026-06-18,0.3737006681022872,1.2879636739417866,0.18467882126453983,0.8944740305037984,0.8553212733674049,1.0253876420672807,0.4699196856944703,0.6906721062145749,-0.13480777334173488,-0.07516188741186869,-0.8605871423842156,0.394557017878963,1.0390097598535883,0.8134169337891237,-0.20150984169292618
2026-06-23,0.379215198570519,1.2835136564627332,0.1362016690626091,0.8795646504016823,0.8330801566723944,1.0075706494838035,0.5342065331674557,0.6135139157978797,-0.17928386446961508,-0.10217703587898197,-0.8921027224849688,0.27676030851928357,0.9721819351534715,0.8605197813322798,-0.13742624987490937
2026-06-24,0.36092379732670254,1.29252322912767,0.14130394482178932,0.9143292603998112,0.8600515794203747,0.9851166059460708,0.6062707638554963,0.6525833197829325,-0.06126515406445565,0.007532320265727033,-0.7982988742341425,0.39330111320458605,1.0111503380343632,0.8074062561845416,-0.17814169564030824
2026-06-25,0.356337380555103,1.2693891613370658,0.10056898569252692,0.9127368677884967,0.8273552542166801,1.0718288020745077,0.6938416078286059,0.742199322224809,0.029458623616238744,0.04453928138463903,-0.7373939303237471,0.4402281889805696,1.0685522901554214,0.756080127292399,-0.18750215171668982
2026-06-26,0.37226964598091483,1.292323753198544,0.10013927102813924,0.8672744580353434,0.8033940667101017,1.063783101972399,0.8046824692622089,0.7606283720473402,0.034539980762052225,-0.0015608810182533572,-0.6932017580037577,0.42284820589751904,1.0114538313321657,0.8271289459768841,-0.14120311024890986
2026-06-29,0.37544901967325506,1.2748211806683862,0.08097951972449513,0.8593367520530099,0.7984854653920385,1.0552484651643677,0.7543007551039954,0.7672482212856512,0.048102684594621636,0.002473773701359261,-0.7315404150384293,0.3645690897422643,0.9893153294873475,0.7335475370644001,-0.18560679854532103
2026-06-30,0.3674711961542485,1.3312528484685004,0.138037493153657,0.9244658225445248,0.8231693786858925,1.1224852142014374,0.8223678868274558,0.8378437993624703,0.026289468338911548,0.022091130511983637,-0.7386194978199099,0.3733431577688022,0.9694413138715798,0.753792598772218,-0.18417013469322174
2026-07-01,0.3869564965008203,1.345340265113668,0.1129172738061952,0.8858419782022717,0.8480526769250993,1.074870563143424,0.7947165682816602,0.8152944233290076,0.03651682961812641,-0.023258760248962895,-0.7781726632118132,0.29400954937777346,1.029741915566855,0.780777172158722,-0.14502919109986312
2026-07-02,0.37672167842255566,1.3847720080943264,0.11280031047991901,0.9403504850990748,0.9246303963410177,1.0202884502045313,0.7747152523092616,0.7553210220997032,-0.06293977450588573,-0.11004489623527314,-0.8478269962163986,0.20487947867465162,0.9394015408510249,0.7115227483639436,-0.2338185704596546
2026-07-03,0.3677953436362903,1.3291943009328175,0.1254237144537914,0.9029365673743613,0.915786130016662,1.009241662532181,0.8082736834025278,0.7581492569882767,-0.11831942764818748,-0.1497188080108317,-0.8868215193847074,0.28306605349182445,0.9354143046167286,0.5723242147611559,-0.2885386533433195
2026-07-07,0.3830431833265615,1.3104940091532988,0.08593992732324773,0.8244633535630643,0.8347011122183394,0.9449472756836836,0.7889230176350546,0.6766367114967775,-0.034710526231322536,-0.09609475330054729,-0.7682825407853205,0.23478531860631646,0.8863704189719146,0.5990320636869011,-0.2498725895590873
2026-07-08,0.3876390199934129,1.2641381305510024,0.06319433680315967,0.781913504052968,0.8312607242282318,0.9663621887996235,0.8536116642330976,0.7654222823933244,-0.11086557589081636,-0.1405556750156094,-0.7904325570082438,0.1646489113386168,0.8399924240154782,0.5261061667465926,-0.3571099529520296
2026-07-09,0.37548575194710176,1.3523969143457542,0.07780308291330307,0.8000246573926599,0.8524480273249591,0.9885105446926883,0.9568495666747716,0.8253858084175099,-0.00722593430343188,-0.03692022534346773,-0.6866567914851044,0.17478825246164276,0.8700828305667188,0.5583423700236252,-0.3501305489470137
2026-07-10,0.37548575194710176,1.3523969143457542,0.07780308291330307,0.8000246573926599,0.8524480273249591,0.9885105446926883,0.9568495666747716,0.8253858084175099,-0.03078169348832893,-0.05396928646298316,-0.622197289185896,0.1996563190396563,0.9092641356295139,0.6338798141547419,-0.32948161469410286
2026-07-13,0.38521334148436837,1.3414322374875487,0.053515395621064665,0.7945794811340345,0.8083917990542777,1.0194380954211169,1.000551274021817,0.8545566612853048,-0.051937045004254445,-0.018278433591109144,-0.670512114115943,0.08589685843064077,0.8260607547183012,0.6096098865311861,-0.35433672504599
2026-07-14,0.3912436088867257,1.311444792517988,0.04019950828052976,0.7570325370722992,0.7887510578733774,1.001056728154448,1.0304374024196787,0.8515756653455797,-0.0014889512450620979,0.05278585196786956,-0.593994657772881,0.13301086511260884,0.8015929727890849,0.5592469993566924,-0.4032072574047796
2026-07-15,0.37969603282906816,1.355132076018027,0.05278663255657845,0.7890621724787343,0.8006497953768663,1.0498137098264235,1.1031465959912177,0.8802918961341091,-0.12630304895618516,0.04373712848022504,-0.7192198169315135,0.17408100637991686,0.8547303146206777,0.6002537398278602,-0.3789722098945332
2026-07-16,0.39206096221376663,1.3538117268747691,0.06086175553345641,0.8244106750823889,0.8570865642533231,0.9905351419396927,0.999108096090476,0.7874906362087345,-0.2315667831205933,0.008186969402226407,-0.8243874650169546,0.08248711152725896,0.7494571984430015,0.563249911200738,-0.42410203384094214
2026-07-21,0.38897214251024403,1.3712166602295919,0.04014117148842311,0.8142020288248951,0.877307135232864,1.0446969463472664,1.0320676928474466,0.8404467334570481,-0.17739311429937654,0.062348817846708426,-0.7802569245621092,0.10099857253684341,0.8129358852215732,0.5160457852071422,-0.4442189556616096
2026-07-22,0.3714988647056998,1.393591781387252,0.10460361910609595,0.856650320964718,0.8967817124136022,1.1261407644854695,1.111002180856413,0.8920050734554177,-0.17792005484459072,0.1267425328670786,-0.789764730524413,0.09345812638847473,0.8464538157898565,0.5672591566264154,-0.3746266421429014
2026-07-23,0.3730218729802238,1.3823055401882551,0.1040454501470981,0.8251086125857082,0.9008212527032339,1.1133805583862655,1.0512551405070845,0.8775314364344454,-0.2381633986280255,0.055950950318688686,-0.8307603960909831,0.12871905523442984,0.8362603348471865,0.5702910617360316,-0.40238881680794575
2026-07-24,0.37691474047887985,1.3522652220333402,0.08049549614636153,0.7982631358898352,0.8880773918893007,1.0746783144915049,0.9756284490599646,0.8055476110682412,-0.18560154550122454,0.17617704132438305,-0.7541086618981007,0.07678347404059183,0.8235026096683352,0.5725251422011314,-0.39892664794431093
2026-07-27,0.37738784546330806,1.344548273047724,0.07917804247028859,0.8170182293755027,0.8717029263011177,1.0858213488006299,0.9440622002997762,0.8046132562847897,-0.19178508296984698,0.1770414942986026,-0.7536355569136725,0.09513193085198313,0.7846398538224594,0.5673185423336037,-0.48066032203480136
2026-07-28,0.39480803589743485,1.2991982092063874,0.02306942414069313,0.7607110503452892,0.8145417709365732,1.0291686335527939,0.8951089775286523,0.7469128720045104,-0.2135081769746664,0.11929765658488967,-0.7681141506358418,-0.0009146584366450661,0.7152277746918678,0.5473153751566378,-0.4400658381121453
2026-07-29,0.39741243193364484,1.2329620695121482,-0.015012645662800694,0.6941436849856767,0.7478031526073646,0.9627121336211432,0.8287537401022628,0.6814385296243929,-0.24456916546108232,0.05225956765727002,-0.7826829711549116,-0.016280712248624374,0.6556787075010956,0.30140886647582776,-0.4621089053583067
2026-07-30,0.40233047764218877,1.2475622880957438,-0.07559123256923395,0.6535155865636093,0.7138615902348269,1.0052513477081995,0.7824407979663155,0.6875526226606334,-0.3473127696666097,-0.050453049290068885,-0.8855967805735436,-0.020853075162357015,0.6716011237695461,0.23707853620070085,-0.5120359265010368
2026-07-31,0.42066392488116344,1.2652014256087616,-0.058960604438890285,0.670490448776526,0.7318364108661359,1.0230288822069,0.800219850561869,0.7048332059228906,-0.40565249330660486,-0.1123058953398347,-0.92549676422827,0.1399086666458953,0.7935012716069731,0.28200976694367585,-0.4817741723393198
2026-08-03,0.39155730485834694,1.3535271358093748,-0.05246734078727611,0.7080959786115453,0.7833003904824631,1.1113650075010668,0.8292959509526758,0.7932621765722621,-0.4861948693305327,-0.2183040134143559,-0.9779664517585382,0.04204586824487766,0.7180214648052219,0.30866122757439496,-0.4981969406931572
2026-08-04,0.3708282073829493,1.312273705883206,0.020885693504483882,0.7588045287465001,0.8153927375511659,1.177941252220203,0.9220468917067167,0.8881235551864773,-0.415799845534397,-0.13799733800745295,-0.9271972793190857,0.0447250547452307,0.7685235089519166,0.32851876527773893,-0.48877314740231786
2026-08-05,0.3783695402494849,1.297414889751152,-0.007555674393439182,0.7364545502419788,0.8299415545846112,1.197052424571362,0.907857546515995,0.9362085403065576,-0.39124477625019083,-0.12417886917162779,-0.8896121537832833,0.040976299437679,0.9591758617118749,0.3944214990297936,-0.4143405991170388
2026-08-06,0.36642649779135983,1.3056107214636001,0.046712876509332424,0.749347935243253,0.880727680834283,1.206000720031145,0.9542627985262793,0.9707837585775208,-0.2910662106767484,-0.06957515819360582,-0.8451917431025683,-0.019275548893436634,0.8968722157365012,0.3626108876681273,-0.40753082094677257
2026-08-07,0.37239274692483804,1.2925154679403654,0.02424987298249759,0.7246870697257703,0.8654883268092419,1.1911822831164085,0.9352328094832301,0.9388347165534501,-0.26273474037800937,-0.00586845815143211,-0.8004691336442661,-0.013254396017807868,0.9059731222788836,0.3720196812479306,-0.41612253762405105
2026-08-10,0.3608358562127095,1.350856097588491,0.10292653439337707,0.735424846600171,0.9195167462391874,1.2134267074149547,0.9647220585657547,0.9387397864554857,-0.2686473072872827,-0.04540177904392273,-0.8117969613161905,-0.03336014012200228,0.9297082227495336,0.37654002203422354,-0.41362267928214347
2026-08-12,0.36038409644892666,1.3292880627882617,0.0906125713533592,0.7781535123340786,0.8969872011332387,1.2126910190789513,1.0512643783368123,0.948796011667854,-0.2708703619089955,-0.04136127914674603,-0.8001391078302059,0.02254099263751952,0.9506749616591452,0.3944603672030995,-0.4204440914789904
2026-08-13,0.3576326512583704,1.3263084945879564,0.08492816404992665,0.7456904162988539,0.9486486587604724,1.2016921617120264,0.9999374755829157,0.9296051833863409,-0.28648461990938334,-0.0625936665041551,-0.8343562605454486,0.05930670613769207,0.9910670501617095,0.4069406405004524,-0.3988215329038677
2026-08-14,0.34565290025680184,1.314788848465662,0.07168614154161079,0.7242986913398779,0.9313017167107869,1.2260785504524907,1.0759802010093453,0.9470320869209445,-0.27052912157723996,-0.04618682658077011,-0.8241952183256698,0.08785474802070525,0.9590426382697985,0.4496444259168879,-0.35910204002140644
2026-08-18,0.34931972372290754,1.300463296493439,0.03771498625181258,0.68472276854765,0.9037507577355677,1.260189619870536,1.0486401534933605,0.9138617678717431,-0.26351532945068123,-0.014139584921649906,-0.8280755151138235,0.07778951873888473,0.9378630668955745,0.5000914297612788,-0.3374547518428449
2026-08-19,0.34972689001298873,1.2950209361947436,0.039443517519624605,0.6935687675843262,0.8976578069323461,1.2600949055067092,1.0081113519723899,0.9082837371693383,-0.3446333855650637,-0.10647076108283804,-0.8893380454644342,0.009441476716837371,0.8937828534063731,0.4018237671737105,-0.3923274212176092
2026-08-20,0.35552635901552143,1.293633932030025,0.05726075627100902,0.6887861744184697,0.9025138426042584,1.2641229420230076,1.015960505712434,0.9058540862655086,-0.32728041675600916,-0.11819670896829937,-0.8946968546413985,0.09536712242193668,0.8599232085375811,0.32228774241361646,-0.43817335145127784
2026-08-21,0.3637103577069455,1.2820908257750925,0.04708401947488705,0.6694926427573568,0.8693353912239258,1.2082292774257626,0.958001582079062,0.8512646226242836,-0.3452413225554892,-0.11314863104336947,-0.8971157964002261,0.12693535993871696,0.8555644137472708,0.31525266315886447,-0.4518648200032038
2026-08-24,0.3593485599043378,1.3008402309030818,0.0648004335599579,0.7094864130946377,0.8918430361905081,1.2092375420850459,0.9682691721511423,0.8403476198280866,-0.3976049028288554,-0.14508678284125565,-0.9183377426819865,0.04614658732627186,0.8450335708158838,0.3136529857631265,-0.4642106808324921
2026-08-25,0.36076542117845045,1.290095118986891,0.07047917063465847,0.7025217835758134,0.9186346735253604,1.2186167493356006,0.981002031897766,0.881641388993523,-0.4032775882993652,-0.15970867570570213,-0.9297646586952422,0.037092092887988426,0.8971199725818665,0.25650457487489364,-0.5049601255015461
2026-08-26,0.35242113084906324,1.2772108634326984,0.10059448656037517,0.7065617189859454,0.9249664853125741,1.2617075181533095,0.983521592224966,0.920692417046747,-0.42367627799896934,-0.1685528990842997,-0.9550859220228016,0.03987541846564624,0.8875376211528874,0.2584931500227621,-0.5170169565280274
2026-08-27,0.34724214035395906,1.2958262466248511,0.06551374197317783,0.7176976357468053,0.9310134273443781,1.2756955115579265,1.0734114089442102,0.9543589226100341,-0.3878859912531003,-0.1319677863204768,-0.9274570552377023,0.05383100378768446,0.9073244887100486,0.24920755207172351,-0.5114732799290778
2026-08-28,0.3436644028776542,1.314210419734977,0.09326000075294927,0.7969905619439238,0.9915282581807997,1.2068226376120847,1.0222936426171434,0.9300929348349932,-0.4168635855555599,-0.1393724552177953,-0.9504250816625801,0.011692329108694,0.8814326497381767,0.3082204878776974,-0.4764857614908747
2026-08-31,0.3418375111398172,1.2571709971368645,0.06218596768780571,0.752035364347908,0.9656790494982207,1.105852798461398,1.0185871088916634,0.8412846607235814,-0.40158881310797334,-0.12235597660358111,-0.9383806048602739,0.02768855173614093,0.8996064634706652,0.23507780398665334,-0.5009580177471569
2026-09-01,0.33866000965027765,1.2831033586490552,0.06951708683473357,0.8165454484471142,0.9888754311915364,1.0597988752772296,0.996888170677088,0.8886553396991079,-0.45222868389478726,-0.1904925089828594,-0.9875845808670591,0.013901715216366961,0.8863711015977367,0.20526462469905726,-0.5181366430286378
2026-09-02,0.33270114738289813,1.264910657816992,0.06500403504787156,0.8024458375959916,0.9887299575094995,1.0786965618556166,0.9931089561580592,0.8741157313793338,-0.46277626183699283,-0.20140446971431258,-0.9996075019449937,-0.010319698897700014,0.8865236704765075,0.1883489465338427,-0.5073476971165424
2026-09-03,0.3414689884061086,1.2715842460683613,0.06082760727517522,0.7733677348835182,0.9627564679242029,1.0326153024238334,0.8944220287516025,0.791951654331996,-0.4566637749771725,-0.19758254798143593,-0.9948047455197554,-0.005644113309003718,0.8689005093719293,0.22786461528720392,-0.48860825133068214
2026-09-04,0.33479341394776796,1.2548760100864453,0.051258330342037084,0.7621828310929653,0.9521624859043631,0.9945915877546487,0.8559927543145478,0.8321637086027622,-0.528096830623161,-0.25830397233300195,-1.0383057497177717,0.001108378243552699,0.8914627897076168,0.20796771774685285,-0.4857872050719271
2026-09-07,0.33881375660147484,1.2929658764860366,0.04732284491363692,0.7867958548815677,0.9356482182691028,1.0288715986666925,0.8347278839206898,0.8082964666622432,-0.5205559726562718,-0.23550956628410646,-1.0225897245925242,0.039793659962907846,0.9558361812114571,0.20898112592955242,-0.4582339078741322
2026-09-09,0.33514186543434754,1.3263000582185844,0.06544434849093461,0.7907213627675443,0.9689407324669045,1.0672930541000998,0.9127497494910822,0.8215395419925148,-0.5216185760208186,-0.23664085333309515,-1.01178956239632,0.03814812279942903,0.9830820686620377,0.26725808597800393,-0.3732422013357942
2026-09-10,0.334198831801491,1.3469649269583124,0.07946248452875837,0.8014222253469223,1.0037018844469578,1.073460278915264,0.8812090648444171,0.8450045790582907,-0.524062443990448,-0.2316515366563755,-0.9937255313101412,0.04145179425597911,0.9530847354864262,0.2847633406446064,-0.3512808140456398
2026-09-11,0.3339663049804894,1.31270975807431,0.05795089309390067,0.7858428546986861,0.9795425600896591,1.0724384608494621,0.9067401940547198,0.8551690156387687,-0.5134277877028116,-0.22126775661703568,-0.9885465326184585,0.02172585380807268,0.9136330870008585,0.2649056924877088,-0.39238766927559565
