date,gap_days,2330.TW,3711.TW,6239.TW,2449.TW,3264.TWO,3037.TW,8046.TW,3189.TW,600584.SS,002156.SZ,002185.SZ,005930.KS,4062.T,AMKR,INTC
2020-09-03,1,0.006904553326773983,0.0016597375815832816,0.008013793449857644,-0.0016141554863608825,0.003030264427582465,0.023167091482591464,0.052056413802904405,-0.019476337086706406,-0.0023774409581625573,0.005865184700829031,-0.03668291462933148,0.036104997612641736,0.005532414401091567,0.021369811592227325,0.028340373951104284
2020-09-04,1,-0.016185334278423506,-0.013355846348167541,-0.012622061299836116,0.006441212307888652,-0.009118552507638393,-0.03759369173353951,-0.010929104329929978,0.013523874273594633,0.010523465722619375,0.01121502420658564,0.012154079704946098,-0.014285615079007472,-0.032238223535891265,-0.0722423155062821,-0.03624733343075866
2020-09-07,3,-0.007017851782168207,0.024897511201127438,0.011481124366891828,0.007993565190992351,-0.012288991853371074,-0.04872407413402984,-0.07608222605978783,-0.04580960892470683,-0.05127940268263693,-0.010797304025294103,-0.0033614404073324545,0.016057281275942956,-0.007148006207509133,-0.03250928744735017,-0.0061708642298626895
2020-09-09,2,0.0023450802850789546,0.016260708908219935,-0.001142240157067418,-0.006389682876752196,0.02140754436100946,0.024658935190010688,0.04255949500651719,0.006230617483892484,-0.06575116122737706,-0.1028122245740816,-0.0675509077174932,0.03307536634136045,0.001433665339244113,-0.0693034784765802,-0.02363976146905345
2020-09-10,1,0.018562037896564774,-0.01298732921238832,0.004560918118985527,-0.012903336491708156,-0.007593055680115666,-0.013624259203086029,-0.046519884850016985,-0.01880933448230502,0.009078735840681086,-0.019626745164608207,-0.020379130612937627,0.013605782020332751,0.015636423563366673,0.038395874046703075,0.01441199833377551
2020-09-11,1,0.0034420496450207707,0.0016325587753584167,0.012436603201354826,-0.00815008670214387,-0.006116216460934072,-0.008264364271908005,-0.024097553290700516,-0.015949372424353063,0.05253168944653769,0.029755869332148625,0.03468550437687214,-0.0033846061237154585,-0.008498621401627408,-0.016274967780312656,-0.013390293556290619
2020-09-14,3,0.01025663506008611,0.004882149156569895,0.008948653656619194,0.01462248405808423,0.01219532337049148,0.049909097858110166,0.02012127546059517,0.05016733429273344,-0.0044358595811013705,0.023541011512498457,0.012001571974014419,0.02345202290501235,0.02528234784132566,-0.008238138061791501,0.00651472104543452
2020-09-15,1,0.009029379403606583,0.006472621280460105,-0.00111412583673614,0.0175864155851761,0.05741085827825267,0.00393964064032014,0.03137517425424147,0.049226822404506154,0.0069224443179345145,-0.0035858055371919893,-0.003514902472118472,0.009884761915509565,-0.008356794799234079,0.05889321835394752,0.0026343792047844815
2020-09-16,1,0.02879513330397441,0.006430676947534096,0.005558601317635404,-0.006359452115152432,-0.007178853957382679,0.020753054031086942,0.02666817341101865,0.007251665196625772,-0.009704895675479908,-0.006306397096381024,-0.017045840202443957,0.0,0.006968682708305715,-0.011329301126572745,0.011870225164645127
2020-09-17,1,-0.015487100775162611,-0.001603676755514821,0.0,-0.012841118956384562,-0.007230626247222449,0.029097409978681106,0.022305892437126166,-0.017492972914900942,0.007218310938646899,0.010339633169227529,0.013518470896980682,-0.024897558430602762,0.012422711769874103,0.006987047137712122,0.007372736625859468
2020-09-18,1,-0.010084069443619148,0.001603676755514904,-0.007790930000597662,0.011244916611846983,-0.010211647201264015,-0.02525378304021517,-0.011090720532083596,0.013148411521754094,0.022970535647244106,0.012002675102912268,0.013338224497025541,-0.003367057995991152,0.002739676566648069,-0.0008706821803677448,-0.0009930901989105428
2020-09-23,5,-0.023932829195833175,-0.04088859369612869,-0.03640893016346123,-0.05078883014180385,-0.037345664550800156,-0.01157570775402326,-0.04953392972935718,-0.058268915581286,-0.00787075746619264,0.013169722700792084,-0.005594411437887122,-0.011874485548839015,-0.0054871605704236515,-0.014919321818759247,-0.007380259337951869
2020-09-24,1,-0.02451976356315445,-0.028791247244681784,-0.015178453902830777,0.005029365132726533,-0.03248534472473617,-0.04633512221448918,-0.06871398706436833,-0.0015395804141870929,-0.010683508583736543,0.024979733770838806,-0.024131651943459828,-0.013746131035210246,-0.03784594058254997,-0.03600746094703785,-0.022882259887667393
2020-09-25,1,0.0023613895969352163,0.011955721847981788,-0.014218080778115157,0.019868184368485028,-0.028710092241014576,-0.01777228399253536,-0.05592847342625581,-0.03768106950110547,0.008501329810870853,-0.018026273711587014,-0.010834429805680765,0.0017286354844969936,-0.007168502075273096,0.000915868360821316,0.0069401324938229295
2020-09-28,3,0.01753394476394312,0.021831330802531593,0.017741388844005244,0.004905911395490032,0.027136438004451046,0.06669126828573999,0.0642618322651188,0.060530439279817105,-0.046676167012773426,-0.04881173629605973,-0.033225776423561434,0.011300697506224094,0.024166050573142753,-0.0009158683608214414,0.015741884608372635
2020-09-29,1,-0.0011591610503606127,-0.026937767381775293,0.0011715618530059486,-0.00818996944189403,0.020265826963054897,-0.04486237020918159,-0.0380595327252338,-0.022849369778711524,0.02681882868299001,0.03265775597076302,0.033951763389588524,0.0,0.01539558516108902,0.03335129138343691,0.02939966193795636
2020-10-12,13,0.06511838773252143,0.05801122881001542,0.04129031501047532,0.011447451431647715,0.02739888983678184,0.13958592462500705,0.07071562153629607,0.05252514169582336,0.08666315891479806,0.0721568783672201,0.049549975794473115,0.03710393974518109,0.051432288616095514,0.11778318760104327,0.026668064395831116
2020-10-13,1,0.00433838817666849,-0.004842504352500506,-0.0022495573991045026,-0.01639380701766205,0.007479400968596265,0.00351498037767693,-0.012121325887097705,-0.016212526402457964,0.005095516028681213,0.029852872763077663,0.000690401901112517,0.00824422760348268,0.041349556591609216,0.01175092678876926,0.01986968569180033
2020-10-14,1,-0.006514697835158037,-0.01467014891771424,0.0067340095405301476,0.006589606360397953,0.025019813641032604,0.001169052697807089,0.03593190773586592,0.07166389691387597,-0.027046010876868667,-0.012397541623855202,-0.020216726666147274,0.0,0.016321777143431353,-0.00468382975982648,-0.0009286811553152231
2020-10-15,1,-0.013158193834881047,0.006546532747707876,-0.015784010033212347,0.0032788427290423054,-0.014641558462518335,-0.0011690526978070913,0.0039139575656746955,0.006891767629571655,-0.012611927642769083,0.001206329708283591,-0.005649723620853368,-0.014888749619919912,0.0074441199767620375,0.0007823911799000823,-0.005215168398135874
2020-10-16,1,-0.008869211362402665,-0.001632558775358454,0.0,-0.008216972132259989,-0.017857656147110528,-0.021277530326127343,-0.027724539414442886,-0.03779322677323074,0.009473749546847713,-0.017433945031928095,0.0354820274387113,-0.00836833598366394,0.002469109618621544,0.008563591750899768,0.005586681216640864
2020-10-19,3,0.01875384869059621,0.011373057123046114,0.006795021404776417,0.006578936675238117,0.004494434556451293,0.02127753032612727,0.0159366172471027,0.03228368859244349,-0.008680781739260344,-0.0032773169580241927,-0.0013681201204143998,0.008368335983663799,0.029163595339198222,-0.0077821335912949905,0.005740319437612141
2020-10-20,1,-0.014309485471612562,0.0,-0.03444664379053884,0.014646364028745203,0.004474114994452143,0.028820488958675627,0.027292133147255617,-0.012508849691708764,-0.0021158073254488666,0.011018146595310101,0.0020513793078063237,0.014888749619919768,0.02015499984088174,-0.007843170502380129,0.007724816969024617
2020-10-21,1,0.004424848143419081,0.03492413021588517,-0.03084459843855423,-0.0016168482222756607,0.010362960926220657,-0.018349174549862488,-0.035228800820860835,0.004186966719975314,-0.032286882497066696,-0.014306239686257573,-0.024197511572794785,0.0,0.019756612997362765,0.034819656476385054,-0.02129524267477409
2020-10-22,1,0.004405056557107978,0.004669307734501005,-0.006042253359464981,0.008058060530164248,-0.00739102085999975,0.010362801277238973,-0.032391478104537734,-0.04122836268881947,-0.014876296992048087,-0.0037121735223046098,0.01182623960862087,-0.013223809877541213,-0.019756612997362834,0.0007602291935249704,0.0013093357656308426
2020-10-23,1,-0.006615033220677547,0.012345809765760721,0.0645384741837817,-0.0016064588857890106,0.013264742426167157,-0.025523540530362605,-0.004123778833303387,-0.016093921937253633,-0.020185700445463497,0.002063905033817579,-0.014629388568957371,0.0016628399647913576,-0.03584615529961102,-0.00380670334385102,0.007448870295193062
2020-10-26,3,-0.004434659506905683,0.016730440338896653,-0.021827552195075414,-0.012945180445359658,0.0029238705228269352,0.0035190038625413033,-0.0166670070422825,-0.01635730726025218,-0.009675689117816813,0.0276554851658704,-0.023430110661903186,0.003316742309267217,-0.013472439880468782,0.012883805457371722,-0.11177126298893217
2020-10-27,1,-0.006688854954388428,-0.029076250104657215,0.010398972406675736,-0.011466035074020045,0.011611209574888716,-0.045516690058140706,0.016667007042282373,0.010440129857371406,0.022339256525081296,0.006795825626542257,0.026233259622239855,-0.009983487505358919,0.024361840796450453,0.008249224716939983,-0.031187054441079422
2020-10-28,1,-0.006733973665817211,-0.020392928180054202,-0.01856217733028898,0.0016460400221307776,-0.010152405398171993,-0.08567524311491446,-0.08626026001527032,-0.024025246203744455,-0.003080600811501268,-0.014042358207173393,0.004189943579389035,-0.013468175534749624,0.0435617353711924,-0.1741400539221917,-0.023387591708711176
2020-10-29,1,-0.01589135718586245,-0.009554133361253934,-0.01059453272054752,-0.00494635558601436,-0.005847960030571888,-0.09811800029316677,0.03104469090672726,0.0460363455438788,0.014480816314484692,-0.01547259100580482,-0.0013946981436141154,-0.015371693543894569,0.023905718297413458,0.027182603330453494,-0.03092932260184991
2020-10-30,1,-0.011507610628850586,0.011137651872956844,-0.0011841697683208482,-0.009966892479759728,-0.02223962681639324,0.004408453144888203,0.00869560567160951,0.002898429184971378,0.023228228293142177,0.02191644721428783,0.003483138711600815,-0.026156712463216783,-0.050760565981950195,0.017153328249784393,-0.003168732844130209
2020-11-02,3,0.008069046957237064,0.05539892969866746,-0.008328315387242413,0.00333331888899459,-0.012066419713014594,-0.044984946368437514,0.008620719386806284,0.04526958702679701,0.039459633089207434,0.03277691974120061,0.014498020204009471,0.014035118528403558,-0.03369758251378242,0.0076238478485260415,0.0038466414893542186
2020-11-04,2,0.03275274947768177,0.017804549309996587,0.022446152609037102,0.0327361435489072,0.012066419713014686,0.05374422203061069,0.07441450098796835,0.0758845371703539,-0.0036420073389521013,0.018857503956810403,-0.01310830318876426,0.018982509828132082,0.04429208989071912,0.025823967707101842,0.012790298125657726
2020-11-05,1,0.0022197880270562,0.0029369081432671744,0.00582407019068694,0.02700718224464993,0.019302806695367738,0.0,0.015810632275270832,0.003838941199756011,0.010112825696656488,0.002285006123441004,0.01584615122278209,0.030305481662440608,0.05023877902501824,0.025174008888695153,0.018774943309973605
2020-11-06,1,0.003320432789030967,0.007304500958659775,-0.0011619114321938045,-0.0015687403890678802,-0.001471616114113726,0.0,-0.00787396460166562,-0.014148202208136835,0.05983521575328339,0.02070460046801619,0.06611788744038208,-0.0033226232458148882,-0.03167685014436862,0.040853839397822854,0.006809259293377068
2020-11-09,3,0.01317256456464729,0.021599218839745065,0.011560883838869435,0.0031350236857644992,0.024728438527927398,0.010122912598755933,-0.007936667673605144,0.0077418649386712625,0.09542060116187491,0.04552032965074346,0.06621656068763086,0.0016628399647913576,0.020478535293042666,-0.0217907600560907,-0.006368601271038421
2020-11-10,1,-0.01649299735367807,0.018349056233947898,0.02047858028108206,0.006240156845691856,-0.005763762917850847,0.028370844674950938,0.04289158426041861,0.003848681330711147,-0.01200013618779009,-0.04254416552737647,-0.04908971453944068,0.0,-0.06634185923728486,0.008617423660001317,0.0046158248849000475
2020-11-11,1,0.013216161943198756,0.0,0.021170560527926017,0.006201537949849904,0.004325865987748207,0.038413373959743875,-0.007662783439557799,-0.0012812852610017157,-0.06966372443207915,-0.0596963171435062,-0.0410840218279216,0.01810754399499089,0.011961913361106608,-0.004691314644342261,-0.0035148893223474614
2020-11-12,1,0.0021858237208116954,0.006968680908410034,-0.009972349472202307,-0.006201537949849914,0.0014378969301027166,-0.023145894602438384,0.022814546844399274,-0.012903407687549185,-0.0014392870610392798,-0.008315401221599471,0.010430452503489672,-0.004906146206759375,0.030447214144111973,0.03994388482329966,0.019828592089451088
2020-11-13,1,0.008695754149447728,-0.02105330338711904,0.0,0.0,0.0,0.020450484007233295,0.003752471878860961,-0.013071971816692205,0.03374951015717923,0.013036056972795739,0.007751901589048556,0.035430403154948005,-0.006944512818552247,-0.010597747579262401,-0.030670553069279016
2020-11-16,3,0.04651987531470895,0.01966346062588979,0.020937373973304058,0.010827700770884805,0.010007331734463087,0.006725010071561435,0.007462700026181665,-0.007926179743039177,-0.014493059594079158,-0.021420875675014647,-0.010349427800606428,0.04788569302452381,0.030877244550618257,0.012102838697138116,0.01128203318105211
2020-11-17,1,0.0030943893963866617,0.0013898427612292757,-0.008762311778932304,0.0015371529702943032,0.005673630911816505,0.0,0.06824897544119507,0.039016770262376634,0.03743512282361536,0.010370993337040807,0.019318083819597678,-0.009091147629067441,-0.007914259672922535,0.03109060363868756,0.015930330623261667
2020-11-18,1,0.023410755393705518,0.01379341296527763,0.0010995395501532186,-0.0015371529702944222,-0.0070972668932579456,0.011992278918762917,-0.024605617627452756,-0.015424472023476717,-0.013472157459868959,-0.011574650682551273,-0.015424446232703648,-0.013793247551821852,-0.00797681333095763,-0.016906118931457065,-0.014391508552886385
2020-11-19,1,-0.01418462718339403,-0.0013708588576416744,-0.016621056264223305,-0.004626162821034787,-0.007147998359842328,-0.007978738142464676,-0.02888298365065215,-0.02094328946640229,-0.01669022536938435,-0.0016070560836135299,-0.010416807997983392,-0.003091114265546341,-0.011508063442955883,-0.0007414726131547747,-0.010376712164945427
2020-11-20,1,-0.004089973038645615,0.0,0.010005839245700261,0.00462616282103479,0.00999304604064556,0.01062400798765998,0.010929104329929879,-0.005305053434730704,-0.019115382975184836,0.0028107134291241592,-0.0032775799028857285,0.001546889551078165,0.021752541784751094,0.002223151122685375,0.012351143169320518
2020-11-24,4,0.008163148274122118,0.006835239912292219,0.008810562524609732,0.042174782311119166,0.06062458251769088,0.07994120411253348,0.09991087475622994,0.1189643456951957,0.0401638959631657,0.045462315781399545,0.02784257383182158,0.045324839244528244,0.04430410565497981,0.034912632678998815,0.009598741074770788
2020-11-25,1,-0.010214390036675895,-0.012337339742932173,-0.013245182953945302,-0.005917146487572245,-0.016172959371972086,0.01332546185373244,-0.01652925556519812,-0.00829875394793336,0.026873105994600816,0.0072534566945420525,0.013950742895630027,-0.01638165338013958,0.02037624747381234,0.02749533706299128,0.020415220647131166
2020-11-26,1,0.004098353986706107,0.013698866756376712,0.012148055948494225,0.014727881056225262,0.005420185949286293,0.0753106141119404,0.09531013693240427,0.095310105661651,-0.025500558240354004,0.02033193845262251,-0.005050507726952134,0.020803198233225784,0.0436204486708286,-0.00837990220203859,0.0008508447657095847
2020-11-30,4,-0.017535260630959528,0.0413116583381257,0.00983074098461317,0.03448621548517679,0.009414967113183188,0.003342657799936286,0.09255150644003325,-0.018569485114658685,0.007060708867007142,-0.01426447744502293,0.011327982285668732,-0.019302793804795642,-0.006116262528085475,0.02629938240147447,0.008465754190823637
2020-12-01,1,0.019578121445452793,0.0013045559536710419,0.010810807445368525,0.004228277704688929,0.027724578512153604,-0.059582334445324486,-0.03371106460042349,-0.055538408618927546,0.020887930850436977,0.023169831586478146,0.007481440626632793,0.016357226619648002,0.026237544658823303,0.006807091917653818,0.018789403386957292
2020-12-02,1,0.018200684925922736,0.007792376309773427,0.0665527666703588,-0.002816888512376391,0.0,0.005885762356669347,0.014184696194429365,0.01158761747209854,0.024589444897769347,0.028047693514559265,0.011117950462548725,0.024764452995721137,-0.003991977101703473,0.020148552924503967,0.02471795568173157
2020-12-03,1,-0.004016057742528789,0.007731996705218795,-0.0020142663590680026,-0.015636451348659368,-0.013106231810773349,-0.017762549948450317,-0.031476145714519524,0.003450410348424525,-0.027706067990563094,0.030771690084291235,0.004290678768024101,0.0028738132760078574,-0.012072549527858524,-0.006670995110358254,0.006837044584783978
2020-12-04,1,0.012000041040300783,0.021588023843333474,0.01798254977041394,0.01985877808960427,0.02475684430174918,-0.02909265649633883,-0.014641404713479658,-0.013873155246225097,-0.009183631555730357,0.027483698092450673,-0.022890069857205594,0.02549717862037552,0.0020222229205006906,-0.005369231667081363,0.02160849388405504
2020-12-07,3,0.021633199115802807,-0.010101012262082109,-0.004962842260844101,0.009783502837544185,0.016592641372963537,0.008573044767834938,0.017544156324827778,-0.0046675539047259865,-0.0006754269535041567,-0.029575695585777245,-0.008799539972044013,0.019390822447167794,-0.0070957439706839575,0.041521470075782996,0.019421790729771165
2020-12-08,1,0.01926836213053845,0.008844076554960084,-0.017059930284602186,0.0,-0.012738912813386929,0.030032340006338226,0.04255969558031212,0.013937412538056623,-0.007231636028390269,0.023457480750142742,-0.01847774926082411,-0.016597595623781783,0.025114454943195256,0.0,-0.03503638246414406
2020-12-09,1,-0.007662850313288706,0.0,0.01705993028460222,0.005547693484310448,0.05122899616766928,-0.015504389899042124,-0.016807169938290383,-0.011600962292686675,-0.05381525488710957,-0.06989439823536074,-0.03934933983398993,0.03022192813610097,-0.001986075504751611,-0.00647670131520535,0.00971357980293112
2020-12-10,1,-0.015504273266329882,0.013741575154179377,-0.018072724825053402,-0.00972889809854338,-0.02341462316036606,-0.012092007120709316,0.0056338020015451245,-0.01765775624971926,0.0007177420631817178,0.0007310926636882037,-0.00469323027088479,-0.01362433251231928,0.0,-0.0384152459832445,-0.012306578127416777
2020-12-11,1,0.007782315761566814,-0.022585651709139475,-0.026695509686158064,-0.012649615904428773,-0.016342097485786113,-0.007325911971865767,-0.02560598068215967,-0.007151504321506558,-0.042507498176516834,-0.02328699389336248,-0.04818556478724515,0.006835429722782534,0.005946432053497105,0.01872965526760977,0.0037873284359582
2020-12-14,3,-0.01562527023036421,-0.023107638612373003,0.004153607490210913,0.002824990940172665,0.0012666372918698839,0.026603759481752674,0.06956917461119075,0.031786134022856925,0.01314014887711894,0.00559375556630494,-0.0007054319856232869,0.0054350827160281456,-0.012929026531505912,-0.01738015633344374,-0.010600996269390687
2020-12-15,1,-0.007905491983059301,0.007761941415554867,-0.004153607490210968,-0.021383637455529406,-0.034774898258967055,0.02358611947657465,-0.06382194678206043,-0.027012854294637848,0.010535226105657406,-0.026376669022727083,-0.01493096693446623,0.0,0.004992262719310567,0.010063676031261027,0.014770915704973644
2020-12-16,1,0.015748446451856603,0.01407573996028455,-0.0010412645819287741,0.010035984640498874,0.01302102479886951,0.010434595358371898,0.0113961025761467,0.008298753947933316,-0.059756633720932255,-0.01888672679779698,-0.010079403456249107,0.0,-0.009004360997411849,0.038630059960027094,0.003954838481549873
2020-12-17,1,-0.002948363697562748,0.010114033791493993,0.00933140504922191,-0.008596070115740559,-0.009097092834916642,-0.008106511953663818,0.0,-0.00829875394793336,0.00978386716108545,0.014294266631418927,0.007928132257125868,-0.006798374997463392,0.024815092956801083,-0.007736750245403333,0.008841941595532766
2020-12-18,1,0.003929267183809464,-0.007575793094905163,-0.010373647278669127,-0.02181912122113526,-0.010498519379698479,-0.004661798625318175,-0.02002922511691126,0.004750705187922689,-0.021756967959480813,-0.022891383162836204,0.0007175814952285035,-0.0041013697132117385,-0.020802994678699678,-0.001948861782935858,-0.009236755676132921
2020-12-21,3,0.01169613838003939,0.007575793094905101,-0.017885708029240065,0.005865239474417169,0.0,-0.0141180340090872,0.022858073392248844,-0.026412206433897904,0.027887151875839445,0.020202663515655667,0.012829806285485159,0.0,-0.02842840346404778,-0.005868807048209571,-0.0650520181475531
2020-12-22,1,-0.013658842080610472,-0.016487489139389497,-0.0031897852080439884,-0.01621261651203071,-0.021334356550556176,-0.027629343680278837,-0.040351180329329744,-0.02712867311807411,-0.022403243959632696,-0.04765605586636293,-0.033852691519595426,-0.00963519267990673,-0.04961437692489994,-0.019149019327458185,-0.023450479283095897
2020-12-23,1,0.0,-0.012870147849494811,0.0010643194006576915,-0.0029762535740221366,0.010724071542500236,0.048732149044083344,0.037522332053992295,0.024692722244664702,0.07062345298992925,0.037605779071382406,0.031015745638553045,0.021888757464090598,0.006472332707412958,-0.0006669267129922385,-0.004106589799629709
2020-12-24,1,0.001962703700571182,0.041857695624691806,0.009529002667186717,0.004460989029827507,0.010610285008055971,-0.01991862610081727,-0.028737734209559322,0.006078891009701476,-0.010489348708177136,-0.02957053477109304,-0.028089632651236256,0.051428714613786015,0.014941739408649613,0.0033301263338837944,0.008626418503102576
2020-12-29,5,0.00975627915728242,0.002481308710788805,-0.0010543293083418376,0.022011308045734382,0.003949887748610911,0.01410124391375964,0.02020275475161714,-0.025783964167295628,-0.026588525830498585,-0.04125553494376271,-0.021410934039287066,0.03126139552189409,0.02407216797472584,0.011239744526010773,0.010679351375306661
2020-12-30,1,0.019231435666543218,0.012315569752183569,-0.008474673358844905,0.004344698593924415,0.002624699667134661,0.013905258754671676,0.01699762973482495,0.0012430615612097032,0.03489140928134057,0.03402661815418729,-0.002241348617237786,0.03390181500964716,-0.004144932167598209,-0.027325758415205924,0.04811205009376451
2021-01-05,6,0.03186783302056512,0.05824574383513354,0.007419231266869158,0.0143472992700756,0.04108413035724858,0.08172307257795744,0.16055062751520008,0.06376167564383402,0.07426436117670943,0.08607043012276885,0.08320202856974263,0.035176276629979235,0.0031105982212701246,0.007404950934914477,0.005653006055811362
2021-01-06,1,0.012832462668983163,0.021702896070689724,-0.003172807677035479,-0.011461457631549229,-0.02033127292208633,-0.0345234566281896,-0.01688817191196867,-0.009367751882328404,-0.043846436275252816,0.0003696972395355309,-0.032881506305943345,-0.020470524146504895,-0.029413979493448688,0.03687051993309439,0.0187481650986788
2021-01-07,1,0.028727023059770256,0.010118045309994092,0.016806992476240037,0.012884974527772543,-0.0012844138230186644,0.010917289074910644,0.03349603015814526,0.03695581092444241,-0.005677704799941253,0.0007391268726931331,-0.013605595226160614,0.008480139286143685,-0.0042735713775788045,0.03555915929802475,0.009635266183755887
2021-01-08,1,0.026202474480571454,-0.015783961003849167,0.0,0.009908135174615819,-0.009038119721891244,-0.02084568131620589,0.01633637347055615,-0.02293698628439884,-0.002851126415489709,-0.005928082357803013,0.015026988270122383,0.06875143495016361,0.04501044887914479,0.04632161833981036,0.021106374000380016
2021-01-12,4,0.01878791682307026,0.046623371738777356,0.01857643376298687,0.007017571647922724,0.04563527475049268,0.09712281800569995,0.02739897861370677,0.04313950524422985,0.05079354066679923,0.014388653686412506,-0.012147291286303952,0.020067461690886447,0.003065573217441539,0.017710055564222456,-0.012532527588597601
2021-01-13,1,0.023412261438256036,0.07720191618707113,0.005099504051572731,0.018018446555802863,0.001238519075143767,-0.018274645904016305,-0.009049810173343003,-0.01005019457052096,0.04747550833860326,0.03597510743960388,0.07277195371714641,-0.009983490939533848,-0.001020813901852698,0.032242156593626566,0.03245177194060759
2021-01-14,1,-0.021721477644489673,-0.0060422648278085165,0.005073630993978337,0.0,0.00862602429405035,-0.00926392781979077,0.018018455262145454,-0.015837339754900048,-0.008881169185336596,0.02856351502124775,0.06533198235626364,0.0,0.042985253266168755,-0.014265799258358223,0.0673637189675953
2021-01-15,1,0.015087972364143463,-0.010152388891923497,-0.02355469673639825,-0.00550976873467109,-0.021079609369104493,0.03355671123415564,-0.022574339703019267,0.006818208563527177,-0.02110903553392001,-0.08004283983433913,-0.04941648771851807,-0.019133858894553202,-0.015779441867378657,0.07419007524525595,0.039592082556286115
2021-01-18,3,0.009933940631355328,0.025190341231646523,0.05542987000584564,0.021858960834331875,0.008733767094881493,-0.05129329438755058,0.018100151002700578,-0.0022676719796507505,0.06869654497786642,0.09537795097361167,0.04565237369522919,-0.034685687274335596,0.00792074415569034,-0.03806857443262523,-0.028590592951070477
2021-01-20,2,0.06381764128267771,0.03902940641135687,-0.019802631347094833,0.05264372637393066,0.042559468354402406,-0.027749909262216814,-0.02958130167267432,-0.010268056224520086,-0.01294648070772348,0.017100178673540252,-0.03258031289313651,0.025553449856423424,0.00197052197904826,0.04073358946017569,0.0070953134740331806
2021-01-21,1,0.03939892013303456,0.009523802120228402,0.0,0.0,-0.009569434864798432,0.03404581631614395,0.06266037647892672,0.023797109019720073,-0.004212275880203233,-0.01439841294852153,-0.015707104221298274,0.010268246822883994,0.0,-0.01339434756442293,0.011657820992918577
2021-01-22,1,-0.0363126112385864,-0.004750563252109692,0.03440138380111439,0.054876578293166584,0.014320085388532118,0.054947600011765386,0.0951129123210466,0.024337485551865587,-0.07060732465696799,-0.029086807031889733,-0.061903541675368066,-0.014866232784660111,0.017561230009886037,-0.004324352880744911,0.06259794285743596
2021-01-25,3,-0.02496232894242908,-0.028987584236144514,0.0,-0.010982453342201591,0.0372135332352012,-0.05390225877954919,-0.08218173412100507,-0.040139169506861375,0.03996098194319549,0.013793389862232535,0.011859240754394183,0.02951410946408126,-0.01167305427724597,0.0005413735076627123,-0.09745794113114732
2021-01-26,1,-0.025601434404514765,-0.03593200922606333,-0.029413995438864606,-0.04005546710054328,0.0,-0.017923412034661725,0.01908854357821022,-0.009142921280081524,0.021955319347669967,-0.0320137615206035,-0.018901512531975907,-0.030666540092660236,0.0019550126774643814,-0.03470470864696177,-0.02176710607203505
2021-01-27,1,-0.0032468569070934978,-0.0010166672910722901,0.009901176298772548,-0.0012778504478366752,0.010221550431514908,-0.015005589882603029,0.04115810425304278,-0.01854070915095112,-0.06350304771456193,-0.0418834613542321,0.0,-0.012769041093784909,-0.021718681366001392,-0.03595232316481978,-0.004157220164088868
2021-01-28,1,-0.02302727055444395,-0.039424170703854566,-0.01588909622193122,-0.0180651789484577,-0.033317171393516365,-0.049816676637479,-0.049596874664748596,-0.04668696852313798,-0.05382770361055105,-0.019360204712392633,0.0105449989351636,-0.02244609066405404,-0.0428198265283987,-0.06295172954718561,-0.029781661479390743
2021-01-29,1,-0.016778756157909917,-0.02681135297725726,-0.025343428082436562,-0.03713935482805804,-0.027236671312783612,-0.018328057250157216,-0.04329683625784922,-0.043839264651245664,-0.024477167974210463,0.031454952167886206,-0.007722136209938559,-0.02051962449168141,0.012422275408603684,0.0037060150818599862,0.04523848051247138
2021-02-01,3,0.03328095692538739,0.031035188603162213,0.0091977867270148,0.00404580271395725,-0.0012013263489482318,-0.008125330019934303,0.03050336966171012,-0.049878998278233826,0.019196189254896315,0.05147529399598074,0.024365977258234462,0.012121087873722226,0.02036738678752611,-0.04411550630689059,-0.010037764153562853
2021-02-02,1,0.03379239104587227,0.038247443107017706,0.0070958349759943475,0.017345411480294216,0.04695690529455831,0.0332408171760036,0.05429322552737322,0.016021592023656384,-0.008216507694246169,0.0,0.003432985105843922,0.01672671197070493,0.016000466658178968,0.06606772129010206,0.021034639262753622
2021-02-03,1,-0.00316967287053449,-0.005083852877772251,0.006042294970454164,-0.01869224057905128,0.04704120183586822,-0.027430295124248657,-0.010214636513527872,0.04658011800040603,-0.05563229593240653,-0.0931325907587467,-0.08508169197625931,0.0023672654686153253,0.007905190629986862,0.00541348248284229,0.022845394591753002
2021-02-04,1,-0.004773103724752271,-0.004085875287844195,-0.004024276177437562,-0.009478589848500408,0.04492739111763425,-0.025823043326945357,0.04221727703102203,0.03600653871153345,0.059990653387081365,0.008320804018294376,-0.011257173140786584,-0.02513605078887199,0.027185836918145957,-0.01877143275920532,-0.005532726041148523
2021-02-05,1,0.007942776595286654,0.07680944414193826,0.005027716257114341,0.04651980620872567,-0.005243903272964221,0.06446418016121552,0.042395576833639655,-0.020949681844220375,-0.0326610343449108,-0.060954278358538706,-0.03925095360082267,0.012048067868100873,-0.04606398958875331,0.047158935511887934,0.02511290243499372
2021-02-18,13,0.043350318383635955,0.10772737986573638,0.02769717013008698,0.04320885643952277,-0.0010520885708477415,0.02096047916551156,0.08323055312095919,0.12838127971607483,0.06919261689025266,0.05680260357527471,0.04075939365316042,-0.016908425657165778,-0.04094734311857748,0.3306242621786858,0.05074024125173958
2021-02-19,1,-0.012195135514755717,-0.03463546720356113,0.0048662410190419055,0.003724347847048406,-0.0288326378804271,0.0,0.006920546174531597,0.018448568288989657,0.0039521272909081836,0.003021121354537956,0.01940348890446707,0.006071949661684765,0.013492846472858,-0.04148559235067065,-0.003887727912613534
2021-02-22,3,-0.0030723980554557486,-0.01330394293599097,-0.014670243597900944,-0.006214996109501902,0.013986079197418608,0.04064744140800283,0.015398097297789485,0.057457108777310785,-0.03038757048399263,-0.03491628168058867,-0.014892356665456708,-0.004854882232109248,-0.006204707057291277,0.03307153177499603,0.022469140356576274
2021-02-24,2,-0.03922044281984796,-0.05505986766402511,0.019512819140092136,-0.02781467177856412,-0.02597544408860435,0.016632254668725737,0.0016963484645500465,-0.02051363127657323,-0.02078369115851308,-0.012178596483791354,-0.0037580208406969035,-0.0024357241646809132,-0.0787470837166905,-0.0029665729871917994,-0.030454367511506923
2021-02-25,1,0.015873195896399878,0.014051823284224767,0.0,0.04756848607792529,-0.005497491970317847,-0.014538109535646345,0.03660981770691376,0.030614642508605145,-0.0335228189061697,-0.03376525496442221,-0.018237633807397992,0.03945510796133319,0.022198673279218862,0.018503472288926945,0.033306905306267266
2021-02-26,1,-0.04674493361521223,-0.03791929743814151,-0.03440138380111433,-0.027263132318977513,0.012054958581267922,0.01967944818804012,-0.023141579203075698,-0.03476815758057523,-0.001010446382874188,-0.010686435005823178,-0.010794153589053236,-0.03337609343716271,-0.05065798998671324,-0.052170853974246006,-0.04515682361155948
2021-03-02,4,0.004937989920945603,0.023867474153916917,0.014888564661022254,0.0,-0.008752776020924571,-0.033371167500980216,-0.02712041048696477,-0.026359162408116407,0.018532917786362454,0.024491021932044017,0.01691044561142073,0.013245262877472635,0.052850725822044295,0.08132501271999582,0.04023905846421353
2021-03-03,1,0.021122042160727387,0.009389756134686556,0.0,-0.013915621860462496,-0.015504238220291757,-0.026868848581622647,-0.03674943983870473,-0.017241718126614833,0.012330764552814066,0.0032205066711605878,0.00683636121289983,0.004773253939847355,0.021669519887589105,-0.08308258069825382,-0.02642756299772952
2021-03-04,1,-0.03434522816978693,-0.03809971808043207,-0.004938334037928314,-0.016699047023632375,-0.027151050707811347,0.009756188470150515,-0.007155708720878402,0.0,-0.006639780281623976,-0.011317717534602399,-0.012952653235267461,-0.019231155499779298,-0.021669519887589046,-0.02178349278380753,-0.02212426001925157
2021-03-05,1,0.0,-0.009756287604667657,-0.01697485741908202,-0.006497814340606002,0.006857131884491747,-0.016313567020736924,0.057557320542709754,-0.009830821622706237,-0.010666083367077016,0.010915846675324428,0.0022981536651976563,-0.0036477191066056555,0.0010946787929525252,-0.06979551575134682,-0.0265597118959283
2021-03-08,3,-0.005003997239721922,0.004889944862452774,0.007024626795988017,-0.0013047922300345749,-0.013761608865027761,-0.011025621737275993,-0.05397309731127022,0.01200228266065826,-0.04462186176432269,-0.02689658350942484,-0.02087443533252501,-0.001218656735105451,-0.023243845406077157,0.02990931376302078,0.0404858366359737
2021-03-09,1,-0.005029503967715953,-0.014742159241048668,0.0,0.023226930067370397,-0.019825592136613786,-0.04072947790953816,-0.02170067431894594,-0.02860462751807386,-0.06768991625227486,-0.0957232619903192,-0.05293929858480913,-0.007344042911841206,-0.021505962576707553,-0.03425621565094518,-0.014761186450635615
2021-03-10,1,0.0033559249341105495,0.0,0.0,0.008888998962958408,0.008211161484323314,0.023960138675347915,0.035910590370864366,0.057468526327941846,-0.01489827667366026,-0.0484266716905003,-0.030951935388380012,-0.006161632575948602,0.03485417740051529,0.054169080480573985,0.04604152673342988
2021-03-11,1,0.019900762282386783,0.03883979861474034,0.014888564661022254,0.012563042223650338,0.03105481064824052,0.0462636940133795,0.0329603324546151,0.0,0.04539937027728085,0.03607797609244899,0.03012783402734759,0.013505675487789947,0.012081510783306444,-0.013385813024062205,-0.006724343857277369
2021-03-12,1,0.008176914376870627,0.0,-0.009901176298772477,-0.0037524904951147455,0.002262360745275717,-0.015184715461913365,-0.003418797447157508,0.001053050724371353,-0.022995688723173452,-0.026581136054643455,-0.021667560246683034,0.009708553384902417,0.017316586779235477,0.04586495549665617,0.01688484707488896
2021-03-15,3,-0.004897899618452639,-0.024097639373691658,0.009901176298772548,0.013690281379876337,-0.009080744744523368,-0.009884773424713864,0.01360573471736035,-0.013778657910548057,-0.05844620898194863,-0.035597872277315944,-0.03340789049795842,-0.012150757325617989,0.0010723741143640597,0.0035446391463190377,-0.006497027347511255
2021-03-16,1,0.003268187701491811,0.01452817287351881,0.009804002578859024,0.009840316214810232,-0.0011408056869915988,0.001103281435718219,-0.008481911646164185,-0.004278265155648553,-0.013300081899627336,-0.01182268517837042,-0.004364863890755312,0.012150757325618008,0.02015971668813788,0.03434362947239869,0.014050224759018778
2021-03-17,1,-0.010704608260988612,-0.00966183013130394,0.0048662410190419055,-0.001224827788216834,0.004555755524107583,0.0022025427239668275,0.018566061684535954,-0.006451544388264859,0.0112429059904456,0.01670798725410515,0.009577726154133498,-0.006056817803421432,-0.011622089576567823,-0.012470480149047773,0.01540053520062614
2021-03-18,1,-0.0033164997647512264,0.03341581421682306,0.009661912840383978,0.010969068412129692,0.00792315497664273,0.01311499126395885,0.04416071654958702,0.007522827858471949,-0.004718646348207456,-0.012751541199757495,-0.013083420975983844,0.007264127869343715,0.05076198237410143,0.023520281712960254,0.015318906288896419
2021-03-19,1,-0.018441373228980387,0.0139864041129683,0.00956945290806152,-0.01219527233071115,-0.00678731821501519,-0.03423850373932981,-0.017756616333796434,-0.030437043333368493,0.0026569993448041433,-0.0169242286410865,-0.01147917968576768,-0.012136219876356715,0.008048346153370226,-0.023520281712960285,-0.03166064161802218
2021-03-22,3,0.0033782373592659933,0.0,-0.00477332911912922,-0.0012277093407749892,0.023556814935790253,-0.014714565053684552,-0.001630045399034268,0.009884806957201524,0.004705696336408168,-0.004024111737845563,0.009721798267591786,0.0012203564255320177,0.0,0.036537276865485704,0.00047057923367704727
2021-03-23,1,0.0016851318946513362,0.0,-0.004796123788932412,0.025471442339622095,0.002214966764122197,0.0034149521068728666,-0.0032678521126455018,-0.008781709988538512,-0.001468231743598238,-0.012170614399052912,0.019164234063271127,-0.002442203940715493,0.0,-0.002088129722060381,0.02890690630801875
2021-03-24,1,-0.03077183925882637,-0.009302500249359335,-0.014528153859425881,-0.019347662455954647,-0.013363362196748703,-0.0011370544248475827,0.06494758712895246,0.028262662894498306,-0.025596581896968524,-0.02061918902614496,-0.018285157305551938,-0.009827824378077851,0.03543678545901405,-0.08640317563347198,-0.03330801126699503
2021-03-25,1,-0.0017376042503056792,-0.009389756134686528,0.0048662410190419055,-0.007352998347622396,0.013363362196748772,-0.02301589779219926,-0.024846038845641533,0.0,-0.006654508887061104,-0.002085687267131151,-0.00971304167460654,0.0024658649259050266,0.013448855427619486,-0.018864422587423046,-0.022945388017594485
2021-03-26,1,0.02575238102949713,0.009389756134686556,0.0,0.0061312889316899296,0.015367977634205313,0.045514054969349474,0.053570586726524726,0.09404279486680324,0.028718675604825855,0.02015049780939667,0.01584512079478009,0.003687861415738456,-0.021215798098268887,0.02658272062038943,-0.0003225283655140114
2021-03-29,3,0.015139376985516038,0.018519169717646562,0.0,0.003660659623006051,-0.0010899293147868519,-0.0011129149511704577,-0.010487117844779587,-0.019705073573246634,0.0011790505369052616,0.016235812039663136,0.01645798174804176,0.0012260218988993461,-0.015717540544260465,0.055423418357257774,0.04492839519007314
2021-03-30,1,-0.003344566598164585,0.018182257428052594,0.01923136574844563,0.012106560861771644,-0.010965029266480993,0.0154698693060794,0.06979588043981992,0.048553150304074595,0.012586003033750053,0.006521275725267761,-0.014712528783015029,0.0117598453198288,1.0070056880926165e-07,-0.05046051254649348,-0.00572000321635857
2021-03-31,1,-0.01689225265426139,-0.032039359996161074,0.004750456821421575,-0.008459128269536308,-0.007747660517485258,0.0032840175799999844,-0.005633802001545341,0.05978796838574399,-0.005541887754137751,-0.026344116201858815,0.018143058159412126,-0.009779764087315382,0.011857901648144107,0.02313272364655677,-0.011382296999884842
2021-04-01,1,0.025232508721607972,0.0,0.0,0.014458130845049091,-0.002224717368771458,0.0010923423240669788,-0.0070872322976529055,-0.02257436463248672,0.03024863526425333,0.03480832898790067,0.027861653424858846,0.018259898131838405,0.02713328083400008,0.041771261530739505,0.003600133696887238
2021-04-07,6,0.013201393086650982,0.036533712214902356,0.06867702566321736,0.020130859289288705,0.03930625396146472,-0.0021857858881927606,-0.03179449626685439,0.04900762568984003,0.092623718201226,0.06895970915586852,0.0511267852864851,0.032049840137869996,0.020814426221980292,0.07747660356113599,0.024082520613808996
2021-04-08,1,0.004906374230761715,0.0,-0.00888904128030685,0.0185834819739695,0.0010702025437405774,0.016278159026039195,-0.023775303138472183,-0.026433261057353406,-0.021174531095149968,-0.011636157260554673,-0.016753571924482024,-0.01056931828571865,0.011173447095861877,-0.01494341093784154,0.010469961049656428
2021-04-09,1,-0.004906374230761804,0.004474332164897999,-0.004474142669320122,0.013714664064396444,-0.001070202543740445,-0.013001315695149928,0.005996896879982167,0.0,-0.01571062210783409,-0.002343568150566623,-0.002416468232132715,-0.013072111210997434,-0.00930267231117508,0.01259865278529647,0.012003103788408527
2021-04-12,3,-0.00823064777710749,0.004454313248448782,0.00447414266932005,-0.017172714952683427,-0.012931143015627651,-0.023167029501608538,-0.034984405595427925,0.0,-0.03579138488625883,-0.017515278702178054,-0.016260495167221056,-0.0047961453276812605,-0.015065984028095478,-0.020154736345177615,0.017885382521808036
2021-04-13,1,0.0,0.0,-0.02257437552390277,-0.026917958853997656,-0.020822674319964974,-0.018018444952366246,-0.009331300737630992,-0.04100806995877977,-0.0019489188954270231,-0.007670146539099408,-0.001640686840575777,0.009569397401057864,-0.009533053827265027,-0.011240637629956756,-0.04264895377377519
2021-04-14,1,0.011503943914282461,-0.02247284781471934,-0.018433611740189145,0.0011853783732738447,-0.024664859492465288,-0.005697953021491159,-0.01416232887670097,-0.02830369993293597,0.007496960579688958,-0.0004812736839529643,0.01628697918633842,0.0,0.00953305382726512,-0.01710139258055715,-0.0029090186576045613
2021-04-15,1,0.011373215640060948,-0.009132407245421251,0.013856990582765204,0.046304569142014876,0.010163726899588523,0.004560898596643477,0.07918898652480133,0.05582853372490396,-0.013927755354432778,-0.011135582866401462,0.002420288995636584,0.0011895552335615713,-0.0057090359059166484,0.011839179330542635,-0.015918736780707193
2021-04-16,1,-0.014646511777235948,0.03603990337493396,0.01818232420584575,-0.0011317690870840007,0.012283814354735922,0.024720278218435414,-0.026707848195023566,0.052875607031099336,-0.00619037038339456,-0.0068392855564468015,-0.003228329283557744,-0.0023808373395217083,0.015152068123443298,-0.022159323068452405,0.012847523548028407
2021-04-19,3,-0.011541879930032271,-0.01336329372814001,0.008968672475480992,-0.011389526418291333,0.006637259498525322,0.03382767718280919,-0.039882692985200696,-0.030503422093773845,0.018456996955825363,0.02421426037721019,0.0160388105641034,-0.007177024834089172,0.020465689967213513,-0.003325040259864759,-0.004161195706247453
2021-04-20,1,-0.001659513156618637,0.013363293728140107,-0.004474142669320122,0.005710919846541879,0.015317534791619857,0.0010723368455679417,0.0031251044374671698,0.008810706129906806,-0.022132931210966263,-0.033571611655977565,-0.030697189184864727,0.007177024834089117,-0.03180821129663778,-0.026150575237057463,-0.017448637776642732
2021-04-21,1,-0.016750543750379883,-0.026907496129512595,0.00447414266932005,0.007941097199526964,0.0010851982679605018,-0.007530894954653053,-0.014140078663785936,-0.02666832626083183,-0.006821968699900398,-0.0014854784613572744,-0.0024640233421467615,-0.015615636693630702,-0.03481963663643521,-0.031693619690055456,-0.01472356542017681
2021-04-22,1,-0.001690829478600517,-0.018349076713708588,-0.013483307351955806,-0.021702710201984277,-0.030839343849149332,-0.019629882407929223,-0.001583471118258443,-0.022779992424015873,0.029231928359800728,0.008388840546797309,0.006557470041922386,-0.0024241243296425604,0.046162157965859686,0.0557604164064933,0.015823029248381484
2021-04-23,1,0.018441373228980516,0.02739892689633992,0.009009164682635835,0.046257557753018326,0.02866787062353596,0.03676086447805676,0.02812688387346473,0.040637612554940986,0.021376518850827662,0.007343974947648379,0.0032625612956108585,0.004842072222654539,-0.0037666911823560547,-0.037836354233404215,-0.01789854492053475
2021-04-26,3,0.013201393086650982,0.06115443454385639,0.03956547202169339,0.0630212469462127,0.04047411262379051,0.05774807011192627,-0.06033580944403803,-0.01785762013092502,-0.016954361494439466,0.004866283517571544,0.017756850659906457,0.008418525678030432,-0.0075758301470682556,0.031559010459793174,-0.05468896926127959
2021-04-27,1,0.0,0.0,-0.013015326503417827,-0.0020724756872539285,-0.01366288871384749,0.02669456683926408,0.0065250601417105305,-0.032039398598368386,-0.02287388419170659,-0.0401144328618814,-0.023473436823634498,-0.007211217485981929,-0.04074273293009435,0.0037711500141853855,-0.008135696507942304
2021-04-28,1,-0.01320139308665097,0.0414997151452285,-0.008771988059993172,0.018500074882817616,0.015748416070121955,0.0930905025447746,0.027267336547121247,0.013856998120019875,0.050883946487785166,0.039628765958718684,0.03698172657074617,-0.009697201925202717,0.0743908332527324,-0.12692125475461302,-0.013535759936312283
2021-05-06,8,-0.025232508721608034,-0.13469350968524596,-0.10682999865356839,-0.0673939969625959,-0.16007084292669574,-0.054808202339695196,-0.03543045202559651,-0.13222153355529004,-0.029389853223542338,0.01828728920133388,0.0,0.0024330778741786185,-0.08434126240162795,-0.06068397201456323,-0.019509336720125472
2021-05-07,1,0.020236819252426045,0.04989700594304237,0.028987542660273917,0.033211427425222435,0.03954973332480818,0.0,0.0417396036200757,0.0510314867042314,-0.044614900671679086,-0.040881592270406296,-0.02882492916507455,-0.004872090057870978,-0.012072537759342082,0.0030227899982111246,0.012102983674083594
2021-05-10,3,-0.016835829400811554,-0.026907496129512595,0.0,0.0010532074975613784,0.010520146026024215,-0.04808635110838163,-0.03520365077163117,-0.04372842004925126,-0.033473449202691366,-0.03693813894273837,-0.03977343984319683,0.01574847942236774,-0.013245265029830672,0.017452228238029346,0.008357974636738753
2021-05-11,1,-0.031036814491444197,-0.06090880725167139,-0.043802785645119004,-0.036445705534415784,-0.05866424719779743,-0.05155255399656696,-0.09384543603089893,-0.08909246247081909,0.010987578630053932,-0.008281641659292497,0.003375607407686825,-0.024332175638492656,-0.048328481990775954,-0.051215188646722885,-0.029921204791736763
2021-05-12,1,-0.01945261053055039,-0.06486049054946537,-0.05207909248113249,-0.0642474889883605,-0.05447838953298183,-0.05545129988154949,-0.04015126459075972,-0.006841532484764176,0.026232791358123633,0.017006397190461767,0.011725489798450279,-0.01488874601794351,-0.029494160117241628,-0.005739352006880715,-0.016755614785882143
2021-05-13,1,-0.023487649734426127,0.03045915416483774,0.017662812789406936,-0.021177152704673245,-0.0013030675156559088,0.036602458025142,0.05436118064267822,-0.014986021896698617,-0.010992255516024294,0.005605130101377701,-0.0016667453643159091,-0.0189279062979588,-0.032679086311668784,-0.05651236478090801,-0.02613811624262706
2021-05-14,1,0.01811639486898208,0.04879014522427574,0.02942889132947564,0.004744942691419881,0.005201747010880305,0.004219581366080066,0.022668735497012222,0.03537168479523683,0.015298105601808642,0.012121341683670439,0.015722308486389332,0.020177227216786178,0.026004892232886788,0.03696057379449827,0.007247021759303243
2021-05-17,3,-0.014466605052193571,-0.019231296631476855,-0.03770188584850856,-0.06857013312112273,-0.06427916507311889,-0.020202775081837578,0.04054610004827403,0.011148389611286532,0.009692240593458357,-0.0075585180813039325,0.009803984522966982,-0.006261726534275652,-0.01009556335864985,0.03306567773391195,0.02450767727815753
2021-05-18,1,0.04104023651000363,0.03341581421682306,0.03268929107807681,0.06620053694817206,0.07074325493575857,0.0684914424433927,0.02614520756733809,0.04339076257648127,-0.05151731562107669,-0.019408425188653326,-0.013093375835775375,0.0,0.020090000259799654,-0.003102606886986935,-0.0003615653105425744
2021-05-20,2,-0.008779371372720798,0.0,0.024815226117526536,-0.04736772061817172,0.01534560351735905,-0.052508248727635376,-0.059818508105166736,-0.06581313384633981,-0.0433388746264754,-0.08331414534739268,-0.02586726901540236,-0.001257391510403013,0.02509682442907496,0.026068242556847667,0.0005422236551921223
2021-05-21,1,0.01052643349683177,-0.009433954333236648,0.0,0.004962763435943601,0.006325313620445839,0.06050035788319074,0.07581891827059199,0.06793402580067841,-0.006571821951955683,-0.0061850289058593905,-0.0016919628909568968,0.007519118044678572,0.029726211781345928,0.012534490320136886,0.01060103770603194
2021-05-24,3,-0.00876445330446078,0.009433954333236618,-0.019802631347094833,0.006169113669273929,-0.0012619610210530465,0.029413952824954723,0.02353048696520796,0.016807121340208293,0.015885760557920535,0.03109636468753051,0.025910349481058113,-0.005006349390959145,0.003133097190859981,-0.011021901578877587,0.002320813256013075
2021-05-25,1,0.026065648316784647,0.01860531134898539,0.02955880825892324,0.033860496994485005,0.01752229057065259,0.01913927540632407,0.0015492374089483862,0.08483893542208489,0.027733076998213556,0.02216908249944037,0.035660201600916666,0.0025063619126552733,0.026750742491363028,0.027330620113260894,0.015569969463468648
2021-05-26,1,0.00342474515047298,-0.009259340335838199,0.01923136574844563,-0.0011896092190716097,0.007416555974141045,-0.023981924673631503,-0.015601006901594407,0.0,-0.009058144517694823,0.0005345341481227002,0.010296989124210764,-0.0012524500719689234,-0.005089273628227803,0.00683943756714017,-0.001581213620065106
2021-05-27,1,-0.005141583945790442,0.0138571025681085,0.0,-0.004773375783432787,0.008583829831933718,-0.01960857300906536,0.0,-0.014458126535619677,0.056888829379862116,0.03827472122670472,0.028739911455689663,-0.002509288984002825,-0.00614124530991146,0.026424723189641723,0.000878768801456286
2021-05-28,1,0.013652082503806562,0.013667524769879234,0.009478648359493674,0.02247294859633369,0.03832808885341157,0.03406664826355964,-0.015848373823522947,0.014458126535619583,-0.0188002700574499,0.0015417831852338783,-0.02716503384453904,0.006261726534275697,0.04614656776217302,-0.0018983464839809167,0.014130388941893656
2021-05-31,3,0.011794810387351482,0.009009084876914552,0.009389743082117595,0.010471154840704464,-0.0011757907927402523,0.07376621260571886,0.054403705694848065,0.04673740525922911,0.011611190396334566,0.006144551663798225,0.007837094356663353,0.004981410656922655,-0.003929197199300827,0.002372783055774948,-0.010622869826073187
2021-06-02,2,-0.003355790272718736,-0.004494352218741397,0.0,0.0,0.0011757907927402926,-0.017937792585293853,-0.033849509239485535,-0.009174299151940464,0.008048252728883694,0.012176789632152825,-0.005479571259579642,0.00371933090695701,0.03291672555954663,0.020173886402550405,-0.0040347316873970765
2021-06-03,1,0.0016794722003720792,0.008968684383639272,-0.004683705181535296,-0.02342039354279084,0.0011742995267172139,0.09489878881352633,0.04886476409468542,0.08816272531967509,-0.014127464523807644,-0.013198181304822209,-0.006299146995361664,0.024451285668208117,0.02631733838929189,0.014295628398686495,0.010317400059851451
2021-06-04,1,-0.0016794722003721358,-0.00896868438363943,-0.014184686260076039,-0.01191896948462496,-0.015375751802805909,-0.03347595845818486,0.016260527673248575,-0.021322810273989405,0.010111434934011712,0.020233367201436748,0.011778718254941263,-0.007272825852474543,0.005550503525788599,-0.01941770893944318,-0.021808683778015963
2021-06-07,3,-0.005054497410314439,0.03974034843253971,-0.00477332911912922,0.019002969418320345,0.024721598302113082,0.08167796699311004,0.03174871127987881,0.08269186935026111,0.06050619932375343,0.0954466566459841,0.04502855548202956,-0.0036560800643719825,0.034454836615836704,0.030856647993135228,0.019893220452984424
2021-06-08,1,-0.005080975119613735,0.0,0.009523785940550896,-0.008269378306969168,0.02525959780864235,-0.01581048534718922,-0.005698106092911894,-0.03226100483143777,-0.030492714585456705,-0.014210486918430503,-0.019593662319280752,0.0,-0.01436278938336955,0.006779900578681318,-0.004892498148006768
2021-06-09,1,-0.005105889589334966,-0.013072146153114316,-0.019139247027676085,-0.00953518270937716,0.002265135962314665,0.011881320933069268,0.032329044918081126,-0.00410667709727477,-0.012349146338451805,-0.013011479747829758,0.004555809137486496,-0.00981618931544927,-0.009082895425551624,0.022272576793500674,-0.0015778294603997192
2021-06-10,1,0.02194171899014665,0.02169290287183141,0.019139247027676012,0.00953518270937723,0.006764256137612949,0.015625264823710065,-0.03662390671199347,0.0,0.005912952442002471,0.008847538072060571,0.0022700346398313526,-0.0012335856807926396,-0.012855929850951688,0.01833305419505833,0.0
2021-06-11,1,0.004995689469182178,0.01702154635817575,0.02342042561079509,0.01763725874748168,-0.006764256137612951,-0.03550673782461432,-0.008645562758580565,-0.029229677736681715,-0.05008237239597342,-0.0596977517734054,-0.04958405349685084,0.0,0.02554886290380274,-0.0017314737586921977,0.006644698185557148
2021-06-15,4,0.011560607783286414,-0.00422821696557634,-0.009302490990605403,-0.015267662574530935,-0.007950257360719,0.019881473000904263,0.004332073605158028,0.004228300589122408,0.0005901057495897968,0.007843196696535241,0.017323316556784336,-0.0012355381559701118,0.03366130578701918,0.02100805492610569,0.014017683970081551
2021-06-16,1,-0.006589862473743079,-0.021414086111316715,-0.004683705181535296,-0.0035565032109250595,-0.008013646465820002,-0.00790521999809889,-0.01890954988389306,-0.02564243530591183,-0.01067636707138943,0.005842313207453375,-0.013359666790420074,0.011063466598482563,0.013840941636832988,0.00296540779472174,-0.0034429113571266662
2021-06-17,1,0.005792461789523621,0.021414086111316767,0.0046837051815353465,0.02463457756162993,0.01369876786422433,0.061557818267637524,0.040293207343337786,0.05475048955074596,0.06493000470967987,0.06575129009636367,0.0739383430664191,-0.011063466598482617,0.011955921804253368,-0.012771447424852901,-0.013367191426466401
2021-06-18,1,-0.004962640211361894,-0.012793329392599466,0.009302490990605391,-0.02107807435070486,0.009029392099927796,-0.0303053132791501,0.014005890025521616,0.020284709791445824,0.0016748229045428782,0.003629820657192607,-0.0013255973275177989,-0.004956397506106447,0.01013509802909084,0.008532627363623098,-0.0006991789778473141
2021-06-21,3,-0.03373005003590556,-0.030503459204375562,-0.02342042561079504,-0.01791098728773113,-0.007896129499084348,0.007662847214171792,-0.002785706344068818,0.004008124847102202,-0.016594398514931726,-0.017820879453610352,-0.010370362603453066,-0.007481398135226359,-0.010135098029090727,-0.025383373125290397,-0.02676296528453602
2021-06-22,1,-0.008613559958120593,0.0,0.004728191538072184,0.0,-0.005678771130922359,0.026366821163835957,0.07649606167011822,0.09531003033270857,-0.014281830599373754,-0.018144324721002,-0.016516981338953157,0.0012506665594765101,0.030102576947600646,0.0013064839340970096,0.003586284578350242
2021-06-23,1,0.02898773567585106,0.026202327625469115,0.023311133207632617,0.03317864986226197,0.013574900630006676,-0.018762246923175147,0.01792625732569784,-0.0036428983133357166,0.06272096564413793,0.06134887758835921,0.039337163500817736,0.0012493209188273668,-0.019967478918509855,0.009527963999667561,0.0
2021-06-24,1,-0.008438651928613502,-0.004319625139810764,0.0,-0.011723581746959755,-0.004504345591311641,-0.007604574240660727,0.021344172729137655,-0.0036564057651949926,-0.026004035110635267,-0.032347931633669946,0.00869570329801414,0.013639425099116144,-0.01353665010892659,-0.00518571746807181,-0.01097824566352543
2021-06-25,1,0.0016931646681070341,0.017167746090651907,-0.018605095307050373,-0.005913677000521904,0.03329922746247632,-0.027080967790440176,-0.0238855530750371,0.0,0.034880758521492465,0.05031115817632263,0.09557252403178434,0.004913774982493441,0.016892458628963096,0.030718955058106793,0.014551640405715608
2021-06-28,3,-0.0016931646681070073,-0.0434850968911034,0.009345767680164185,0.0023695961729507295,0.004357451816063602,0.011696100409590167,-0.01409358784044392,-0.037317706234597486,-0.0005356222685853574,0.029099163929697712,0.0013106579814372078,0.0036699212336314996,-0.011794588428639187,-0.008015304771921573,-0.002857678620011916
2021-06-29,1,0.008438651928613415,0.004434648314793285,-0.009345767680164251,0.010594481677681256,-0.03315233368722827,-0.01169610040959002,0.0038633473526051517,-0.0038094963530255458,-0.029089886307150883,-0.008045787765167801,-0.040085507578442654,-0.006632089619619657,0.025105910488329164,0.011370850196360251,0.0276936551232472
2021-06-30,1,0.0,-0.008888961563242013,0.009345767680164185,0.05023896711106281,0.015608054800323836,0.011696100409590167,0.0012845635943133382,0.03007739567788788,0.03869005773682454,0.021867998737316683,0.04791333248167776,-0.0037107585348738156,-0.009966906459200753,0.00041874884569113115,-0.012781407239013855
2021-07-01,1,-0.003367282010762455,-0.00896868438363943,-0.004662062498628934,-0.02366309769045222,-0.017857691456972857,-0.04357120173700215,-0.027327630159032754,-0.037740269429150215,-0.0023915463205948645,-0.00500419569151097,-0.04179714136842989,-0.007462867885934263,-0.011754975944248229,-0.009251498193166762,-0.01080701423676644
2021-07-02,1,-0.008467121991101485,0.008968684383639272,0.004662062498628906,-0.005717450512694097,0.01785769145697288,0.024001205851929643,0.03244926613035559,0.04879007633888556,0.03912880021400984,-0.018991936302330564,0.006752108162039499,-0.0012491001367399583,0.010084166282815691,-0.017903229760093134,-0.002318404506147147
2021-07-05,3,0.005088916741357483,0.017699517895786145,0.01843361174018918,0.017055555614439007,0.016456822652660623,0.042559437506583496,0.0363677635528641,0.09431089904759293,0.02650659527829451,0.02938914046961322,0.03179087229125741,0.0049876032698944585,0.023141469601774763,-0.006039745638421372,0.013301767625947977
2021-07-07,2,0.00506337642243152,0.004376338405447413,0.0,-0.007923120193856386,0.0225936745077704,0.03717913194431577,0.04455884584183687,0.058268854265629756,0.009422393911330016,-0.019637059139772036,0.033966733296734955,0.004962529864518975,0.022618275008079457,-0.015700275778958557,-0.011874346860682332
2021-07-08,1,-0.010152293163789076,-0.022075856301233467,0.01360570304842179,-0.006841554498742554,-0.0031966250650030436,0.028778867453887327,-0.013041259130863346,0.09015105242187103,0.044172571369223965,0.028288054491155946,0.00940749368490321,-0.011201011631534348,-0.02589161582066885,-0.011938936113288508,-0.002320398995409715
2021-07-09,1,-0.0068259502353148135,-0.00896868438363943,-0.004514634876474776,-0.0022908809218400838,0.001066677470365928,0.010582164066753968,-0.002389480935088984,0.011428696942154261,-0.009966761024578046,-0.01821253298344573,-0.02913455231490889,-0.006277644867875148,0.0,-0.016143842123001354,-0.01023813010749045
2021-07-12,3,0.01529307222641649,0.013422997632088185,0.01348330735195591,0.018182223665244187,0.026303527772795442,-0.014134462817047801,0.023641947708913147,0.0686139501585944,-0.012237744161269009,0.006661267482944436,0.0,0.003771509023863081,-0.004930064329768765,0.029400470952042332,0.010774176522671526
2021-07-13,1,0.023334625766262898,0.026317350800451632,0.0,-0.013605697963868367,0.07884375342604578,-0.03255264631657953,-0.018868681850067463,-0.0657771413251552,-0.0715484746923329,-0.04541411322850089,-0.08374490016162968,0.001253798904267103,-0.01326725479798402,0.013949963200853085,0.01313007383091252
2021-07-14,1,0.009836288630852534,-0.008695807747666843,-0.004474142669320122,0.019220535459971922,0.07039935533905113,0.050189757675053744,0.032789898886081324,0.025176182770386465,0.0010369411431494066,-0.030418969538371726,-0.0013985783696049033,-0.0037666657388916755,-0.020236874229452365,-0.009569496962601754,0.0024647276762466276
2021-07-15,1,0.001629797559338886,0.04691695598210312,0.0,0.005583487041798338,-0.06465774515974504,0.0034904228046252783,-0.03398095457469108,0.0770632929823884,-0.01146449037467449,-0.010801131163631714,-0.0014006051459245692,0.013742041992957279,-0.01718228517712894,-0.005258525536867674,-0.006173468424118142
2021-07-16,1,-0.041568687223669354,-0.02960039151571902,0.0089286319795579,0.011074309543973388,0.01702982135033674,0.0,0.03857865111290946,-0.012870215258993902,-0.018538582110749872,-0.0058998126936225855,-0.005621983551177153,-0.009975376254065594,0.005185554755746206,-0.00705481091248516,-0.012641407408560788
2021-07-19,3,-0.011955912489845486,0.008546989371934606,-0.013423161785718894,0.002200265867745018,0.020427851401035157,-0.010508031570412696,-0.03738759542429982,-0.03425898051150321,-0.006705118497778799,-0.006850795019225122,-0.03004509647237818,-0.01007577855837109,-0.019147628741196084,-0.03146318850760777,-0.01516562765068687
2021-07-20,1,-0.0017192549736177929,0.004246340020664852,-0.009049744150379463,-0.011049948954526516,0.06923779787077944,-0.0035273587629200804,-0.0035776849172654743,-0.0026844969892344714,0.028387501771440792,0.021759589520929344,0.015135382470024654,0.0,-0.008826090135851079,-0.025434973435955643,-0.006021421958226183
2021-07-21,1,0.006860959825227959,0.012631725392581247,0.009049744150379421,0.006644678637642848,0.003424695357282803,-0.028675826706099656,-0.02296171136329458,0.023905637585408944,-0.020613732533663724,0.00044831699855456334,0.010672489813214975,-0.0063491705867393475,0.017575137937179443,0.04398319624395479,0.010921261441330527
2021-07-26,5,-0.008583638000756942,-0.03838417678470745,0.008968672475480992,0.047422650652450896,0.023649828731248462,0.059982774249500256,-0.059174018447885605,0.03355147119190195,-0.015879753905112055,0.0017913468036424983,-0.00781525389705043,0.003814447320947341,0.00867307790044,0.029153884045103856,-0.04139537176179174
2021-07-27,1,0.0,0.0,0.004454489310237837,-0.013778766568584077,-0.0408916463515412,-0.02777958878048041,-0.026282741468474265,-0.06826802688327448,0.032562239498836514,0.021687115195185416,0.02396155734558917,-0.0038144473209473836,0.023891946504037986,-0.0017428800902152895,0.024416518102601294
2021-07-28,1,-0.0017261139889883689,-0.021978985519642176,0.0,-0.0292386137669831,-0.03180478824087161,-0.028573336768935254,0.021081091638419733,-0.02476048278658207,-0.05090643557922454,-0.07356939015468016,-0.061756829812161775,0.008877703339271766,-0.02562060731902902,0.024128766885973842,-0.0210261649268162
2021-07-29,1,0.006885041188227677,0.02197898551964224,0.021978954625245635,0.009841611071278941,0.03527696731226886,0.0933318902467901,0.08134572447639465,0.07768307040348031,0.04616828296280138,0.08272167708244672,0.03850813472580613,-0.0025285327525324365,0.03401695884382141,0.04169005591254422,-0.0020706603005162683
2021-07-30,1,-0.005158927199239323,0.06317887514538241,0.004534917800730004,0.009745475784465501,0.025664465585121164,-0.036978964697374314,-0.04674893438582564,-0.0529225876168983,0.03321526957509896,0.0077787186182089905,0.012748111769373262,-0.0063491705867393475,-0.035748349745148726,0.0,0.011801298713313119
2021-08-02,3,0.01709445098835616,0.02419476643423737,0.00900922191320499,0.011783876787079242,0.06221319105911833,-0.003430552755372641,-0.019072496690986047,0.02150630028269857,-0.00025521245678925323,-0.0012920650906354807,0.016056195849240028,0.010139630644146169,0.0069082599250888934,0.006106377353305535,0.00037253813843730936
2021-08-03,1,0.006756541090538542,0.011881306981528027,0.02655015431305616,0.022117822329432896,0.0,0.030459134827661136,0.04025698618673139,0.01058211028949299,-0.06704361543778044,-0.06086713213165826,-0.050418974143434436,0.02613712055492416,0.008569030047174648,0.024850818841972898,-0.0007449821467726106
2021-08-04,1,0.0033613969301491647,0.031010208644242223,0.0,0.004157881520305165,-0.004773251605336492,-0.020202698038080613,-0.015286595842631787,-0.04301748315012434,0.018661769899688346,0.015454754264643199,0.012305627527488403,0.0182600407219591,0.0017049952048653221,0.027334946983341463,0.007054135234862971
2021-08-05,1,0.0,0.007604536114180605,0.004357421678817185,0.03466185541027148,0.006359236078011214,0.010152424188100844,0.04565870723160729,0.0244244876731309,-0.01077596328568378,-0.01225338086810857,-0.015953874654329788,-0.009697375060755182,0.0318553581872145,0.025856904061816448,-0.002964164563551919
2021-08-06,1,-0.008424773352580756,-0.022989556775891686,-0.017544431306443044,0.007984135879372137,-0.022436762045313058,-0.016978308222308763,0.003612351994515268,-0.02717545079095492,0.0491512617121015,0.029691794475411183,0.028820518352509792,-0.007334929617361291,-0.020000759578656314,0.01859476265085607,0.006291762522596416
2021-08-10,4,0.0,-0.0195700904037995,0.004415049024947134,-0.04993382948650547,-0.011410181330106118,-0.03484679262287346,-0.036723818657812234,-0.0027586464209364402,-0.045906083387545156,-0.029235290908348314,-0.024444145611622767,-0.016079249994100035,-0.008453046528722336,0.01135747837338372,0.0029644508115192385
2021-08-11,1,-0.0016931646681070073,0.003944902421268343,-0.013304058899280834,0.003129956676556449,-0.03673206722699738,-0.017889473944996678,-0.040718064394440326,-0.05976186884738942,-0.0013507373702803264,-0.010091712376778103,-0.019846251849133197,-0.021425237248812838,-0.025796863441086407,-0.024337455296191343,-0.0020371059654631387
2021-08-12,1,-0.0068030745801239915,-0.011881306981528061,-0.02257421246770558,-0.004175456389450579,0.03344811351351588,0.024956677787389598,0.0394704099294561,0.05422154495859672,0.0013507373702802716,0.000921543750528994,0.002965112268994136,-0.019293027210220127,-0.005240166881936497,-0.001494099570756938,0.003700880048474768
2021-08-13,1,-0.008568698232703334,-0.04481412806437399,-0.0045766988993367905,-0.06036327853733235,-0.06805358636165786,-0.050552104828485656,-0.05254260896543289,-0.031031995558755954,-0.0526584407703105,-0.044744896979147096,-0.04233432072182531,-0.034349506846066115,0.006980775448016584,-0.022685380432151805,-0.011144139590319325
2021-08-17,4,0.005150070504262098,0.01652924760034795,-0.01851917823363251,-0.00668889632186782,-0.00529565797040638,0.011049766095111171,-0.011912721787567717,-0.011527507162491233,-0.04184216097405724,-0.03979889449727856,-0.033768393679723674,-0.002691650568924366,-0.028220611924184985,-0.0057525203545882855,-0.0013081694014181948
2021-08-18,1,-0.017271490128222874,-0.02489751120112732,0.013921436819326673,0.00668889632186786,0.05005360489298886,0.010929001964439317,-0.005340439623261145,0.0,0.005917232023691256,-0.0030120596241347084,-0.00400169481632094,-0.004051518130474134,0.005352447197063482,-0.05331970275665874,-0.014695337302127048
2021-08-19,1,-0.026479772128236472,-0.02985288463365684,-0.023311057820066955,-0.054971885971673004,-0.037740303619865176,-0.0520564407123217,-0.0368138803934991,-0.07587267690225488,0.0131869268683592,0.008012021272008342,0.0024030001201769675,-0.01088447958172478,-0.030715969070628523,-0.0044725248360075074,-0.009534674734775733
2021-08-20,1,-0.012601669304380654,0.004319625139810827,-0.019048234407495073,0.01946524422212912,0.017331386276669806,0.02264246606497824,0.013793347489361516,0.05505966050636064,0.016171251128565486,0.019753820373610544,0.016660394158894375,-0.005486694602998063,-0.014787863015988764,-0.005720924227417897,0.004778701077130417
2021-08-23,3,0.02504591864822331,0.04220042180938912,0.03309999349935608,0.02850547833391126,0.032124571380997155,0.02941397464734341,0.05852722572862924,0.09368554589123254,0.002860384953587674,0.004877917138865337,0.010954695832333885,0.008219029731088016,0.032970082460639705,0.01907884976990035,-0.00823343048395607
2021-08-24,1,0.010545067214343527,-0.008298898714763718,0.00925929872820581,0.01971091858289207,0.037555426184051346,-0.010929001964439234,-0.046273997035424425,0.0027063354020108485,0.0028523376301351723,-0.003412041995639892,0.0038834356200096185,0.03089550895319903,0.03713958640279605,0.013974915442712961,0.02318607460842279
2021-08-25,1,0.02247283501923945,0.020619361630136727,-0.0046188868317375426,0.012549909006470203,-0.006430879145913746,0.043017298957735414,0.04756523676086971,0.05520455787878193,-0.014343411116931567,-0.013271261744223774,-0.008563629303567926,0.001321979412648783,-0.010471260063706233,0.020797381810323916,0.010837223512345019
2021-08-26,1,0.01526735407813796,0.008130058367190248,-0.004640411896468393,0.023530608587053893,0.01441184716377173,-0.021277447982260736,-0.020861328038905756,0.002554255137349218,-0.02486613841340661,-0.01194642036947031,-0.018146382048675015,-0.014637750182401111,0.003502469602023006,0.011966906997405291,0.0
2021-08-27,1,0.008382401205040432,0.02794601504857493,0.00925929872820581,0.011013276034193682,0.09400837033956581,0.04517249276446095,0.08459300843287994,0.030153088929786572,-0.01042113401365571,0.019341150137479272,0.009508706549864049,-0.004029402804676496,0.013889090785774136,0.0019169237302237188,-0.012717702988165056
2021-08-30,3,0.00996700418637087,0.015625187982531007,0.0272745179702515,0.002188067418733363,0.015793605176432073,0.023932753975988926,0.017996795572332365,0.014742222924634871,-0.006004159430532375,-0.0029514090522008447,0.000788319628172003,0.004029402804676585,0.011996730421382702,0.056221765071695115,0.014203230408332417
2021-08-31,1,0.014766135392355537,-0.0038833905230127937,0.008928604356355719,-0.003283952875462131,0.02253625945441913,-0.0033840635705857745,0.0023752861559797308,-0.02219568598418239,0.027911496158692147,0.013698823748531642,0.004716987898567299,0.02776151689283369,0.011854598608558213,0.01116119607149171,0.0009273448460561359
2021-09-01,1,-0.0016297975593388644,-0.015686699880786744,-0.004454469545258889,0.017391662998966148,-0.039778105505255804,0.0067567138673108006,0.010619680750003278,-0.012547265816373322,-0.01772577232714555,-0.006825860809142822,-0.014218243006869875,0.001302582288507503,0.0016820515003684471,-0.016606941500507934,0.002222370394954547
2021-09-02,1,-0.009836288630852464,-0.007936404560259708,-0.008968644549783732,-0.030636937057667075,-0.047486445408328554,-0.006756713867310797,-0.03099176247831544,0.022472809977394106,-0.019260102538066887,-0.019763484614551317,-0.01120000818537959,-0.010470864304844698,0.019967478918509814,0.011941689703473417,-0.007240604151039873
2021-09-03,1,0.021190670593595137,0.023623104441046303,0.013423114095042632,0.030636937057667082,0.022540340223363563,0.049596774995873776,0.033336335345619514,0.07833189857087236,0.01238106811344624,0.0034868264182296,0.004815416051685132,0.00786366258915264,0.021190661541736853,0.015349014708207494,0.0011174698298216828
2021-09-06,3,0.017586640818928,0.0015391997523337328,-0.022472744070290582,-0.014107710123504019,-0.013463103126187679,-0.0032309881532922684,0.06021127289899182,0.044650298867679836,0.011340020963261525,0.0094036952569329,0.011146503876480323,0.009096570685119276,0.05185753751151686,0.008125800880193488,-0.004103018566276306
2021-09-08,2,-0.01920086992673039,-0.04098929796917609,-0.01834926508805415,-0.046988292891879876,-0.05256241733841833,-0.0773493659785271,-0.10083800422447599,-0.13290774159957267,0.005622263853821712,0.014670234327998596,0.018046862939005422,-0.01302067235094682,-0.004604749440961823,-0.0056456836030852895,0.002612909785398947
2021-09-09,1,0.0,0.02070472846960293,0.027398895063302026,0.0034304070023993523,0.052562417338418224,0.0069687160466382295,0.02528719155219684,0.017305831415495597,-0.017262388274203407,-0.02010372059422843,-0.01016028839476279,-0.01319279341425785,0.0030722136183556933,-0.03309654981775857,-0.001492177893984561
2021-09-10,1,0.004834998849864563,0.04800917728826087,0.008968644549783683,0.02368988231199492,-0.012121481465761535,0.010362681885478451,0.029293347117985494,0.026603651671918176,0.030161878037253436,0.017673469290285335,0.029413771394097232,0.0,0.03466810281978754,0.022066420901360444,-0.003178493968578697
2021-09-13,3,-0.01131788153099431,-0.03174864496804393,-0.02257421246770558,-0.014598952144429508,-0.02469264306127572,-0.0068965092015743894,0.0023067943399266468,-0.033983938926393106,-0.013785262422551313,-0.01519993877101589,-0.013825024259607115,0.013192793414257994,0.011782224511745898,-0.006460973811538689,0.008205917186007992
2021-09-14,1,-0.0032572701738104353,0.004024037179356102,0.018100077656608846,-0.009090930167565419,0.00933142093920874,-0.0139376021281452,0.022779992657682095,0.0,-0.019684534246998984,-0.013429785338318097,-0.01323499710787067,0.003924101665827599,0.0029238445509235217,0.04230447955883335,0.021134797168296367
2021-09-15,1,-0.009836288630852464,-0.004024037179356056,-0.03653381669845747,-0.011481129377742124,-0.00465482608200134,-0.007042271113275527,0.010084146542359621,0.007380287254474866,-0.01578662420218776,-0.011584165345175763,-0.01103246757502302,0.0052081843500033365,-0.010271413556127951,-0.005885501924584087,-0.008583757326203444
2021-09-16,1,-0.007058210872973719,-0.020367356789654102,0.0,0.0,-0.00805660563514682,0.027876382442995246,0.0011142786961138957,0.004889854568686652,-0.020402415376590804,-0.04031546261694277,-0.019200582898894158,-0.011757161701916026,-0.02690750453672968,0.002081497299331526,0.01094483900447427
2021-09-17,1,0.0,-0.029229538318810647,0.0046404118964683775,-0.0023121290119253795,0.009661817321872677,0.013652181203828747,0.02420355470322886,0.03357637900337439,0.0031180888904532955,0.0068331448401330215,0.0056383406042483375,0.014351173054491184,0.019505398378101807,0.0075937340050268995,-0.00527493454026028
2021-09-24,7,-0.003338972677872219,-0.004246416488469393,-0.01869217098832941,-0.01516068437427375,0.007980896225981464,-0.030983579135945565,0.02786890690733921,0.023311090344839875,-0.003743009210898619,0.005745675379233713,-0.004024161930531528,0.0012943749825405667,0.004447955265794758,-0.07532535097539243,-0.014698152927534543
2021-09-27,3,0.006666612027595039,-0.017167817093028864,0.004706016635953606,-0.013010059643441606,-0.038902792562417125,-0.03559094424722349,-0.0256973644750149,-0.04959702361379282,0.008402139505245236,-0.013106268799022679,-0.00728441166819102,0.005161810891616534,-0.016406074147664422,0.0025921611020069254,0.0035104248715547926
2021-09-28,1,-0.01337796621656838,-0.026317329421413172,0.0,-0.007168572621296498,0.0016514995752415027,-0.007272746827845051,0.004328989070818719,0.0024184398315008127,-0.009027389582178968,0.0005274485796558806,0.004053523060221212,-0.018182483242563365,-0.02281474690418731,0.0,0.008082238522658112
2021-09-29,1,-0.023851155782025048,-0.059514041198655145,-0.03341603835406211,-0.021819063820631257,-0.05774092711683119,-0.04478371691716591,-0.09985618713565253,-0.07002869430902828,0.00343377401111358,-0.008474686948290905,-0.02126004277810696,-0.024515252598597093,-0.03691038095158207,-0.04771826924165403,-0.012147948128765849
2021-09-30,1,0.0,0.027908808103453902,0.014457993212891151,0.003669831450860669,0.022472861163219098,0.007604587181580217,0.03747516831747514,0.04557758581847113,-0.0006234351220582349,0.009001958785853676,-0.0008268545214437815,0.0,-0.008031979988424177,-0.023945921637278444,-0.009489569962877089
2021-10-08,8,-0.008658015724854966,-0.12491873854193707,-0.0390294257569472,-0.05651231189369715,-0.04546238494610881,-0.015267447535761692,-0.011560844901652712,0.08989509529528374,0.010546078106904194,0.016728060460249706,0.007416634828649876,-0.03571796239728151,-0.09112548854523964,0.01928025523421137,0.01281727418559913
2021-10-12,4,0.0,-0.028467773007380653,-0.02928012045311335,-0.02353045065558899,-0.055161094924413866,-0.04725287437782465,-0.027108263602095308,-0.009091115622938139,-0.015234271769102518,0.009287823137134285,-0.0008213416630219843,-0.03559071079049352,0.015775993184095255,-0.02206559342210592,-0.013752269321945105
2021-10-13,1,-0.006981096764664575,-0.011834456421923196,-0.021751316321085415,-0.0268112620326736,0.011278377350644003,-0.06669140736134854,-0.06286739257369141,-0.07586566189816862,0.022918383762249327,0.033833158726755026,0.0307467203230854,-0.0029029700340423986,-0.03360171129680108,-0.112914582579674,-0.024051883968833124
2021-10-14,1,0.0034963492086170288,0.012903496952470792,0.006263030161976855,0.005420041903399886,0.009302316949321602,0.008583802154051712,-0.0012729789229804682,-0.014888721978545606,-0.009537209959652258,-0.007976074905515673,-0.003991877423368721,0.008683007011486867,0.016057377535075655,-0.005815024439178782,0.0017235985794322966
2021-10-15,1,0.04604424592977336,0.027398732476832825,0.010352132171783563,0.029296362358585286,0.04879022846538584,0.07410798761345193,0.052120973027331194,0.04879027365422696,0.027440708242480315,0.025205312544625862,0.026836589853284746,0.01003616202212228,0.05173565936669297,0.004922757499277706,0.030899133425812263
2021-10-18,3,-0.016807140935337177,-0.016771632730681208,-0.014523158606373003,0.006540278984358724,-0.02319462278335221,0.02353045846126098,-0.0036341465857357576,0.028170843175094315,-0.021277302535772143,-0.0004882417249995429,0.0015564701572349634,0.001425497779542318,0.015012654301761859,-0.009419486381620417,0.010335981676449533
2021-10-19,1,0.016807140935337278,0.03938317791595906,0.009360590575519866,0.01808832645539498,0.037205357197248094,0.09248731734594594,0.08933475831096434,0.09488927007051408,-0.01423295072504867,-0.013271261744223774,-0.00545816370284975,0.005681757164952668,0.035776534033793224,0.012094447618838941,0.00018371771399145205
2021-10-20,1,-0.003338972677872219,-0.007139181956417013,-0.015649881050548757,-0.003848733544477158,0.008658070941571344,0.027876382442995246,0.01323055545150533,0.043261053149579114,-0.011912368680761589,-0.014453242929313341,-0.015760734805503492,-0.0042584107937667275,-0.012862108799458752,-0.0004451484191677151,0.013493967702244631
2021-10-21,1,-0.003350158776922349,-0.01859561145890274,-0.0010518981523848496,-0.009038045255994796,-0.024434080862756367,-0.024349136866997335,-0.059803505105298,-0.06239025398899581,-0.023290267703313706,-0.013646906034278681,-0.008775571656970097,-0.001423346371186065,-0.026230914347709033,0.027242336846207027,0.0028939014260342755
2021-10-22,1,0.006689131454794564,0.0010422003814036624,-0.005277197978696981,0.012886778800472062,0.019248254723776476,0.010508108498948052,0.024125195767456788,0.014909754520820497,0.0067557528988789195,0.011636623511705666,0.022187931797180118,0.0028447917896214435,0.021364578303553296,0.0038937141545026697,0.011313617407755923
2021-10-25,3,-0.011735395746491193,0.004157973551313016,-0.002118492070653961,0.00255747150798521,0.006908449699858245,0.04762802710185441,0.0033994990287250747,0.03530994338609192,0.010842019305057278,0.004016146762952909,-0.00865799527777024,-0.0028447917896215124,0.011317947661535889,-0.03873734872449719,-0.1241873277985823
2021-10-26,1,0.010067302999225744,0.01646142819636849,0.010548589246049752,0.010165224913163521,-0.022629344344667006,0.03589299999972717,-0.003399499028724922,-0.03742639786077798,0.02381799173836176,0.006492103683192563,0.007089393536421262,0.012738855304163549,0.009599958327543788,0.027884046375394263,-0.001011384528418418
2021-10-27,1,0.0,-0.008196891648070956,0.03505495247459462,0.007556738009129944,0.012248649842217324,0.09472712747549347,0.06588564107563932,0.05562720127623058,-0.03948086023432731,-0.01808201002370398,-0.015026042477658581,-0.014164353083705896,0.06025005124658463,-0.029231346259131423,-0.02313541379783944
2021-10-28,1,-0.006699999921100388,0.02639762797267552,0.013085291905414085,0.013707438278553254,0.003472244802591453,0.040005413749703386,-0.010683957749767556,-0.012097010184263953,-0.028428544321203696,-0.024109806391430847,-0.018496634843760865,0.00852296831945027,0.01340298070053337,-0.014942472537937939,-0.008110788544556442
2021-10-29,1,-0.008439048266971292,0.0,-0.02634398000605698,-0.01621992913577872,0.02903701815250987,0.062435480398509484,0.05231321101283253,-0.010193808681487419,0.024231647714975196,0.0387012251625161,0.04211984741162044,-0.012811879324948554,0.007369203211719017,0.009986261966607653,0.003959694317797621
2021-11-01,3,0.0,-0.016162115812725968,-0.0010270458832357273,0.008766513436189616,0.034742877714758154,-0.005277092829997877,0.046797959044469296,-0.018614769681172094,0.003874683013049804,0.03001453723492605,0.019268472198922297,0.0014318047929819512,0.011678995990483674,-0.009986261966607684,0.01895395451175822
2021-11-02,1,0.0033840574840816044,0.0060915306135847684,-0.011369833034746717,-0.007509386540181033,-0.028031406179569007,0.0363675420875702,0.02307789876566351,-0.027514912775441786,0.0401127765703309,0.003870515168527784,-0.0015279328914576615,0.02263161800344332,-0.019048199202202715,0.04155128978627637,0.011161806327445473
2021-11-04,2,-0.00848177012443869,-0.007110370413565937,0.010341426283544343,0.024815112960298164,-0.005029414362745002,-0.03109044925757239,0.016965646701259874,0.03789919254972508,0.0037082485144958807,-0.0038705151685276486,0.0068572035315935965,-0.012667256846431812,0.0262788622738269,0.0008751490001605881,0.01681043802571143
2021-11-05,1,0.021904853575694265,0.01617836174897208,-0.005157447243167417,0.02181906382063132,0.029803619097524367,0.025975399828769605,0.04209213042622055,0.030521308772640053,-0.006188075795880688,-0.009741917752028331,0.05466651121342551,-0.005681757164952816,-0.005780488288616568,0.02290993812084894,0.005341312843029853
2021-11-08,3,0.0033276393497227736,0.05654515263855006,0.0030976591567637387,0.005977276080922128,-0.03993882018672457,-0.02597539982876953,-0.04022479122565543,-0.02845727420036984,-0.03570122321640404,-0.018775186997150282,-0.044844008585682944,0.005681757164952668,-0.02197875372886582,0.005115044589558105,0.0120519787537167
2021-11-09,1,0.01483928456277489,-0.004750561066404753,0.009235615461581676,-0.002386624806898659,-0.006814296347070111,0.01307203771793605,0.01113191401259039,0.0041152622852215276,0.031346551219630175,0.04008371918121507,0.04986365595518024,-0.0014172937767188603,0.030636931382782184,0.011414248781532587,0.012296377403435714
2021-11-10,1,0.0016355769097092766,-0.009569366429110583,0.0020408715619462275,0.0023866248068987557,0.015267440263826362,0.03571815183799934,0.02370224534103154,0.02634392693948015,0.011159454498618472,0.009062523077941352,0.03652098693058397,-0.004264463388233955,-0.011560780186850507,-0.011414248781532648,-0.006812645614369837
2021-11-11,1,-0.009852398995322847,-0.014528158329668193,-0.006135051479278036,-0.009580984605789357,-0.01355960519323747,-0.022814789727165892,0.03713929483099301,-0.0263439269394802,0.009205488491185769,0.008510807221753541,-0.009702193668830315,-0.004282603992058794,-0.005830972715681194,-0.035926604156024805,-0.008631044103878263
2021-11-12,1,-0.003305528175670789,0.014528158329668073,0.005115136342806183,0.013150275724163996,-0.024180696233807794,0.035268125122686476,-0.003478124774327442,0.030335909668817555,-0.011365748504592939,-0.006139247242779063,-0.011909079259400242,0.009964361157011516,0.005830972715681048,0.017908032380273456,-0.004541192947365
2021-11-15,3,0.006600604810311749,0.014319927495515318,0.01317814365538414,0.001186938233625175,0.01904818144226722,-0.030153075693883608,-0.021127499240045252,-0.032391388846820204,-0.00837595363827617,-0.00999787086115832,-0.0021162992942153685,0.011267755365876991,0.0057971694833743445,0.008620649749616283,-0.004363473491539396
2021-11-16,1,0.003284145367035573,0.0,-0.013178143655384016,0.01296417585589489,-0.015557757349011226,-0.0051150494288028335,-0.0017809976561720454,-0.029229710183079707,-0.009704218195379782,-0.009132311459266372,-0.028655265324575217,-0.0014015833721401664,-0.010167226844392042,0.003855527636589121,0.00019880532128032765
2021-11-17,1,0.0,0.009434040368719183,0.0301529513226517,0.023149301155723678,0.005212859181279483,0.015267490495075036,-0.0017842378989412256,0.029229710183079755,0.01188250735441719,0.009132311459266433,0.023699516833945593,-0.008450458618781787,-0.00879767875995515,0.0315615444065978,0.005746603115915703
2021-11-18,1,0.004905756604874773,-0.004705758928699173,-0.01496278025551399,-0.00573733611757946,-0.006956588110321491,-0.0281708526059085,-0.021661259061662035,-0.027113255708393635,-0.023271439630526483,-0.013487567910125823,-0.020072442187635372,-0.0070974705399079255,-0.028381340689821264,0.012760111334385113,-0.007536866040590092
2021-11-19,1,0.008123479953614824,0.0,-0.009086425963525968,0.01030353262942278,-0.012291666613455052,0.015464243641077055,0.0,-0.006362704206665448,0.00792275946397774,0.00821075602936017,0.020072442187635302,0.014144438948726324,0.03863780364383303,0.015422378085076884,-0.01100982576126918
2021-11-22,3,-0.004866077993603081,0.0047057589286991965,0.006066715305504178,-0.012607670441974606,0.017513599825139885,0.002554167898559079,0.02344549696060337,0.012685108674971262,0.03717904774904516,0.028918708577026775,0.010589472635551433,0.05066098394894915,0.02020285170463984,0.017169409289417188,-0.0032258289099441713
2021-11-24,2,-0.0197049453086716,-0.03341588596176336,-0.005053103474687209,-0.015107827225592408,-0.028170872445887247,0.012674570204388015,0.008873127393370546,-0.014815086853181062,0.012091923084670457,-0.015066213862458148,-0.024166079674994435,-0.0013358728459286018,-0.028987649410270776,-0.07691344311547704,-0.008517719093190036
2021-11-25,1,0.0,0.009661918097528937,0.0010128854837117079,0.005837815615462166,-0.019838328583125106,0.05869645724044715,0.022708345858557806,0.01900799595231729,0.011353690835653291,0.011320819689496438,0.0021560513657918057,-0.014815118369184435,0.02755798967446005,-0.005143721565030192,0.013352444605916784
2021-11-29,4,-0.016722932831266937,-0.02927040428436801,-0.01632702621879271,-0.010532638306116223,-0.009149203503388098,0.01180663269819827,0.008598462209823837,-0.021142375059390133,-0.03722636282226181,-0.061915201087014406,-0.021771602812611177,-0.019178766969116724,0.0014296597358106693,-0.0457223791205112,-0.01989104317168245
2021-11-30,1,0.005046264291696644,0.00985220958364731,0.019358743922542027,0.02555307045572948,0.020018853306502316,0.06805346220214294,0.06944933397192324,0.02739892304406858,0.023465956255624077,0.08372074400253232,0.01311971629862716,-0.013927735554756137,0.00995022220543595,0.00851059784555684,0.024702588795251466
2021-12-01,1,0.006689131454794564,0.019418194700720693,0.0,0.00799543705984451,0.021391226908047425,-0.019934312797880993,-0.02917545854034865,-0.053374451584225165,0.004507909479848842,-0.02509415152131127,-0.007267423661201724,0.0425595189897346,-0.004252294204080792,-0.03911343242219218,-0.016129315720128986
2021-12-02,1,0.02469248239344736,0.009569366429110545,-0.010142044985417686,-0.005704383669196421,0.003521069662067021,-0.04811914940426189,-0.030052193715331868,0.008733669576097095,-0.014193116833534775,-0.019002943221604084,-0.012477232259665108,0.018642332216448187,-0.036157242660006646,0.022019276904637803,-0.012270189606981992
2021-12-03,1,-0.011447303931922078,0.037387650609878705,-0.019558125220668535,0.015891293045688423,0.012227254655783516,0.020906630158393145,0.018472304065842934,0.04671760582509917,0.023148542265430318,0.01191902146543674,0.0014759904997494466,-0.002641860681490561,0.03188686129453751,0.012175982273833406,0.018349158671711698
2021-12-06,3,-0.013245178461525219,-0.027908808103453944,0.0062177006985745095,0.012311343805735921,-0.010471278214998804,0.006872810175388593,-0.03384412565384075,-0.016736844536476676,-0.019505824612391087,-0.017691060604304594,-0.011123544226405106,0.009216644675039515,-0.02601315064051886,0.021286961835560766,-0.005063265683090694
2021-12-07,1,0.011599052298540037,-0.019048208935535296,0.0010326541811101065,0.011062008108455099,-0.024868041558647403,-0.0114811446316508,0.008568989459208818,-0.038714430864719596,-0.013729995539348597,-0.027881520770661687,-0.017300172282879056,0.014313762844100648,0.01309119495032863,0.011368507663674643,0.03472018693922557
2021-12-08,1,-0.008271412948817286,0.028437956072025913,0.00924499996592707,-0.008839795382844816,0.012511361694362129,0.02057217842097672,-0.0017078138442281168,0.03871443086471959,0.005209328978115946,0.007412907605373046,0.01056610684725868,0.0,0.025678919995355886,0.06277082491026037,0.030516001018823888
2021-12-09,1,0.009917539111802612,-0.02364182630441337,-0.0061539285620675795,-0.014533556531346142,-0.010714447065341783,-0.013667654847498335,0.0017078138442282447,-0.032157019577782955,0.0015268161508327472,-0.0004924752802979939,0.01194038718190726,0.010282840544084381,-0.01847956407441743,-0.002862503837873925,-0.015720993521092637
2021-12-10,1,-0.004946309472366982,-0.014458047865141396,-0.005157447243167417,-0.002254781917838983,0.0017936915176267432,0.029380728905106276,-0.024180859094717982,-0.017582849167243897,-0.019723329685489406,0.001968447599810361,-0.005952444522037855,-0.016763881517274905,-0.015907798571273835,-0.03542765046043981,-0.024847391716515115
2021-12-13,3,-0.006633887216669975,-0.004866240232139338,0.006185853994369886,0.002254781917839084,-0.012624182426668861,-0.017977981261178205,0.0034905709417292893,0.02193071381522213,0.001554892044892128,0.005393618285379916,-0.0067390358039002415,-0.0013008834577012385,0.018773191968829192,-0.0076661477676523895,0.002176769355733959
2021-12-14,1,-0.0033330745197539297,-0.0048900363710525545,-0.010330741461577754,-0.015891293045688426,-0.029467973678890376,-0.020619309533455633,-0.031861062066700745,-0.046623392490279136,-0.006547112377418715,-0.004902016782537359,-0.001503734771396315,0.0026006349098136,-0.0246210665811558,-0.0432478241892415,-0.01173095973768581
2021-12-15,1,0.0016680927472654504,-0.004913971586685205,0.0051786091254055425,0.0011433932504729312,0.014842570057514192,0.025144158159698192,0.03360157562596466,0.03132247283418403,-0.007220297506875777,-0.012858644824201994,-0.017457679872579672,0.007762234038785226,-0.004408588341684991,-0.006269562690018156,-0.006017996023473745
2021-12-16,1,0.012892720077135662,0.019512829793910037,0.0020639374985660475,0.010233129501231241,0.016438774689644515,0.01567780509754815,-0.005231084500993224,0.028232081958715263,-0.0006302504616271054,-0.004490062689814466,0.004583583538444293,0.0025736375618171403,0.030459314658651634,0.03530816724768323,0.019328934933281375
2021-12-17,1,0.0033001829104001147,-0.014598858207224806,-0.008281638197140529,-0.01826526414432409,-0.00909925200485915,-0.01342303554117267,-0.012313260775976838,-0.010764409055251136,-0.017812181212640263,-0.027885077255958946,-0.020793926119148914,0.0025674717019021575,-0.031933074361932844,-0.06032668038002573,0.0031528935919384648
2021-12-20,3,-0.014938020091490803,-0.004913971586685205,0.0020768995617165254,-0.004618924412908866,-0.01102966832596684,-0.018182365826546292,0.0,-0.019672724096675448,-0.007731981648894905,-0.01606671558339063,-0.014106810748695513,-0.011605501959469357,-0.03757024815297102,0.019613177632186247,-0.004140118466761456
2021-12-21,1,-0.0016736757210204756,0.004913971586685191,0.012371317006727075,0.0011567327483848959,0.01102966832596683,0.02043198695818244,0.021016614435570128,0.010977027109650815,0.011255896431228856,0.00936027186967716,0.006294249093065261,0.012886274857514384,0.02719206074931239,-0.016852907092795025,-0.02035589435634482
2021-12-22,1,0.00501264696088318,0.00975627660319188,-0.0010251428270533869,-0.001156732748384785,0.014519225764360844,0.0222232876994722,-0.010453065261882069,0.01301531650113137,-0.005129871290893864,0.006192088761684882,0.004694842343180289,0.016508858314404958,0.007423911775636785,0.03741697800245422,0.023314811970020582
2021-12-23,1,0.009950209192594142,0.004842581604032934,0.004094179917331913,0.008069283232696916,-0.012692856015564954,0.05348857750586196,0.003496550687582598,0.0234303876543099,-0.015875886534613075,-0.0056745398236584714,-0.005479450777750966,0.006277400524375935,0.01322571409125833,0.01231307053832839,0.003931680252058757
2021-12-24,1,-0.003305637882495099,0.014388702922606428,0.00407748593308734,0.005723975156970564,0.009082806151719828,-0.004175329323143039,-0.010526359226677806,0.004201645962842414,-0.010835719223122812,-0.006227335797128756,-0.010256559857182716,0.007481232235869322,-0.00879767875995515,0.010867342367843712,0.006648511200316066
2021-12-28,4,0.01804790358006995,0.0047505610664047345,0.01112808418358746,0.018100179182206327,-0.0018099238956564986,0.0,0.008779520141383985,0.004184065973182943,0.014421668867962338,0.010872569283903007,0.0071118026397725895,-0.0024873164347513467,0.02185082694252361,0.02476660685349393,0.012203243434055433
2021-12-29,1,0.001624622090522242,0.004728281440019938,-0.0030226535693107844,-0.0011219199116343384,0.009017119840773868,-0.025425128075410593,-0.005258469428204696,-0.012605158254621093,-0.008825003244045332,-0.005680499829036768,-0.012678402435464609,-0.014350965301030192,-0.02185082694252365,0.009235901654096589,-0.0034715284423891203
2021-12-30,1,-0.0016246220905221332,0.0047057589286991965,-0.01422786065225918,0.005596069764113849,-0.0035971460812723277,-0.008620728929287488,0.005258469428204658,-0.014909754520820552,0.010450739112617152,0.0061952854314149515,0.010313518994380075,-0.006365558191220281,0.007336763405291819,0.036113676982569703,0.0013516343740497872
2022-01-04,5,0.064538622387722,0.0046839882077914135,0.004085815666841403,-0.006718919261318313,-0.021858748449146058,0.025642460216319586,0.02247304525048988,0.010672356689712597,0.005508004487842614,0.005645515145277994,0.0055096406584946075,0.005095792769648462,0.028820479254714957,0.05603832724232549,0.026277212036928108
2022-01-05,1,-0.009188415150544504,0.03670130609155262,0.01918273370337088,0.00783447253862735,0.0055096442831945435,-0.029980817965501384,0.006814301404469206,-0.02363152262489956,-0.01628702950891031,-0.012876940541005352,-0.005509640658494581,-0.016656474133491587,-0.011428726352183293,-0.015361283719641178,-0.001316401890864843
2022-01-06,1,-0.009273728815087331,-0.022780001967507468,-0.015113544018530375,-0.013468264113066427,-0.009199789924376171,-0.03991665323899546,-0.027540507569665206,-0.008733669576096982,-0.0032895716601645058,-0.007806414501128821,0.0023648834410845664,-0.006480849028363372,-0.048574565671217415,-0.03104975286526267,0.013643588787668014
2022-01-07,1,-0.015649684472610625,-0.018605292331836557,-0.013285888621964765,0.008998894178988625,-0.026218619700075184,-0.015963843964714532,-0.026526806328196432,-0.0704036535960746,-0.000988946744343065,-0.007341496490536338,-0.011084648424622362,0.01804153039220642,-0.00453529132642718,0.005970297173960617,0.0025956181743560123
2022-01-11,4,0.026460724784580957,0.0,0.00921669893712415,-0.004489214310150059,-0.009532969603908866,-0.04225977857752348,-0.09191094410198253,-0.06062469695306006,-0.05840078111494979,-0.002634869885803241,-0.02173134460346609,0.007633713353002269,-0.022989512882680165,-0.06136903333741925,0.021974979858475442
2022-01-12,1,0.013729974843413054,0.0046839882077914135,0.005083829967139818,-0.009039677811874426,-0.0038388850943863093,0.03533940580521232,-0.00788954743291663,0.004987663100288094,0.016643834146109437,0.01206398928655015,0.008103716546352432,0.0,0.04397986398020184,0.025823906622739996,0.0125991711478162
2022-01-13,1,0.0015141372877534721,-0.018868589642915344,0.004048596826226441,0.03128743211984782,-0.005785749255372057,0.009216561889527528,0.02927043839518039,-0.0024907219554670835,-0.005517199692053127,-0.015764957566152052,-0.007290312320541024,-0.012755057118466874,0.0073909895922997125,-0.0008226521606896794,-0.003045228589845142
2022-01-14,1,0.016504547922991036,0.0047505610664047345,-0.005063237108525883,-0.023373351914191005,0.0038609417437664535,0.009132545515659913,-0.01160562275342512,0.0024907219554670484,-0.0031169217266221313,-0.003182832271084305,-0.0024420420487007615,-0.007732195920795767,-0.014837088456747093,-0.013673535095817192,-0.014456355569742023
2022-01-17,3,0.016236564777154974,0.023420338809282185,0.007081355587803423,0.054778167871287815,0.024739611787225543,0.006795050754510704,0.026873017217233054,0.036634027722983825,0.009321770116595107,0.011096427965245346,0.005688822830465718,0.0025840473201610885,0.0014937222711537944,0.04167293050175175,0.013738346833104275
2022-01-19,2,-0.04338731807936166,-0.028170899875687074,-0.00708135558780357,0.006376395653637432,0.0,-0.02746178940359715,-0.017192380574263776,0.021353080752743673,-0.011057494991076588,-0.007384090202557923,-0.0024341164891201086,-0.01560506621885702,-0.05207918984140097,-0.07217072565417522,-0.017020150504479633
2022-01-20,1,-0.004597906751950804,0.0047505610664047345,0.010101066245825343,-0.010649886731939475,0.0018779023611571234,0.029716558959972716,0.013397262122694263,0.0,-0.01717234691684477,-0.03227811186121973,-0.011438081073701782,0.0026178699704768314,0.001571245161235237,-0.030126619549489128,-0.021037875905086132
2022-01-21,1,-0.015480200727362378,-0.03865209378292137,-0.01111683748246309,-0.012931260903029993,-0.005644491824387149,-0.09937250899827754,-0.06987585781013292,-0.06047783043119459,-0.003895839266403664,-0.004932830502789233,0.004918120038321223,-0.011834763884347212,-0.017419217558127177,-0.017438292197074764,-0.0299094025154488
2022-01-24,3,0.018547548424937964,0.0,-0.004073333584674595,-0.0054377263644496965,0.0,0.02941383773358234,0.011150662135664017,0.027061828853625777,-0.0046239664523407276,-0.0010994733863505456,-0.007386280362420391,-0.006635442006163229,-0.009631018579378477,-0.02604698224790094,0.0
2022-01-25,1,-0.018547548424937905,-0.014888480253586248,0.0010199151364720057,-0.012068110386189846,-0.01712693013648187,-0.03190447391181674,-0.03905945362557669,-0.03960909466999905,-0.0053619588488192605,-0.029020017008330613,-0.017449420920354765,-0.014755385816218084,-0.0598186967499431,0.02784938511600849,-0.001923607794542398
2022-01-26,1,-0.007830953699405372,-0.01207256993744877,-0.005109908652224737,-0.011098950566179783,0.0019176004184782228,-0.0024968549386989967,-0.010537451558930221,0.017522352399695757,0.018114669655367996,-0.005109363464520894,-0.0042000153784173605,0.0,0.015293532763382727,-0.03995922009962572,-0.01826349891817669
2022-02-07,12,-0.0015735975045291924,0.012072569937448688,-0.022798909871131035,-0.016882708778793203,-0.005763692605991961,0.014888629126287476,0.012631682548195251,0.004950457577698153,-0.043156765438007956,0.00510936346452081,-0.019550139743349994,-0.013605534850260557,0.016722820765726756,-0.01796734817111604,-0.05282747227002749
2022-02-08,1,-0.011084749478486653,0.0,-0.0010486921532819162,-0.0034110163281883548,0.0038460921875135812,0.012240013616672938,0.056926003209632196,0.03636778834838511,0.01604115541109138,0.006772163814861962,0.004282673897040882,0.0,-0.058036808701952165,-0.0014324710051539019,0.003534851818420091
2022-02-09,1,0.007930316160560696,0.019802451840271386,0.012513119468112588,0.005678580407683448,0.043199230506287815,0.07497658781587493,0.03876441510114835,0.06676815479004886,0.010075620684225944,0.011185582408877869,0.009357798239360376,0.0,0.01914760035314184,0.03934949304779257,0.012990914022159517
2022-02-10,1,0.024962195289587798,0.014598858207224742,0.005167904184997129,0.009019074935184192,-0.012951097125758933,-0.01822378538738694,-0.019194350340044217,-0.01571292894462349,0.0007159520662654259,-0.002784553754923809,0.0025370391578381445,0.032347625880121036,0.018787932883893063,0.05843345573047741,0.022286421788758004
2022-02-14,4,-0.01866314355195497,-0.03440131004749627,-0.01768102365310978,-0.02845938864831421,-0.03989141931426892,0.0,-0.03953084533442467,-0.025202016369127417,-0.01841549174047361,-0.0067153183292940856,-0.012749889524438224,-0.022804605614154476,-0.04853639017768797,-0.09921747470056584,-0.04675868763008911
2022-02-15,1,-0.006299051737632808,0.0,0.002096285703327474,0.005757154220771766,-0.007782094905415067,0.022728176075398794,0.01202413211569624,0.0,0.01626644574502762,0.007830113280609067,0.014437625576151577,0.0,0.003546179740569064,0.011890975520570717,-0.0010503021387760106
2022-02-16,1,0.020329090572013656,0.024692488211324144,0.0031365214052720834,0.005723975156970564,0.00971834690787512,0.048255082084079186,0.05049618201034232,0.009238087962601385,-0.0017944180404837445,-0.0016726588115146845,0.0008428010564555017,0.014815008959326697,0.02447674503624315,0.13429932605483325,0.017913383028752103
2022-02-17,1,-0.0015491163695572898,0.014528158329668073,0.016563457265352213,0.006825933849499705,0.0,0.00427339562168111,-0.005697992266901398,-0.013889135158839246,-0.00829579612121721,-0.0016755687166702127,-0.004221126429105924,0.002670411877057266,-0.010416722473051665,0.031335254197621384,-0.0043445846811558785
2022-02-18,1,-0.012480922464823532,0.0,-0.0061791782194080495,0.0011332504858882458,-0.0038760833812005583,0.03148224670395546,0.020735859717156947,0.0161852470257344,-0.00036224955743133854,0.002233432576870047,0.005063217770047549,-0.009376944093211173,-0.005249336390501248,-0.03133525419762124,-0.013779094187254955
2022-02-21,3,-0.00788011277432164,0.009569366429110545,-0.007257770289239279,-0.0022675640794950873,0.0,-0.018770053188799023,-0.005612708546010228,-0.006904370105011411,0.009017243022908697,0.014396712337898214,0.017522303457243597,0.0,-0.046687121795484544,-0.030642458391296576,-0.05465133187103549
2022-02-24,3,-0.04531517602821873,-0.05179459157214526,-0.036020868360015175,-0.029956014843958767,-0.045688211148551705,0.022893798219418657,-0.04019672831145563,-0.02100430672263206,-0.0003591973442601558,0.0005495855879670854,-0.010810979803985748,-0.038413366334350885,-0.052842475613380145,-0.07292842792871537,-0.008696502842014658
2022-02-25,1,0.0,-0.004020167047661297,0.01605182204814416,0.01739154695183642,0.028057926436480446,0.04427278319745081,0.023167008559043297,0.06836370069557661,0.009295716929440832,0.00329118566276468,0.0033390889965783026,0.00557830200135878,0.06562808241956378,0.0643667767328304,0.045317908742215605
2022-03-02,5,-0.004979478210451057,0.03171723386102783,0.021009115902535975,0.002296201661442699,0.01373920765844042,-0.015873322570423433,0.04478376385188932,-0.02002302630707041,-0.012533679471066997,-0.017679930767007444,-0.011735305047233302,-0.002785171826129975,0.019766967139540355,-0.07933793679916291,0.002138282160188752
2022-03-03,1,0.0016625458376539023,0.009708821836172162,0.01136983303474684,0.011402579824286546,0.013552909690203386,-0.01612942310555554,-0.024008674754031956,-0.025029584043666172,-0.00868624785010925,-0.005029417364318745,-0.015293409443251688,0.016597667234483696,0.0070922022547002,0.03977681254184743,0.042853183818233206
2022-03-04,1,-0.011695841164895813,-0.014598858207224806,-0.0010284067512025016,-0.004545329921795177,-0.005785749255372057,-0.00407335311819125,0.02218200746712507,0.0023014746159085477,-0.004006592035859982,0.004471864542696457,-0.002571837902701305,0.0,-0.03231894766742547,-0.01672331696868917,-0.019421934630211104
2022-03-07,3,-0.03245397218042948,-0.044095220121644955,-0.02394702909475637,-0.04543590287546182,-0.033434823683271477,-0.09858077497525206,-0.10090161006150884,-0.09899514881930073,-0.04631145501021384,-0.030005190680829245,-0.023448699115937395,-0.03916577783584811,-0.04860752452238269,-0.038564664294052496,0.0029165446106431854
2022-03-08,1,-0.022827811966955255,-0.01548823919870896,-0.018076047936235067,0.0,-0.03459149571717137,-0.027398927716073763,-0.03918028630533798,-0.060148797289577435,-0.025553041430774946,-0.017391684577797197,-0.026715647466109906,-0.008596202247768562,0.0038239859552862622,-0.059530024955090396,-0.008146351848083525
2022-03-10,2,0.04174525338928184,0.0447683129943294,0.034795384759590445,0.01184854027765102,0.0445416551197646,0.10951845251354252,0.047236683668315474,0.0601487972895774,0.009756151915785162,0.008733650648962274,-0.0018067427253375885,0.0,0.05386649560986792,0.07036642584152773,-0.0010492001615012166
2022-03-11,1,-0.020654751480751313,0.0,0.004136620867541285,-0.010657243737276527,-0.010950733633078117,-0.023085999510008406,-0.01924107323754769,-0.02051360388792799,0.005035866912584966,0.009806765907516292,0.024119024263179238,0.007168919037477295,-0.06925126118915052,-0.006582182793962549,-0.020575428925111786
2022-03-14,3,-0.005231158468472546,0.014815146326024379,0.00924499996592707,0.024692495854682018,0.0049925265099539885,-0.04561048974628759,-0.008213628853491788,-0.026248060853333796,-0.0242484118675745,-0.012709441356308745,-0.01422248458273415,0.0028528978275337096,-0.0019397594642476831,-0.01808712770026774,-0.01794828494189448
2022-03-15,1,-0.024780077277372824,-0.030863494249993587,-0.018576473973975674,-0.022314501276681664,-0.029309690156447552,-0.03390159048493514,-0.05618861264723392,-0.08894756607299599,-0.06374697902102887,-0.05007008816089751,-0.052377635161405554,0.0,0.009661679746777974,0.004791537560483758,-0.03169960643426966
2022-03-16,1,0.0049404769948789,0.00905905767141466,-0.012578808263587822,0.0035564805314111506,-0.0072054462963909,-0.023256783632602567,0.003266257568813034,0.0029027315313208905,0.03442170333306278,0.02772932965609121,0.0324854572349831,0.0028447819498005115,0.037740569142238396,0.026416346049189778,0.009191718348351946
2022-03-17,1,0.042111255785041914,0.036403294785803675,0.020877628090526155,0.008249977380263743,0.03850524316748617,0.059378108396393195,0.06215795122600633,0.0780340068475336,0.03563943759348952,0.02408337464108852,0.007279256784460978,0.0,0.05231109901148966,0.049056381957020445,0.03981288204423359
2022-03-18,1,-0.001719435219669797,0.009615466261108548,0.015377038893235103,-0.0035272087523986516,0.0019861540548247953,-0.026967957805944166,-0.01855728425963289,0.008010827694141742,0.004709537237218531,0.01326055813542874,0.0036201170259677214,0.00425260085319139,0.017422067836159127,0.026248283488388428,0.010877723884121253
2022-03-22,4,0.003436825989084276,0.0,-0.00919786067382707,0.012873028345876641,-0.003976260769472634,0.05538510566815514,0.019578279779842472,0.02883535956421066,0.005077245229698799,0.007986448073493252,0.01078168369611911,-0.005674041083905009,0.0034482666600275597,0.006884671297703915,0.005289472004449595
2022-03-23,1,0.011935036773525077,0.00952379772790276,-0.008247384367716748,0.0,0.009910983449120222,0.02972623933158826,0.04781777018772763,0.030536862169902024,0.003499870767258033,0.0017029357382952269,-0.005376354932274089,0.0028409235175751424,0.038823301972184136,-0.0004289660497881837,0.020881874675315642
2022-03-24,1,0.0016933404319238504,-0.004750561066404753,-0.011452594302907392,0.008106663809959705,0.003937034325982731,-0.002094220427096625,-0.011741827279139909,0.01245342493769236,-0.016044160980064292,-0.01485731404659971,-0.017218346692019236,-0.009978774814309461,0.01967286121932572,-0.01687236456895093,-0.0024827774170575094
2022-03-25,1,0.011774653325005578,-0.004773236661498004,0.0020920037273875554,-0.006944440038430914,-0.007889810651978735,0.030962191506712564,0.019493832800105075,0.004938317774176879,-0.003160853686249173,0.0005754122591490878,-0.007339449647679434,0.0,0.009693175632388773,0.035993384548690895,0.06709869121900268
2022-03-28,3,-0.023689715860897114,-0.009615466261108407,-0.0041882894307150136,-0.0011622237715287588,-0.016974744051504124,-0.02053460329597478,-0.013605651128270835,-0.009901058878257436,0.0031608536862492514,0.005737304542348343,0.005509653355707539,-0.0014332994681613288,-0.014575103124432002,0.007129512766481583,0.004060239082784985
2022-03-29,1,0.008525172770404583,0.0,0.0010486921532820174,-0.005830664263836186,-0.003025852470715935,0.012371306157034157,0.021297957838749132,-0.03802754600351385,-0.017509456289323867,-0.022563885452288747,-0.03068584268027836,0.007147809045808543,0.01938656171555652,-0.01515816637911817,-0.0061933907958826
2022-03-30,1,0.018503609772110744,0.009615466261108548,-0.0010486921532819162,0.004667316463665654,0.012048314260813667,0.018274573189644375,0.028330627116391675,0.02298955823167358,0.01672019828789721,0.008158540750173719,0.014995618917276986,0.0008730136707928655,-0.011299459695904623,0.01599361558563031,0.01426388516493592
2022-03-31,1,-0.005012568947036605,-0.009615466261108407,-0.003152899196698743,-0.0023309924639561947,0.0,0.002010030738292152,-0.024506482978769107,-0.01783469427935157,-0.03005636714633498,-0.038454807116446006,-0.022578467372088858,-0.0043012236191779145,-0.01801854118658448,-0.055366997403675046,-0.01581806635081988
2022-04-01,1,-0.013491040825073995,0.0,0.0062957855009302425,-0.015285584108564124,-0.010030184812726635,-0.022335865956112283,0.0038094423965977053,0.040307504256745605,-0.003260033049744079,0.0018076056597043672,0.005692520111864883,-0.00720964435744144,-0.004970946609978178,-0.042367953128572215,-0.037037682122394874
2022-04-06,5,-0.01885234409992463,-0.014598858207224806,-0.005243887348545396,-0.028848021719636536,-0.015236378037407005,-0.05486609512513869,-0.019194350340044217,0.012270141823161579,-0.010256476357051257,-0.0212966696400029,-0.014292803740746233,-0.008721086660074524,-0.05813599712380643,-0.07106669420815219,-0.029278458034090418
2022-04-07,1,-0.020979674909694348,-0.02180443657857889,-0.009508729402252959,-0.014742273153281598,-0.01339531378953407,-0.01530091222722262,-0.013658816634457836,-0.0629137304644064,-0.02589942532645662,-0.03313850697654026,-0.032182236854608214,-0.007325969280525141,-0.03220316113433874,-0.03368011615879868,-0.012334198922602218
2022-04-08,1,0.001765079714448306,0.0069892902525544075,-0.00212545622113904,0.014742273153281563,0.01031992497214023,0.01746773843516348,-0.021847828419609774,-0.0026008450593122375,0.0084281139777173,-0.012152265438235683,-0.004967734377407412,-0.0029457327043071633,-0.016499056771099554,-0.007698258593031276,0.0004207269504274875
2022-04-11,3,-0.016000194699247496,-0.026211044866779713,-0.0031965733938863843,-0.009804014529041059,-0.022846253911038904,-0.07878076283825539,-0.09030263470114233,-0.05074516230894314,-0.04858029098351754,-0.04811471156581322,-0.047943908293648044,0.0014738883389519973,-0.02811807035724391,-0.01872116715553626,-0.011419012209664773
2022-04-12,1,-0.0017938113415444433,-0.013367788885487886,-0.011809045656326666,0.004914052096287477,-0.03201974478112644,0.007001124293541485,-0.002200364039523231,0.016304735687906278,0.030798296835296446,0.02796436795642578,0.02374918838723628,-0.013343287193296709,-0.01532589504734351,-0.01321028678256178,-0.009616501291692767
2022-04-13,1,0.02832059296091661,0.025550670668367227,0.011809045656326629,0.013390277722771448,0.009713984387586475,0.006952449135559883,0.026088457303953514,0.008053565668371116,-0.013763770724328122,-0.021234933520104755,-0.015424414392103217,0.025056588713833615,0.04713398848689063,0.0,-0.001504180462428801
2022-04-14,1,0.0,0.004028167309673282,0.0,-0.001209915904337648,0.019149482649686647,0.0046083344562621595,0.002143687847580652,0.013280461255384974,0.025231348092205477,0.019920974062282253,0.006198464319023796,-0.017621555644084994,0.010989068347252075,0.015307678314201973,0.010907794245091104
2022-04-15,1,-0.019383776925743113,-0.016211049092552582,-0.005350505229885663,-0.012180361818433781,-0.02886346703727315,-0.05918883258107685,-0.05728439925205073,-0.0458919180313101,0.0029515260387519638,-0.019920974062282135,-0.008273119393999702,-0.013423016923930692,-0.0258316627134721,-0.014244487288515791,-0.02891848544631856
2022-04-19,4,0.005323909560669744,0.0020407990015180073,0.009610476431992225,0.010968980244083973,0.0032485563810932443,0.026475569724485472,0.017978077832458045,0.0406009514124429,0.007132490511846503,0.019263251500975798,0.01033059922611588,0.010455684551968847,0.03850168130757658,0.005299494991357816,0.021016880485038057
2022-04-20,1,0.008810714850573179,0.011150646829659243,-0.0010633978082201186,-0.0012128507996406394,0.01821151436665997,0.044141997489467705,0.020937297134415923,0.020998211375460183,-0.007974942097284594,-0.01591544043041646,-0.008255944151139843,0.0014845142364884472,-0.012670018594104396,0.042933807957257944,0.027283192649417747
2022-04-21,1,-0.008810714850573168,0.0030196032613753554,0.0,-0.003647343779487211,0.0,0.0,0.008686297425040554,0.02310752560922849,-0.02086509487479064,-0.027101925895453637,-0.03372295546981749,0.004441182892996635,0.009066429080038286,0.0010121789920453559,0.0037482952057490003
2022-04-22,1,-0.012466914254298649,-0.004028167309673381,0.0,-0.0024389542140956038,-0.005321997190982811,-0.04652009602549129,-0.062450607709268816,-0.06826802751049199,-0.020870195976008494,-0.03210311797216274,-0.003220561344087925,-0.010393397827271713,-0.01637894814202983,0.0030304044178339814,-0.012760351690647074
2022-04-25,3,-0.01991000773374985,-0.046471850122983216,-0.02368248120846271,-0.01972945765283811,-0.04474289075783958,-0.03883985321492785,-0.06661192427480732,-0.03315207419746456,-0.08669199271198295,-0.08199514314369966,-0.09584801251540993,-0.010502812835977262,-0.048881857892127394,-0.029684915127184006,-0.02041767961385258
2022-04-26,1,-0.0018300986500669762,0.004219377856441788,0.02898757070077278,-0.0024938163492782186,-0.018018605371465362,-0.012453335395520527,-0.0012307630107722487,-0.05484785671497735,-0.045083503333714574,-0.030482960361940908,-0.057227907129939956,-0.0030209926192070365,0.017192267635303262,0.018528557508167884,0.011111352383776727
2022-04-27,1,-0.0373177024826868,-0.03426470253764634,0.013662904283995289,-0.001249274871750872,-0.02648395286145598,0.08177621554680126,0.007361958422721419,-0.005952442275740579,0.0522450756388262,0.04879016416943204,0.05841073455336634,-0.016781574335455608,0.0037807044789647582,-0.037936398192795706,-0.03327168128718998
2022-04-28,1,0.009460715152866919,0.012987288843632146,-0.02751507240007753,0.018576421291912042,0.015055245133507351,-0.052144467972225855,-0.03482947515742102,-0.042689411862571594,-0.008120335463800704,-0.027587892519084285,0.009411905650483202,-0.003081768188377982,-0.07034154399942881,-0.023581280008217673,-0.006612273947292429
2022-05-06,8,-0.005665393832978553,0.030706420338211755,0.006417411228629932,0.029022636032648094,0.04385194752725356,0.012092005479452828,0.016321686549516063,0.060441287250067914,0.0924721055787146,0.009280688711593243,-0.0603320324644553,0.02589648484688017,-0.0572775113273214,0.03359449086553381,-0.005931942577484375
2022-05-10,4,-0.019121355594218684,-0.005227458017928513,-0.0032035048892675865,0.03628245131152776,-0.018879041628421578,0.04005246249277293,0.006207487390059599,0.008759294496920346,0.027174390025376517,0.024335900489682302,0.04499241067445944,-0.012103034055573204,-0.02057461273507857,-0.02603072729633972,-0.034907154183197155
2022-05-11,1,0.005774895004363589,0.008350706247970222,-0.0032139063393622227,-0.012724230488170738,-0.010140757018397612,-0.021004059253272242,-0.03270732707902089,-0.02353057049436027,0.009318223547718132,0.023757636926023725,0.016509990915808397,0.0,0.013043818652703184,0.02445623220768992,0.021590251537881695
2022-05-12,1,-0.031191611473195192,-0.03382966856825361,0.003213906339362164,-0.015249606366318367,-0.022910530091921344,-0.016647384867989157,-0.025908234770580078,-0.024097524380939827,0.010067096945428084,0.007309902490076217,0.009313066405355456,-0.012251313957838307,-0.03628772467765355,-0.035278983403874274,-0.02717821550948005
2022-05-13,1,0.011811225214182739,0.013881675859993928,-0.002141385526793923,0.012918613902362111,0.02855707747819127,0.030698994985701382,0.0436526782666333,0.05053082640662093,-0.004182314255480056,-0.0036482719256074234,-0.008144292212147767,0.024354348013411495,0.03844526643092821,0.011898742965379057,0.00023353116144544608
2022-05-16,3,0.01745912436674225,0.004232773057669085,0.0032101500406478824,0.0058173248546481504,0.008968616832709726,-0.0023282661483678526,0.00750938378441836,-0.01754433935735682,-0.01180464939350489,-0.0043956247794229904,-0.011751048969503427,-0.003012149703839502,0.01921068799409212,0.041079972970189456,0.01758481709113788
2022-05-17,1,0.019048257322354063,0.02708504946031973,0.012739052502279333,0.014968546400042446,0.017699473596662005,0.023042416698036486,0.016079510525559473,0.026202416569559704,0.020151940075322,0.00949959866675339,0.01641298455166893,0.019418153753652793,0.0,-0.01507709155852783,-0.01199815429290111
2022-05-18,1,0.01498167553743805,-0.004119532852694672,0.010493349044582163,0.0034228032613702426,-0.0032948391688223493,0.01357480911755215,0.015825046133855387,0.005730716657180898,-0.00416497642633705,0.0,0.006952516447830633,0.007369221878476203,0.008421061761765637,0.0515552550825011,0.03018068676770278
2022-05-19,1,-0.030191156552626497,-0.012461109624802805,0.0,0.015819575254501846,-0.013289204621671588,-0.015855365900010035,-0.01582504613385526,-0.008608388559627974,0.014090596402535438,0.01515718005470662,0.012622207770247655,-0.008849529726403309,0.008350948713006031,-0.042170526470144735,-0.04727127061477062
2022-05-20,1,0.015209481015188521,0.0186340130331449,0.002085459219005628,-0.009009249014640942,0.014388691004186362,-0.009174283913884392,-0.014833498117069842,-0.026278827251547694,0.018349112389411233,0.011396146626112305,0.015837390383521218,0.0073800984889033,0.005183836741108398,-0.012007369585522544,-0.00806081014881332
2022-05-23,3,-0.0037805348402289397,0.0,0.0041580186900803985,-0.002264996318065905,-0.00993937213752118,-0.004618899033815556,-0.010012460953893269,0.014684508493656169,0.0008078251114655997,0.011967751208896378,-0.003372737472083876,-0.001471844365355106,-0.010395106830881668,0.00784737794295327,-0.00860606473820675
2022-05-24,1,-0.01526772248212529,-0.009273653641441653,-0.002076899561716556,0.004524984694210797,-0.014533365505542954,-0.05715847820496791,-0.04502381488501366,-0.06628939983017326,-0.04331463084884053,-0.04655336738160637,-0.04963518910461082,-0.02083395032543439,-0.025398176049989955,-0.0026090624391961357,0.008368208344786382
2022-05-25,1,0.007662998876784759,0.016427427686987295,-0.0020811191283639317,0.0,0.003372626077143535,0.04317222081888578,0.002628201379365496,0.024616599897884603,0.00504613487870406,0.0073046334559440365,0.008249877497570033,-0.0015049407216187647,-0.0021458591983902673,-0.023256656040508455,-0.00788836160655704
2022-05-26,1,-0.019268544997092716,0.004065108057951454,0.01139318170948277,-0.012493117877376421,-0.005627379310184105,-0.05550279179617828,-0.03471644871473399,-0.04985439450831633,-0.0004194649820119404,0.01803153397794982,0.011668889997348008,-0.007558477443821031,-0.026116810100571066,0.019592835625401338,0.012638899928349304
2022-05-27,1,0.03065380344266209,0.02404923474970606,0.0,0.012493117877376458,0.017897463170009422,0.0,0.022835088187133142,0.025237794610431612,-0.010122294395272376,-0.0071735615904335165,-0.016374703119656397,0.009063418165439607,0.008781572671607738,0.03756543934127199,0.02988079680187344
2022-05-30,3,0.03157194497263635,0.019608486186839184,0.006160246972708382,0.02232236105715521,0.04974000905155384,0.05550279179617837,0.04796774843762634,0.07210331327830913,0.008862432793723679,-0.00795100790874899,-0.003544064375261554,0.017884060959409465,0.04278738992363117,0.0371790609330028,0.024311126809908844
2022-06-02,3,-0.012879996706153207,0.009661918097528937,0.010183257464798404,0.004405273010921769,0.06136900131270357,-0.04562626793263568,-0.05999178627167856,-0.029413901415737492,0.025717113475671353,0.028614387907861232,0.04172109388360403,-0.014881148485304783,-0.05598883776668498,-0.012732504785864357,-0.009925633452325385
2022-06-07,5,-0.009302362921711575,-0.014528158329668193,-0.002028252113116335,0.007662837375268212,-0.007968213048941665,-0.017348547080419528,-0.012170662996682251,-0.005987983830478814,0.017455106886636266,0.0160897583086306,0.021337109723868354,-0.01815476488404825,0.024071340293198986,0.013741361777050078,-0.017610413144770083
2022-06-08,1,0.016682714107382847,0.014528158329668073,0.007081355587803423,0.005437726364449633,0.00199787714118685,0.022250633700626427,-0.006825834335996529,0.011940426106219492,-0.006054368877670237,-0.008362376769596754,-0.007808160951937308,-0.0030580769051713834,0.02033230056415196,0.0043765165432552945,0.00437412782827652
2022-06-09,1,-0.005530058961559233,0.009569366429110545,0.0,0.0,0.007952282261406502,0.009732338574588752,0.018996497332678906,-0.005952442275740579,-0.02542152287372597,-0.026951954147607853,-0.020362796125712297,-0.001532617831305829,-0.036681549277277375,-0.027048825924476775,-0.0542840996961446
2022-06-10,1,-0.020542240490595293,0.0,-0.00100850028722635,0.0,0.011811227149344673,0.0,-0.018996497332678875,0.002980599390056314,0.01115011498060134,0.027651613603075498,0.012493187689832114,-0.021706268145869713,-0.025599688221500973,-0.0381047964747365,-0.030036888830721663
2022-06-13,3,-0.026770367459639708,-0.02898756112983127,-0.017303291288103685,-0.007621230462024779,-0.021761386551938013,-0.03198297227521504,-0.05635304238915607,-0.04255951304398628,-0.0012327798771521647,-0.0013997414831916197,-0.01020989802648145,-0.02700714404844267,-0.05206491795341597,-0.025171402669242986,-0.02096278447462289
2022-06-14,1,-0.0058307596405786505,0.0,0.012245076269825923,0.015184711260253132,0.011928455589999795,0.007472023216876815,-0.005814042479860268,0.01234582089594771,-0.008257681646582372,-0.004210478019804708,-0.001140993155356007,-0.0032257780263072926,-0.014354424598941647,-0.05625308600637792,-0.03665118194885701
2022-06-15,1,-0.007827892785023126,-0.019802451840271497,0.0020264973145286617,-0.01627809287263251,-0.016941001993418685,-0.09630331072469765,-0.040153994383996805,-0.09653786279882433,0.04618067127743211,0.016736842828561464,0.01922049961771769,-0.01957657043033897,-0.010902446743587053,0.016160765988930997,0.004226905072850468
2022-06-16,1,0.0034507296308338834,0.009950242256624161,-0.013245378760946537,-0.002190571263082981,-0.049109734772164404,-0.10051491482495685,-0.04183414406092357,-0.03436765879377317,0.004345289724099874,0.009635296780686347,0.008918636803537817,0.0032895149893417837,-0.025911409548368142,0.01372520665212758,0.01880440112724093
2022-06-17,1,-0.013875272236587313,-0.03526811685320312,-0.018634169766644646,-0.011025418755077263,-0.03645065027293275,0.0030166648208616747,0.0,0.034367658793773265,-0.0031582808151739772,0.0006846114071386044,0.004429720015082364,-0.01822747869985166,-0.06187529118092645,-0.103302522327879,-0.03448142401137354
2022-06-20,3,-0.00600598216820225,-0.013423200365376618,-0.01367707164046095,-0.03267892126134037,-0.06593149024982435,-0.05256242436416477,-0.05529858451573194,-0.03436765879377317,0.003158280815173927,0.009536908081579422,0.009895782638811386,-0.018565825244847123,-0.010695302802141808,0.006628395349602213,-0.009958607522027875
2022-06-22,2,-0.007052854289846479,0.0020769257026750972,0.007387781165432083,-0.017331373876712228,-0.034029771951925476,0.0031695428763992687,-0.016863777923887244,0.013888977457088303,-0.03489429376197074,-0.043650850259333566,-0.02885899300835594,-0.01891734165170623,0.012024099634074133,0.026083305531165717,0.02034898679791883
2022-06-23,1,-0.018368070809150393,-0.010427631950645421,-0.0063290961310817845,-0.0212022215282715,-0.011605554272513207,0.006309212201371949,-0.025841340173427756,-0.04586339516790037,0.018200756836311813,0.02379403398992906,0.023373287698108935,-0.0034783050538582812,0.0013271002825280768,-0.027285592872649308,-0.009319686520446676
2022-06-24,1,0.002057824992937442,-0.03628999088097146,-0.007434756887452388,-0.01077228114616385,0.0012962268930730618,0.009389856449110032,-0.007005308513498582,0.028471642152964785,0.011556098664633103,0.011687923577972976,0.027131420645079545,0.017271641356674867,0.027470756687907712,-0.006031191500205453,0.000802294987796888
2022-06-27,3,0.024366583488457584,0.024692704420682256,0.015864854062848176,0.009580984605789333,0.010309327379440267,0.042689284672177766,0.09387109943226893,0.05793780307198264,0.02194446300390464,0.012903422520048564,-0.007522851812538625,0.006825972011043466,0.032997882091657084,0.04495145390335432,0.0315733629398063
2022-06-28,1,-0.002007974755281026,-0.03562167841331525,-0.006315770616443152,-0.013197489974549486,-0.027292086063740003,-0.03957889394363384,-0.07644908270662379,-0.04746642601754978,0.03428909982093467,0.029912526242030214,0.02450832248371548,0.01015234587477643,-0.01636287165570723,0.025129675490027967,0.0005177230056429857
2022-06-29,1,-0.013151447372576204,-0.060151759931560966,-0.005293959830123677,-0.014598849927003879,-0.01996071697410025,0.009273542897717021,-0.021700604510642197,-0.0069686014965853835,0.009319783198760357,-0.011857882482840278,-0.015454610217887578,-0.017755194304438723,-0.0012698671896231306,-0.028606038022952973,-0.022249357422779458
2022-06-30,1,-0.03102632897192255,-0.034730247385526526,-0.07035860496114453,-0.01980271742300659,-0.03557149476659912,-0.02492336715888306,-0.048698780035773014,-0.003502775557847435,0.001853549878762197,0.020335277371274538,0.007490625270803097,-0.017391819483867726,-0.02835240547086664,-0.0276565007628953,-0.013054560570143111
2022-07-01,1,-0.04842245723429908,-0.025183542697928392,-0.0011396316747529578,-0.0037570315760748303,-0.03832983274023911,-0.0821480303360664,-0.06543460207197019,-0.09180747570508098,-0.008181515486884991,-0.01438869675661078,-0.013956244002929734,-0.01413442378092823,-0.022472845376228137,0.011272601536595324,0.003212832047473164
2022-07-04,3,-0.030220773659942635,-0.006734065611932204,-0.0359876768464299,-0.06612909178043452,0.0,0.02033970829443662,0.0,0.0038387391632918825,-0.018086438811542267,-0.02535168923321662,-0.013057594755831476,0.01588742857246655,0.004002754764616298,-0.09330654277850384,-0.02901913589232513
2022-07-06,2,-0.010279859865211282,-0.012236751324259875,-0.023924695384524377,-0.03825592003140235,-0.014577458215286368,-0.010118027617509196,-0.004106815647172521,-0.023256768507379802,0.014720023009647207,0.006734031309807415,-0.004391016296569311,-0.012335011487170741,0.01454086483909053,0.0025873205113193373,0.0095850192724612
2022-07-07,1,0.049282210744585914,0.020312122048967495,0.015616054634781612,0.027474194298855743,0.013129237901726714,0.05922767988799873,0.03438152112789761,0.049723407191773844,-0.014720023009647277,0.01729911434053475,0.0,0.031416258091048255,0.01174166199715534,0.005154774822008357,0.008143642671676584
2022-07-08,1,0.02055227665083735,0.01990791505200634,0.029362035348415944,0.018792608366287912,0.07669266805572088,0.006369491776880834,0.040901553918749056,0.007434906466011811,-0.0038094899057731636,-0.006618029720371018,0.003295042015567159,0.008554408623768564,0.009038269277358178,0.05196774617635327,0.03061577030165893
2022-07-11,3,-0.010764338861384181,-0.003950096941883916,-0.0023174456037141555,0.0,-0.0176038078814064,-0.028987461211514253,-0.052901593083568454,-0.007434906466011741,-0.031010225014485717,0.005958200540568426,-0.024418572571811095,0.001701919478098189,-0.0012861998931870276,0.014536700624898933,-0.0039404469311624946
2022-07-12,1,-0.02742903827795625,-0.026739515790375888,-0.02347530406851011,-0.040711326831334105,-0.048994964291082015,-0.029852996586054555,-0.04107366361516187,-0.06155788392109257,-0.01947988027643929,-0.005294493305425827,-0.029648648698464612,-0.011976026362258923,-0.030048000072172544,-0.016368574167921788,-0.021014260999655844
2022-07-13,1,0.04566007340991017,0.03200261878812943,0.012979646607896418,0.008275938593501456,0.02549714815674806,0.0067113669100796755,0.014568500456554636,0.019646940582348057,-0.0016069767510001685,-0.01134479185530629,0.0011566031887655245,-0.00172273365115601,0.0052909918980711705,0.0,0.0002688699651110936
2022-07-14,1,0.009518848465302687,0.028462561303612625,0.01743217223978044,0.023083064144425413,0.013889054917420113,0.026404242244723042,0.020450570533857633,0.03817253007071145,0.0048523207510368285,0.0006709608540374034,-0.0023146575901227466,-0.00865795366012857,0.017004938789930136,0.006093609454129903,0.0
2022-07-15,1,0.03617976581498564,0.010152354298618571,0.013730106919678691,0.0199342543006656,0.03523385521144818,0.041579293802506856,0.025975463554893722,0.0,-0.016677172259637774,-0.03410977941393929,-0.01753415455242308,0.042559439695751614,0.006464148135406827,0.029334965357715848,0.013347857230264005
2022-07-19,4,-0.0030503782149057116,0.04203328558030999,0.04770728737345761,0.047536278939435045,0.02757906930994908,0.046810399831544315,-0.0019742502253427396,0.007462776214394261,0.031889725750700926,0.12935892864101203,0.0393114140155714,0.01488867813380906,0.010256643906808825,0.01580328946853952,0.026172613867521545
2022-07-20,1,0.008113799488615651,0.009638826622688711,-0.002169256363701688,0.01864569690279394,0.025576737692587337,0.038868925585377516,0.051984628446933,0.029306092758069224,0.003173284568923745,-0.01598068200829445,0.0033957393608281708,-0.00658976869169351,0.028914538125387235,0.0635580654920604,0.03826634577552039
2022-07-21,1,0.012048121425045938,0.027204429498429418,0.002169256363701595,0.017139524320666753,0.021237706599621892,0.04023537575074495,0.05653289277672015,0.04586339516790034,0.0015828741049994301,-0.010588633284217872,0.003383920984242715,0.021260022167695118,-0.006214998838540013,0.02741394306139073,0.008417851255318642
2022-07-22,1,0.0039842156141147115,-0.005851368777600148,-0.004343013600637317,0.011696099117648058,-0.007444278844032092,-0.0028209806602327832,-0.01248896295853966,0.0,-0.017149065908883432,0.0049968026575931915,-0.012464609712916611,-0.008123556695013967,0.0074534766182027265,0.019948142555122908,0.0012319907996427113
2022-07-25,3,-0.006982763528747341,-0.007067181270907976,-0.009841569395627164,-0.005181489784309483,-0.01253144030977578,-0.005665666513873503,-0.02361609509949849,0.006872929970379522,-0.016629742980403893,-0.07166664390248753,-0.0207380978281739,-0.0032678525292084174,-0.012453399352502854,-0.02153991353595788,-0.03533740562362177
2022-07-26,1,-0.009049573510413172,-0.010695310566101133,-0.016620887301919445,-0.015707051409788123,-0.034641185418140215,-0.03468559992754284,-0.06650123409637287,-0.03130695779787273,0.013810096724301103,0.006671201940587394,0.005803842134228443,0.009771900123063903,-0.006285503179473371,-0.005859242127036374,-0.0010209565720280419
2022-07-27,1,0.014042213477548296,0.016588056462827048,0.011111083919159204,0.022179612329748834,0.028316025562279898,0.05437679766140706,0.03475262212162978,0.05164656139742177,-0.020787329402123654,0.0019926363710154357,-0.008134911260862979,0.001619509101158536,0.023677159910691137,-0.015069796700502056,-0.0051203729719327415
2022-07-28,1,-0.001994092052502523,0.03123452711439184,-0.00110539441819734,0.008991705497931712,0.01261056339784619,-0.10257879036533778,-0.09968413551083508,-0.10294040057341435,0.052939361130256074,0.0954912825232977,0.05006732412351743,0.0016168221934242252,-0.023677159910691033,0.04350801744593707,0.03083384133986522
2022-07-29,1,0.0158419783634574,-0.01607382225516516,0.021302575072492183,0.0038289583015284692,0.03084752779294588,-0.02184182743750553,0.008350847991663917,0.0412816701522762,-0.014955034019373812,-0.005443203988307585,-0.016788185633795923,-0.008110379596971425,-0.01781221775944486,0.024616594360707615,-0.01176625091393797
2022-08-01,3,-0.00987198319819691,-0.001158114290861069,-0.007050592063836606,-0.0025509705240221556,0.0012142720320475152,-0.022329565782857747,0.01239681495919605,-0.014815140220063309,0.0,-0.010362721476069961,0.00898853602543575,-0.0016299992914667332,0.03531264251175821,0.02154913872613077,-0.08950992468441195
2022-08-02,1,-0.024097386158253204,-0.021078000999384654,-0.0011799468646349588,-0.0025574946209625427,-0.029558787628185236,-0.046212699925624434,-0.02284621027623515,-0.030305336207624333,-0.04584052349913472,-0.019177801784354714,-0.022625276136870893,0.006504047593855374,-0.008711866789138304,0.014764030766517786,0.017743069857395318
2022-08-03,1,0.018127390992992726,0.017595692222340538,0.0023585030953793265,0.010191196649018838,0.019802652593254737,-0.003384111220251521,-0.016949625802855042,-0.047252863311605754,0.029449883730385592,0.03739329694411078,0.017016956955158067,-0.006504047593855457,0.04401685468635802,0.07571178459535896,-0.02603985849511668
2022-08-04,1,-0.001997879195069903,0.0161480861427192,-0.0011785562307445071,0.003794937123530988,0.0048899652416323335,-0.010221594323517854,0.002134526214986122,-0.024491076758868583,0.058322257461681445,0.025543471341518752,0.0472354808890205,0.003257414791061218,0.04216078263123456,0.027692762295757508,0.014063564473540189
2022-08-05,1,0.03149846883318398,0.009111563286118661,0.014051821114632964,0.010050362225767688,0.012121311246534523,0.030356471121938185,0.0397126442125005,0.04445177742324258,0.08243821374848,0.0955766501395242,0.09511514675925993,0.0,0.009132439449450155,0.014432992787345557,-0.01378547318999957
2022-08-08,3,-0.007782043900737478,-0.003407064148214294,0.008106309960313845,-0.0330397657884444,0.04706752276908673,0.016474901737327085,0.010193748203585887,0.019570055919890996,0.01010282701231665,0.09550405659769715,0.02600053746891213,-0.011447365363920218,0.0,-0.0166381075368836,-0.0076004315614007075
2022-08-09,1,-0.0039139149293316924,-0.0022779772098681724,-0.006944401479550666,-0.03818784482576,0.0,0.006514599033905273,0.010090883397329718,0.0038685072116888923,0.02397374771951598,0.09513397206017084,0.050056855036627906,-0.013245424341937576,0.0,-0.012886143796356199,-0.0002825930731835253
2022-08-10,1,-0.019802510003114747,-0.008013728687713639,-0.006992963623002936,-0.016238313111616994,-0.011560875280824784,-0.026317304028807383,-0.01415589411439964,-0.031375109342624254,-0.03512749253384646,-0.004415144833106139,-0.029360115360223427,-0.015113705449300567,-0.020666711715793217,-0.07328247543027411,-0.02460776112646831
2022-08-12,2,0.03343484004182904,0.028330494648871635,0.019688050812964923,0.02824664566445373,0.025259762008472842,0.05195973057072164,0.06313738308146447,0.04289151510011421,0.016339581152675003,0.02144976938670558,-0.005602143373759255,0.018441510298267846,0.03868524379554926,0.05340849786199139,0.030525735107738466
2022-08-16,4,0.015355070575701048,0.013318659734681425,-0.0022962233413284373,0.009240863952792321,0.033447893649280316,0.028082977102814766,0.057583218942617455,0.0226425299657863,-0.02478740027291683,-0.023221197769613285,-0.02177087537450725,0.013201639262582818,0.03616839809677866,0.024781364595632675,0.020854440358633156
2022-08-17,1,0.0038024263664297835,-0.0011030809486289484,-0.0011500919428535877,-0.00791544929141329,0.0054675069678859255,-0.02177378293473906,0.0036036367448486527,-0.007490668482162155,-0.004250926342109877,-0.012488992605419462,-0.005758057462991914,-0.009884801942640263,0.009641404773218913,0.004440589460971855,-0.004136262677636028
2022-08-18,1,-0.013371853905549845,-0.013333557187861375,-0.012738981291203419,-0.007978906969898546,-0.004371573785989736,0.0062695344825999645,0.012511284237557733,0.007490668482162231,0.008483722517831164,-0.046862007575651725,-0.00385730076032313,0.018048147536947976,0.0063760246262947575,-0.034252875403666685,-0.011394034825912317
2022-08-19,1,-0.0019247463382190883,0.006689001397722849,0.024180600831841058,0.01982882770823004,0.001094733427088136,0.021639261255954195,0.04684285126613915,0.022141116420635498,-0.045732590860757594,-0.0521354240191524,-0.023461581394890876,-0.009804111572048791,0.007387939717981655,0.013661212978212222,0.011670414567674198
2022-08-22,3,-0.013579311807744682,-0.013422946981765327,-0.0022778125020144163,0.00782268708890346,-0.01877477475333487,0.006097603809751121,-0.0033955593290855416,0.007272756268255049,-0.006654381959159792,0.0034628683628899425,0.0029630962954019153,-0.014888678133809011,-0.03749781109597667,-0.00863029163115016,-0.022912531404029157
2022-08-23,1,-0.015748550572116087,-0.02508701946118744,-0.01377744773914739,-0.023654012892944838,-0.007834415600969093,-0.06271651349618405,-0.07045163993338294,-0.07132478198739156,-0.019098008720023003,-0.0029674653036249575,0.0009855922570509103,-0.015113705449300567,-0.020960596661703374,-0.045260896634339055,-0.04450314655916324
2022-08-24,1,-0.0019857795511458963,-0.00462957888264968,0.003462224523055775,-0.001330645251649113,0.0,0.0,-0.014706205518679974,-0.023623135767399252,-0.039326630953954264,-0.06232861094360434,-0.047411727315951176,-0.0016933447547038166,-0.0022319643291210086,0.010918727478735988,0.0032451753079198852
2022-08-25,1,0.0098910566224726,0.0023175713656804807,0.0,0.0013306452516492118,0.03532380653026018,0.0,0.02197896260896825,0.027506602130935278,-0.007895892168285658,0.006305873002570334,-0.005178771435381509,0.011794627773773577,-0.006726392859218127,-0.00047249380856582523,-0.002654241172415541
2022-08-26,1,0.007843273500789403,0.012651006762730788,0.005743764246238392,0.006626855866435679,-0.012002418354232517,0.012861858672388092,0.007220306668483273,-0.01562524675457744,-0.011560712681402541,-0.019572209604750902,-0.010438500354962006,0.005012422430230778,-0.003380466922468472,0.035270624010748285,0.029965713279674313
2022-08-29,3,-0.026721044523180883,-0.036071292176697904,-0.025523447068185826,-0.015979198014941368,-0.01660236911406139,-0.03247029937612966,-0.04224706078780688,-0.0442727690317546,-0.010885070267049088,-0.006968673623769107,-0.0073723903191460875,-0.023609683006945718,-0.04148051496824156,-0.04954297223741754,-0.044842506211444096
2022-08-30,1,-0.0050276496497866545,0.0023668346580144823,0.004689363470632882,-0.0053835464472457,0.0033426555588498,0.00985233490772492,0.0037454170152214253,0.00819669555397832,0.009279809439931766,-0.008643987306766205,0.003166268078620415,0.003406956984737742,0.04035130021105759,-0.0062483646580821966,-0.012670076149135089
2022-08-31,1,0.017982508324086346,0.009411818200423758,-0.0011701739085566772,0.008064581246722664,0.01873320601557381,-0.009852334907724872,0.011152622852445816,0.004073289999425428,-0.004427410232936412,0.008105934539073035,0.01152455795248765,0.015190303591977277,0.012352679411397659,-0.020950750393996596,-0.020859588136408674
2022-09-01,1,-0.02913316712167125,-0.017720417405911758,-0.007050592063836606,-0.01483495168936244,-0.00877185577462806,-0.09333190484646967,-0.10105682034669805,-0.09815968580922489,-0.006475243119877415,-0.046263685134262815,-0.015748446410501337,-0.02201622677885456,-0.05270397962245529,-0.008902224604355788,-0.01059526713623032
2022-09-02,1,-0.011276331628527472,-0.014406039605878223,-0.004728164176486119,-0.010929098328005453,0.004395498883557891,0.003616654507931976,-0.006153950635781389,0.0,0.010099133374366964,0.023949853057052346,0.01990647326002031,-0.015530790486666222,-0.0047172047950791215,-0.02770261895774917,-0.0050251649947023885
2022-09-05,3,0.0020597410506373506,-0.0048485398909166744,-0.02155782724174283,-0.005509795370619429,-0.047146780376928356,-0.0036166545079319283,0.018349185539400834,0.0,-0.015391085672100091,-0.004412561074273145,-0.004158026849518991,-0.006980861032200856,0.005893007700822024,-0.01808370755422062,-0.017148724324367856
2022-09-07,2,-0.028171023818886105,-0.02584753481202775,-0.022032599721802278,-0.022347103104073486,-0.019733532958906747,0.00722021655597569,-0.022472866734930222,-0.02727448078674022,0.029360579159066764,0.03476714949200276,0.02061917220541164,-0.019452434790311553,0.016317356597147805,-0.01682454694960675,-0.02793282821220536
2022-09-08,1,0.005277113116210573,0.02341447474177687,0.008626096485830808,0.01680709693871755,0.07561405153031396,0.0035906821804510517,0.0,0.02727448078674027,-0.007159949913764955,-0.03864419070533361,-0.025841111972001833,-0.00716859653629055,0.03855362159765256,-0.00159199836780882,0.009506746608485616
2022-09-13,5,0.037194449870544384,0.04524576240610269,0.009768134298873642,0.005540006165355935,0.015102706526932347,-0.0035906821804510118,-0.00829880048265145,0.0,-0.0007986292323906819,0.014872202292019868,-0.005249351627218601,0.0439825796700875,0.02634617878356974,0.03803533774991482,0.029257629126255732
2022-09-14,1,-0.02672317667232964,-0.03796416244493501,-0.01715736623647615,-0.016713398879598572,0.0021390295909165962,-0.025502211283901583,-0.044736010032056475,-0.0181000328413531,-0.011653783425588213,0.01680704826307635,-0.027749973697898132,-0.022629436447011042,-0.029688980261657737,-0.06549333447973953,-0.07464432112827951
2022-09-15,1,-0.0015725925389648615,0.006027615289785448,-0.002475260825103918,-0.0042223639221067545,-0.015070191527387332,-0.01862277046140898,-0.006557195246872236,-0.013793353589147666,-0.019592476928158954,-0.022839352152216177,-0.025206837703464574,-0.01418454668678596,0.011099117702770866,0.009777216872169793,-0.0037625192542429867
2022-09-16,1,-0.00948888440879993,0.00479632396879327,0.009864492762706215,0.0,-0.02415045546431193,-0.022814581794306225,-0.028923162337235023,-0.023420302504321477,-0.02843002160215712,-0.009950360453577107,-0.023583310784514314,0.003565006217844916,-0.023451797114168553,-0.02296430662654774,-0.011720123718228444
2022-09-20,4,0.009488884408799952,0.021302517753211264,-0.01483335754721994,-0.01420475644576781,-0.02133709757770225,-0.007722013111333515,-0.004524855080205957,-0.004750561340390458,-0.02577462011683543,-0.06246654144137033,-0.006841614960716875,-0.007142691380463164,0.0179176369854652,0.01536794616047138,0.02059089049293519
2022-09-21,1,-0.011609832131373862,-0.005871984446572587,0.0012444475264080505,-0.0057389114366169095,-0.019484825267510608,-0.011696021693720342,-0.020619339991009514,-0.019231433015922072,-0.0026144140879980704,0.002952268355323222,0.001143598236886006,-0.009001151546456311,-0.013407955305812822,-0.01260623977465469,-0.016438820021077917
2022-09-22,1,-0.013896449350812311,-0.0035398337538513317,0.0012430143103499547,-0.005771971024896261,0.013793264857759129,-0.027834843899965822,-0.04255964509024528,-0.02955879020244132,0.0008722872939086186,-0.008288849563153344,-0.006880844684294907,-0.016408749041808536,-0.012450894605388195,-0.006640796525470699,-0.017064747511491986
2022-09-26,4,-0.03952212508436266,-0.03978822177726013,-0.020075939740561755,-0.0829413721152395,-0.07463492631803359,-0.049596934368877625,-0.07002858952800368,-0.0768810113042656,-0.04365950666305507,-0.04623700863633344,-0.04110957815916461,-0.009233794822893009,-0.027715266020230955,-0.05360489686932718,-0.033937816197557875
2022-09-27,1,0.0033538110235044926,-0.002463133295257037,0.001266515108022136,0.0,0.01828212494912751,0.04555657550550635,0.035627212293942015,0.043324113646713236,0.019838305233217154,0.02155916449615924,0.01664712853536993,0.005550689431737944,0.020858186828158234,-0.018924245435922173,-0.02018786319178475
2022-09-28,1,-0.022574253423245625,-0.03641323794254635,-0.006349026555567627,-0.022258384056609837,-0.0495151757863597,-0.07130903206430816,-0.06720877730759474,-0.049824675338670465,-0.031748606333325394,-0.046142831767975345,-0.040920144401715146,-0.024277593187182943,-0.033822388608887324,-0.0011945900714953718,-0.0029706839541356013
2022-09-29,1,-0.006873060926489682,0.008911522718112908,-0.012820750008893388,0.0032102838193795204,0.03736430492251569,-0.017544306474499723,-0.00536189641200293,-0.018651153942159788,-0.0027688418500249425,-0.010263090368945271,0.0,0.0011603350569199331,0.0011941551366074408,0.0065533161679456565,0.008885707337629882
2022-09-30,1,-0.03034052728101362,0.015094656579435598,-0.005174799383774311,-0.012903364200193208,0.021766185924936742,0.03905052544188394,0.016000381801969624,0.02946197632448204,-0.009751588899824228,-0.028115617977663016,-0.004926257224437979,0.009460835880332169,-0.05645685621992186,-0.015559801310971606,-0.028033932687220868
2022-10-11,11,-0.049797944786542946,-0.07113541464551221,-0.054643806058233574,-0.016367093748036354,-0.019324297417910963,-0.047939508083247734,-0.007968280011862299,-0.005390802027231025,-0.03756091753166445,-0.059423407465925455,-0.01995068683868401,0.042402694068501855,0.0516718956011991,0.045395204000220034,-0.045762218995159226
2022-10-12,1,-0.010012619256901592,-0.01894502459668751,-0.041964084657118435,-0.0033057216424050794,-0.020949593263905275,0.008888982641363698,0.007968280011862219,0.02982124107117172,0.03241449048810404,0.037297188587659985,0.040721189570123315,0.007194326190812873,-0.041621636159884574,0.0,-0.006369404823901049
2022-10-13,1,-0.006309212901268439,-0.010989164145040172,0.0014274285319706669,-0.016694998043420086,-0.041964189918097854,-0.04989694260125597,-0.05996339783411624,-0.05167993464949954,-0.0004690078735366211,0.0020318389053633748,-0.002421377073041619,-0.010811068324110681,0.012422580973939114,-0.016269883349776568,0.011514883930474078
2022-10-14,1,0.04213772842792646,0.045892006851850235,0.023961799291511546,0.04766736040562696,0.055569839078987396,0.09319370563455742,0.09377673012517897,0.09480766493104953,0.022274717810042834,0.024725542534430326,0.016827446571015654,0.019731758956786926,0.026798201912142456,0.042998996720634494,0.04213182438624331
2022-10-17,3,-0.037087161168173684,0.0052631029977535,-0.006988054391613769,-0.008058191882469194,0.0036786610879979776,0.012631796962234272,-0.0025607984340455434,0.03941403396445185,0.014578738807937839,0.011158687754331757,0.011848470080094684,0.005314301476915376,-0.004819189149233512,-0.033669381711294806,-0.019492281882396177
2022-10-18,1,0.024876913654454744,-0.0013130060558696807,0.00698805439161374,0.019231484382474545,-0.017284310248887408,0.012474154813256722,0.030305340424186953,-0.009708890493297291,-0.013661325430072715,-0.014464380114558377,-0.00827923409304011,-0.0017685455657180658,0.03208828975370621,0.03254622022779412,0.01949228188239624
2022-10-19,1,-0.028662301090678296,-0.015894404886888074,-0.011204589154475,-0.01600038203296357,-0.02139799646793315,0.012320465451515333,0.019705065326900507,-0.004889942991320273,-0.011528832732090417,-0.01871715925095002,-0.010746387087410372,-0.01246644654387344,-0.02847169224294802,0.015608151771847217,-0.021037289081399534
2022-10-20,1,0.005044033077739313,0.014579438840796533,0.008415173558551425,0.04107998833201679,-0.011516339816512053,-0.050219749169681714,-0.02719575605576508,-0.014815038608206247,0.04622487557756682,0.0951875091874426,0.06393805485773787,-0.005391000031961179,-0.02066952941074067,0.015912665607921095,0.0050124740178903865
2022-10-21,1,-0.020331109942688438,0.003939605662616174,-0.0013976310491496848,-0.020329027451018278,-0.0038685162505728817,0.0,-0.022814649695322497,-0.004987580583217859,-0.014273279723240344,0.0,-0.019329597285191052,0.00718118512594567,0.02905793494174188,0.004345352885041032,0.0030722936439815506
2022-10-24,3,-0.006439132715185163,0.018182201624700658,0.012508846955727512,0.010997746588049579,0.0255115924158714,0.046129815290556805,0.062131742402425985,0.02469256218274432,-0.014024151700183477,0.01401174923866174,-0.006912664932905556,0.02822077154614071,0.035173604276764484,0.04969313680997461,0.033556346225596875
2022-10-25,1,-0.04222245265908225,-0.0051612358251435725,-0.006930004911840725,-0.015748325436084447,0.0012587023237690884,-0.00410679810385036,-0.002412607107753178,0.01932434498889979,-0.014685879050634884,-0.03571811431157404,-0.00579700146576148,0.003472031966716514,0.016000076105753425,0.01382858021668797,0.007756297497161985
2022-10-26,1,0.013387083359413854,-0.0051880124405618445,0.0013898609963619718,0.01104975698518976,-0.0012587023237691094,-0.02500126264168265,-0.036904485599350244,-0.029128260063002433,0.02871003075081828,0.07486914017065065,0.0275245646248615,0.029037085460729507,-0.009111611576618018,0.0211382163711996,0.00842656784138195
2022-10-27,1,0.02495180848727298,0.023137210080508664,0.021978701180835402,0.030914373002488373,0.022416787665396704,0.016736720087290463,0.03690448559935017,0.02433212963579632,0.048233806380473726,0.07668083326659889,0.02347795073167241,0.00168206312194345,0.03595910421203288,-0.0009964851802699423,-0.007323546399838029
2022-10-28,1,-0.01568632744439643,0.025095432578988202,-0.01230357775396862,-0.024654484581870844,0.025533458665444892,0.016461274537367523,0.007220348005068044,-0.004819324068396255,0.011491915531588511,-0.05197397802796465,-0.041743263963019944,-0.0376756761384176,0.1165556273007547,-0.001496693048398566,-0.03515673830652609
2022-10-31,3,0.027292054519932978,-0.0037244064832568156,0.025799249115777804,0.020077840380227783,0.004790305578190673,0.016194617174977707,0.014285912903064767,0.00961545449560243,0.018864688161495363,0.06641658585995971,0.016000351945273224,0.0359936130164742,-0.011857707360534516,0.03772180387841549,0.10127910126539748
2022-11-01,1,0.0038388357011480572,-0.004987588462249587,-0.010781704235988189,0.006097595484228156,0.048960926799174666,0.004008169664806435,-0.014285912903064808,0.004773316046719063,-0.0045786838599379265,0.016329075938107084,0.00790523901079028,0.010050338682639525,0.0019862068754110023,-0.00048077452299921783,-0.022261845304786865
2022-11-02,1,0.008900027792315959,0.0,0.0027062510017511173,0.007569975386831738,-0.0022779939022901513,0.01980257420205293,0.04225975776854708,0.023530524874812112,-0.011750044898020486,-0.06363344972978252,-0.006772117111686777,-0.00668889604242147,-0.02004084730767042,-0.014535431706233297,-0.004583129460486401
2022-11-04,2,-0.03346503349451235,0.00623052561459099,0.013423085364593253,0.001507197452904224,0.018079611896877738,0.011696021693720322,-0.0023014769000162345,-0.02353052487481218,0.014250078055399386,0.047835284885009065,0.010141054863965281,-0.0033614426402179937,-0.02770821713668355,-0.010301604247894973,-0.03268380955489866
2022-11-07,3,0.020726170001048223,0.048494482472626284,0.02891118473282378,0.008995518408742234,0.00446926292845663,-0.0077821069441265074,-0.01158767118773782,-0.009569446473925417,0.0066363057066037975,-0.008528793969805657,-0.004494516417997881,0.013378152968673439,0.023651295028846712,0.03774037968614367,0.0425596754119326
2022-11-08,1,0.02281478172072516,-0.0011841701237214992,-0.005194723791081751,-0.008995518408742277,0.009983450969281684,0.03831870184976626,0.02076204496994514,0.02375403600097716,-0.01038870316797463,-0.014559429619900229,-0.012464609712916611,0.026231132076734893,0.03984600543904182,0.02716787308293028,0.00741918651732652
2022-11-09,1,0.04412476425176241,0.028039274380636116,0.01678549788919862,0.019389072729558934,0.018589993051907318,0.08638472549918144,0.06838385823467091,0.06365789827739209,-0.006705840553746508,0.0304918377037068,0.004550542046826476,0.0032309080826834436,0.051390912159651934,0.038971897926921226,0.0024608108598512075
2022-11-10,1,-0.023045381717345183,-0.003462317035988239,-0.0038487616064787626,0.002949862449813721,0.012917241565554098,0.0136987862618212,-0.0042734733638266804,-0.004415125851239843,-0.023830862624208887,-0.06869195075047152,-0.019484797740771897,-0.026145263500286568,-0.01872713747199446,-0.02111002829068237,-0.0342890831696805
2022-11-11,1,0.08013697574375792,0.0440999405816725,0.02287265841993485,0.014620247693922587,0.03365200859196579,0.07216251875834613,0.09394659287284143,0.05592863653070591,0.016232749748544578,0.015677896112968954,0.012651085354309446,0.04055724609520115,0.07640087664960074,0.0881454347817716,0.07825235147022279
2022-11-14,3,0.007896434113212128,0.014278074684612967,0.014962945984703208,0.015839071467205305,0.007212734311719575,0.003159572817166562,0.02502527934927484,-0.004192980574703611,0.009278834129533595,0.020891176855174547,0.0022831703396360772,-0.016026097855002867,-0.007029851704409209,0.04787925972840927,0.02226370608809848
2022-11-15,1,0.07571176971771308,0.011924251970983863,-0.0012383962768755118,0.012775127537673608,0.004098525668147925,0.015649833134022777,0.0281182006895178,0.02079093262182759,0.07752061229206578,0.04676746762712979,0.044600443369252916,0.008045186724514172,0.017482871971121593,0.03618379832728125,-0.00263252834644527
2022-11-16,1,0.014478063357298065,0.008583728966484206,0.018416704471292514,0.012614106647831006,0.022245516077574558,0.0031007897432667893,0.0073664510445612345,0.0,-0.02001246776886575,-0.007818621330188989,-0.01427824994964059,0.004795971567957888,0.0,0.08423711825169598,0.011791795873625862
2022-11-17,1,-0.004115206133751549,-0.0010689809853240023,0.002430257616541373,-0.005586620880017996,0.00598204705439099,-0.018750622877289656,-0.018519073897006928,-0.012422548065022942,0.01572985180360646,0.019176382548927007,0.021882801452561322,-0.02095152692776021,-0.022787949537817435,-0.018433630990410965,-0.03918151188509263
2022-11-18,1,0.004115206133751403,0.01486236161386538,0.0036340719223360075,0.006978444646956975,-0.003984138470581904,-0.02880199935908072,-0.036160053538012084,-0.03390160631291022,-0.011774150806421612,-0.030226200856219024,-0.011976055014841329,0.006493575812692793,-0.02695594082715904,0.02926349021872197,0.01211719143853187
2022-11-21,3,-0.010320011398719802,-0.007403569836962892,-0.006064329538877482,-0.011189019847670994,0.0,0.01929317357029322,0.01156078770404912,0.00858381069356687,-0.009918824508243152,-0.006902177218866336,-0.006593509802593673,-0.006493575812692736,0.014466779281329788,-0.014700953613503525,-0.0006693318162527162
2022-11-22,1,0.01849989816655558,0.006349240210797601,0.009685352877633715,-0.00989406711381747,0.0,-0.006389717876392058,0.003824192750575942,0.008510615418348149,0.0007972691621391655,-0.02699942354780468,-0.009972395214696396,-0.013114967595908075,-0.02545586310728757,-0.03919245423712645,-0.03162990358802698
2022-11-24,2,0.010131934191601787,0.01673676358682362,0.015541331910483009,0.00707715654671846,-0.017111527183490495,0.009569383480400597,0.030077447578520978,0.01680718020099522,-0.015255226836948367,-0.03622566050794395,-0.024803913265953183,0.01311496759590812,0.039716512777062736,0.017448608542519804,0.024911762420010714
2022-11-28,4,-0.031748766326095364,-0.018848763543511622,-0.020372393260731533,-0.011347604324387984,0.008089076073996912,-0.012779777882431096,0.01104986443877084,0.016529226284683667,-0.004459720368241291,-0.016018733069628602,-0.019597219402263128,-0.02140004416187954,-0.010676309299586094,-0.016349281342568887,-0.011184690967691379
2022-11-29,1,0.01343694536665781,0.00842118152445441,-0.003638368937097767,0.005689865888370869,-0.0020162948194413634,-0.029365796359393816,-0.022223067102698845,-0.008230495776462243,0.015322893063960985,0.01260747193339102,0.02528863987500044,0.008285076565971428,-0.01805111965151893,-0.017738791526572387,-0.021009957894931392
2022-11-30,1,0.006141296096105098,0.018692077839769398,0.015672268046774816,0.008474649003116183,0.005032832527837996,0.029365796359393785,0.009319650185558514,0.012320513110779918,0.00039995606824161654,-0.013184322801622253,0.0,0.026060021960551967,0.0036365670436667146,0.006688956986051444,0.0058996488241476325
2022-12-01,1,0.0171982213755132,0.04328811384403961,0.018957898863406562,0.01811885223460623,0.009990051871679052,0.025398188275643194,0.06117015951045629,0.06326223323510578,-0.003606464234364706,0.010332963400568069,0.0011344073210191414,0.006410257860181808,0.039150739641972944,0.03708169831953057,0.03968651575673514
2022-12-02,1,-0.012109184029603584,-0.004938350087452148,0.011668801066126298,0.005509795370619396,0.013820499291148114,0.0062502512431406206,0.03093026349467759,0.018975861450050813,-0.019048177039910245,-0.021940864333384862,0.0022649612860744166,-0.03577609182973598,-0.007005229050554244,-0.005008963817698291,-0.008013383699169548
2022-12-05,3,-0.007131992848316564,0.0,-0.012843205119220415,-0.005509795370619429,0.02133931312170439,0.03369377297035527,0.04951508002744704,0.04052120997162904,0.017038856210827655,0.0011668275190774345,0.0033879609420783027,-0.0016569086950766721,-0.003521059241230341,-0.00251392208025973,-0.014179785896808877
2022-12-06,1,-0.022751885888497754,-0.012954807237302217,-0.009445000659257831,-0.01250872487431861,-0.02921333755630905,-0.018237658943988367,-0.01951286472151144,-0.02930617473566294,0.004815557933460088,0.023625396215361742,0.008978664782280254,-0.018410588088167684,-0.00530507756669594,-0.019845775548490496,-0.008194020771275606
2022-12-07,1,-0.006295820796419733,-0.007045781299384414,-0.016746883408968783,-0.018349153956466083,-0.00993061332712545,-0.08311491886582861,-0.08925294752487496,-0.10164982547510107,-0.020219043571665818,-0.020714046578365026,-0.014631587010432982,-0.005080523404690683,-0.037945024653116846,-0.02986414070410728,-0.019734080872365237
2022-12-08,1,-0.007395794106584808,-0.020408881805392628,-0.010915868106551305,0.0,0.011905024406973956,-0.0033389145184746197,0.030064015108565864,-0.012422548065022942,-0.022305802099763534,-0.043368952250921605,-0.016000351945273168,0.005080523404690808,0.0055096826339529085,-0.0030362044698792005,-0.009485403861318313
2022-12-09,1,0.020987136793776295,0.025446655998244316,0.007290358254788457,0.014144479951186128,-0.00792088593639202,0.0,-0.019349599901381832,-0.021053434115643258,0.011627972568737025,0.0018200170587044306,0.009174524151516674,0.02006749678324433,0.021740001411085865,0.023663158643384852,0.0038753245297345816
2022-12-12,3,-0.01359134268719137,-0.01417027586430761,0.0,0.009783566492663159,-0.00798395526913955,0.003338914518474646,-0.0017777626213072036,-0.00426436150370019,0.008223809293175937,0.01623118451002042,0.01022156715458485,-0.015012866505861807,-0.009000914178469419,-0.0409148973364383,-0.007057342443847331
2022-12-13,1,-0.007395794106584808,-0.01851899276574648,-0.004854291527385283,0.004163634313179225,0.005993913036148428,-0.027028667864363424,-0.03993279089370198,-0.017241869718457994,-0.01029035257047785,-0.009586834638262784,-0.010221567154584785,0.003355802702719824,-0.007259686040611601,0.01573040280321591,0.015809310921339366
2022-12-14,1,0.018908214831146266,0.017499163254652884,0.01927779881213297,0.00964871190695751,0.007936517089534826,0.01022159432351773,0.014706205518679948,0.01295910360906103,0.015192306698732857,0.038386786163876835,0.02813903559461995,0.013311370577387564,-0.0054794011920048695,0.01960097701251121,0.0013932175128282675
2022-12-15,1,0.005739651411708963,0.002038620029460782,-0.0011941448939580743,0.0109141259532103,0.0,0.01011805879518291,0.0,0.012793381527745002,0.034444760949447664,0.08386819092693386,0.03382751209894738,-0.02003399193271947,-0.003669654798289598,-0.01239447033052123,-0.016494436704710486
2022-12-16,1,-0.019969262459898482,-0.02057677720632272,-0.019300945479422283,0.008108050951609897,0.0019744110798483603,-0.04811932872187895,-0.052446523854439,-0.05218573065190984,-0.008302036287618714,-0.02809478740160591,-0.02388815617639633,0.0033668186526119377,-0.037457649561877276,-0.031090504433353164,-0.040070346112523136
2022-12-19,3,-0.009599901596232262,-0.004166711823900511,-0.02841453864134034,0.009377277436362408,-0.011905024406973842,-0.010619494759356585,-0.011605576018773623,0.0,-0.04050775748402219,-0.018247568170488282,-0.02559964149526181,0.0,-0.015384800453196179,-0.017699671168823344,-0.008507495270804766
2022-12-20,1,-0.01948120727878308,-0.024301266431824876,-0.0012538101890619733,-0.022927470697491077,-0.038661917223797235,-0.1049651007140169,-0.062206614530458636,-0.022574274179246217,-0.002069268878628995,0.01330389900878874,0.0011267381169183183,-0.015241477279842295,-0.06505566639757325,-0.02939603526751527,-0.004840768998783103
2022-12-21,1,0.0032733610879985557,0.01906850584384359,0.0,-0.004101209154454461,0.034662100425239435,-0.04859261318627684,-0.01880930977200001,-0.02777962790680781,-0.010410172810719355,0.02124842786129773,-0.02162862473684762,-0.010291687767092857,-0.020899295873753023,-0.004505469494490092,-0.013150686556754129
2022-12-22,1,0.01941808721844312,0.020769095771536225,0.013707332197232738,0.014955975818825714,0.007983955269139642,0.012371340658242662,0.025001296031823616,0.0046838859475845955,-0.019015828994543058,-0.010840212576706825,-0.025642367093525027,0.018787798532334282,0.019864733044137467,0.03191544958929857,0.014642492526245266
2022-12-23,1,-0.028170997970526388,-0.036634080724770514,0.006169080933007485,-0.017699468770645155,-0.008986586786404025,0.024292720718909023,-0.004123681195529214,0.0,-0.02156201527374527,-0.05950127468422775,-0.007109121197472766,-0.017064952100648942,-0.03154840685538615,-0.02414609015690215,-0.03257864384433409
2022-12-26,3,0.003291317298533005,0.0021298988577282837,0.006131256595625455,0.0,-0.006036297613112899,-0.016129445289085876,-0.020877614836294463,-0.009389735976615314,0.02113510495200098,0.025693699618233895,0.01650993363121024,-0.003448593625716528,0.0032001249655807065,-0.0020386927657555873,0.004610292831777994
2022-12-28,2,-0.012121302375164145,-0.005333419748337725,-0.011063472980404504,-0.008275993444375617,-0.027623171294862237,-0.02469264279338235,-0.023480279952219914,-0.014252055544740136,-0.012022403902657897,-0.024537663645933565,-0.014134453841900003,-0.016475451198190678,-0.01070689967153321,-0.004090062169532931,-0.005766004141751309
2022-12-29,1,-0.011148412843909052,0.0032035208906094972,-0.0074441256096175286,-0.004163634313179166,0.0020725311046342733,0.012422569259708749,-0.0021621441668181005,0.01425205554474006,-0.004329094334147325,-0.03288606000940785,-0.02158371708986248,-0.02323600651628509,0.010706899671533252,-0.034184105674024995,-0.01554035025819494
2023-01-04,6,0.00781703536116067,-0.0010667004201748962,-0.00624626094678164,0.012439627757554894,0.02454109650485415,-0.012422569259708744,-0.03524592985898995,-0.028710172513942922,0.021035462196966448,0.03749699639428891,0.029853056131474733,0.044215668341357164,-0.011783803245045788,0.07710240476195088,0.0455406393885061
2023-01-05,1,0.019824295814436784,0.009559211560577817,-0.0037665013754785513,0.004112390990254074,0.010050381030499607,-0.008368144453495426,-0.015819476858217725,-0.004866228019696839,0.01935267603070108,-0.008083172715797806,0.005865114800287706,0.006896752571263768,0.029726113064651914,0.007821615914854902,0.03492357942536448
2023-01-06,1,0.0,0.02298959504439627,0.010012762322260137,0.0027323111160197896,0.00199790858380927,0.03306078724687773,0.03579791992785712,0.038282250562670636,-0.0008336644713651469,-0.0034842229728242764,-0.0023419875376171945,0.013652075307042141,0.024794676977623716,0.006600635962628708,-0.004344604950699589
2023-01-10,4,0.05824852898372955,0.047411778163866984,0.019729351705199107,0.02025711393597854,0.013875460212571479,0.028057997098211104,0.0387979961309323,0.0,0.04564767319256735,0.029801430003635467,0.01512539480879282,0.023451654942655102,0.026184806187193228,0.14325565622849862,0.061563257595725604
2023-01-11,1,-0.003091427086636704,-0.00990103180001682,-0.014760486920685422,0.0,-0.005923163977752376,0.011787937142521507,-0.010627143971034118,0.0046838859475845955,0.04098133818065162,0.0033824173688399815,0.006904598749265087,0.0016541117909358754,0.02745273960482548,-0.016909271684606375,0.0044256261999960364
2023-01-12,1,0.004119560035543274,0.004962681712564591,-0.0024814029477556363,-0.008053695210790876,-0.0019819826077541974,-0.02371648895164676,-0.008583741820189053,-0.009389735976615314,0.004959017103105275,-0.019318986968565537,-0.018519009461093847,0.0,-0.003876089746399376,0.01287714942888631,0.013830525045069524
2023-01-13,1,0.02737136136246051,0.0,-0.004981354724164007,0.0013467745359409084,-0.005970313627064885,0.007968135054746228,-0.008658060839369324,-0.004728178157630549,-0.000761383582821789,-0.002297464715287868,0.0034984752961978336,0.004946668651943186,-0.015655679277659772,0.012048119354340522,0.0146327139914671
2023-01-16,3,0.009950222759311327,0.0,0.00622282586791805,0.0013450852330908274,0.015842105524300418,0.015748353896900658,0.012959105467297418,0.028039208148081952,0.008720521192154744,0.010297495960529396,0.010422695250746399,0.004921977852401469,-0.030032533120862584,0.03175915177739002,-0.005960238735906203
2023-01-30,14,0.07255109162232683,0.038839855092188076,0.01600041872468711,0.019960703484177018,0.04042882261129202,0.0606246711369121,0.05429317600239264,0.02727448078674027,0.024977909204359394,0.05643096920247882,0.032864253599446995,0.03537337877039829,0.04762828067266778,-0.043807271131730594,-0.06695490946292508
2023-01-31,1,-0.03944209830637435,-0.048790147251213944,0.019347732924987798,0.009180327210577145,-0.005676353306017856,0.003669743119496837,-0.012270124029817791,0.008928626460532458,-0.01783102181189744,-0.0146303305818678,-0.0055897248911049545,-0.03047550817701116,-0.029500806597588917,-0.02730561868699405,-0.007485229857054238
2023-02-01,1,0.01520950322437289,0.019802637745667137,0.0387598528949414,0.011680919884054817,0.022514929712122385,0.03597500586160647,0.05016093780664777,0.03922073011092246,0.033539119826177785,0.05159340126806728,0.029819923550527396,-0.006535930848970779,0.021718531363962887,0.012379922009982282,0.011030151185578723
2023-02-02,1,0.018692054675926446,0.009756223134746684,0.009174316190191836,0.021698332427025454,0.01473332924074099,0.014035373409795507,0.03461886633163242,0.01694941106253868,0.0007246236112163694,0.001553857368548551,0.004343025142371204,0.04016593070376518,0.02507366322958721,0.011890763467541154,0.028259336664311407
2023-02-03,1,0.0036969424797887894,0.028710077409062968,0.013605821205555067,0.016281069205803647,0.0072858984325251345,-0.04635405394162961,-0.03657771379602355,-0.03419128078099666,0.009372911863058912,0.009273863288784863,0.006479687149684643,0.0,-0.01729138799596107,0.0338675982831289,0.037804069559005636
2023-02-06,3,-0.02996483292306991,-0.02386747209630373,-0.015891547705003284,-0.011243147837621821,0.00723335282924096,-0.060168632642055096,-0.06479990683051359,-0.05818196763973719,-0.01518472697133253,-0.014983650147887247,-0.01518489274936782,-0.030377916559723665,-0.03550665926149953,-0.012483720239297193,0.004296770876891344
2023-02-07,1,-0.005719749499574214,0.0,0.0,0.007509384183192042,0.016086148467847363,0.007722013111333402,0.020704632135429484,0.009174447945387078,-0.002918658634046788,-0.00888879019975433,0.0010923830719493021,0.006472474712985937,0.0030073349778310496,-0.027821329801810478,-0.043147684038265556
2023-02-08,1,0.031987639942855285,0.02386747209630382,0.009111724920356182,0.001246137525834247,-0.00533332395663265,0.011472384018633798,0.0,0.0045557767286949135,-0.015464209350148004,-0.019088653625399524,-0.012081390910486722,0.017586410008556267,-0.006024043513660927,0.030462463596383015,0.01246978591732922
2023-02-09,1,0.0,0.0,-0.002270159600843965,-0.0024938298480932284,-0.0017841911961903065,0.007575824132088233,-0.004106815647172521,-0.009132555269065952,0.041430310370273164,0.05822841677109008,0.03368048739127247,0.0031645401603982086,-0.030677195132136285,-0.012274180695673476,-0.028279089634276364
2023-02-10,1,0.009216736253379937,0.0,-0.006841565319512127,-0.003752444664914615,-0.012578730686370573,-0.026770221262055402,-0.02500129603182364,-0.018518963418852386,0.0031989748963083286,-0.0030349131362519344,0.011683690160057944,-0.006338993679322488,-0.012539304360896782,-0.014456410122244466,-0.018224348867366423
2023-02-13,3,-0.0073664965314161465,-0.01904820463912415,-0.002290858229093243,0.011215128777714429,0.010791427393346023,-0.0038835154651318537,-0.017021755940751275,-0.01886847547463623,0.0017725982813495496,0.06946563068376868,0.01467532459412967,0.0,-0.016967614254415016,-0.06759079337218478,0.0025210650694676017
2023-02-14,1,0.007366496531416228,0.004796238462165256,-0.0022962233413284373,-0.003724380615782928,0.0,0.02307791259509901,0.023330870320491137,0.03738743889348878,0.022071389762841603,0.043917446828884876,0.011381466121583386,0.004757975387904459,0.005333371583350019,-0.011662070459840008,0.026620943104784193
2023-02-15,1,-0.03738761837761685,0.0,0.001148665842899448,0.017263056377262297,-0.029040112275733995,0.04461712073467013,0.022798997299256333,0.022676811381723998,0.014789618347115185,0.028095365244349413,0.01834896701113934,-0.015949404006734433,-0.018250620584927598,0.011662070459840034,0.0031472863972893976
2023-02-16,1,0.005698145247254473,-0.004796238462165318,0.0,-0.0024479323882258147,0.0,0.007246496738269145,0.014242369892228466,0.0,-0.04397081556028732,-0.05467798074777357,-0.03704112439961491,0.02382974829566606,0.015053905471172434,0.0007241551480969387,0.007305713394872215
2023-02-17,1,-0.019121084452679044,-0.019418095904685434,-0.016204032180782063,-0.008615544242909518,0.012808905877278861,-0.01821545041012078,-0.008113632405712433,-0.0135442561126581,-0.03116196542479791,-0.042701205318016744,-0.01904832348729525,-0.017419308449093694,-0.025947421170589593,-0.024927870806809613,-0.02278790139540772
2023-02-20,3,-0.0019324098520478981,0.009756223134746684,0.019642447908304318,0.0037015168313131383,-0.003642976439340442,0.003669743119496837,-0.006128737486516052,-0.009132555269065952,0.05234171617447996,0.09517814493312116,0.03154833594055987,0.0015960264610037562,-0.016565783255064095,-0.016089938638334186,-0.021143986889301837
2023-02-22,2,-0.019531852447073568,-0.004866256955470977,0.001143516317785804,-0.0012324291876698887,0.0,-0.02222328560573185,-0.016529297325353173,-0.004597669405016301,-0.007713908466660177,-0.0022061510736979136,-0.00936035561425387,-0.025849422779821798,-0.023662965172561688,-0.06466424473695004,-0.05777651402417643
2023-02-24,2,0.0078585664204812,0.03357633436453385,0.006833773005086766,0.031556154972472765,0.023445677327010528,-0.04207112865067727,-0.021053511261972094,0.0,-0.005647833266603191,0.0449126650878025,-0.0073413605330990474,0.003268092697136552,0.05436706367054406,0.026996278569531462,-0.01741853758382329
2023-03-02,6,0.015534378723799121,0.018692142322491924,0.0112867536920871,0.014235152243259025,-0.021622530198590537,0.04580946575951915,0.06387347972026348,0.040637592464731594,0.01962911704497541,-0.07222574123163622,0.017736456600352526,-0.008190070549538091,0.04848170206622878,0.02773173867189834,-0.010993554497693986
2023-03-03,1,-0.0057973069582255045,0.0,-0.0022471002475374304,0.06277020306992814,0.026955854155223117,0.018484948496889954,0.03336911651435681,0.030503478784066576,0.02468419680120288,0.09518636173639647,0.03355679711446226,-0.004946668651943115,0.007175974830583586,-0.0019123864537903717,0.03376987717172155
2023-03-06,3,0.00964336184328478,0.009216537401725414,0.007843215201915502,0.020799901210966913,0.008826146446350961,0.014545707290623993,0.007692279001603238,0.012793381527745002,-0.021219123245271084,-0.03913817347379692,-0.012072630510855636,0.01639391469483744,0.035126506554236624,0.01820992584958657,0.007604681883654396
2023-03-07,1,0.005741767537009714,0.013667747500677074,0.017699560997184963,0.012917229544456458,0.034545756967769944,-0.014545707290623964,-0.009624564440490759,-0.021414049618136914,-0.046371803729583466,-0.047910686306329296,-0.03922062320395914,-0.01309353289234316,-0.02698827425120232,-0.008684052313168853,-0.015652237999301773
2023-03-08,1,-0.005741767537009652,-0.009091016846560773,-0.0032950122910220905,0.014862259086733595,0.011814435391374611,0.003656325329772368,0.017258252437381882,0.00862066809039201,0.006140583495265121,0.01563576494211082,0.015666003998728344,-0.006611415243976908,-0.0071175025167571305,-0.004561071631557707,-0.017857545596660127
2023-03-09,1,0.0019175256991440536,-0.004576730654116309,-0.009950177054147854,0.030100877686984932,-0.003361261698479632,-0.007326068449269296,0.013220160821850652,-0.008620668090391907,0.01572012459630593,-0.003107655961567286,0.0010357121486245474,-0.003322519105372455,0.015190138821910549,0.012493001826229859,0.01747279802046377
2023-03-10,1,-0.017391619311556014,-0.018518976180674978,-0.0078082198526623885,-0.04069407928173771,-0.05005360474624901,-0.03364816706281847,-0.024692526825403658,-0.02188281069367473,-0.0007091374284514227,-0.036680482185225655,-0.005189321186372195,-0.010033397871668948,-0.018255971102766725,-0.0228320399461375,0.01755100675662918
2023-03-13,3,0.005830731769127123,0.013921366443612972,0.011135924608307353,0.01689571200221399,0.0158036756488958,0.01509462457658355,0.022814671890877162,0.008810771505935806,0.010585773567618173,0.030436046755979797,0.0020789610758283204,0.008368198211896275,0.0,-0.02415383711573874,0.029073968391783396
2023-03-14,1,-0.011695915304892697,-0.01392136644361305,-0.015625291609575504,-0.002096394619102073,-0.001743672413394433,-0.022728216959555948,-0.022814671890877054,-0.004395645654696115,0.016707674832593673,0.041627012755031896,0.023602964677203755,-0.016807014526963066,-0.011322872626568323,-0.01429733489379831,-0.009968681220874482
2023-03-15,1,0.0019588435393190747,0.013921366443612972,-0.004509612340253106,0.024871718055417893,0.020726119355477426,0.003824111649887707,-0.0019249768401971578,0.013129249323765775,0.0037898670523845404,-0.01295910124795392,-0.0020304167298323063,0.013468133741635425,0.005162556122104569,0.009950276702259325,0.03857824661325289
2023-03-16,1,-0.006415326211533874,-0.004618927664663253,-0.012507330427169155,-0.010288230219102665,-0.022472837473842235,-0.011516360550494398,-0.001928624154744056,-0.013129249323765864,0.05062252357848492,-0.0021762162509016787,0.03101795080396102,0.0016709036098868312,-0.0072351058213969725,-0.03424304904206861,0.014179621525024647
2023-03-17,1,0.025416754301125517,0.013793268055841544,0.017016942767422213,0.019457979348312008,0.008703239295557207,0.03415880296900476,0.007692279001603238,0.021787308348656893,0.010406521137048236,0.0185628139038301,-0.005928847447630909,0.02310346858354965,0.038661972328892465,0.029081192504343652,0.060438292891978655
2023-03-20,3,-0.011650488542064456,0.0,0.008958567762237902,0.005058215415614947,-0.0017345986954270815,0.011132006551656106,0.005730754404390427,0.0,0.058128438808847126,0.019903417941945074,0.02640734470995128,-0.01810765230463403,-0.024243527090637658,-0.015242963635019133,-0.012335531965271563
2023-03-22,2,0.04019675554601483,-0.004576730654116309,0.007773536195457357,-0.01218301516784922,0.0017345986954270328,0.03267072876160353,0.04833656587547608,0.012848172197267086,0.0009153436555485333,-0.006309147772380686,0.0038535850952490106,0.014839559607497343,-0.009245102792887084,0.022778111770688194,-0.04634443095888509
2023-03-23,1,0.009337123260652343,0.013667747500677074,-0.0022148510873237133,0.01721568257538181,0.012058740823834572,0.04196413286125146,0.01798612189355074,0.01268504955883861,0.031224596813322656,0.06216220921231666,-0.0028888190167133307,0.019449506857717434,-0.014553342536492956,-0.0003949987065507156,-0.011662941527295755
2023-03-24,1,0.0018569602616766764,0.004514662612846973,0.002214851087323651,-0.012121391665964244,-0.006872850847971819,0.013605705543769398,0.021164805187766263,-0.016949411062538694,-0.012792091306231893,-0.017196869827335544,-0.01261533704219679,0.01117323209175497,0.05202606088503509,0.028445438747214044,0.031493189133158586
2023-03-27,3,-0.014953505629712743,-0.018182410113524134,0.0055156599503829885,-0.006116196443184717,-0.02266885630535828,-0.017036254242316123,-0.003496595028114472,-0.012903434199788856,-0.020875207389316655,-0.011767355040653737,0.002925439692775124,-0.014388649088811269,-0.030274811518443943,-0.015096365906411344,0.011303530696793953
2023-03-28,1,-0.011363940192590988,0.004576730654116235,-0.008839778888787723,-0.008213619597316021,-0.010638354400597835,-0.04930566368845035,-0.04294033687422415,-0.02188281069367473,0.014266663706194248,-0.03997197826203604,-0.024644004506544113,0.01280029523041463,-0.013409033278450186,0.002337625996675101,-0.006149693270080544
2023-03-29,1,0.009478976827488725,0.018100131124452336,-0.006681571967511751,-0.01663244322861643,-0.0017841911961903065,0.014337042024462229,-0.005499631921421541,0.008810771505935806,-0.011214040553117,-0.0429660418574338,0.008941949962656851,-0.0031849623112538542,0.010330513883224335,-0.04740972407026535,0.0037625413544120677
2023-03-30,1,0.00938966683587203,0.00892859533996146,0.01991225893542331,0.02074759271045845,0.024692663162485737,0.04862076468605271,0.03255274768537549,0.01739166269396091,0.0018269461230164634,-0.03199185302344979,-0.0009895893190129202,0.013717228344951149,0.04736409132861662,0.038812475237647595,0.07337607953263482
2023-03-31,1,-0.0037452813633858245,0.0,-0.0032912969211971736,-0.004115149481842079,0.0017406373113654486,0.0,0.007092166141987141,0.0,-0.012859871579144947,0.016349099947627413,0.0,0.012578601580307602,0.03481977783495315,0.015576507566593262,0.01792224583229069
2023-04-06,6,-0.0056443854724861214,0.0,0.010929122920937813,0.006166484220270218,0.013817162871893779,-0.024014856770048325,-0.03049561293777571,0.0,0.13741438017023289,0.07294897136867544,0.07439079824134161,-0.02692150139928094,-0.058725274175892184,-0.07208876646351164,0.022798370881849862
2023-04-07,1,0.0018849633651024027,-0.01793770961785279,-0.004357326187191302,-0.008230520667685844,-0.005159061443598447,0.0034662214658472295,-0.0018231385792335216,-0.01739166269396082,0.011749214692417166,0.025631801826616774,-0.005529946018426793,0.04242578772194713,0.017982410082048404,0.001245088342217037,-0.0006095995260537285
2023-04-11,4,-0.013270343541367097,-0.013667747500677164,0.015168195301141715,0.004123821422063179,0.005159061443598317,-0.010434918043657012,0.0,0.013072039187738749,-0.051474965766735464,-0.07630809906707088,-0.02432295794145669,0.01375113284894793,0.03119171092163484,0.015229857196789291,-0.008877964325474219
2023-04-12,1,-0.0076629121226273085,0.0,0.0,0.0,0.001713789404373299,-0.007017716578838117,0.0018231385792336287,-0.004338435518669049,0.02265898922367966,0.008771900297936218,0.0066068724257238925,0.0015164989405413178,0.001917504371244267,-0.011917069898806176,-0.005241305472111654
2023-04-13,1,-0.01941799689825471,-0.051776151820521074,-0.006472545767737289,-0.01659793362768885,-0.012058740823834497,-0.017762292555324157,-0.03900219424942018,-0.013129249323765864,-0.04756118936413905,-0.049226890332370675,-0.034453122844281925,0.0015139514506235727,-0.011560859016018665,-0.007885654320806951,-0.010253226935798087
2023-04-14,1,0.011695910816787707,0.0191393495651617,0.012903369336796146,-0.005243887863525147,-0.005212848763798021,-0.0035906821804510118,-0.0037951021806993663,0.0,0.0343598275450372,0.03426841681842052,0.04008163317046824,-0.015244294111167173,0.005797280056097606,0.005401843290500393,0.00342945682156481
2023-04-17,3,0.007722086081467092,0.004728122531142008,-0.0032102913251934495,-0.019108863233278005,0.0034782500683710215,0.0,0.005687233845318542,0.0,-0.027791180908939967,0.005745960319150745,-0.017933380867084736,0.0030675065978413895,0.017192216229895356,0.0008287059397549862,-0.007497650680791661
2023-04-18,1,-0.009661898240513498,-0.004728122531141973,-0.003220532243865414,-0.014031493563546186,-0.006968640600130191,-0.018149269338667735,-0.00568723384531844,-0.008849611068698627,-0.024201784446717802,-0.04231061108352975,-0.019231439634814197,0.004583562180604972,-0.013346141641218489,0.0020682251957424374,0.007808765213401644
2023-04-19,1,-0.009756098657741238,-0.019139349565161758,-0.02835526314319784,0.0032556465925315968,-0.012313285117136617,-0.02974208605022722,-0.034819723847677245,-0.03620310724727274,0.002621154279167966,-0.031289024387994545,-0.003891071397893849,-0.0015254364110718498,-0.00384607458867673,-0.007882216908044751,-0.00969205588227921
2023-04-20,1,0.005865086100848494,0.0,-0.006659324507046271,-0.003255646592531524,-0.012466794273234518,0.022389144104993215,0.003929243896972054,-0.009259244613660263,0.008976426946588116,0.012727009425108368,0.0048614547248050114,-0.003058125769533093,-0.011628073353339489,-0.025734363354004936,-0.02159504340251466
2023-04-21,1,-0.003906211694898498,-0.00970886226823005,0.0011129716023148264,0.0,-0.02173997562641416,0.007352941945233953,0.019418113947152173,0.0,-0.07200357910456984,-0.0698295522868231,-0.08393006043265543,0.006106864728375359,0.0,0.010627034985159657,-0.009353294336405667
2023-04-24,3,-0.007858690272703228,-0.0048899661792758,0.023090746933978935,0.004338412708706785,-0.003669713831179771,0.02173995151911867,0.03216938503622412,0.009259244613660265,0.007714956029735634,-0.016713580215259906,-0.011671191742259614,-0.007639505495752286,-0.009794476720728107,-0.009345787775238286,-0.018313268299918153
2023-04-25,1,-0.017910825192273667,-0.004913995499189137,-0.002176289809035447,-0.026317376459375534,-0.02607229400639723,-0.03278976956177228,-0.03989149473361119,-0.037563085535191595,-0.0324927379277739,-0.0263922493511448,-0.013971138298039644,-0.02484589928111553,-0.01387534062233193,-0.009864874600166234,-0.02134834675455918
2023-04-26,1,-0.013138237255401477,-0.00990103180001682,-0.013158147859134132,0.006644610209798342,0.005644475469195916,0.029199087381321247,0.04175188103863219,0.046737533480578825,-0.10539572162357139,-0.04395130368887318,-0.036367659658729984,0.007830878205100762,-0.01812739126100009,-0.05174708886300908,-0.026649943247126894
2023-04-27,1,0.004060940204730765,0.004962681712564591,0.010977111480978274,0.019672766249576933,0.005612713873646542,-0.018149269338667735,-0.009337244515841447,-0.01843369255904736,-0.04843740245679326,-0.025528477717001473,0.004479201164834996,0.007770095983415679,0.0,-0.006832365473323908,0.005869013606419809
2023-04-28,1,0.01707738005081935,0.0,0.0021810363781557865,0.01716784711725833,0.007434948177174822,0.06040901309253866,0.029577135608268808,0.0275246598193376,0.02016566673237876,0.005605340829842946,0.0011167802253247729,0.013835691629508949,0.07816491519301712,0.008193145250652168,0.027501392191077785
2023-05-08,10,0.0039759118167895955,0.029270441491326793,0.02898738330230676,-0.025863675542154588,0.0036969262389935837,0.10467071097135687,0.023403446795788534,0.004514640925988672,-0.019055086680351038,0.014428671240039883,-0.0067189235990841095,0.006088211352627714,0.09838122936277693,-0.02153590245495063,0.04123152736149891
2023-05-09,1,0.011834646242088563,0.004796238462165256,0.003169590366766516,-0.010976937824680627,0.0,-0.0031103316824492534,0.022867992021690348,0.0,0.0073718736343199535,0.01964052073808211,0.024418572571811206,-0.009146337122160831,0.03350382710443513,-0.009306689865437678,-0.007124489924644228
2023-05-10,1,-0.013820497667831519,-0.019324368187575033,0.0,0.0011031719211708607,-0.00926786851417635,-0.01569907426874013,-0.017544217408558223,-0.009049831457583696,-0.005154692648926919,-0.007048118460139876,-0.002195452485070142,-0.010777565859975852,-0.008271248561539025,0.0037331697529819482,-0.022015016528443305
2023-05-11,1,-0.007984244050109095,0.009708862268230088,-0.003169590366766493,0.0033021327818041914,-0.007476719775638509,-0.012738970848013039,-0.01605729622938261,-0.004555776728695071,0.0077220026759064146,-0.006002572777022322,-0.003302083036521378,-0.0062112393286170966,0.016474888578173755,0.016628409030741274,-0.004328294093917218
2023-05-12,1,-0.006030200364416813,-0.0048426053127591856,0.0021142725955903734,0.0032911651134467793,-0.0037594684138731603,0.025317699498688877,0.03186088413893949,-0.0045767785403708315,0.029238845936112066,0.04390422833357231,0.004400252728097206,-0.0015588566547987332,0.0016326990969207798,-0.02036157878372314,-0.03774028802030111
2023-05-15,3,-0.001008480381285241,0.0,-0.004232734118913581,0.001094718609502705,-0.0037735740738559617,-0.02531769949868896,-0.021127362522689066,-0.023202849366436944,0.010615740347854681,0.015077030699646906,0.035583390645913635,0.006220834874667578,-0.011485026161269266,-0.009393833976835127,0.003113627332461108
2023-05-16,1,0.018991075828199745,0.009661872769938705,0.004232734118913564,0.0010934222625892246,0.0018885670185332414,0.03154837679920252,0.026340422670872943,0.013986274317660094,0.04944361014829926,0.01637704508809486,0.023037611288675115,0.01385693192391865,0.026060106934154816,0.03067129872184523,0.028938142907097862
2023-05-17,1,0.02734540518500988,0.014320082107982302,0.007364517880971952,0.01626063772882073,0.011257189342842476,0.0245411033223362,-0.006956606532488306,0.013793353589147662,-0.005374511249729444,-0.011230502498423877,-0.0020723979040250216,-0.006134900681981644,0.0032102058170885564,-0.0013739593983200763,-0.019654876551401485
2023-05-18,1,0.02097323064758,0.032636802255359386,0.004184126918447841,0.007498691193105755,0.012975185312034891,0.015037837039219928,-0.003496595028114472,0.022574274179246134,0.00033678304337056707,0.008180062783158209,-0.009379966616109275,0.018293246106111046,0.05001042446847297,0.04305609678836991,-0.012050463450031194
2023-05-19,1,0.0037663195796372563,0.0,0.002085421443224214,-0.0010679298078080973,0.003676459616115657,0.01481504664585734,0.025930589433564598,-0.013483306918956115,0.02723520608898844,0.06026520312755413,0.011452364520134407,0.03269232263190699,-0.007651056460104551,0.008305963458334077,0.027670482293713074
2023-05-22,3,-0.001881356214535042,0.009132690984284956,-0.011524350651396544,0.0,-0.00736656497036703,-0.05439398700741348,-0.040040047922527584,0.004514640925988672,-0.027235206088988353,-0.02770533292447079,-0.00727271407465625,0.0014608087415859145,-0.0046189986357472335,-0.006551847650209512,0.008387854905531124
2023-05-23,1,-0.0018849633651023493,0.0,-0.007403656809103231,0.0,0.00919973853695117,0.03658938970803937,0.026294129817105504,0.013423051115606963,-0.0067568467478744555,-0.0004929608223459532,-0.017885746200751465,-0.0014608087415860101,-0.00930242211591759,0.01608407926730647,0.011626091350104357
2023-05-24,1,-0.009478976827488614,-0.013730300721347096,0.010559716197847208,0.014846595947182928,0.003656296255238668,0.0029895506535166263,0.0103271410400718,-0.013423051115606889,-0.004757098527737519,0.019048112718478373,0.0010610891799486737,0.0014608087415859145,0.018518953810959634,-0.002590796144900212,-0.02575827130505217
2023-05-25,1,0.03371141138257585,0.0,0.010449562740535273,0.011512525339073236,0.010889433229617067,0.07474734459118403,0.03532750912906267,0.008968665992967532,0.021230864521970254,0.026260734559992963,0.0010597598067838242,0.00437014861771408,0.08777567680370953,-0.02495211828098289,-0.01743325014855973
2023-05-26,1,0.04148444512226674,0.0182653572377391,0.01853811673431841,0.06154226831272371,0.03546471606368892,0.02732412375275443,0.0016515136305974402,0.030771681033772976,0.012920476768610951,0.03655277317494245,0.009488750823169237,0.021567775713092895,0.030347252311210313,0.06561840442627773,-0.0567528165924496
2023-05-31,5,-0.014234959466591118,0.009009114277891412,0.01920220773059863,0.055199648085122975,0.01384106866187278,-0.027324123752754437,0.0,0.00862066809039201,0.02663358155696104,0.12215114215203979,0.01974100540071693,0.015526288695025078,0.034716412445154575,0.051770702404096196,0.0903209891012668
2023-06-01,1,-0.012624276630374702,0.004474262613723638,0.0,-0.03007744560916976,-0.0017197577764050066,0.0027663558321048384,-0.014962968144441417,0.0,-0.020726165919594097,-0.015870104042969697,-0.0030913294869420395,-0.007027480908255308,-0.021221022777575167,-0.023530514393839793,0.04721698982685616
2023-06-02,1,0.019767200418131993,0.03939232478904451,0.01588909922005035,0.033774149248440126,0.006861136056615233,0.005509677363154301,0.031330023981154545,0.012793381527745002,-0.0009821067468508036,0.0016393189076753223,-0.0062111755588129805,0.018169728323467495,-0.004029467868605214,0.013229310637930917,-0.009909067261966888
2023-06-05,3,-0.012533741742310039,0.0,-0.00990111935400426,-0.018622391789244817,0.005115079663094264,-0.0055096773631542854,-0.009788030877199715,0.00843879564419056,0.0159223238402477,0.025870462330310047,-0.010438500354962006,-0.006949110813588021,0.01575683730728583,0.03521474502736125,0.005765569874212187
2023-06-07,2,0.023153364024857185,0.07042255517569058,0.004962813647506618,0.014925688149974614,0.00508904871702995,-0.02801305384988876,-0.05043086702592758,-0.025533221756105565,0.015990105459687917,-0.010429363688407108,-0.011609599809901816,-0.009810814136287127,-0.006379613193542389,-0.005994367095855022,-0.011241534220496199
2023-06-08,1,-0.015971852739027206,-0.02020277112336635,-0.004962813647506586,0.0,0.005063353775145933,-0.052490197226916877,-0.027973903799067733,-0.039565545877888006,-0.006046072865899847,-0.02738773726010846,-0.024719174760575106,-0.0014098033735923813,-0.014775297354931405,0.030183742093328424,0.010283004738807883
2023-06-09,1,0.010675966980535292,0.028170909191871967,-0.004987474684755302,0.005540152501975875,0.013378142542632247,0.026589365409683225,0.00882604662012122,0.004474241337893118,0.01489010886213987,0.05913654652951791,0.010822712292055755,0.015395668563806805,0.03536183706929859,-0.0022605962945976684,0.01711597794425192
2023-06-12,3,0.015803915694463114,-0.00397620342563267,0.004987474684755355,0.0,-0.015063055948454059,0.0058138975901994554,0.005258630704821399,0.013303996191338057,0.025459351814712615,0.06466051199153923,0.010706628441137366,-0.013985865190214511,0.0010445067898876854,-0.02405171160126117,-0.015199774779497535
2023-06-13,1,0.03256477993662581,0.019724498712770322,0.004962813647506618,0.055520095469847604,0.020033977042289517,0.042559694181989176,0.02418082284622942,0.013129249323765775,0.025723855982983365,0.001463570522395398,0.03248064828601681,0.01398586519021446,0.039150387174492346,0.028568031286699977,0.05373123773024632
2023-06-14,1,-0.005071724096496337,-0.02772443877260181,0.004938305706497607,-0.005240239723348493,0.01476648076712792,0.0027739380628288746,0.0017051308558444981,0.017241869718458033,-0.027565054401846326,-0.07791215471229807,-0.001031538534957972,-0.0013897478005641755,-0.005409858869952225,0.016018080768698383,0.02508351248383246
2023-06-15,1,0.006365119432551506,0.01593652909846218,0.014670171830326359,-0.0017528135315084759,0.0399095691974954,0.03270059079630767,0.0197670698913599,-0.004282766109396988,-0.011117932034831829,-0.017544187790548667,-0.007250216250397703,-0.005578734440677117,0.017754879554791467,-0.006674056810396425,0.048073779816149326
2023-06-16,1,-0.003389862585712164,-0.007936589038630756,0.014458065772139263,-0.008810612058277078,0.00156371556160259,0.01595775997727086,-0.005352415589388438,-0.01295910360906097,0.007117359061165395,-0.0008048934316699915,0.0,0.004186821292432665,0.013907015720499951,-0.018018494653367186,0.006722627351332918
2023-06-19,3,-0.010239195331598507,0.00793658903863065,-0.024214198970062183,-0.008889091643518384,0.023167096726273654,-0.021334227020823934,-0.005381218174567997,-0.004357339585273107,0.03275999067359161,0.0,0.01342305112560508,-0.008391478993983483,-0.009702204084374673,-0.0003788863142567593,0.01523774303281176
2023-06-21,2,-0.003436459507711128,0.0,0.014598692960130936,-0.0017872747469728316,-0.08437778334633496,0.008053855229647473,0.0,0.008695775103942238,0.0070927916139931655,-0.06014668875820489,-0.04132305783887409,-0.009879935594782088,-0.0004936693570116162,0.015043686520578388,-0.038396063148870646
2023-06-26,5,-0.01212113097039845,-0.003960385612998109,0.014388895103434326,0.028220641100147013,-0.010016880844152656,-0.03815191704523082,-0.010849980268981568,0.00862066809039201,-0.046988594969587,-0.03524405456664229,-0.019481109504304688,0.02659317691691125,-0.042758309007239516,-0.03378580734581936,-0.05884038543994384
2023-06-27,1,-0.0034904347233270295,-0.016000420934830947,-0.004773389093503083,-0.008733662651378838,0.013333619750473277,-0.016807093441081583,-0.023920123237042134,-0.026088352932826884,0.0012488480837334703,0.0008853337527066332,0.007621153827556644,0.002758983513726552,-0.013623396147287248,0.017604675851635835,0.01025025104212067
2023-06-28,1,0.003490434723327012,0.0,-0.009615506009931163,0.001752813531508406,0.011522713925237637,-0.022858039940842245,-0.024506528679200147,-0.013303996191338017,-0.030732552226416396,-0.01966099409918477,-0.01861028412848493,0.0013763570040613432,0.016711377941516278,0.10812601770707263,0.022539427193224697
2023-06-29,1,-0.0017436944706168548,-0.01217048825704108,0.014388895103434326,-0.012334869472945768,-0.013179708284406622,0.005763727205292462,0.0019065922507251647,0.026433245515103794,-0.006779710148506074,0.010772100375466432,0.006607979967813553,0.0008427744522570775,0.024742712200481846,-0.0003404288822259669,-0.015664577547905453
2023-06-30,1,0.00522187673260202,-0.028607878847556605,0.0,0.010582055941437234,0.009901030229310229,0.011428646221676213,0.005698002539217696,0.01295910360906103,0.00967124416698127,0.008888893723718231,0.009830811748956518,-0.0027661318045403963,0.015050978334702944,0.010503086982380942,-0.019856137476970282
2023-07-03,3,0.005194639213049503,0.0045146440573493535,0.014184530808851781,0.041242832204659456,0.008176627084501507,0.019691197733864064,0.02247290133508267,0.004282766109397033,0.015597932869786732,0.01362362996753199,0.0032554729063740493,0.011019365155937981,0.03767635916014436,0.0026928872171357874,0.015976111442158814
2023-07-04,1,0.010309569661130225,0.0,0.0046838721651259714,0.031485662463318555,0.024136368417515732,0.002781562221090932,-0.03007749612502541,0.0,0.016601722701206374,0.0,0.022496919369959484,0.0,-0.0013086622806624372,-0.007083879482190859,0.005368415518144997
2023-07-06,2,-0.03478607813022054,-0.022780071459112948,-0.014117950753724968,-0.029803533627343188,-0.03067231275884717,-0.06305800787406944,-0.025122156436842298,0.0,-0.015339077444138186,-0.008327856201982706,0.004228319316272038,-0.01936431407654699,-0.028007724764144024,-0.03724588710499814,-0.033573415210520145
2023-07-07,1,0.0,0.004597748287402467,-0.014319949258463659,0.0,-0.009884718613311246,0.0058996479915715445,-0.035860364053649965,-0.012903434199788856,-0.030426662055464695,-0.012400573571753644,-0.021322684054885077,-0.02402959374905427,-0.001592883457077523,-0.03467722608438115,-0.016749765813666304
2023-07-10,3,0.0,-0.009216657205969132,0.009569497038210866,-0.005054745653687797,0.008244035870141182,-0.017804597299374104,-0.012245010979628058,0.0,-0.006198075225524863,-0.003571376515888218,-0.011924238227965452,-0.005738762841075952,-0.010105966478140086,0.016595052685723467,-0.0037605934009255658
2023-07-11,1,0.02101660147079026,0.013793287623389994,0.004750452220252852,0.0033726168177123897,0.008176627084501507,0.011904949307802648,0.014271369002973076,0.0,0.04008870783409794,0.008904724306220625,0.026897873249460566,0.02837062065746691,0.015608887170656678,-0.0014321809673291778,0.027560289254711812
2023-07-12,1,0.001731394215655742,0.004555855208695744,0.0,0.046060893814675215,-0.011466090239951564,0.011764694175430494,0.02991246573826015,-0.017467684842434942,-0.01392864798296218,-0.06690539451218055,-0.01174607770760031,0.005578800243209338,-0.02619364956336871,-0.0017929895171686146,0.016959566984721227
2023-07-13,1,0.01203808244377433,0.0,0.018779986499652065,0.026892338522502487,0.02119067018169286,0.07346728022013996,0.03854045355398806,0.025415282871150673,0.0494426582743452,0.04539926860735537,0.030673959758192797,0.0,0.03590261510880382,0.03179353167141125,0.020214940998361818
2023-07-14,1,0.010204257259255382,0.04445170065560913,0.018433623287255816,-0.0033222485941807097,-0.014622528971146477,0.0634696108905837,0.005655039074049738,0.013544213007761437,0.05144498271907032,0.021062772147098934,0.01857636094706424,0.02064761688918462,0.01902082790160417,0.027436430215439966,-0.0032425843931644114
2023-07-18,4,-0.017065517425021787,0.008658065215228977,0.022574268766420786,0.0566035716305827,0.03062287362058533,0.06720875895531593,0.03509128478804269,0.07762516057716246,0.024200488325772165,0.04762805096338119,0.029221275212414757,-0.019257766270421372,0.016569992260543242,0.0016900294949083502,0.014654454058572993
2023-07-19,1,0.0,-0.0306368683798879,-0.008968632497956451,0.004706039707511267,0.007905147257373124,0.014888566731918186,-0.03321339580983131,-0.05984695313110401,-0.011031098487360351,0.02464106088832417,-0.009980130529046467,-0.004175129935802768,0.005347007527103017,0.006396296705829711,0.0037752363269158294
2023-07-20,1,-0.003448309495363802,0.008849616891177279,-0.004514620011677838,-0.007855568269279176,0.006279497348941934,-0.0325435536532673,0.001874547685283764,-0.008849630875775559,-0.034725672699075165,-0.04903768014507504,-0.024366786288966085,-0.009810958518291947,-0.020141272362179774,-0.01351365371719176,-0.001160285060385881
2023-07-21,1,-0.03336564701786871,-0.02678732089388307,0.009009113698696081,0.020297356569073912,-0.009434061258698266,-0.03101022349303121,-0.03428914199783926,-0.02247278957804432,0.014906030229947815,0.05970662682495141,0.004102750952247826,-0.00990828544136777,-0.02200504851306566,-0.04486937770937927,-0.032141810317818195
2023-07-24,3,-0.003577737347954193,0.0,-0.004494493687018319,0.0015444285275575547,-0.023981865747024277,0.04616206164931629,0.013474735919096729,0.004535198219936006,-0.00494403003483039,-0.024376270726118015,-0.010288263453301827,0.0014216953634197873,0.024132096789497227,-0.004277953418457648,0.019291425764636536
2023-07-25,1,0.01952141278094302,0.0355593085527196,-0.00904971428565244,-0.028170893971120634,0.009661801846835986,-0.020253928157389398,-0.01347473591909668,-0.0045351982199360085,-0.004089961801188544,0.007915094172631238,0.010288263453301806,-0.005698005021730228,0.0162738194350479,-0.005373558603381825,-0.011530070095324649
2023-07-26,1,-0.005286174739273093,-0.008771987658836487,0.0,-0.011173288370224549,-0.01615544403860881,0.010178201041777657,-0.013658787293693688,-0.009132570857355029,-0.00029282951543160314,-0.03118667600826442,-0.008222105582939336,-0.002861342518221908,-0.017218602631364512,0.019210832763794997,0.013878798968456512
2023-07-27,1,0.005286174739273025,0.004395576109426027,0.013544207972670712,0.0032051176327646427,0.0016273330539050268,-0.036086334533704606,-0.01783992362350897,-0.023202829121057946,-0.020113086415484576,-0.04868322477308885,-0.01664974130647459,0.026856896136192233,-0.01475855036186749,-0.0017631989905754217,0.007595832423007585
2023-07-28,1,-0.003520934179729858,0.03023985656939079,0.0,0.023716529831152158,0.04140722587757961,0.0026212529528179375,0.017839923623508988,0.0,0.00029889290292090193,-0.016312189358493663,0.0010487383367143248,-0.015460675239110688,0.021822470119802304,0.025441176065535934,0.005514405029632664
2023-07-31,3,-0.0035336027044807665,-0.02586344501998037,-0.00900911369869618,-0.015748359093692238,-0.03816034352500504,-0.03462405526739835,-0.02587202662500743,-0.02857334693398215,-0.01474379020498487,-0.007796382770585608,0.005227357524868393,-0.011396220897081566,0.01189508752412996,0.019087127404621554,0.06390517054639931
2023-08-01,1,0.0035336027044807847,-0.004376411549410356,-0.06383028305483823,-0.022472831118350668,-0.016340305646431193,0.008097270796274236,0.0060302129464282475,0.03325724079963303,0.006345353895398919,0.005051772266958328,-0.0031330738813139516,0.018453393458270212,0.02246769484333687,-0.018055240464789773,-0.02920307451278654
2023-08-02,1,-0.010638603896385398,-0.031182897003309153,-0.017662709070207082,-0.014718145886304889,-0.004954572714691166,-0.032789896187600566,0.007984005712910573,0.01392132573541771,0.004807542016703003,0.021749757584521086,0.0,-0.01702187606463877,-0.02991471596218532,0.01873021191070443,0.0008380981504794581
2023-08-04,2,-0.012555980519523795,-0.013667679114361016,-0.017980480933582545,-0.004954678680181441,0.006600727594738016,-0.013986170517768983,0.003968225265698668,0.0,0.028662159446934513,-0.0031424899118794813,0.009370225567373115,-0.02315588223043045,-0.0096235464945221,-0.04803125900541478,-0.026320928231984418
2023-08-07,3,0.007194105814695925,0.022676750729616422,0.021120169440244304,0.06877212112839999,0.014694150766384416,0.025036089371322786,-0.007952323542244651,-0.009259341150045912,-0.013785280853457446,-0.006767432234753685,0.0031039982101379563,0.002924031398292935,0.00023598057880110164,-0.001771391059507798,0.011304456819079094
2023-08-08,1,-0.01081089354669097,-0.022676750729616377,0.008324715539236003,0.009230796741154523,-0.014694150766384393,-0.01941814353173035,-0.022200680589561334,-0.014051814461975443,-0.025423967215043496,0.0013571379500743879,-0.03468559428381222,-0.013225726895904328,-0.06000585576348487,0.016180312679793765,0.002557815105348732
2023-08-09,1,0.0036167877319949683,0.018182323171710448,0.005167918498548627,-0.012326828046802256,-0.0016461548800468589,0.03034720936218474,0.00813012109351567,0.009389829876603592,-0.017110006722098114,-0.049106790509258466,0.0,0.019048144244280103,0.017989422884211837,-0.03696231109410814,-0.005978591933921757
2023-08-10,1,-0.005430157267351967,0.0,-0.02505343044123318,-0.05415334066182121,-0.019967447193722964,-0.03878605259211084,-0.035019087808258305,-0.02364184059637827,0.0033840450994955633,-0.006191873709113989,0.0,-0.013148316446112312,-0.014365592864386871,-0.01900636550520894,-0.02135740313149411
2023-08-14,4,-0.018315216503867485,-0.01360569275428957,0.014690658111231871,0.006525351626909054,-0.037675608480668636,-0.03741444367627975,-0.02763194038538928,-0.03406657676513036,-0.018286509004790702,-0.02859416274415032,-0.027102003939331702,-0.010347562212006422,-0.015207992530647214,-0.031106057527027945,0.01763823452967517
2023-08-16,2,0.0018467381708409242,-0.013793287623389888,-0.012578746094509248,0.0553501685116489,0.012142411153055173,0.04304830337366879,0.017094491411259956,0.014742269665350203,-0.0333947333378944,-0.04063748786869483,-0.01104973855628315,-0.0044676051679955805,0.025754668156230606,-0.020381524698629305,-0.0034452191162449228
2023-08-17,1,0.00368327639983554,0.004618908918566577,-0.002111912016722597,-0.001539672697740236,0.017094435872744028,0.013947155931927389,0.0021164184245374626,0.004866312094772772,0.018584322230897732,-0.010811140897023244,0.0033276965656359714,-0.004487716195634978,-0.002595347298299916,-0.014084711707859665,-0.03631457387121936
2023-08-18,1,-0.009233813516003895,-0.013921303721197084,-0.005299467058902328,-0.04571328445747201,-0.013652105950531871,-0.033805933153028385,-0.023530534209045818,0.0,-0.0355449398305933,-0.02356730133140061,-0.016750770418001108,-0.006015164265019323,-0.0008665736504109424,-0.019495362188636994,-0.02874170518934152
2023-08-21,3,-0.0037175081845247588,0.009302394802630369,0.02103123928825834,0.03642519782889964,0.006849240212825408,-0.011527682231534258,-0.01307196931822817,-0.0097561913016412,-0.009585202099489511,-0.00478091217622047,-0.011325158500600039,0.004514792888057701,-0.007334237823964459,0.010391870231348771,0.005204193043530186
2023-08-22,1,0.007421307129852213,0.004618908918566577,-0.007310664332569341,0.07199518690796139,0.003407217730478923,0.02008690922461244,0.0065572401835010145,0.004889879206868403,0.02622230060531378,0.020032187258654934,0.005678557015876029,0.0,0.0208663168450227,0.018125092288180208,0.01183812331786593
2023-08-23,1,0.020128586039224506,0.009174378704823186,0.0031396885066618213,0.09517848320152329,0.03509131981126998,0.005665690530633635,0.004347865081371006,0.004866312094772772,-0.027219238809789742,-0.028051555538644118,-0.02406980565090444,0.007479446559100975,0.01696181200066294,0.001560468253644139,-0.007572359341128456
2023-08-24,1,0.021506160585861103,0.03146331409808954,0.010395088925479662,0.032365346272046444,0.008176627084501507,0.06559734037767065,0.03830263257349299,0.01923131931660054,0.02560044560701035,0.02752950676119721,-0.0023228159200728423,0.016260538743335724,0.06836796946046304,0.03523921204302312,0.03260361595767376
2023-08-25,1,-0.03243532589270975,0.030503425485101765,0.0,0.01265839893182746,0.0016273330539050268,-0.05157184866917821,-0.03613576852013676,-0.03390157219683954,-0.0346169950693671,-0.04540166369951712,-0.03189875730093746,-0.01626053874333571,-0.07366783007007774,-0.004148590675754423,-0.04176672110904591
2023-08-28,3,0.005479513410903205,0.021232259950080944,0.005157345611892059,-0.0529497213401564,-0.006525282083310069,-0.019691182239126064,0.02353053420904576,0.009803940785466182,0.008684122388523107,0.0010923868712522835,0.016666927277423835,-0.004481013381457359,0.040821871800865495,-0.0026490429427263773,0.02004927886957823
2023-08-29,1,0.005449651895945735,-0.012685197263632146,0.005130883812424967,-0.003986614082867203,0.006525282083310177,0.04445174312274454,0.031220047104547184,0.03357631781955474,0.03271464839130506,0.04169503729560764,0.03137969492797368,0.0,-0.008499673734593982,0.025071437778020265,0.011066389606551156
2023-08-30,1,0.005420230005434566,0.021053448666186764,0.008154907308994912,0.027578865887912325,0.00809724688783632,0.0,-0.004106811972521172,-0.004728112559130129,0.044689717996788336,0.041031341279586186,0.020385837739456396,0.004481013381457392,0.02596938428358906,0.02517937997347914,0.02031562499273497
2023-08-31,1,-0.0108698819013802,-0.016807191678465245,0.012109094365076263,-0.00519490649724662,0.008032138957952357,0.008119099758825995,-0.006191949937229588,0.00472811255913019,0.003379885609837885,0.024324757702225926,0.006703854661718453,-0.0029851306718321987,0.0017075164281496157,0.0057491793460830755,0.006391656463058661
2023-09-01,1,-0.0018231703856435412,0.004228372075663039,0.002004074422961517,-0.013106349566357915,0.003195015124117003,-0.01904816558928029,0.006191949937229696,0.009389829876603592,-0.006771233598890639,-0.018312809526962123,-0.0055833300513664355,0.05948110921947256,-0.005360037640753896,0.0017897087508129239,0.017511641806378774
2023-09-04,3,0.016289862348908175,-0.004228372075663039,-0.0030075768023285227,0.02732763149074226,0.009523773914986343,0.01634908843252436,0.02839942534057541,0.01392132573541771,0.037580097012195224,0.028559420638137115,0.01665754299608192,0.0028128175069723205,0.011935430097175284,0.00981381738453815,0.0409812717762058
2023-09-06,2,-0.012646956450720998,0.0,0.043228806599812784,0.02409748085461899,0.026501966457590266,0.01075287187889255,-0.0040079871875986365,0.013730180377344194,0.0011890213356390727,0.034823367946996406,0.019630039824769067,-0.016997412606650695,0.04571853974542561,0.0031908145755792545,0.0027276463411143033
2023-09-07,1,-0.014651931484981518,0.004228372075663039,0.0047962061262963865,-0.011341986266240504,0.0,-0.013459253773644455,0.004007987187598618,-0.013730180377344258,-0.03476264290528797,-0.04998633300015476,-0.01413837467589085,0.005698005021730356,-0.04470215201033416,-0.03567286203033568,0.007328179357708735
2023-09-08,1,-0.0055505371161683765,-0.017021691749833315,-0.00961552675222665,0.0012665920287723957,0.012232649277440638,-0.019152316463956886,-0.0040079871875986365,0.0,-0.0009230108523449776,0.003935108867453215,0.00109476543635845,-0.0014216953634197784,-0.020873366977208582,-0.1782216765624923,0.031934582559254986
2023-09-11,3,-0.005581517616847528,-0.026088369992368094,0.0,-0.02694205396791152,-0.0030441951850480467,-0.008321885126979603,0.0079999745197841,0.0,0.006750574783872873,-0.007391089565404601,0.00871451149173299,0.007087300306864878,-0.029950719436293946,-0.0004384070986949726,-0.0044625968725622535
2023-09-12,1,0.014815331132851352,0.017467624803968528,-0.00484257590424535,0.015484115692264459,0.03886883756300894,0.030180583485688493,0.03715000919702906,0.00917432039374484,-0.006135021156758581,0.0029630133055363445,-0.004347815407893879,-0.004246162283912237,-0.021245537225072275,-0.040730735203280084,0.015143952597692516
2023-09-13,1,-0.005530014570676408,-0.026317241695145828,0.019231333438699677,-0.01678543026588826,0.016000338343716166,-0.01910014230035638,-0.011583164663180393,0.004555859983599587,-0.042746896122727966,-0.02395334456453553,-0.015368020941445288,0.005657591337176129,-0.015034191349345636,0.01855698350031058,0.006972211422639323
2023-09-14,1,0.022059306828353168,0.02631724169514587,0.0,0.015504232889372157,-0.014535079652542488,0.02449103120187862,0.005808322770661034,0.013544213007761437,-0.0188012019862182,-0.01732078572703414,-0.006659318672346069,0.011220514599530888,0.029008718889599168,0.018218446159640998,-0.0038673030796679713
2023-09-15,1,0.014440763787693123,0.004319626684741924,0.004750636367288325,0.03650492715823822,0.0014630519762000936,0.023905531518306163,0.04897400594999437,0.017778207446058424,-0.0009821249465049393,0.008697893597021375,0.0077648708932002725,0.0041751299358028715,0.008695189506000874,0.011383779220545051,-0.001033932088172631
2023-09-19,4,-0.03650007061604637,-0.017391675379284457,-0.009523867149515879,0.0012354048940435868,-0.008810592959963587,-0.010554183074741966,-0.003683155295516407,-0.004414991412648602,-0.04351426447208911,-0.03156785334888785,-0.014468725554918642,-0.03103202607199497,-0.04760494916512861,-0.00567564712054349,-0.017741179869218592
2023-09-20,1,-0.005591857053874347,0.004376411549410353,0.0,-0.05324456494165391,-0.042175009362811565,-0.026883370346881534,-0.03951600876195878,-0.02237223082123523,-0.013779074345520444,-0.006329136649140534,-0.007878373469919995,-0.002869553298701883,-0.016174885154670606,-0.006589002075903436,-0.04440386372035207
2023-09-21,1,-0.015066337793377708,-0.022075992523106717,-0.014458102656471988,-0.029064068621713495,-0.026501966457590346,-0.016483926563069285,0.011450529824765264,0.0,0.03510329617353952,0.0021142336051836095,0.010117845243912361,-0.010108362791428401,-0.037084178576613475,-0.011524802139142025,-0.04646766942595903
2023-09-22,1,-0.009533057638443875,0.0,-0.004866224104560875,0.038137355180119896,0.0015785258635450496,0.002766361206155446,0.013195326561062277,-0.009091058203535524,0.010659628134180575,0.022449434950740924,0.017738861046440693,-0.0014524292463416332,-0.003943202354286067,-0.008507218262323658,-0.0011535932427076663
2023-09-25,3,0.0057306600015560915,0.004454387973092894,0.01452812063473635,0.0012894579112950665,-0.003159479365084371,-0.013908533605545831,0.007462657033176143,0.0,-0.0006628244183092599,-0.0067342238188751345,-0.01104973855628315,0.008683337805283775,0.0464481518783343,0.006722055514208592,-0.013657282360558692
2023-09-26,1,-0.011494288205673608,-0.03160538311706683,-0.014528120634736439,-0.006463981173098043,-0.0159493038144471,-0.01410453376055982,-0.022557393699035665,-0.03721358856489635,0.0013253372167858681,-0.013078916379227996,-0.014549802857257746,-0.006379090733399649,-0.03753244896667389,0.0,0.0032132597410763483
2023-09-27,1,0.005763628204117622,0.0045766304174207,-0.009803985700276125,0.006463981173098056,-0.006451608431037826,-0.014306321143201246,0.007575909417869415,-0.004750573849051413,0.011195383879652635,-0.009523833763387828,0.004499426998740175,-0.00291993113179597,0.00039165160500379795,-0.00897248925509135,-0.01350571387109493
2023-10-11,14,0.04128190770184817,0.053345994394791915,0.014670209804837053,0.032956115500134595,0.0,-0.011594510312803773,-0.01904827339425232,0.0,0.011395204672082888,0.0502827853161103,0.03528477177243006,-0.002928180855534861,0.0418888513076603,0.044510411687528464,0.07404445586440925
2023-10-12,1,0.010968651612200824,0.008620745188399427,0.014458102656471994,0.009925704971817838,0.009661801846835986,0.0,-0.01355294257458835,0.004750573849051249,-0.014674925603288603,-0.02042978924224784,-0.005431795902552884,0.010211458217465367,0.05871138353964741,0.004730285743880849,0.012276968611217132
2023-10-13,1,0.005439767889578982,0.0,0.02364176764960496,0.02559551892328645,0.011155517217370743,-0.014684476714956247,0.0019473726705268918,-0.023981893165651826,0.0032797209312056684,0.0005157559708806166,0.008676913155693208,-0.013148178076098693,-0.03748544759161819,0.005134648228015016,-0.0010852640343089516
2023-10-16,3,-0.014571935568200706,-0.004301118503657507,-0.01886853686737735,-0.015767470860467297,-0.01275929124363483,-0.026988157177632068,-0.015686586879814713,-0.014670252880239081,-0.028900929510401043,-0.034097060007719726,-0.026259818849223977,-0.010347796877733599,-0.014972840494967775,-0.028134282774504558,-0.02389888571763941
2023-10-17,1,0.010948868338607835,0.0,0.023530423481852192,0.01215081955399523,0.0016037740262640847,0.01208482889430636,0.009832868426630363,0.004914061578597981,0.0053781799855191215,0.0031964410022741006,0.004424874629292851,0.03072682634491686,-0.009897918056378963,0.021711649158849565,0.016269303427276748
2023-10-18,1,-0.020165557138680235,0.0,0.013857054747814578,-0.015825053971421036,0.004796289985201722,-0.03982159702676551,-0.019763446534259082,-0.004914061578597875,-0.024089293661297553,0.029352354644378353,-0.011098901137855286,0.01572600388841041,-0.023569479159572724,-0.011231075992670127,-0.013770435845923875
2023-10-19,1,0.011049689067413963,0.0,-0.01851894136228957,0.04087105919828894,0.009523773914986343,0.0,-0.032457190787659795,0.0,0.0,0.031522586756925056,0.00667402650856238,-0.014286039432215361,-0.03395932849491823,-0.0008693500618086694,-0.011715687420315425
2023-10-20,1,0.018149502275848762,0.021322810253490757,0.0,0.016355487694479743,0.026501966457590266,0.0062305962037875195,-0.01244825275514541,-0.004938328879883989,-0.023277091625052218,-0.03049007836673845,-0.0361212718308598,-0.01012279185081376,-0.01126632631358381,-0.019315807642599384,0.0008414019851686581
2023-10-23,3,-0.021818986476769234,-0.029980875468719703,-0.004683882358766866,-0.042610024999384224,-0.012384075070256585,-0.015649789560421658,-0.010493285655265267,0.0,-0.026715751285573863,-0.06943528689936906,-0.019733781249351066,-0.005831301358396421,-0.030678739781732522,-0.019695997858752395,-0.021250290444878087
2023-10-24,1,0.0,-0.008733610164055576,0.009345768973241778,0.004825183384508946,0.006211241362667406,-0.00950885915117135,0.004210496472539863,-0.01095079604137625,0.0207224272455776,-0.0038791348733138607,0.005844501055556154,0.0014611212939505804,0.026082373160492663,-0.018248903834368592,-0.031120737256755824
2023-10-25,1,0.0,0.0,-0.0140516933687537,-0.01332542504116341,0.004633193842517186,0.0,0.0,-0.02226813388827125,0.00035353254855665734,0.022509833267836878,0.021903056119404594,-0.007326022008118582,0.01586269293482378,0.010989255894749722,0.02162579415082201
2023-10-26,1,-0.024187397481694337,-0.01769958097369633,0.004705924395511935,-0.02970513603188151,-0.009287954130497994,-0.05229948055683166,-0.03854868119770102,-0.01547218808020296,-0.007450763501629486,0.04666804386886111,0.0022778413289125305,-0.0193029627067572,-0.04013881527395565,-0.0352213519827809,-0.0522219009987081
2023-10-27,1,0.0037593929777116966,0.01330400486427031,-0.01418465450861045,-0.028027358993472265,-0.004676595641719278,-0.013513714134708064,0.01946007920171665,-0.011500350724957843,0.015197294949376345,0.02456633387823263,0.010186886406143642,0.008955165829023415,-0.09457459423492481,0.0014139815912400835,-0.009487524521440837
2023-10-30,3,-0.0018781102476214807,-0.013304004864270292,0.004750636367288325,0.02677021223393486,0.00933135592970019,-0.010256469248831002,-0.006444752968178284,-0.009508779337195931,0.07107183495180017,0.029882518971393872,0.010084159341042707,0.0,-0.02050482383939477,-0.021905642951384686,0.08880360526350127
2023-10-31,1,-0.005654922562377074,0.01330400486427031,-0.00475063636728823,-0.041084135080753106,0.006172833707589049,-0.017331366677596216,0.017094491411259956,0.006349221905893965,0.00618791969508253,0.003428988533048462,-0.004469155142475619,-0.005961170677937913,-0.012381646359052943,-0.0160159593105791,0.004211631635791797
2023-11-01,1,-0.0018919614736793542,0.008771987658836519,0.00947873011309839,0.0013098366844520608,-0.0030815875110791944,0.01043484490843229,0.016807108215340604,0.012578770877809068,-0.00716850251224182,-0.0024480369295300816,-0.004489434918356311,0.025093799401635614,0.01004249880088218,0.020339715751714883,0.022441647224490355
2023-11-02,1,0.0353523634331456,0.013015263829874056,0.018692106098230476,0.042286905950408245,0.018349062649212072,0.044000335396123684,0.012422545341222916,0.005194785259285816,-0.0009815453036956833,-0.001962678381474669,-0.0067721707649349245,0.01590776747997211,0.04099050176033572,0.053208888495994984,0.021413031000371858
2023-11-06,4,0.0054692869667157615,0.021322810253490757,0.0,0.045378718540098416,0.028381367677545056,0.04531512559700645,-0.025001286476200514,0.0133816637070493,0.04261417436956267,0.0660415305360838,0.04322009075634295,0.017070004517471454,0.06610145351314185,0.07990287448202087,0.022538407154168234
2023-11-07,1,0.009050101699083213,-0.00847462906338451,0.0,-0.008428801646132177,-0.0014738334528664214,-0.028894479957626826,-0.019169920866542744,-0.023798442787763545,0.012159228693997479,0.005959126941134348,0.005408398253794722,0.0,-0.05581428624675369,-0.012243948242328604,-0.0017113993267786913
2023-11-08,1,0.0018002331654852217,0.0,-0.004640412729476798,0.007229072171366505,-0.0029543903625528795,0.006493577776132076,-0.006472561998328717,-0.0010476135632673839,-0.011218613179091258,-0.013805889939493781,-0.0086675125297063,-0.014204750636179703,0.053005035903211144,-0.006392865877204643,0.021377326506306398
2023-11-09,1,0.0017967684279155808,0.0042462569877214995,0.0,0.005984407732697285,-0.007423909206414343,0.0,-0.015267445670075775,-0.008421149824999863,-0.010712085290979428,-0.01118380648356374,-0.010941037057979268,0.005706229516907871,0.008404532136111937,-0.0008551646058655554,-0.022168113633392238
2023-11-10,1,0.0,-0.004246256987721577,0.0,-0.022933946700778588,0.01037829956896727,-0.022914223415511723,0.002195476351847558,-0.01813378659913671,-0.001585106977995699,-0.017013648805690118,-0.0011007907430788263,0.0028409506314575565,-0.0023741201304495474,-0.019007067017113608,-0.003169621365102377
2023-11-13,3,0.024824018408668998,0.041672706424277214,-0.009345768973241691,0.05695475859387677,0.01899239483260439,0.03257610492998689,0.010905105264872098,0.028649067204939992,0.0006344175376951182,0.02215514674682806,0.01204182780105814,-0.0014197582753676043,-0.021196179803889693,0.042268719635619706,0.027656411433362737
2023-11-14,1,0.001749833044789952,0.008130127990595743,0.01860516042624483,0.014883040886159153,-0.0058055079916926175,-0.019418026486161935,0.0,-0.0073489714386161965,0.004428899217522774,0.0041870495965576895,0.009745649401916951,0.005665934070465238,0.02133592878244588,-0.007132391843844934,-0.016344884973702005
2023-11-15,1,0.0156117789478289,0.020040722803081983,0.0045976632948114375,-0.048903852779257406,-0.005839345857148204,0.009756144971686866,0.02146007268467248,0.01360558532095918,0.004095124265630921,-0.012614022837337396,0.0,0.019581089892505368,0.06390039712844713,0.058070355868224406,0.030399056943518563
2023-11-16,1,0.003436310505462929,-0.007968171743018363,-0.004597663294811448,0.004761995867784224,0.005839345857148237,0.0032309429979615195,0.012658356127321415,0.006217631242670077,-0.0034639705531085358,-0.018027133687856727,-0.005402554631346472,0.008275686034712907,-0.027522806361047314,0.020059727122050845,0.02999480208535577
2023-11-17,1,-0.0051590143183161815,0.003991989474011022,-0.004618978723526391,0.010632145189240176,0.008695733795394237,0.02547917538292806,-0.006309081893766457,-0.003103983261835006,0.008481242526989825,0.009528361092224383,0.0,-0.004129282169367756,-0.004458456564043867,0.012383977980485343,0.06529227244001405
2023-11-20,3,-0.005185656949233024,-0.01202416329888857,-0.00930229934395176,-0.023782437576579326,-0.005788704398498086,0.00626956102481532,0.008403405465556965,0.007227723689949965,-0.009112396239512214,0.010846615960881486,0.0032451172531403395,0.0027550875837414703,-0.02564772843865147,0.018670755565688927,0.010555434974013997
2023-11-21,1,0.013769213969409095,0.02390552713587667,0.0,-0.0048251833845089015,0.0,0.05176193806270824,0.014538132944853769,0.012270081811988482,0.00031565700915900776,0.04718077261990334,-0.01195025157535596,0.0013741945856263192,0.03239540345108519,0.022028088342119216,0.02100585599150616
2023-11-22,1,-0.013769213969409146,-0.003944811904338356,0.00930229934395161,-0.013390311485037488,0.018692117985937763,0.014727731846416287,-0.022941538410410713,-0.01639382224010335,-0.010467996865556604,0.012450113834130276,-0.005479523035413917,0.0,-0.01873542863658723,0.0007384180386694586,-0.02489383909190343
2023-11-27,5,-0.015720971940427535,-0.0039603696636424,0.004618978723526467,-0.009852255887903774,-0.0215991473828339,-0.038752901776665384,0.008403405465556965,-0.004140735077603728,-0.01542451515045915,0.016217754224185123,-0.01104973855628315,-0.020819523604851318,-0.029624519481206917,0.02117627832490534,0.007306016771618907
2023-11-28,1,0.012248756064181417,-0.003976182269007373,0.009174362949054143,0.02686368750784824,0.01301543907479001,0.03288783052930815,0.024794643142952134,0.016461208926442244,-0.0025940115479173888,-0.018429705271185943,0.008849473342283856,0.019445329019224904,0.0007056032090534077,0.00791660116231031,0.002726075129046481
2023-11-29,1,-0.0017408067229078385,0.01188136383698813,0.022574327970399034,-0.019465357874776486,0.011428648779853483,0.028987661246889323,0.02419465054045234,0.013178186129565034,-0.000649477502169134,0.0013278761958620572,0.006586430585236776,0.0,0.0009869387972401221,-0.005390851734090974,0.003397045403612102
2023-11-30,1,0.005213022599153938,0.00784317948969258,0.0,0.01705276981790602,0.0,0.01136366410302945,-0.012024090333683892,-0.004036354930623472,-0.007827882289789074,0.003972575763783327,-0.022125026417678172,0.0013741945856263192,-0.0035292330373932444,0.021743869170070283,0.01592502025048565
2023-12-01,1,0.0034599803059099836,0.0,0.026433293615087478,0.0,0.055262747643887285,-0.0056656905306336795,0.0060302129464282475,0.01604850010804524,0.0,-0.010629063258100764,0.0,-0.01104953766747767,0.005640907466469753,-0.006722175665536752,-0.005354843653537737
2023-12-04,3,-0.008673002905063914,0.015504190499667557,0.004338358104728621,0.016766943693811237,0.0408219945202552,0.005665690530633635,0.003999907436364671,0.019704951276705296,-0.01484442416130141,0.02939448894357079,0.001118019435542418,0.008298578308597948,-0.045308717934264234,0.010241951563213704,-0.021710367145465134
2023-12-05,1,-0.006993128959871629,-0.003853538463388082,0.012903349735409601,-0.013150292387339153,-0.014295349133863261,-0.031566521986638583,0.007952323542244686,0.019324307099780166,-0.021838582966943194,-0.055557484694698116,-0.031784723120046425,-0.019472035367817164,-0.048539995258064905,0.0013733251070196142,-0.03229472287175976
2023-12-06,1,0.0,-0.003868509597010183,0.004264429291840106,0.04009969753071278,0.04354095895239514,-0.008784803363280178,-0.013958328111137754,-0.029128247885246327,-0.015403366528129493,0.012264588373872893,-0.0023095162213690856,0.006997855459141984,0.01972988532890627,-0.009545656022328444,-0.010205362924714067
2023-12-07,1,-0.007042264381308647,-0.01957013383330031,-0.017167779027249766,-0.011627939496722688,-0.029245609818531824,-0.008862660599058969,-0.00806455492715266,0.0,-0.00935722174800551,0.0013534642740513675,0.00691260839984767,-0.002793222562814543,-0.008059078138983343,-0.0035589464880141325,-0.015627131045313544
2023-12-08,1,0.007042264381308626,0.023438643430310425,0.050643731903931996,-0.026067869247132457,0.005147995147559739,0.034989068425265744,0.012072542114751202,0.009803940785466182,0.03523540382308048,0.0552531230666191,0.023824139732033105,0.015267402471489694,0.019952417966942165,0.015564635936362502,0.021098840372249905
2023-12-11,3,0.006993128959871581,0.011516413145422594,0.01227017935496837,-0.0012012735622259306,0.00894565497082893,0.01985877722110097,0.0099503409235392,0.004866312094772772,0.015012807701646423,-0.0025632138386695474,-0.022676835497249883,0.005494709425489154,-0.0016476547979385795,0.009432413254188326,0.01296425823218597
2023-12-12,1,0.006944453840634934,-0.011516413145422564,0.06301293967710456,0.03193647636641936,0.025126956322666955,-0.01129955022802264,-0.01798244392503751,0.004842594801752485,-0.006977891658731822,0.0034159157290895507,0.009132447406987775,0.006825780506863068,0.02939430236072933,0.03652904140833838,0.04218870850331331
2023-12-13,1,-0.0017314312414809954,0.0038535384633881014,0.030077347316789016,0.04105482226420325,-0.0024844632404361377,0.005665690530633635,0.008032103001498283,-0.01459878610339377,-0.007362830664134454,-0.01936788396598397,-0.01950699921837964,-0.00956953057347252,0.03250808781995796,0.03135056000615771,-0.011289282100731282
2023-12-14,1,0.01384073477740158,0.026566941400582793,0.09531013946062504,0.043722908818859214,0.019705096649607654,0.019581015629316367,0.007968228173217263,0.0,0.001007185039371829,-0.012243326169243755,0.0,0.004112526137165329,0.019949032419506928,0.02976679790594028,0.011962573715999233
2023-12-15,1,0.005141432587352772,-0.018904066718548204,0.026579714523877553,-0.049325213321828675,-0.012270042089073105,0.008275971132340087,0.0019821127503218613,-0.004914061578597875,-0.01113561687486218,-0.004851006787806699,-0.008144421615825143,0.0027321685180308783,0.04839546241926414,0.04862505534965056,0.013593565318038299
2023-12-18,3,0.0,0.0038095607217678456,-0.02657971452387756,-0.04129019677295429,-0.03135056234835628,-0.03352267729229014,-0.0039682252656986225,-0.03815725880953146,-0.009889253722089535,-0.0053192476820147945,-0.012933838552221013,-0.005471934966899277,-0.0014486166356053563,0.0032988586538034766,0.02145911471897992
2023-12-19,1,0.0,0.0,-0.006756715255942448,-0.014151120191991533,-0.02189394968173932,-0.008559226993078204,-0.028227695485518643,0.006122542358728552,0.000685275251237332,0.008409027226326075,-0.0023694885390299187,0.006835336998405296,0.023702165273689887,0.009238716964569599,-0.010234218387212583
2023-12-20,1,0.0,0.0,-0.017094379336405403,0.014151120191991471,-0.009156506703974675,-0.00863321129682322,0.004081668237813166,0.004060783633620925,-0.015878965502594457,-0.007964688472302342,-0.014337335182328046,0.018893993666020962,0.006414337277740386,0.002370496647113969,0.021007881447058056
2023-12-21,1,-0.01376926527683286,-0.011472435403802276,-0.0034543186059988328,-0.023697794317707337,-0.01856809753189268,0.03409419761482384,-0.004081668237813077,0.009077289422494516,0.004513230388168117,-0.006238781491418845,-0.0012040602640259318,0.0026701564830915745,-0.007702169604413943,-0.03370789631432645,-0.01947703789458705
2023-12-22,1,0.008627832689480214,0.011472435403802297,-0.0034661734260870406,0.0023952520268445757,0.006671168827081585,-0.02259973289731819,-0.012345795450126916,-0.005032771447558648,-0.010445899647085503,-0.027187993883929625,-0.008469612373722273,0.011928684337238543,-0.0033561851470193813,0.019700772098894575,0.028438101911164547
2023-12-27,5,0.017036475318053156,0.015094505996780427,-0.003478289227159372,0.02480927752189773,-0.008010805924417289,0.016997523800418583,0.0345913752778051,0.005032771447558595,0.0010495341031068208,0.05409132275217655,-0.013455718809431121,0.03201605049921028,0.015651417049339172,0.025482759153637947,0.0701249682986636
2023-12-28,1,0.0016877387324331983,0.01487022833792813,-0.010507932656906378,-0.009378793889969927,-0.009427466451302909,-0.014144523514899254,-0.008032103001498354,-0.001004467224915548,0.022130914938983153,0.0,0.03032369616715737,0.006389721288185091,-0.002932080019737244,-0.0038107152356861755,0.005135254656693254
2024-01-04,7,-0.022166397602567212,-0.0647845397278709,-0.05055233095212558,-0.021429353920395734,-0.014996985781269172,-0.06472849206171655,-0.07101109168014903,-0.018256148189928455,-0.07674217041068196,-0.07357241940465377,-0.024184995634137504,-0.02450144303043844,-0.03958337886244407,-0.10193985265973562,-0.07589777184549985
2024-01-05,1,-0.006920449702835859,-0.003944811904338356,-0.014925629243152482,-0.002409784776087071,-0.009661990057872005,-0.02773676813245918,-0.0174676827358666,-0.00616017848200709,-0.013008915314806755,-0.014151228741363946,-0.014796698281560737,0.0,-0.0037258130786083843,-0.01606333314482789,-0.0038330280471084287
2024-01-09,4,0.01721198293823055,0.0,-0.022814645095876586,-0.009696902259953436,-0.015374164981345832,0.015504204703473311,-0.004414980416027326,0.015329873257929179,-0.0361874293273267,-0.011947569486368954,-0.035402027317107135,-0.025116874254462955,0.05523831331242115,0.02383767591442129,0.03315455258432323
2024-01-10,1,-0.0034187561639264672,0.0,0.015267450185590527,-0.0036607838244268895,0.011204673587079814,0.0,-0.0022148565452345934,-0.022564986691058705,-0.006616176861114115,-0.007237646354066015,-0.012953496868464682,-0.014835239722457254,0.020106806639476817,-0.00809966472834794,-0.008290217533272793
2024-01-11,1,0.0034187561639264894,-0.007936551932649815,-0.02298948505172503,-0.04756838011510084,-0.016854383136445487,-0.012383955967532447,0.011025550378900172,-0.002076896165066227,0.015113583715214379,-0.007290505386182826,0.02319682353398798,-0.005449404972644866,-0.0017324253726632567,-0.011122294256640613,-0.01214411046807643
2024-01-12,1,-0.0034187561639264672,0.0039761822690074135,-0.01562529491708425,-0.031252524319626336,0.01266737412262733,-0.009389809760756167,0.00437626745793841,-0.005211109099996283,-0.010827651772655019,-0.013752645952288952,-0.015404545441509501,-0.0013671717595511819,0.001856125462383889,-0.0013165286742781814,0.0035746880769246567
2024-01-15,3,0.0034187561639264894,-0.003976182269007373,0.011741833872155983,0.02739883325053923,0.008356500408084038,0.0031396445708793633,-0.022075903058141673,0.014523118698192141,0.015815175610920617,0.05015520554286419,-0.0038886742279256427,0.01088439654619028,0.018131043453066247,-0.007936507466774973,-0.0109751757990136
2024-01-17,2,-0.008568905609969753,-0.003991989474011008,0.02687294609665336,-0.006455635323038283,0.011034727189358867,-0.006289276902698238,-0.024860075796797908,-0.011393146876646613,-0.0430089015407976,-0.028628010155738248,-0.03434940703250869,-0.04003278161770312,-0.07236311967500551,0.01581045726537728,-0.001274010440832022
2024-01-18,1,0.011976230169331682,0.0158733533109991,-0.007604523163350402,0.031870077089218546,0.019022233788706277,-0.00950885915117135,-0.009195461549888814,-0.0031299718215455656,0.01821104204293966,0.01154969971243339,-0.006743119316577452,0.00981079697653043,0.010645205934929748,0.0003268753066277468,-0.021478608148442293
2024-01-19,1,0.06262332983215864,0.03101024467139472,0.01515171807363654,0.019876454168428134,0.013369242730306834,0.07660721170157134,0.0228320642465851,0.02782256258276956,0.025180475484881865,0.05220204968785403,-0.0013540582817582931,0.04098940454963567,0.04173074482462571,0.04253232731765734,0.014655427032727503
2024-01-22,3,0.0,0.02636691304031175,0.014925629243152487,0.03386051282173206,0.005298003607722501,0.031933100714890555,0.01567778529533971,0.016129393995448542,-0.022829304426299987,-0.005464496139241101,-0.057158417679275854,0.005340270967989906,-0.010583476092016096,0.021373093616478368,0.02972079625050654
2024-01-23,1,0.0031898494403651374,0.0,0.06106026360903194,-0.024068553747725634,-0.006626959101233097,-0.0028612534206823585,0.011049847053117606,0.014888599411512389,-0.004314585844777149,-0.006872859395148046,0.009992939409476445,0.0013308955141532763,0.006612181248573126,0.017016444460574813,0.0014528493106813296
2024-01-24,1,-0.0015937035816206914,-0.003724430654570743,-0.017575150320415702,0.0,0.003981465898546768,-0.029071847294208298,-0.008830074027052716,-0.009901010491238944,-0.037241537136325394,-0.038908137311391464,0.008486579763314333,-0.01608631530740501,-0.02187384626724005,0.0054088027448871345,0.013798899956256118
2024-01-25,1,0.023641813336040644,0.02214113126636327,0.03141612364429978,0.001217254490629869,0.0013235645454184343,0.03478610100040989,-0.004444413618707345,0.004962681611355027,0.04818763580945823,0.031061374313031857,0.025036111523452767,0.0013502241507763384,0.0022851262492826502,-0.003903453970941566,0.0040824786310825435
2024-01-26,1,0.0031104750606217335,0.0,-0.003442192064638943,0.008479647769323624,-0.025453436753299752,-0.023055858169128335,0.0022246405926425314,-0.009950270531628419,-0.04370970465353111,-0.10391984347576602,-0.013831490022394123,-0.009491528406974497,-0.054863641916648775,0.017298542842124356,0.009326866521473045
2024-01-29,3,0.006191976348361205,0.0,0.03056257736917809,0.010798081295641922,0.00945316146680636,0.03720038168402757,0.013245323404965228,0.014888599411512389,-0.02800844165005376,-0.05115810956405271,-0.02681888967814254,0.013531956192662833,0.02591717657161431,-0.0361269726459866,-0.12677895534418138
2024-01-30,1,-0.009302451408982892,-0.0073259812407108936,-0.0067114827768302255,0.002383832506794442,-0.004040566797130982,0.0,-0.004395713417638373,0.019512847681991696,-0.022814651799597685,-0.036929025385297354,-0.0334575670050652,-0.001344886096705131,0.008189809707667674,0.013398354932704975,0.0043433503948209365
2024-01-31,1,-0.022048109754420023,0.0,-0.020408902527708876,0.0,-0.0027024607360611763,-0.01129955022802264,0.0,-0.02941385817323064,-0.04011009288006767,0.03692902538529725,-0.03768338884868738,-0.021769439079667326,-0.023579860056591916,0.0048282072632583745,-0.021208709016467236
2024-02-01,1,0.0,-0.02230582360521987,0.0,-0.01559731241085819,-0.012253511164555714,0.008486587920967398,-0.002205018621135541,0.0,0.008416501375900224,0.010764404072190837,-0.001537384158573345,0.012303582342712376,0.003044167401440375,-0.048098197613992234,0.003720959029302411
2024-02-02,1,0.011084768425509383,-0.026668221951595964,0.0068493912321195664,-0.006064249160901611,-0.016574956068851364,0.013986170517768882,0.004405255686926282,0.019704951276705296,-0.0400503160729375,-0.030437175844711045,-0.04886708433894531,0.02150640620460048,-0.02502300534020962,0.009118217365029935,0.006478569578279684
2024-02-05,3,0.017174547866861352,0.0038535384633881014,0.006802796039646747,0.0,0.0,-0.01963585606874803,-0.008830074027052716,-0.014742269665350295,-0.03837633552120075,0.0218349009951185,-0.05649343955276207,-0.01204054946764552,-0.028728565832928942,0.00031287864014879866,-0.017683242654175677
2024-02-19,14,0.048347832982442066,0.0451205070934279,-0.010221568776400614,0.0647665589166768,0.0315309279694682,0.08677523842745691,0.021930655643772373,0.0292704336091154,0.1552406275912112,0.16214092520755408,0.3818260966344262,-0.006752139119685397,-0.0019542472839966865,-0.06295439836848085,0.024063503898168834
2024-02-21,2,0.004414952457924123,0.010969063334545524,0.003418772736753757,-0.0022830477163416395,-0.00949138272149354,-0.015707080863258588,-0.010905105264872018,-0.024332104729231408,-0.006557419679006304,-0.019004016752686745,-0.04169749892600686,-0.010899449872453537,0.027833216895688614,-0.008701487146754765,0.022947715626343512
2024-02-22,1,0.016023689174162126,0.007246290548917791,0.0,0.06632274401918908,0.018893870404519886,-0.002642029025882225,-0.01324532340496513,-0.009901010491238944,0.02717679991824042,0.013017270801050458,-0.003656325799145175,0.0013691555229880087,0.01751125273669247,0.01236030799128697,-0.023867422014416568
2024-02-26,4,0.008633201431940756,0.02142945540018471,0.02360997624892461,-0.043722908818859194,-0.031231369748892773,0.03636750730806334,-0.017937689820134932,-0.013019805970953056,0.0035948515560670076,-0.01770763722190261,-0.016000246486067845,-0.00411265378143899,0.003465725255447429,0.01548367063282631,-0.011103591405920791
2024-02-27,1,0.0,-0.025046007226785207,0.0,0.0,-0.013889054917420011,-0.09072877889144516,-0.04867703678025791,-0.03070863042754246,0.03948150159475727,0.04952861598515246,0.025720935173788616,0.0013728021760303264,-0.03438348072436097,0.004240827991245546,0.0
2024-02-29,2,-0.011527516271420978,0.007220130636988046,0.03922076582175273,-0.007851966763784456,-0.007017664573261685,0.0027894229142037775,0.004739304848484943,0.00518393261051018,0.0026793384392104986,-0.006734012505666907,-0.010942401570291324,0.006835214978601798,-0.05085124864400974,-0.012117427174687705,-0.02353605635341753
2024-03-04,4,0.04948003817951033,0.017825876589797254,0.062131791683004194,0.0779615873127198,0.06936834190101815,0.005555523920823993,-0.011890758565640352,0.0010336986321598453,0.06403668710250217,0.12595770700094208,0.012150710537241665,0.020230044169695302,0.014529596757553418,0.08582995658173921,0.04265891681229689
2024-03-05,1,0.006872777071468318,0.020979737647616528,0.02381051161011311,0.014477914875792502,0.006548841831321929,-0.013947155931927498,0.004773238198131261,-0.006217631242669994,0.09534276750645143,-0.00877557715658353,0.0,-0.01615105146942686,0.03508132061236809,0.014410261551381321,0.04003668648761949
2024-03-06,1,0.00682612401898168,0.030666889145469636,0.011696122890759546,0.08461291533921612,0.005208435809818043,-0.02272824091019663,-0.019231274494496315,-0.011500350724957843,-0.06046172666700153,-0.02515337395726318,-0.01705254282203609,-0.010914207678870164,-0.008029879000141347,-0.02291304151195726,-0.05521297474859927
2024-03-07,1,0.03344794375210283,0.09286657305056356,-0.005830961631513375,0.09445215668562545,0.020566193450164777,-0.008658218542438569,-0.012210175848621227,-0.013764128774958678,-0.047509676781725955,-0.026646020636481315,-0.026137306445155387,-0.00964852225314589,-0.041436206863923526,0.06978545186576902,0.030799743962084472
2024-03-08,1,0.03109069644861524,-0.024769075067592718,0.002919780728458251,-0.04836096499218729,0.006341204113328788,0.005780588081411286,0.014634437205830037,0.033546146871722554,0.05131137916406133,0.09531015043398361,0.03834724399452469,0.015120627596808548,0.014813002636526162,0.026106656077727327,0.03618316665851822
2024-03-11,3,-0.023226911229432653,-0.03509124966101602,-0.008784941987704435,-0.02739897633281654,-0.026907397563493647,0.019972011673834916,0.0048308859150892345,0.012295225704983682,-0.011448541237144219,-0.010798386699155752,-0.002430066582859318,-0.012354588160141532,-0.03367998704433435,-0.03352915019790207,-0.047707392898204894
2024-03-12,1,0.005208184328329496,0.02247278209173283,0.028987545503801036,0.013793284085908105,0.007761973379685592,0.027856986761656537,0.00720288902406717,-0.015392960466279396,0.0041782744870299225,0.0038699873157708206,0.001215654389018125,0.012354588160141424,-0.002365090196095933,-0.03718363727707143,0.019356939463006397
2024-03-13,1,0.011620604235134793,0.006329188883850926,0.06899293669553894,-0.009174377358072873,0.0025741040055338583,-0.025036089371322873,-0.02912817777971446,-0.019843840766770055,-0.006973498874522147,-0.006199144395217371,0.0,0.010854638041913497,-0.021390523105949324,0.014205543403158006,0.008435176854605334
2024-03-14,1,0.00639812266596845,-0.028801970975583662,-0.013423069679179485,-0.037563106110861354,-0.022093355026359535,0.0,0.014670141483349313,-0.004228442592131668,-0.021932344949757945,-0.013302321938657763,-0.01592174187773422,0.002695541688983307,-0.008807954205045251,-0.028313474425603082,-0.04544704397753187
2024-03-15,1,-0.04034393162282596,-0.006514628535196674,0.02666825438682183,0.028303779595902467,0.009156506703974774,-0.03147618728490635,-0.019608459167052797,-0.024666166454893373,0.00035771559858723776,0.004323139261126253,0.009828048807000507,-0.027286718107537335,0.011827360400905389,-0.050212050523119146,-0.011165491408456575
2024-03-18,3,0.019161279901713183,0.032156960209100645,0.038714479109378926,0.0320393961199399,0.0,0.08361423696764607,0.04359044688798183,0.06209262229479344,0.027157286620725588,0.02708097779922781,0.015767365708481838,0.006891630856947451,0.047827817294453484,-0.00669748263393049,-0.0025764918596489538
2024-03-19,1,-0.0026212992043906256,0.012578786120389264,-0.007623936165461076,-0.01818239912583538,0.10848061892096829,0.028987503193738082,0.002366807141076488,0.013178186129565034,-0.017196393126754115,-0.025513603930916392,-0.0048249641381905945,0.0,-0.04286581796729263,-0.006742705623464159,0.0016404274569696035
2024-03-21,2,0.02846252277341923,0.0,0.007623936165461183,-0.00459767047914574,0.002333713743328844,0.038221255761578074,0.002361293553156284,0.021913155668660613,0.0,-0.020970079912555502,0.006027692173375736,0.0855223355217279,0.005683528118888552,0.018196789446396962,-0.012012930235589877
2024-03-22,1,0.0012744872435523672,-0.00626956310584439,-0.012738985776055861,0.009174377358072852,-0.046519977446391546,0.0,-0.004728100694232763,0.0,0.0,-0.008432190415403409,-0.00723769617737727,-0.005056922751211397,-0.011248619835255528,0.0018963234323615972,0.0051996999307589225
2024-03-25,3,-0.006389797581468475,-0.009478772596715904,-0.03390156983722446,-0.009174377358072873,0.0,-0.010050410603313055,-0.01191910361633585,-0.004938328879883989,0.0,-0.08233018754738326,-0.029486105303514126,-0.008911410085210063,-0.005141438124953836,-0.000631666428245796,0.003529861055857968
2024-03-26,1,0.00256096646976099,-0.0031796275778958956,-0.01066675246669903,-0.02803922343356181,0.0,-0.0412428589234386,-0.02181905299920459,-0.01295477688824155,0.0,0.006110792152546275,-0.011285430992725446,0.02150608949889637,-0.006693099805905974,0.00692704396110699,-0.017535906655200082
2024-03-27,1,-0.003843628744446693,-0.01929315451383691,0.008010734974669684,0.00472810134510476,0.02531765308217243,0.007863712010517101,-0.009852290272441382,-0.003013560625500177,0.02998824560176307,-0.052714249742134824,-0.04513987189261004,-0.0012524562021511607,0.012588290446830628,-0.009774680081903561,0.0038176131015142927
2024-03-28,1,-0.012920319692861434,0.006472569077509517,0.06686297874973575,0.0,-0.02044555641965877,-0.007863712010516976,-0.020000653991555144,-0.005042844205658559,-0.002751954743417712,0.016830052011271936,0.01830115417546283,0.0169877065858999,0.018126563207469623,0.03640156757405826,0.041517224121132304
2024-03-29,1,0.009061697174961792,0.012820585436327516,0.0,-0.009478827115809885,0.016867800764729712,0.013072013765173843,0.015037828247666179,-0.002024422217897632,-0.03149318965286151,0.014330775321288071,0.031870154599862165,0.01960845964802791,-0.01555984580242337,-0.015084185957919641,0.009097077072517322
2024-04-02,4,0.017880389730397944,-0.022545163742697532,-0.051031581224103444,0.018868568976886817,-0.015653528732682092,0.005181315837601554,0.034233113482974996,0.04264418569742104,-0.037302772352281986,-0.012528103002078548,0.006253994110010498,0.031065897231538027,-0.016725334694579513,-0.013427238260511287,0.00789276858010511
2024-04-03,1,-0.012739104937812426,0.006493477164818323,0.0,-0.004683809828676508,-0.013439312385607334,-0.007782116920921756,0.004796207724331694,-0.0097561913016412,0.002947724618588039,0.0004501392457317327,-0.0012476256318802355,-0.010644827561291237,-0.022483351548283424,-0.026438738578926976,-0.01311355481762382
2024-04-08,5,0.0038388730823771602,-0.009756096471154626,-0.005249303529701648,0.0,0.0024569934382301113,0.03580947783426259,-0.01203377493915633,-0.00985239045848187,-0.04131281764564257,-0.04510667552715911,-0.02784997036453355,0.004745061222396421,-0.0070816089144560305,-0.00517814678736035,-0.1267269565871856
2024-04-09,1,0.04495133362902998,0.019418036116525938,-0.02396922435236222,0.0,-0.008625965381750741,-0.028027360913340984,0.0,0.0,0.0049722627965221285,0.01495358461270347,0.003843709935230317,-0.010708153623976169,0.018153788942998694,0.01673154483319939,-0.019038300864771037
2024-04-11,2,0.0012202099014737796,0.01904814710711935,-0.010840199215386178,-0.004705932032400434,-0.009950503299057313,-0.0051813158376014445,-0.034486193623520726,0.0,-0.03178561329159176,-0.025841186558793472,-0.0364624132202339,0.005963092401579763,-0.04099644876247062,0.033571668560030875,-0.02075089532564737
2024-04-12,1,-0.0024420654215519173,0.009389768456642772,0.01084019921538621,0.009389741861077017,-0.008788415738794018,0.007761981725107126,-0.0025094300194504135,-0.032195806321966114,0.005498955399951572,0.015584668085347402,0.003970901294894152,-0.004767586938696589,-0.0046967058729028175,0.03456988809067242,0.01149281749814614
2024-04-15,3,-0.014778656742813603,-0.0031202053507983353,0.005376395381761849,-0.023641725883481228,-0.0037903147531604944,-0.06110793890087611,-0.04365262428870005,-0.0061539400170994366,0.008191924007765921,-0.040158373818812,-0.007957569392120153,-0.01808351708727297,-0.02348802305349193,-0.03580480971370282,-0.05293114155178299
2024-04-16,1,-0.022585509020413414,-0.04473574632948995,-0.03547440731481095,-0.047021537895984074,-0.008900267407274834,-0.03060049309104242,-0.029296415935401016,-0.012422508949235649,-0.040838200318556846,-0.04234745777927449,-0.04912310610987718,-0.02712885187823541,0.005304219045914942,-0.03361404832843509,0.01722270979092831
2024-04-17,1,0.020101287710248678,0.019418036116525938,0.011049914562289766,0.027697262669236965,0.0025510112966870453,0.011236068794288625,-0.019100138715567667,0.0155041727668107,0.034993692490079234,0.050122007214111405,0.06497548470552535,-0.013845554524229498,0.004453572660232142,-0.002879461082038967,-0.0013780981699218777
2024-04-18,1,0.0,-0.03257612283518778,-0.013831529710614994,-0.004890027919917454,0.018927986602542336,-0.0027972255643625367,-0.01386977302159192,-0.017589650211685,-0.0015643568001170373,-0.010216421359180484,-0.014521743852644497,0.008832912967443329,0.016809846424447134,-0.036213369682046144,-0.016124800608906427
2024-04-19,1,-0.06952609857781615,-0.033673277185290465,-0.03111988733984416,-0.029852968241915433,-0.002503012196808189,-0.04879016857984487,-0.042802672281071055,-0.018967968106722143,-0.04033292183373948,-0.032806178781619046,-0.020148382308104153,-0.025446445262049457,-0.04096356101317141,-0.0382644315459975,-0.01810002191222217
2024-04-22,3,-0.010723978616790336,-0.010327145028275336,-0.029156591276664184,-0.030771574804024555,-0.026668299516655142,-0.014815009754890716,0.017341602486110254,0.0053050201350614236,-0.019753786808717425,-0.033919035927289114,-0.006807449031577959,-0.019519310404889353,0.006219000897458807,-0.016356653398064067,-0.02426465133363967
2024-04-23,1,0.016043021574315374,0.0034542073241153317,0.0,-0.03930404425250729,0.0,0.014815009754890784,0.05843098153212028,0.008430105823337699,-0.022699481838990926,-0.011038248916615768,-0.0054794437095876366,-0.007915496941003434,0.00584744966714359,0.01601136531141705,0.006121583208598207
2024-04-24,1,0.03774045556431746,0.02047859281232687,0.02339284561770773,0.04034514209971546,0.020382895974669392,0.09531027242299217,0.0500763719885817,0.018711466469844073,0.035912013236848436,0.04039923256059632,0.02977216839076722,0.04023907158219807,0.022402469885483608,0.017118039771923766,-0.0037851360462748096
2024-04-25,1,-0.021950505759831294,-0.020478592812326855,0.0,-0.006263087166071357,-0.011414317908334816,-0.01617289448096255,-0.03399020088048134,-0.0030943783555257946,-0.002875398349905207,0.015613460310019815,0.014560187789783945,-0.02969879576589412,-0.02140346007058813,0.013486346790086218,0.006397195564993205
2024-04-26,1,0.02067259914721525,-0.01739171877139413,0.0,0.0,-0.011545888368211316,-0.00818555950106838,0.0,0.00206403612913588,0.0347651108174944,0.05398839204494986,0.033594878089556475,0.005228767021885316,0.0071304308121879195,0.00767314204167561,0.017526661910804077
2024-04-30,4,0.01017813846805149,0.03787031158372102,0.008633257428612751,0.003136536317225307,-0.05571744102131529,-0.002743506329385956,-0.0053333003182146005,-0.017681124243454076,0.023558187929180005,-0.006651024352576405,0.03985579403459634,0.010376221959052587,0.0069158637139444205,0.04484168882735711,-0.11295271771685308
2024-05-07,7,0.012578780202149283,0.020067622077123686,-0.008633257428612807,-0.09062400274762722,-0.010974002361937105,0.0,-0.005361982435794288,-0.008430105823337732,0.03432827447527913,-0.01295281658375147,0.006086392382004521,0.047868053185844375,-0.06683841731698902,0.028197381294121804,-0.008460748082960214
2024-05-08,1,0.002496785017308172,-0.0033168353412752695,-0.002894329060247817,0.0011421753963886932,0.006872910165249606,0.03774035361601424,0.016000373895962757,0.010526431595106758,-0.01777984616669685,-0.010679731290700972,-0.01960845228870842,0.0,-0.013956536714364977,0.012586453347084029,-0.009408011647873428
2024-05-09,1,-0.00750929421141244,-0.016750786735848414,-0.005813911426493021,-0.030129767003884485,-0.017968678753445332,0.007905155236338618,-0.013315874038844773,-0.01370599896227468,0.017779846166696898,0.016937174750678505,0.02324274859442475,-0.0198764196994539,-0.037706173521886606,-0.007348490437672771,-0.0224135630546437
2024-05-10,1,0.007509294211412454,0.023373383542638525,-0.04471689964097813,0.011696042107987465,0.012474063685147257,-0.002628059112371632,0.018592885998641177,0.0,-0.01663557446061529,-0.03964300915171072,-0.006064362888575666,-0.0062933348320498,-0.020342206805840764,0.0027619930748386634,0.0029954784242772333
2024-05-13,3,0.020975536554137374,-0.023373383542638633,0.006079089090914768,-0.007001116576085658,0.005494615068298184,-0.018592887063873475,0.0026281417255505147,0.016842515338828756,-0.012660848454559401,-0.01915380051691156,-0.00977987096651001,-0.010152366218756932,-0.01673047981991535,0.0,-0.008007990346872355
2024-05-14,1,0.007299409082651984,0.006734089009027297,0.003025690515116255,-0.0011716162965810246,-0.011019468684371505,-0.016216607245378406,-0.0026281417255504995,0.0,0.0019287253599272944,-0.001527762632283165,-0.004926216522206186,-0.001276375690816134,0.015032191228463502,0.0018371605459492403,0.021869605019509027
2024-05-16,2,0.019208148734658276,0.006688934294104696,0.01499273718186231,0.017432020628250482,0.01920501965312307,-0.002728535049417847,0.01825349131688115,-0.013662947971660832,-0.004247938215530406,0.05647847388673435,0.0036968763640427473,-0.001277798664416248,-0.015799268264315488,0.03279960355152358,0.024604725131033615
2024-05-17,1,-0.0071599647110892565,0.009950360239506567,0.00593477772211793,0.022780130180469822,-0.027549957643947957,0.002728535049417819,-0.018253491316881122,0.010526431595106758,0.0050182546062341625,0.0028858677747779227,0.017073574013249077,-0.01028307089437853,-0.005001015501732629,-0.024877467754903668,0.024013722201849424
2024-05-20,3,0.0,0.003294869403321214,0.008836593978523015,0.0011255601558442271,-0.0013975584074731443,-0.016483926563069285,-0.015915403419964856,-0.0010476135632673839,0.005376474230036824,0.005747236040681389,0.002415275893165863,0.01919438765728371,0.0337472896982694,-0.008228064491325151,-0.006263685200078188
2024-05-21,1,0.007159964711089288,0.013072084385022097,0.017442326387679005,0.016732078596285428,-0.007017664573261685,0.008275971132340087,-0.01889391555098472,-0.01478383816690059,-0.008075515980668024,-0.022700820908123975,0.003612416280209813,-0.0063571424076729315,0.009462996781728145,0.013676228349449633,0.008446762748191994
2024-05-22,1,0.026981194008367966,0.009693157780994503,0.0028776709104621663,-0.002214878587255387,0.020906719490681843,0.002743506329386057,0.024227215869199206,0.008474674673787201,0.005006806582507242,0.029838589541025824,0.0035994136855239394,-0.008968612908650992,-0.0033297572653591284,-0.010011064691720886,-0.011278320463421556
2024-05-23,1,0.012651071717806517,0.037859315838491794,-0.01447198614569731,-0.022422564671185276,-0.019499204945295747,0.04552325547578486,0.005305091141953851,-0.004228442592131668,-0.024894396073904392,0.010846615960881486,-0.018127572425320555,0.007692237217834894,0.07028912645475,0.01272381640951021,-0.010133046471349683
2024-05-24,1,-0.009184922854343552,-0.01246122395847013,0.008708240486740695,0.0022650459817540407,0.02087750004224707,-0.010526408189156686,-0.016000373895962698,0.0,-0.03445847454622304,-0.031446192449582556,-0.022195642741094784,-0.03113079652135635,-0.01900500941185967,-0.01914668024745453,-0.0435841749734686
2024-05-27,3,0.0023041336024409364,0.03692728289891831,0.011494363029355746,0.027888084546775622,0.005494615068298184,0.01574830880582057,0.013351262010554954,0.0021164562602450925,0.024165466753605046,0.04819086348389638,0.0221956427410949,0.016982815428771114,0.05862413283464043,0.01552775965573144,0.021053398562592227
2024-05-29,2,-0.01390511633121753,-0.015220972922720798,0.07696102664533062,-0.0022025877218565344,0.008185550968751532,-0.00522190061666394,0.09362083525226587,0.017810881757792885,0.0031783607609436786,0.07292114674606966,-0.019705051498761714,-0.026248209244537243,0.04209612686686736,0.010817231743750579,0.0110069561114884
2024-05-30,1,-0.02241993437545389,-0.027995588661630016,-0.013315734212749616,-0.0033130995482324663,0.004067960195804157,-0.018494637153483456,-0.02197883506265444,-0.005205601992971379,0.033927997526743914,0.018692164933925635,0.01726311649489136,-0.022865975880866658,-0.01313695897374688,-0.02818785531035388,-0.030399510419250684
2024-05-31,1,-0.020494896558541958,-0.009508816461746769,-0.04664769188554437,-0.024637443258440653,-0.017748126232853934,-0.027028618322301388,-0.035179524583588806,-0.013662947971660832,-0.00422671925304125,-0.03381460416427568,0.0,0.0,0.021063355131416342,0.0033757906224720024,0.001989455147246382
2024-06-03,3,0.029996244681411193,0.02515856615947722,0.02222319913302323,0.027950542806673084,0.006863358543135622,0.03234781944822494,0.007643324347701534,-0.008501610411570382,0.032951288250715,0.02281146026603326,0.008521044450098087,0.029492847297298074,-0.008563242970620359,-0.0015329267115999803,0.021626015927333053
2024-06-04,1,-0.008308712043785528,-0.009360471012298258,0.008207898155372935,-0.0011032104027844556,0.03627018263532563,-0.005319201125923413,0.0,0.0063830777442557135,0.0003726398400266346,-0.020636941212882953,-0.009744369655775622,-0.005298022495020001,0.00587541509249221,-0.008319395078261753,-0.01831915429562424
2024-06-05,1,0.017720485199437527,-0.01579809514717908,0.002721062991592636,-0.015573156919598135,-0.010610249009364222,-0.01072395906240707,-0.030930364890744418,-0.013881711359923287,0.013686077726694057,-0.013998510236505614,0.008531430470252463,0.027506471856916202,0.015708754223656002,-0.0213483770922911,-0.00862070436410721
2024-06-07,2,0.028853772590242355,0.015798095147179107,-0.019204976485991003,-0.003368810822135281,0.010610249009364126,-0.008119099758825918,0.018158786560955677,0.003220528011664857,0.01928390316205388,0.06728804594110477,-0.006086392382004478,-0.0012926664568339284,-0.018404061889291477,0.04370752179575094,0.012903378613268655
2024-06-11,4,0.004540201630070823,0.0031298681332770774,0.040711243066216124,-0.017016811987758344,-0.007947142569887253,-0.00818555950106838,-0.018158786560955542,-0.014031462374098278,0.031219198947853844,-0.002887308012753781,0.03597513030633479,-0.02754265432149378,-0.00973127840384514,0.035457503278316045,0.015979424566415767
2024-06-12,1,0.029020058368788203,0.015504267395495099,0.007947072743360982,0.0034264311117105204,0.013210177701338444,0.01630465925989421,0.0,-0.013129193450665383,0.007308285634153339,0.0074075617748000505,-0.014235172760445133,0.017139445619037564,-0.0017648781834194137,-0.0029317641000664294,0.0003234780788303045
2024-06-13,1,0.014798476710281809,0.009188352735578996,0.0,0.0767921159830109,-0.00922871180279171,-0.008119099758825918,0.015584763612778652,-0.0011020422031054098,0.009661921817427548,-0.037172848253762464,-0.0035905671101154574,0.027080994758273344,0.013241036210246285,0.044783385712596296,-0.005188060757097787
2024-06-14,1,0.0032591805179810404,0.012121463497754375,0.005263207266261162,0.012592019821957496,-0.010652634725628586,-0.00818555950106838,0.0,0.020731710038390975,-0.00240679241343503,-0.011986503604340561,-0.009638705752054924,0.012642181025744088,0.026584754589968257,-0.015275850322657453,-0.009800801677378304
2024-06-17,3,-0.0010851451650262132,0.0060059758815410695,-0.010554262517592873,0.03685168499844969,0.00267390230304905,0.008185559501068354,0.007702276930264194,-0.006500474384620123,0.07396052717891208,0.03137179511954978,0.027464445622615415,-0.019023871763610697,0.022884341562249968,-0.006291187849542235,-0.00032830093282056944
2024-06-18,1,0.02360620997576164,0.023669749859971178,0.010554262517592753,0.049029433422110164,0.003997266524032699,0.03208838390952691,0.005102008239346749,0.009735059997374196,0.0038288500582231337,-0.0012528517963293303,-0.005906753290582906,0.021533282343567745,0.017048342660084394,0.05061889612909042,0.017255775558548375
2024-06-19,1,0.03950615298827984,0.04572216799472043,0.03608629309568755,0.042160776590007054,0.0,-0.0052770961239670885,0.010126742972031148,-0.006479498481078274,0.011084830590983566,0.03490413445868307,0.007083883356927864,0.017392036499787916,0.014134633597452605,0.08916804152876065,-0.011361909127552246
2024-06-21,2,-0.011276403586037282,-0.025460954396526937,-0.04929657310530969,0.027150916758142025,0.010582065988403973,-0.010638393304597208,-0.010126742972031224,0.02037604950620766,-0.023905463672347093,-0.04035145092889513,-0.010433982882169375,-0.01488880552295879,-0.006895193958794931,-0.017868843009464962,-0.0003264785302304257
2024-06-24,3,-0.03141610003257519,-0.011527507636098111,0.002656017492029308,0.026433337580412667,-0.013245172427880935,-0.005361982977370316,-0.025774565884760188,0.00317956736716806,-0.00032268405873122177,-0.04117212672906492,-0.04012695777960059,0.007472011050399037,-0.022479522456235152,-0.02624296492841073,0.015232768130617908
2024-06-25,1,0.005304913346210873,-0.020498550394548877,-0.0026560174920293206,0.021506244861249704,0.013245172427881013,-0.032789896187600566,-0.0237791975353698,-0.01600024402723812,-0.032467186350101734,-0.039220669572274554,-0.04051195270605578,0.0024784155355313496,-0.011660642086162881,-0.02990032752782552,-0.016867075464785854
2024-06-26,1,0.015748409138247703,0.020498550394548974,0.0053049992380799,0.004246255030507605,-0.02127731083093204,0.0,0.005333300318214667,-0.005390899935534737,0.04337872819465107,0.027411242754958064,0.05406718533400014,0.006168997232427682,0.030600975180748148,0.050796177402227194,0.005545594405086959
2024-06-27,1,0.0,-0.002902736316604995,0.005277094757850707,0.016807120737350193,-0.017627795222910397,-0.00836822467817648,-0.008010782896891,-0.007596283514599238,0.006383662475469813,-0.021959156715372973,-0.009840199026488129,0.008133493522386261,-0.03655918527264416,-0.002044395546229863,-0.006527399554783263
2024-06-28,1,0.0062305048389776005,-0.020558755468005625,-0.010582093995930696,-0.008368250870829035,-0.018800033816235868,0.008368224678176397,-0.002684499857117945,0.0065146749436450595,0.008869190053212584,0.014395167210917792,0.007389153191044175,-0.0012261139825955906,0.0033654147661078956,-0.005901256080444625,0.0016358486335088975
2024-07-01,3,0.0020682382172292177,0.007335539374594857,-0.005333383953114521,-0.02123225997881072,0.013053116370820307,-0.002781576199610226,-0.018996380368901344,0.021413964480321252,-0.01077996465870117,0.008007083515208228,-0.003687692496023532,0.0036741383691392894,-0.003825300033676003,0.029413950341251355,0.012345800021539812
2024-07-02,1,-0.008298743056206932,-0.03400637042902807,-0.04372274760333598,-0.043866690352690675,-0.008683138569861922,-0.0055866484785662245,-0.022161644736332368,0.0010587880534056221,-0.02126370435398756,-0.016529162084560022,-0.003701460695020653,0.0,-0.008312852078210978,0.005482150741679617,-0.004206395470716934
2024-07-03,1,0.019598314424789313,0.009389759135377814,0.06488752908208267,0.052413825434472545,0.004350964154065949,0.02489756391304181,0.013908443081278797,0.006329211970028,0.0529526168056903,0.020067455182551347,0.012285134599794066,0.0,0.03806664866889177,-0.0004970744930671172,0.0074301676385893755
2024-07-04,1,0.026211180399906144,0.03369384758581038,-0.015831397525632344,0.016877967901028718,0.0014461048848538143,-0.008230474249143369,0.013717648908764604,-0.04268062534453741,-0.01650355741602848,-0.027754662933140183,-0.013521966089954377,0.03365683371100441,-0.01741263124502821,0.0019870141785494665,0.005136429671105625
2024-07-08,4,0.02941398166783849,0.038409399564043996,0.05182508074023368,0.10703280726806425,-0.02043852519007349,-0.0027585560583525174,0.0027210235120342686,0.0455116873057695,-0.01997851054255379,-0.05313454974264095,-0.022529040202935665,0.03256130262504991,0.0052858695443892085,-0.005973025666074203,0.024981557637367306
2024-07-09,1,0.004819221068027803,0.042559610558912095,0.00754713023470232,-0.011342245487574036,-0.01186971910539923,-0.022347376835472037,-0.027549890488094704,0.004228359262964597,0.05877644647281659,0.0879283764906938,0.06493405705158854,0.004566204669516401,0.030264850703878878,0.01707737065901849,0.059705672205991725
2024-07-10,1,0.0047962886836633994,-0.0027816189746878084,-0.007547130234702188,0.026267897613518484,-0.010502649354921498,-0.008510663817510273,-0.014064942546039438,0.04738268503829523,-0.010016786407759243,0.006119017928708719,0.008269323361333554,0.0,-0.005568644368706784,0.02878424656694978,0.017498266587665363
2024-07-11,1,0.03294418088081893,0.07510225784383406,-0.017834951197714395,-0.03007752453571772,0.007513166290545483,0.09385749440933767,0.05511024249440825,0.09219575500842096,0.02797591646027525,0.01642211047107684,0.016336508812542602,-0.002280634863134167,0.011106378604093553,0.03468002785567702,0.00806216768594117
2024-07-12,1,-0.03774046956448234,-0.0863068495842636,-0.0025739783644275014,-0.027080863164096716,0.008941953792645837,0.0026350721415986642,0.013315874038844813,0.09196850309114941,-0.004161638731094011,0.002995871180891838,0.003466131782884508,-0.03721358713067322,-0.020852407288596143,-0.034680027855676955,-0.040081374895051966
2024-07-16,4,0.014320100649103851,0.008415124500754231,0.015345591621007069,0.036913965878129146,0.01618872672732439,0.041242864727359066,0.00023986933668064853,0.004175378149892222,0.07071899274524603,0.015267568757366288,0.028427187109354424,0.03835464715466828,0.010627425254862734,0.023330987118950406,0.028253693104785507
2024-07-17,1,-0.023982063991215715,0.019364377943503524,-0.002541359113669573,-0.011695950593419003,0.0029153397381650134,0.0846939223790548,0.06334563710981723,0.0953101505185172,-0.038477129963432916,-0.029037108954897015,-0.012408450399084047,-0.011468121988164534,0.023219648662151128,0.03995496457378834,-0.0034882657212119542
2024-07-18,1,-0.0245712393937545,-0.03626613345753301,-0.007662796356175519,-0.06899288553200678,-0.010241363080371218,-0.049950955631436846,-0.02328696480520983,-0.05448815342111091,0.018008190043764038,-0.010015320635636945,-0.006833808134273111,0.00230409533479785,-0.03860690414208297,-0.08060236037572063,0.003488265721212013
2024-07-19,1,-0.035446717276578686,-0.02882046667663101,-0.039220678040965525,0.00419284623260851,-0.02985301804757058,-0.06291379011049067,-0.04278722577521711,-0.06187544056586469,-0.005396948719881617,0.036523980790932886,0.010233170068842076,-0.02919062050130153,0.0059462561895955255,0.004598874951800009,0.011827681790266274
2024-07-22,3,-0.03248052189772145,-0.0417971514711011,-0.010724039644719888,-0.06481751193984167,-0.03704127754993493,-0.010443975833138185,-0.03616527670686775,-0.017167765168052587,0.01806438204193491,-0.005076157961692578,-0.00113194598670548,-0.01672679565677665,-0.03729580911590187,-0.040409769572169324,-0.05572554232099732
2024-07-23,1,0.04171605877439416,0.05053084931721281,-0.008119136223793453,0.004454390806943145,0.0031397258742536203,0.020779921914043778,0.027934744827359897,0.02985294543053719,-0.05964610522089028,-0.05044555628590495,-0.03573855461031699,0.010785048281178185,-0.0021561114025217603,0.03508263662842432,0.011756010060215738
2024-07-26,3,-0.057819450412650845,-0.10375148787360122,0.026811265818305008,-0.03620307468003467,0.01709443335930004,-0.018158663974124443,-0.01947203751979965,0.008368263205973808,-0.044937707536632544,-0.023010244874282153,-0.030991875370988638,-0.0364120353104128,-0.12742702928686792,-0.07588358472380234,-0.0704494961792673
2024-07-29,3,0.02141387283310507,-0.012945156223571877,-0.085569314926192,-0.028039240871087914,-0.02338377404306792,-0.053776398571681275,-0.025605963892230386,-0.008368263205973907,0.010810827717961833,-0.009630858977547604,-0.008510737392287608,0.00370173801704124,0.03425762935840282,-0.0007860587413168846,0.008006461871475731
2024-07-30,1,-0.004246059329702052,0.012945156223571848,-0.026278920366202066,0.009434039299168992,0.006289340683767724,0.013717594520147328,-0.020379182995478806,-0.06959326955714662,0.008260893887588796,0.021427683585094268,0.010929181478399415,-0.0024661353849702162,-0.004579811862222093,-0.014521743722495099,-0.016726012172988445
2024-07-31,1,-0.006403525156168457,-0.036010440605975615,-0.03308570135514038,-0.014184605846817475,0.0031298988418285724,-0.022039409520582424,-0.023810713197024522,-0.041385211257732486,0.017218170660228065,0.02582520533466032,0.04371630304209988,0.03517643267834189,-0.0066524496822198504,-0.20894956222044606,-0.022966941592398506
2024-08-01,1,0.02745684764062705,0.023065284382403805,-0.019355555489070038,0.07342751926616659,0.012422542970104802,0.019310869286020493,0.020865160942240456,0.04138521125773242,0.015748462876459677,-0.0013195949620350281,0.013777624262772969,-0.009580981952673429,-0.03500579566017453,0.06809666174997213,0.020043405277750857
2024-08-02,1,-0.061210728861031675,-0.06736548648624191,-0.07435844559886408,-0.08781630747044855,0.0153142629019752,-0.09749830028574928,-0.08299687056579173,-0.060343155569001,-0.051417407833494584,-0.04225349189066381,-0.03009486843368613,-0.04303071697469605,-0.10867453941106045,-0.08462044104933159,-0.05654629367449961
2024-08-05,3,-0.10253451091727153,-0.09880066612132624,-0.0727593553671291,-0.0994733788245347,-0.10401062683220398,-0.10469138928890653,-0.1046484424641538,-0.07447605934118695,-0.07841461749794619,-0.04796401884026869,-0.04568117179535853,-0.10871620325164076,-0.16807845487480488,-0.04707542771079936,-0.30189614287692607
2024-08-06,1,0.0767338030301855,0.05608957839872539,-0.011385325528908509,0.03872804026704051,0.008396336541009786,-0.06208895011230894,0.0,-0.06605168253790553,0.008689819352735356,0.013872500648624584,-0.019876413778225768,0.015288791796674335,0.08660220078128107,-0.019041430908220237,-0.06590508038651036
2024-08-07,1,0.04445172515682221,0.0565521295676069,0.05205629760752079,0.05103659847695378,0.040955809035818476,0.055377557007026415,0.01763695759949024,0.0945088855949013,-0.016102322519261577,-0.017250086030310714,-0.0012554654561208888,0.029893720069416235,0.024143589337330996,0.017643229002536107,-0.014021235501781002
2024-08-08,1,-0.026433136419108185,-0.052922393097893476,-0.036904529262106044,0.009708740080540438,-0.008058043305087357,-0.03077173358181713,-0.03197421389286384,0.021804634068177686,0.01876098209979554,0.002413698158752188,0.0050125523858787395,-0.01755629741208256,-0.06148836072479631,-0.002100766581681279,-0.03695989400372197
2024-08-09,1,0.04153600036977669,0.05292239309789353,0.03327474005643147,0.09223121816926753,0.033416025931473366,0.02739901776385706,0.021429366661058904,0.028987508719501426,0.023615422444961405,-0.003864774026291307,0.0,0.01755629741208253,-0.01141322806113584,0.0631573579935862,0.07602443830895328
2024-08-13,4,0.007466681108817586,0.02377023002183423,0.028675849240410858,0.030371156715981812,0.0155282272743813,0.06221315628109205,0.024434050900260067,0.018868442326754158,0.017352623394149374,0.005791620288173129,0.00249694534489598,0.018567958548197802,0.07686936444160103,0.03396740836545754,-0.056727837705537805
2024-08-14,1,0.007411342720939239,0.04590961880578816,0.014035284629830485,0.021142416550702193,0.006144424005898775,0.01261838694222151,0.02385113630050722,-0.01411783189079387,-0.01185714408539185,-0.008699918456789352,-0.018880428792361355,0.014351284333205882,0.05730892376500203,0.022642361334800493,0.05575125275435183
2024-08-16,2,0.021910116642735632,-0.01615540418638641,0.017271573996107854,0.0207046541592029,0.0,0.0,0.0,0.0,-0.01297885693276608,0.0024242305686563172,0.008855201143264211,0.038124002329363506,0.05009198236860793,0.021836813539908788,0.010690151440600162
2024-08-19,3,0.004119570423915065,0.0032520073324563484,0.00682600476796283,0.012220154319618332,0.013688358836435096,-0.006289290642024066,-0.00337262867841451,-0.009523896939448427,0.00780748577155165,0.013945884707996252,0.010025227649097298,-0.023975973837044216,-0.0267491504805657,-0.009475602542160058,0.008662243731731786
2024-08-20,1,0.0,0.006472562037005826,0.0,-0.012220154319618447,-0.001511687932684815,-0.003159589957302456,0.0033726286784144426,0.009523896939448502,-0.01633491336406874,-0.030547813925134133,-0.027814745629901876,0.00763355281912695,0.027871704810521463,0.015541828858365386,0.030669995263591748
2024-08-21,1,-0.01553622290811092,-0.016260588475879894,-0.013698811304940318,-0.01652931450925587,-0.0015139765932677203,-0.032157014312125504,-0.006756775068056077,-0.023982003818674387,0.007220253881905736,-0.043266283685014235,-0.009014858984534658,-0.007633552819126965,-0.014882010535347847,-0.020467833263983586,-0.02493663363691551
2024-08-22,1,-0.007333827012310376,-0.016529265275985926,-0.013889192759141054,0.0,0.006042387542911381,0.05406723191912575,0.02013498901859707,0.09265883978250283,-0.013829645590737582,-0.014500593669574827,-0.01040323653441347,0.0,-0.01260531862165256,0.024089923901513578,0.019811972546432504
2024-08-23,1,-0.002105315118711603,0.003327761424381125,-0.003502536076039338,0.024692699215820922,0.00600597332689508,0.006172821066111905,-0.023530521814765077,-0.004434604365992978,0.013502632059105067,0.0036449085657796034,0.020699297598734297,-0.007692272474692545,0.010895739346776121,-0.03152513049364397,-0.06313826143102329
2024-08-26,3,0.0010532116032222188,-0.016750773118727767,0.003502536076039309,-0.016393821005680802,0.007457200317120988,-0.012383982643754336,0.01351370367227687,-0.022472823051953694,0.022320178071836002,0.0020769122317814623,0.006381686652082474,-0.020807040350832563,-0.012626832870176581,0.03693402337930438,0.02165441502968679
2024-08-27,1,-0.008456648528085958,-0.006779628224877271,0.0069687098951869255,-0.012474217860086997,-0.0014871445665529748,-0.0031202530054262926,-0.013513703672276816,0.0,-0.037814188910465826,-0.023086076287106686,-0.029698792307619393,-0.003949774215874645,-0.0007704226773141089,-0.012362597285487626,-0.02016305111229133
2024-08-28,1,0.023085984315234107,0.03344785825876086,-0.006968709895186896,0.008333318301648952,0.02353060257036061,-0.006269574683384204,-0.010256541277570853,0.026907427417946595,0.00165974698013261,0.012658409645536644,-0.009216706411061626,0.007884327377304034,-0.0003855295048215393,0.0024240374557303987,-0.002985050358341618
2024-08-29,1,-0.02202501746114366,0.0,0.013889192759141043,0.0,-0.008759196367744427,0.034006398165589,0.010256541277570806,0.04752515283313103,0.025218320852514835,0.011982326772098381,0.028685270850615802,-0.03191761960045942,-0.011632551899766511,-0.012486789595497715,-0.023186476269916875
2024-08-30,1,0.0010597086993694115,0.009820066042866928,0.0034422513867795987,0.004140899558438155,0.01600040060130578,-0.006097542173844743,0.0,0.0,0.05444170083517499,0.030096748209668643,0.02412805249144492,0.004045656093844182,-0.015129510590992776,0.003059991120508867,0.02617152662825843
2024-09-02,3,0.004228439343886255,-0.003262617397537138,-0.003442251386779674,0.0,-0.005788738668397507,-0.006135045659179434,-0.0034072070308075607,-0.034338127039230906,-0.05089038146489033,-0.046807271304027336,-0.024128052491444802,0.0013450682747173756,0.019410542782752643,0.00518059756776823,0.09064782786304731
2024-09-04,2,-0.06425725101676681,-0.06410286908870473,-0.05310990132937171,-0.055215725316773115,-0.07377313758975203,-0.12783334553264794,-0.11949089700322174,-0.09618393878602774,-0.017883760823228775,-0.0015809792173878785,0.0025673391361966504,-0.06096052857645446,-0.09890893088602246,-0.10329427521141572,-0.09213919178044278
2024-09-05,1,0.014517215689310949,0.0,0.010850079032767268,-0.02207600448315554,-0.006269624716082137,-0.007017638211534394,-0.015504228253262187,-0.004819294336913701,-0.0009847087643548669,0.005260373234022156,0.0,-0.014388871715754809,-0.05666670822991748,0.0030361105143865454,-0.033901554947852616
2024-09-06,1,0.01758295240784937,-0.014035308279076677,-0.01085007903276718,-0.004474321215333938,0.0015711274034837046,0.0035149749988940076,-0.003913894831300942,0.0,-0.02258492333226043,-0.03198570286446634,-0.02334741346640737,-0.0014502931578816085,-0.02993549255136362,-0.004050043020457522,-0.0015452326898760472
2024-09-09,3,-0.020914308893670602,0.0035273098990040394,-0.025784025118485557,0.013363349189672547,-0.0015711274034837287,-0.0035149749988940683,-0.015810649168228857,-0.009708830160138808,-0.011826428122838952,0.0021645742695179638,-0.014540839362088739,-0.020528462141328255,-0.026049297709119536,-0.036505327089102944,-0.026640397203305927
2024-09-10,1,0.005546320640430381,0.017452410622511506,-0.007490714937945902,-0.022372350626660157,-0.02386749357114753,-0.017762402425499403,-0.02828461887987863,-0.04082196937731717,0.005761696841453539,0.010217916606810751,-0.002666737942190821,-0.019447108359410614,0.0047870299844562075,0.005945132105233125,0.00948375440681372
2024-09-11,1,-0.003324113630555568,-0.01745241062251143,0.02597551483195638,0.017937713459264766,-0.00646200369199267,-0.010810905250005515,0.008163300873185769,0.009104797377133489,-0.009166525790989656,-0.010217916606810781,0.006653366881029425,-0.019832998945772985,-0.03474180281507699,0.005563096574252115,-0.004730634545833376
2024-09-12,1,0.046824211549159,0.038001120085980576,0.02531783499155005,0.04773140030313096,0.02560131475754863,0.056352916577402684,0.035931967174921815,0.07934522625191377,-0.008907207846175557,-0.0010817014621527878,-0.01200814355592234,0.021342214798345364,0.08002368107829284,0.043426143757869094,0.03418250278578687
2024-09-13,1,0.007419152851525165,-0.00339555952129386,-0.0035778419017964097,-0.025752514577303473,-0.017530264220669355,0.010221544009153502,0.04972343715824042,0.013857057425252858,-0.003447147463662633,-0.013072095189520712,-0.016238486316411022,-0.02907615235333425,-0.011706881427560177,-0.010010080765898285,-0.014359158474502089
2024-09-19,6,0.013634147739612187,0.03344785825876086,-0.018083660859092587,-0.039916599185092334,-0.016207840431480835,-0.003395620767568992,0.007434969960083229,-0.03263691015163127,-0.038364608133337474,0.011989222382155391,0.013550306839410704,-0.020392901564170545,0.017168823627871543,0.013986250274043094,0.07030054655282361
2024-09-20,1,0.013450819919420641,0.016313539427151035,0.0036428929938139387,-0.004535196416604272,-0.013158041475193718,0.0,0.014706243307772175,-0.009523896939448427,0.006794132331151275,-0.010345782556852692,-0.005398135494386148,-0.0015860065531843296,0.042219043022643725,0.04557261459332358,0.017657291642532946
2024-09-24,4,0.014285960910916884,0.016051775877607338,-0.007299225224475018,-0.027651474529775014,0.0,-0.013698866869128006,0.007272750353759267,-0.00961547442576452,0.03295078750872085,0.04180667148502699,0.0397931335205183,0.0031695016722075205,-0.039272727375152056,-0.02010600245751514,0.06501145138688082
2024-09-25,1,0.01807271417729945,0.00950880691285162,0.018149304257242274,0.050124384405643874,0.016420693229644845,0.010291676564246224,0.00722023912730774,0.02857341873703286,0.02721249072946534,0.002097605188087177,0.005188089911913517,-0.015949322234814083,0.005641271273151947,-0.020189418576954502,0.011020609925894449
2024-09-26,1,0.009901144888806192,0.024923391700880225,0.010733500691442938,0.0,-0.014766464036404255,0.0,-0.0036036587861725785,0.009345805354558414,0.027145013743999545,0.03954304303280752,0.03308184467242972,0.03940631526669158,0.01607191488804108,0.011121972154525319,0.03150212784155469
2024-09-27,1,-0.014888598257589916,-0.021773810063682286,0.003552422280784097,0.04348507084715998,0.0033003391786676373,0.016920931378249092,0.028471641253523652,0.04100802115878782,0.04782555395971993,0.051041395722319555,0.06069830966929793,-0.002162938193686895,0.023302755045883822,0.03735474228543595,0.016013791547436734
2024-09-30,3,-0.04395187925757944,-0.051624330795129236,-0.028778894998808105,-0.0434850708471599,-0.008271327096325606,-0.03413300853362294,0.0,-0.018018465339284265,0.0952536082757884,0.09095099818888865,0.09541720841593826,-0.04296596759115531,-0.039220541712870725,-0.03248697965800862,-0.00041815718350425037
2024-10-08,8,0.05390222130724583,0.01315807558565132,-0.025879475758757316,0.008849547866214592,-0.030356448931636016,-0.04983228666000652,-0.04301733512051866,-0.037041259745001304,0.09523296008645704,0.09534992635204594,0.0949207521661187,-0.019705001630637452,0.07066376154093353,-0.026572052659663878,-0.06612910970395271
2024-10-11,3,0.03406662212354803,0.012987186766999139,0.0,0.10050299557198683,0.005123811365651461,0.02877889804475914,-0.014760397938134747,-0.004728148800880528,-0.06128430596188215,-0.1183291950668489,-0.0800427076735366,-0.01672293028289585,-0.02559324439457055,0.0046435700194279285,0.036846281313928045
2024-10-15,4,0.02364169956643858,0.08351060289265791,0.011173243324298822,0.019724486359762462,0.0,0.027973789206375006,0.01841676111023556,0.0,0.03521397843556402,-0.029487382421172922,0.026029511178607505,0.02826468842200808,0.05974734617067122,0.044969498084702575,0.0094300407943914
2024-10-16,1,-0.023641699566438613,-0.02099028652499837,-0.018692057444665185,0.04207127480683931,-0.01372236786904512,-0.017391690275459927,-0.01100932871997728,-0.02884820152535172,-0.018124196734253684,-0.01671340921910381,0.012257683305097175,-0.02489768210256576,-0.02576660674523581,-0.052942938347547375,-0.03384273862677866
2024-10-17,1,-0.009615468864560899,0.003025694875837065,0.033398289879123716,0.00746272608840721,-0.008673061855004485,0.03109055714458786,0.007352965547876589,0.028848201525351627,-0.004853035964559266,-0.001405527842259221,0.014113022251860055,0.003355707620041023,0.015745070086241812,0.01654021582729879,-0.015566264359657678
2024-10-18,1,0.047178435517820735,-0.012158197097897824,-0.022141132124671503,-0.05344787026091333,-0.00524016047837789,-0.017153027126141775,-0.022223110118973235,-0.004750610435960349,0.07871118090136399,0.0718953891835304,0.051693702055174345,-0.008410409856130653,0.0032834600757211197,0.0153022735800576,0.005810119947451066
2024-10-21,3,0.0,-0.012307840109851548,0.018484799894010473,0.027080881301257707,0.013913222333382316,0.047306139314837924,0.03315222364483319,0.09531019319212218,-0.0020004763496607094,0.027115833552113704,0.06352805193668468,-0.003384097522665947,0.014441376124913448,-0.013663199843182601,0.014598795725600149
2024-10-22,1,-0.009259278013098853,0.01536125137475091,0.003656332230661017,0.037457529231498796,0.03395918329447745,0.07622738507118364,0.017953836634508846,0.004319668069239349,-0.0245798829020123,0.01013959533728625,-0.04283117186641444,-0.0222801974612743,-0.035141827982268434,-0.007562123296413584,0.0030694912890858
2024-10-23,1,-0.014051680679231812,-0.015361251374750879,-0.014706232434458533,-0.01109054027184301,-0.013445605300498917,0.02417030525778934,0.0,-0.008658076652775293,-0.008243316722253691,-0.02210034205861755,-0.0056022223756834535,0.023973677736429583,-0.014961778060946007,-0.010950856434255914,-0.019452449637444375
2024-10-24,1,0.0,-0.015600905593268636,-0.018692057444665185,-0.034029803310616884,-0.011915021490584926,-0.03647817198308079,-0.025226586988267984,-0.017544338208797503,-0.00025860874001508167,0.0008591348234278093,-0.004692628313364394,-0.04322193317840481,0.0016971033133334986,-0.016484913593626988,-0.018928013681993445
2024-10-25,1,0.004705984531651339,0.018692071593874565,0.018692057444665094,0.0038387469979952295,-0.008598556503393742,0.027482617981162,-0.0073261444121811604,0.021882746792333353,0.011319913302405138,0.010252047448698029,0.02140609934576164,-0.012444603264656292,0.007601212118000872,-0.003738196342492112,0.016245872322207058
2024-10-28,3,-0.01418479847967706,-0.00619191694476248,-0.022472802064869124,-0.015444333889321404,-0.029800574929766815,0.0,0.0,-0.026317351158326455,-0.014689022486171302,-0.0025531955439189627,0.07791541021036637,0.038601347607713554,0.031064878977662382,0.017215605984641537,0.015104691843964227
2024-10-29,1,-0.009569461947205015,-0.015649736286309734,-0.0465199653941142,-0.023623097053065943,-0.021583611521870393,-0.015174751255870676,-0.045120382929351666,-0.06424223159783547,0.0025925834731064103,-0.00512594918828743,0.09500041955795142,0.02548976972501173,0.004273152736094123,-0.0117826491159246,0.010526402859971572
2024-10-30,1,-0.009661922055044988,-0.009508806912851489,0.003960359070380018,0.0,-0.014652304337104068,-0.012307866725291333,0.022814651000186575,0.01877985272637827,-0.009365447984165885,0.05052202411690883,-0.007776068149464907,-0.008424580889664227,0.014913587183660475,-0.053916653721098655,-0.0008730012731174724
2024-11-01,2,-0.004866164658120591,-0.019293241929435167,0.0,0.015810616994095632,0.03978832394090805,0.027482617981162,-0.011342322028085208,0.004640387214703423,0.008588318812693408,0.19070117266229097,-0.035760721592658036,-0.013628829183977488,-0.06850707773919198,-0.09477413504443317,-0.062154137336997914
2024-11-05,4,0.02409754866037062,-0.02631729171486001,-0.011928574491861407,0.019418066950296534,-0.008904831353319135,-0.0060422771593279185,-0.030890452056664394,-0.018692091140201265,0.06228485247546972,0.06038707111786612,0.03654104009171036,-0.01207945400084709,0.10503900528255962,0.022149652053690638,0.0454210670333435
2024-11-06,1,0.009478813948025569,0.013245218339536975,0.019802611875563193,0.052446450503882996,0.02473621766307272,0.006042277159327872,-0.023810620997384072,0.0,0.058861378844559234,0.0953965835550022,0.03374560414636812,-0.005222083561666374,0.002888930582914168,0.011843423784016033,0.03490752479737836
2024-11-07,1,0.004705984531651339,0.02597547022925338,0.01556454258945001,0.014492957713776199,0.0017437186830749918,0.06133311654397942,0.058496198233563994,0.018692091140201195,0.006179085448916655,-0.02596034891552011,-0.009090990561705486,0.0,0.01961395390299903,0.03873855712704864,0.07156244867835711
2024-11-08,1,0.023202775310461957,-0.0032102479628146412,-0.015564542589450135,0.0035907607902141915,-0.02290849730045301,-0.014265621762129746,-0.019121078446387153,-0.028170850377042096,-0.005031860869178352,-0.009501344941381244,0.004555789612337245,-0.00524935551593433,0.004515518067141523,0.013788413068711232,0.0460299793526609
2024-11-11,3,-0.004597801149782576,0.012779718490466205,0.003913921909930085,-0.04396309178566369,0.00887315289396739,-0.02032001266465321,-0.0038684723916932702,-0.014388760929252564,0.06524037650188101,0.09525597635510528,0.07724157385716957,-0.035718006749535354,0.002811937177946464,-0.014153929717390216,-0.0011443365399921661
2024-11-12,1,-0.03278977264035645,-0.03226089382045592,-0.023716533785493217,-0.026567077222209634,-0.02323600964044918,-0.01775192811527792,-0.03953079294886151,-0.024451059993357362,-0.009714069182626142,-0.007349953549423746,-0.037875189660609224,-0.037041266149687335,-0.028481177777197192,-0.009548294480585754,-0.044885642812668686
2024-11-13,1,-0.014388662877464374,0.029081268368309363,0.0,-0.011605586891326186,0.010791417700786964,0.011869594363804567,0.0,-0.018991043912423854,-0.03892569203032179,-0.07633824496067351,-0.0073099543549413545,-0.046340409698350224,-0.029117779978128987,-0.023144070702919097,-0.03617543032331827
2024-11-14,1,0.0,-0.019293241929435167,-0.008032152141684408,-0.019646979060858428,-0.019874186341133016,-0.020865148365723285,-0.024491054450800024,-0.019358856124943296,-0.028596218268631186,0.019854649717489962,-0.05349680682879564,-0.013930491647623049,-0.04087986576727465,-0.01906254352359206,0.03097233022991696
2024-11-15,1,0.0,0.006472562037005826,0.01996072663354583,-0.016000353113580133,0.012692813431881486,-0.015174751255870676,0.004123712462059275,0.014300668406024258,0.0023179401598259486,-0.10442934061810363,-0.040273852274151235,0.06966064027438054,-0.006424239863599778,0.0015384444447111938,0.004404435895776143
2024-11-18,3,-0.009708885782906218,-0.02283950285787545,-0.02805791699260879,-0.020367214907664584,-0.009049815341233483,-0.027908855991744308,0.020367341988740642,-0.011218964912316597,-0.05790774264280763,-0.04798817953526725,-0.040284923548893,0.05809254832822433,-0.03965321815585713,-0.03241854094272202,-0.02754326768187671
2024-11-19,1,0.01452808671316545,0.019608406872697534,0.016129342500747317,0.04427268747130488,0.005439770549697861,0.0031396522587793297,0.019960719206005458,0.00817169416224139,0.029492046092093202,0.04702484987132889,0.030568227309286607,-0.007079674577985318,0.0062533953595338854,0.007908295569891565,0.019923398013401268
2024-11-20,1,-0.01452808671316555,0.003231095985177836,-0.008032152141684408,-0.003944682319455312,-0.00725957326799067,-0.012618386942221489,-0.003960396618938139,-0.028897778595786,-0.00837218498835039,0.011498062720838085,0.006488276604886492,-0.017921478260804546,0.0055734276595585715,-0.000787818229408814,-0.026102598519043837
2024-11-21,1,-0.014742267476081065,-0.00972456936946208,0.0,0.0,-0.01467926566463923,0.01886856237225282,0.003960396618937981,0.010416777637037872,-0.0140303553653479,0.01262243899325169,-0.0032388760950107917,0.01969610136531077,0.01800706286318955,-0.00039441523224150805,-0.007882244923130768
2024-11-22,1,0.02927035418924646,0.019355481534520335,0.008032152141684455,0.027292128821579557,0.007366605368594603,0.00311035502844356,-0.011928618667984297,-0.005194825222800398,-0.05328246751131047,-0.07249316949506587,-0.04733137550097113,-0.007117466747975034,0.025905453666146307,0.0382951580104511,0.01775073638924596
2024-11-25,3,-0.009661922055044988,-0.0032000773481339236,0.011928574491861417,-0.015504197584629665,0.023573100338671656,-0.012500182717254164,0.01587339239803996,0.011393186151798367,-0.03131781596183021,-0.008124565275858706,-0.008539738563748676,0.03336568912020505,-0.03095701915149372,0.0071848044521176605,0.0024519613955022003
2024-11-26,1,-0.019608432134201572,-0.006430834816924355,0.0,-0.019724486359762483,0.01069538227946986,-0.0031496383832448046,0.00784316844600189,-0.0010303825108971638,-0.003984638592408797,-0.014723732355364729,-0.004297456334207422,0.00688470782228785,-0.05108236359386254,0.013101350464129916,0.014989174009440314
2024-11-27,1,-0.009950342049666534,-0.029462092327484795,-0.019960726633545915,-0.020121383439534877,-0.037944964146637276,-0.05511921133279295,-0.06038050373790651,-0.04642184580307764,0.015582137417724155,0.026550193476733996,0.017079952651281833,-0.03490755329902418,-0.0055673132878209025,-0.02294611234410531,-0.0335273267314062
2024-11-28,1,0.004987453368783819,-0.02353040134360494,-0.02036735366546213,0.004056769613053514,-0.009250815154501215,-0.020202791552097886,-0.029475849590288192,-0.0010804821501430631,0.005487952518516016,-0.004713839773371414,-0.009357828251472775,-0.014311512329424153,-0.0004467357470488897,-0.00994272174811284,-0.016771866020571555
2024-12-02,4,0.029414041939869913,0.0497613976859119,0.016326920858194264,0.027945851268749173,0.0,0.010152466121561468,-0.030371063317214456,0.012889449546318349,0.04634229785910074,0.06056511318070759,0.0319622972668672,-0.03483394752712331,-0.02993407239231572,0.01601247472974558,0.01677186602057162
2024-12-03,1,0.019139241249095,0.003231095985177836,-0.008130106318538109,0.003929379551827819,0.00925081515450124,0.0033612749518058733,0.017467673035874553,0.0031966312975426747,-0.01151156918240699,-0.021513142876750442,-0.004979234150285277,0.0,0.01689137442276914,0.03127590758673203,-0.005002050155580199
2024-12-04,1,0.014117927181904374,0.019169852814451712,0.004073348766742985,-0.01183449900188807,0.016438793746812792,0.006689050478730673,0.01290339028133969,0.020011167714470906,-0.010882147944314097,0.001621525653795664,-0.004168398317625712,-0.009372062509373067,-0.03947416444485584,-0.011058039761734998,-0.06295185903422058
2024-12-05,1,0.0046619890737222966,-0.003169547469875794,-0.012270163306399276,0.003960437130605075,0.0018099213457184753,0.023065182179898783,-0.02159908733399149,0.005200228424695771,0.00025452722876064714,-0.010751020023688567,-0.004185846619000374,0.011235920612073243,-0.006140777846587252,0.0018101212533979173,-0.022958480688266083
2024-12-06,1,-0.009345696147580431,0.01261845600781631,0.0,-0.00793655512281259,-0.0164087470223823,-0.013114861543300452,-0.004376301918657525,-0.00728788304428738,0.006339598475075058,-0.0052545120276791925,0.008354244936626136,0.007421258283047079,-0.02446167495755573,-0.02017196346841357,-0.05426962492315833
2024-12-09,3,0.009345696147580297,0.003129866083514946,-0.0082644899859388,-0.03651520444521558,0.0,-0.02000064606713475,-0.01769962421868535,-0.014737067697069471,-0.023789392402452054,-0.02940406436940027,-0.014243990558693938,-0.013023513410058004,0.002909144950138487,0.010327274904928808,0.005752692816170061
2024-12-10,1,-0.009345696147580431,-0.01257877462145528,-0.00833342991673622,-0.0293522681458257,-0.005530091910247539,-0.0033727158179600865,0.0,0.048638627451594446,-0.00207315064808216,0.0,0.00840330731826368,0.0111733743978239,-0.0029091449501385566,0.019220550909659195,-0.005272028101626301
2024-12-11,1,-0.01895799249258057,-0.012739017997527358,-0.012631682128182832,-0.004264366264963532,0.007366605368594603,0.0,-0.0134833344449837,0.024938988741469548,-0.002337243965137181,0.010457127643662216,0.009991778116208667,0.0,0.01756754915648337,-0.027627350529038825,-0.031733179107709925
2024-12-12,1,0.01808679668205875,0.006389845075505033,0.0,-0.008583749848780414,-0.0018365134583469475,-0.006779750303601404,-0.01366769316101921,-0.018896679930963632,0.0031152786403542848,-0.00033557361892074645,0.0,0.03458032852297504,0.012328144240074793,0.023887518642808758,-0.0019860486913849196
2024-12-13,1,0.004705879395362801,0.00950880691285162,-0.0042463154019273695,0.025533320166874155,-0.012951214196655847,-0.03813279639945438,-0.03738756239821917,-0.0131381120099033,-0.015147886319106756,-0.021717853906657616,-0.0099917781162087,0.0035715036978834092,-0.012805365859269736,-0.011682946839715104,0.03227663177171754
2024-12-16,3,0.01860502697299266,0.012539340772575767,-0.021506188548580978,-0.06509898692256716,-0.06540796940852424,-0.028675845322090433,0.018868535793467832,-0.04154282425219691,-0.004219464842115474,-0.022550837036483626,-0.012631713175598998,-0.008952609333866404,-0.01514995752755738,0.00604691637977064,-0.02140162059237997
2024-12-17,1,-0.009259303949941658,-0.015698974763404847,0.004338355649484903,-0.01809997969950542,0.007920929620714523,0.028675845322090505,0.01851902660475155,-0.011733553278559449,-0.0026461971519814026,-0.008456718569821482,-0.010221493556989902,-0.02550236155650223,0.010604957322354322,0.01644287932486561,0.023804853487908232
2024-12-18,1,0.009259303949941617,0.018809370277138842,0.03822122611922826,0.053345946015345785,0.05934747075981552,0.01054490246750697,0.009132543389379213,-0.004300939230222086,0.011853079456563553,0.018927962495412776,0.017819668610422366,0.012832364758809956,0.04569156785064067,-0.013433005005783573,-0.018900460146618205
2024-12-19,1,-0.013921306173885085,0.0,0.008298783067649659,0.004319700439852612,0.023876256748445162,-0.010544902467506851,-0.013730247420529324,0.010718150315655088,0.017649077065036187,0.01857640513537206,0.010874221362596725,-0.03333626597218602,-0.010823444168406932,-0.04102568502452969,-0.05738873508326934
2024-12-20,1,-0.033257142639523465,-0.02197891774701472,0.004123741145003423,0.004301049125168914,-0.014625441593943979,-0.0035398596760486006,0.02278007220153679,-0.01937626014876551,0.028156616593650163,0.028227709663871253,0.014864014507168975,-0.0018850903127256113,0.010135954892175076,-0.016574849795184296,-0.012513186174053868
2024-12-23,3,0.042559629535785494,0.0188685222332807,0.02439152704854009,-0.00862074956502143,0.016438793746812792,0.03141616567778863,0.056908066924464394,0.09333192897550684,-0.024048732097508213,-0.025164884438360256,-0.022379703349973225,0.009389738928407292,0.03910614360746914,0.005555505341753379,0.023847734229710243
2024-12-24,1,0.0,0.024616611293650278,0.004007978758606573,-0.013072054910867284,0.0,0.0,0.02105345022477335,0.004938289559448885,0.005366048921130651,0.01484010617596694,0.01332245649686105,0.016682423377684188,-0.010858808510936558,0.0388098652999514,0.034243037740484324
2024-12-27,3,0.009216632776159273,0.0030348774961527205,-0.004007978758606517,0.013072054910867338,-0.01828215354108363,-0.003442376471413603,0.03681399325722252,0.024332064770822153,0.030370032998738878,0.03065999390837312,0.021277403466852043,-0.006155668421065815,0.02464914253575943,0.004936259120675015,0.011811149287128673
2024-12-30,3,0.0,-0.009132502222060752,-0.05362112907939783,-0.04879016416943229,-0.03951599662262983,-0.024433929530326463,-0.016194666702116382,-0.01941804212716261,0.060435592175566405,0.027855168805772466,0.0,-0.009354462659149212,0.03733760365008064,-0.012962457444612111,-0.006872942999050191
2025-01-06,7,0.031605375651725984,0.015174861018068253,0.033336340599046485,0.057410913734453804,0.10035762510009774,0.06828590858815067,0.12636292760666315,0.07095170378385478,-0.18647267972954992,-0.18124851407903037,-0.1575302850112992,0.0495058461062638,0.014346904117073891,0.01787461610815549,0.012726566146882315
2025-01-07,1,0.00443447546840155,0.05279810525481296,0.008163424738210695,0.025425117274313895,-0.010471248087506652,0.016366927376475306,-0.02550231820104412,0.0,0.046838725535592124,0.037151387875045475,0.030800513350861314,-0.0089847217750298,0.06319570424555347,0.007510368608006186,-0.03413631581146915
2025-01-08,1,-0.02237235840167827,-0.02020271849880445,0.0,-0.004192846232608451,0.01220589281941921,-0.00651464094970872,-0.026169744469938562,-0.027779537256572798,-0.011032080486621429,-0.009895672702631085,-0.009233739357012617,0.033720930090512045,-0.02989990020398398,-0.006380105018674108,0.007021061234084982
2025-01-09,1,-0.004535258657406477,-0.03259538675600853,-0.028868083209074236,-0.004210641281819603,-0.024562612328451538,-0.05026188901317722,-0.030771682404879055,-0.038282248897171765,0.019558641354142578,0.014262496125344562,0.006472550159443888,-0.02116473012058989,-0.017524888121125612,-0.02054094981167077,-0.00651800102054741
2025-01-14,5,-0.009132234061042669,-0.03058345207207638,-0.029726144215253318,-0.06088834564074768,0.13906665396076537,-0.03496860048775056,-0.01574833879499561,-0.039806239296685426,0.07437326150957192,0.04125755767124039,0.037091511029267436,-0.0400054117966505,-0.08102525942343251,-0.023329075000243546,-0.03480384024330247
2025-01-15,1,-0.023202840471529193,0.0031007509441566506,0.0,-0.03653369487708562,0.0,-0.014337074855774087,0.03509127970502172,-0.019477775351544376,-0.015138611546218176,-0.01509591054867669,-0.004450373523778849,-0.003717449845356528,-0.015769406455204655,-0.004336897975890433,0.0
2025-01-16,1,0.03687033318997844,0.021440342331912093,0.004301106753638311,0.013857083158370254,0.0015444364256163318,0.024956633597756975,0.0558805650385279,0.01132274107131063,0.0024974011970112097,0.006698371637708957,-0.003574631446470915,0.011111293794140501,0.006248627248108523,-0.0011858103051853653,0.026722995584571675
2025-01-17,1,0.013483543511320176,0.00604235879600747,-0.00430110675363825,0.01818233151583302,-0.04417123507546803,0.0,-0.036904626695105344,0.0010231620202952618,0.0074552830923988915,0.009094183257968718,0.007136530403411398,-0.011111293794140413,-0.004906431419972817,0.0070950062713856414,-0.002538678075073203
2025-01-20,3,0.0,0.03550666495044498,0.004301106753638311,0.026668191607855427,0.016000305602376214,-0.007067123932021079,-0.007547196848569615,-0.0010231620202951648,0.02999863289811231,0.00555555342131205,0.012367632086457135,-0.005602290309350362,0.0592428281971755,0.01752032104946739,0.08849306372413504
2025-01-22,2,0.013303933132922087,0.028655192248017734,0.004282616414993763,-0.00439565151648154,0.08952152409273903,-0.014285980149921306,0.029852928777734756,0.004085909002055195,-0.019653721526733933,-0.00034626548452825026,0.003505707654478037,0.016713584103490744,0.061888147910346754,0.03078331806686465,0.012945196269927605
2025-02-05,14,-0.022272580965499746,-0.09164455832638238,-0.05264367860580223,-0.1117440475071362,0.0257892669181499,-0.12228959903308574,-0.06846777962861579,-0.031058447240842585,-0.03035062317708192,0.0034577334449853976,-0.004384037141365104,-0.026120923892046496,-0.2841892370315693,-0.09658336687713472,-0.12094602189484815
2025-02-06,1,0.0044943784630839066,-0.0031007509441567274,0.008968648237049525,0.04808622338896792,0.0918324282082849,0.004056838650874696,0.06108768073302459,0.02594856593282633,0.06573769716581807,0.031932073092856735,0.0251639660855059,0.02058070952181086,-0.03236001154817602,0.026038967602703085,0.018490444523174932
2025-02-07,1,0.008928608791450335,0.021506215779916165,0.013303969815264311,0.018605201571918962,-0.009073233147626633,0.01207263136577868,0.007380098895591075,-0.011334487290504475,-0.008551152674656788,0.014933190055291928,0.005980319358649375,-0.005571079423904937,0.01510678068519278,-0.012121409091264334,-0.013835755743530477
2025-02-10,3,-0.017937882933276857,0.012084731338664003,0.021787337384856467,-0.00925933221932793,0.018064882410454952,-0.01207263136577876,0.007326144412181187,-0.008324755596379383,-0.009346948041317821,-0.007604723014643329,0.002552214447069257,0.03477031518229945,-0.005907616971036781,-0.011036298908078718,-0.014553208133701345
2025-02-12,2,-0.004535258657406477,-0.0060241589666742605,0.0,0.0046404216644496225,-0.041781507409366654,-0.01222009926417603,-0.07186465042609579,-0.02861881989969298,-0.001686918309128383,0.012205416620764796,0.0025455543678450264,0.003590642066384922,-0.01683910685944786,-0.1190168490969345,0.09340445714482437
2025-02-13,1,-0.009132234061042669,0.02976413107128251,0.025533310313686785,0.0137932935131306,0.0013324204461488266,0.04800923306273432,0.04223277408474959,0.039013860990317326,-0.033103478503775347,-0.028264597097002145,-0.021414036339734533,0.0,0.04341523011144809,0.011507593876179136,0.06953319249269202
2025-02-14,1,-0.027908719866891883,0.02605063810370077,-0.00421055693605373,0.02257430091483932,0.03145743770038943,-0.011787943803160797,-0.0037664202068419567,0.00206616784171346,0.003732682777227486,0.03935045233428141,0.005181245239372813,0.003577795469713675,-0.02040073369940093,0.015440836774182908,0.07082984019493381
2025-02-17,3,0.023310906368355356,0.016997611252504444,0.07711735033293515,0.01769959018963909,-0.01691647881225671,-0.011928558629618887,0.0,0.03149070307574097,0.006190373428222444,-0.006506231115566745,-0.0025872669606610533,0.0,-0.02000609887545797,0.014317825732369673,-0.022209116661735646
2025-02-19,2,0.004597813498536407,0.03043112013795655,0.026976554115622754,0.008733686343131545,0.005235623903158628,0.03922059409094224,0.08323050296071743,0.05826892708791739,-0.01092075121774719,-0.0068773565655838005,-0.009544498466235493,0.04708804498888924,0.012752813300029328,0.016740553336885938,0.1489312327957138
2025-02-20,1,-0.009216632776159335,-0.022039445497005664,0.0037950929144796915,-0.026433276532770666,-0.019776582791291433,-0.01941802749320809,0.0034662576473212868,0.009389683089913432,-0.01838618746448113,-0.018239632639620185,0.00434971227323838,-0.005123868412605478,-0.02318392309328613,-0.0074546788720509976,-0.0629090883187795
2025-02-21,1,0.013793288792125498,0.008321751773501335,0.007547187436710295,0.030771645100506482,-0.010709517411749888,0.030890418243148362,0.0,0.0,0.033003021714643276,0.032919315459732694,0.020619248051614185,-0.0034305103631571015,0.055286415438140224,0.012683520819544929,0.014283232324687353
2025-02-25,4,-0.037213623969695554,-0.0251761176269203,-0.007547187436710204,-0.039740246518722676,-0.010825565656817715,-0.015325876860201667,-0.006944464541453101,-0.01886844232675431,-0.011875492955717177,0.0038785452019612894,-0.005115070498147003,-0.01733154004570725,-0.04676862553835533,-0.04716179177782888,-0.07231106639735062
2025-02-26,1,0.004728248086837598,-0.005681784458373501,-0.015267497910446935,0.0,-0.020619240645341437,-0.03137511137744372,-0.017575070105779897,-0.00956946659233889,-0.002491800280625309,0.006110342498593957,0.0034128978856383884,-0.010544908230639015,0.023256877671459602,-0.01053369293957079,-0.05418170978042916
2025-02-27,1,-0.019048327814808214,-0.025975539118543313,-0.01550414911965551,-0.032039414674203265,0.0013878993292712892,-0.06162120125913367,-0.036105073824798696,-0.029270354330271066,-0.024755097291193306,-0.026313091380173185,-0.01978548891437768,-0.005314411998806008,0.06368604008581014,0.01915247417828207,0.022791813673789792
2025-03-04,5,-0.039220681861110565,-0.0417971514711011,-0.015748318364011794,-0.03309985274911793,0.03005690697288778,-0.038881750273330046,-0.007380098895591103,-0.03526819654365955,-0.03381337474741682,-0.04683348356816713,-0.032673949041872846,-0.032493890098979086,0.032085701680694086,-0.0882439477994426,-0.03372566423594148
2025-03-05,1,0.019802580664709368,0.012121449753168777,0.007905160053064953,0.0,0.03309372196451278,0.02178735536051893,0.014706243307772175,0.06933473096278131,-0.002118618925179357,-0.003801687843183601,-0.0008981357815557507,-0.00921658913348857,0.018053230517034214,0.006392845182706513,-0.06401094935080422
2025-03-06,1,-0.014815113258513913,0.0,0.0,-0.014528150735112997,-0.037139615735647724,-0.021787355360518963,-0.014706243307772234,-0.0291282448596729,0.01734604696373109,0.016824459358254457,0.01161246026091954,0.005540214370235593,-0.0021492930282008943,0.015564511021946358,-0.024680914164387543
2025-03-07,1,0.0,-0.021309796657505976,0.0,-0.004889947726524682,-0.005420077723181706,-0.013303952537185956,-0.011173229983301785,-0.020906703057668372,-0.017876327461779484,-0.01925123787611053,-0.016114931996328945,-0.011111293794140413,-0.0038324088203173755,-0.03787016607342942,-0.002887368065326637
2025-03-10,3,-0.006989603272407356,-0.009273655414570318,-0.019881354233153,0.01941809846163761,0.0,0.008888961481578745,-0.007518823257114064,-0.016227468225185976,-0.007989367996782034,-0.003825419250457122,-0.0036166480111602603,0.0,0.04389881663081892,0.0388349804365264,-0.005315335634642163
2025-03-11,1,-0.027426694031741135,-0.03154838827466635,-0.008064606190345661,-0.01941809846163772,0.00946597149431654,-0.03146328446667495,-0.02290185508811495,0.004081502914000767,0.0013359506309789868,-0.0052402256568813725,0.0,-0.001863920086361261,-0.04222033025097297,-0.04537269300603452,-0.035004761504979415
2025-03-12,1,0.017356201535393898,0.01904823362555431,0.020040800370433685,0.0,0.004029480363925496,0.02257432298509629,-0.007751967997729686,0.0,-0.0005342070932533199,0.003147442795814083,0.0009053672660190746,0.023964256495650108,0.0,-0.030219980318649368,-0.007554788628389344
2025-03-13,1,-0.023554527878693655,-0.009478763097902817,-0.024097557922228834,-0.014815137143923716,-0.021680995784602357,-0.04100798226817131,-0.01174180440676412,-0.022657949753561883,-0.018878715154167353,-0.030128004132700368,-0.02195875424205166,-0.0036496129598688797,0.031366779478292715,0.009831796596603,0.044495703488581444
2025-03-14,1,-0.006237115858368786,-0.01600030534457593,-0.004073348766742974,-0.007992106494433686,-0.01240539155221103,-0.014051738853666638,0.015625300012800568,0.0072651107170453545,0.018076971616441843,0.028730467596101046,0.02105338697603251,0.0,0.019087623883859327,-0.018107573439866437,0.13630801593534542
2025-03-17,3,0.01140507364770426,0.016000305344576037,0.06708629117438135,-0.002007983943614114,0.004152291129492135,0.01405173885366658,0.0,0.0,-0.0021414047336356704,-0.0006995683091115495,0.009017255528125469,0.05165891417847936,-0.003879911760738688,0.03212707946480044,0.014659884496092339
2025-03-18,1,0.005680430112105297,0.0188685222332807,-0.015384944532522109,0.0020079839436140615,0.01915241100325548,0.004640350893347679,0.0,-0.001034566969090071,0.005078061982223115,0.00418988770677813,0.001793683036833951,0.0,0.0264034572249127,-0.0010205218800877804,0.06596686708161742
2025-03-19,1,-0.019761478178970542,-0.015698974763404847,-0.0038834587602137294,-0.013124806552449403,-0.030263656707283364,-0.03294417149094646,-0.0038834956060364552,-0.014598839439027343,-0.009105494384888387,-0.011917343673788659,-0.009000936103419106,0.015504143767015342,-0.010072903079987957,-0.002043975447201969,0.008913042517180328
2025-03-21,2,0.02079082002430384,0.018809370277138842,0.04934578626630952,0.02111691304688305,0.039703985060617196,0.051293268467280634,0.015444304949263852,0.01459883943902726,-0.024786828789661344,-0.034436722148343174,-0.019169933483318614,0.053257193309751955,-0.04345010397195898,-0.006671821987611445,-0.07862913939092239
2025-03-24,3,0.0,-0.003110395513734029,-0.018692057444665185,-0.019086504936710925,-0.0189707388744227,-0.03233532482135002,-0.027186109356028068,-0.011452496162192745,0.009333157635730763,0.00691032394058215,0.0009212142957878978,-0.01964062153301712,0.015388552100332967,0.0,0.012443177913849014
2025-03-25,1,0.01834917595603441,0.0,0.0,-0.009169564020279708,0.0,-0.004705861901998559,-0.007905170348993736,-0.0041973010052838095,-0.01625161397164867,-0.01644471601373812,-0.009250734445747213,-0.011637687372195034,0.02242138890922794,0.023410882668832053,-0.0016502031758454595
2025-03-26,1,-0.01015249088973893,0.006211146457890794,-0.0037807446202039498,0.003065759461177979,-0.008241763829544379,0.009389682351303583,-0.007968222049046183,-0.001052063402715241,-0.0025024168482711993,-0.0022132086534424524,-0.0018605142109665634,0.026404248335011007,0.009457458477204545,-0.009603350266001122,-0.0008260450855304647
2025-03-27,1,-0.022704727076256013,-0.03144906187068913,-0.015267497910446935,-0.03003847101064643,-0.011095834793777423,-0.0236417640952357,-0.04499731481151064,-0.02343017375719342,0.0036126425144043543,0.006991767726006255,0.005571101214559885,0.006493482469073903,-0.03674952447951031,-0.016901758853689552,-0.03276230326185191
2025-03-28,1,-0.006282778014343303,-0.03909300449254309,-0.00772202753077977,-0.029884813952248325,0.0055633070116631565,-0.05406727064221911,-0.06481749114397653,-0.03174876550254018,-0.004169503473844076,-0.008839845601680036,-0.011173323590243213,-0.02030734498304615,-0.04466421154435064,-0.05521591166216099,0.008503484872630043
2025-03-31,3,-0.04512041816673377,-0.05111844984522063,-0.05579142261332699,-0.051122298705035776,0.023304702132747608,-0.06791119547494608,-0.10337837968221177,-0.10424879264468218,-0.025103698082363915,-0.009665465078581566,-0.0075188480313153755,-0.04068356062481415,-0.025981917666860633,-0.0010922096709341056,-0.03928853049621754
2025-04-01,1,0.03668143639616749,0.0444518160153788,0.032260982660439516,0.034737477005121316,-0.001356018478453044,0.030870024091057924,0.024451068194969037,0.02439149222417474,-0.00028568368260515443,0.002238809116180324,0.0009428402694845916,0.01715315135482452,0.016656713387157327,-0.013201384290770038,0.0
2025-04-02,1,-0.0021207713591315054,-0.0033500578315372093,0.011834396454081613,0.014215676340882196,0.00406232954745842,0.01042755887044181,0.014388721483020759,0.008398253622974673,0.006549946356290794,0.001861770013834195,-0.0018867517932729554,0.0,0.01176477965977334,0.0027646569676235367,-0.02949274851119897
2025-04-07,5,-0.10512466685830876,-0.10238212085773657,-0.10318422366407602,-0.1052399949507637,-0.1053604786635719,-0.10489957921028191,-0.10536047484795866,-0.10443162297384649,-0.1301713478701472,-0.11792251442420593,-0.11920046203618162,-0.10008358322898457,-0.32171803379675734,-0.19644627582138946,-0.10510854094160803
2025-04-08,1,-0.03846627074506398,-0.053447922269485755,-0.08622115147653876,-0.10415487621386708,-0.10436001347452986,-0.10433695268025413,-0.1047727633376181,-0.10477130553671574,-0.030529223513922465,-0.04757692741819695,-0.03573737082677798,0.005623348576576774,0.12703978817908096,0.03239942590055766,-0.014206260536894387
2025-04-09,1,-0.03873069854599675,-0.10318420626436747,-0.06359114905851404,-0.03959567856441025,-0.0725707583305785,-0.10507633996554396,-0.1052299287787783,-0.10388878950913082,0.0353671492678701,0.030265956674637915,0.023966286532018044,-0.009389817540517556,-0.06671172126503974,-0.02971495121031033,-0.07642978733692746
2025-04-10,1,0.09473097725499746,0.09531015453963025,0.09163037699537957,0.0942968929704072,0.09400597775665469,0.09479345664367865,0.09459773543785255,0.09501311442755618,0.027920617333494407,0.023985986277930287,0.025506116760852477,0.06217723483398961,0.14278428161407963,0.18655745317364567,0.1718793647917744
2025-04-11,1,0.029682568951614526,0.06132197399422289,0.009174353866128136,0.05065927887751123,0.09486525637541819,0.011560890208859101,-0.005955937186249365,-0.027110184159922092,0.04257264192642854,0.08791187547342239,0.052132433653997244,-0.02150619755150145,-0.010202735941379935,-0.1172964479963149,-0.07973318425530299
2025-04-14,3,-0.0273677400851732,-0.014981603605402414,0.035878274152126625,0.026160883471339807,0.03785017469460499,0.07856793167981314,0.05689290601366122,0.0345121539775206,0.0,-0.006111536513371921,0.005958274523657985,0.017953809004324677,0.003872739533542327,0.03381812117620904,-0.007067136602956454
2025-04-15,1,0.013777491270576639,0.02238898087502959,0.013129295521418543,0.013986096210123942,0.0419642199924605,0.04727107859104424,0.04199515796898802,0.05453278855813438,-0.015106103061519837,-0.011948444950949233,-0.01295484369034586,0.007092202287386559,0.020495341605799678,0.02625441436700144,0.028466326886478453
2025-04-16,1,-0.025405522106191646,-0.014870213053709745,-0.035401913573732194,-0.028170780244378746,-0.013793290881482349,-0.041385282447083366,-0.035245983606484364,-0.02976834874073137,0.0,-0.0007758207342386317,-0.009068067434179556,-0.03414525791456177,-0.05133607186562155,0.005872093579794466,-0.022909322946171613
2025-04-17,1,-0.009400753726055358,-0.030420517440052294,0.004494341929892142,-0.02776282681092213,-0.009769838309914264,-0.005885796143960931,-0.00449429766548376,0.010021531046202391,-0.0015232840104382644,-0.007791268141301945,-0.006091451390427902,0.007285980059626781,0.03222020546965247,-0.05598826143042199,-0.03173249055479271
2025-04-18,1,0.003535674560110944,-0.0038685052357692214,-0.009009048332757251,0.013373937967364665,-0.001403598141647299,0.005885796143960952,0.0056148310756858185,-0.011461396227751957,0.0,-0.008640967619654659,-0.004081549075559193,0.0036233231036071597,-0.02117663745508654,-0.011207889974364763,-0.015723554453516156
2025-04-22,4,-0.040821997573882544,-0.011696063809581651,-0.009090949696947894,-0.04318981209542708,-0.060800138082291455,-0.050552172853477385,-0.054067336433616935,-0.026278859743967597,-0.0009148513267648276,0.010594539035366399,0.014213418630373655,-0.005439811220998095,-0.028854992449602067,-0.005021993997868791,-0.004765704095146824
2025-04-23,1,0.06752113660240726,0.07550768353778105,0.06196671829062137,0.04800928340363379,0.04380264542287501,0.0919374553005606,0.09466529359586418,0.06027654493397573,0.010321790847084013,0.008937226776299878,0.0010076314795956025,0.012646951048849626,0.03475144368032425,0.004395554034728082,0.03494488911917201
2025-04-24,1,-0.01036277365625041,-0.03704136487369784,-0.02169287920127062,-0.014528151029091767,0.0555698416420023,-0.026242233037695923,0.03382982589531842,-0.0027894712677272553,-0.009101980115676117,-0.025466544907370076,-0.016244045676801416,0.0,0.05606914541730703,0.027195721804898994,0.0538783620839409
2025-04-25,1,0.02739898587993174,0.03704136487369792,-0.022173841059645615,0.03003225875640282,-0.023240866411462398,0.06814470549202635,0.0,0.03432051371041021,0.005774187319714933,0.00908558130421373,0.007139186639682135,0.0,0.02818554443308086,0.05861415887902345,0.04278217155332376
2025-04-28,3,0.010084175375041537,-0.0036430761088568613,0.0,0.040585262133780275,0.009635244761920592,0.028740673392863764,0.014448198673491964,0.02663267265002797,-0.008521003405932825,-0.011071744631195724,-0.00407333415615887,0.0017937515188908347,-0.0007722605714386399,0.009158532874527142,-0.06935858430306407
2025-04-30,2,0.012188583847999904,-0.011009307889811287,-0.027274351895833195,-0.013730145548847803,0.0189964804280045,-0.014799448055717689,0.012220096937088809,-0.01189707417195234,0.021467257152366182,0.018515481458052152,-0.054520856205870646,-0.0053908644404317115,0.01761370212569553,-0.03066471147677192,0.014360282421542206
2025-05-07,7,0.021787203962025322,0.0,-0.009259378792489066,0.0034501782955573502,0.004024075379047783,-0.03247035293399817,-0.0071102298266607755,0.003981472960322218,0.023648686943133573,0.013183509817512762,0.030752019988407125,-0.01634911357514745,0.012072578998787206,0.02666807348734604,-0.01986160680535426
2025-05-08,1,-0.010834335730862654,0.014652383998668219,0.03203938875843003,0.02494466107527108,0.01593673132085656,0.01852912759685223,0.024170332763808457,0.015769037431961334,0.001167813005799717,0.013012109500944297,0.006289319464952559,0.0,0.030529229254111213,0.007977366427258666,0.01838555798006679
2025-05-09,1,0.033211526330460484,0.0,0.026668182989537773,0.005583538072137374,0.006565996758219599,0.013941225337146037,0.004962783643100776,0.009085047217517172,-0.017069210025445414,-0.023467164080710562,-0.01898788355484047,0.0036563702560577335,0.156779837612021,0.021337013366563396,0.033409088426433614
2025-05-12,3,0.008394508750281762,0.03220308934252844,0.0043764000180330906,0.04357991007057598,0.059700193638091335,0.0728901286685944,0.05770832547145733,0.049159335479064356,0.013561559339029656,0.014299787437697576,0.014799368639377905,0.04983225927182816,0.02901130977738033,0.00884963754345604,0.019802630857988526
2025-05-13,1,0.012461225475969874,0.020906615746327403,0.004357330566161479,-0.023733636658918294,-0.031311295957106515,-0.011952275326245411,-0.018868535793467756,0.00857320647214077,-0.0023454379544311345,-0.008477950685029904,-0.01479936863937779,-0.012227216491541062,-0.005856857497657602,0.07783754535401831,0.03486592709986165
2025-05-14,1,0.030490147645467085,0.033901584737583194,0.042559581768713065,0.09272646063026077,0.005076266777844793,0.026694542859924012,0.009478806324340774,0.006079055790698699,0.004685275635047244,0.0038625532350978257,0.005310645141095084,0.0087489648738254,0.03404999395863177,0.0211702601595622,0.016987407275817917
2025-05-15,1,-0.006024085780049572,0.003327761424381125,-0.004175395690021972,-0.023151537202952988,-0.047967670721066814,-0.014742267533678556,-0.004728135678238997,0.0048367018777742046,-0.022452944249639756,-0.028942163356582246,-0.022497001341482154,-0.0017435690159374399,-0.00019574843496187057,0.0019930541007564494,-0.047195646391961665
2025-05-16,1,0.005022577819641079,-0.02353040134360494,-0.008403390837620215,-0.004081624223349704,0.00265247175515584,0.009852312218597928,-0.00475067064610187,0.0060132571759148245,0.006254668604196085,0.0,-0.008705122080190662,-0.008764299705403409,-0.008257972281505084,-0.008498050838063688,0.0013930245814038256
2025-05-19,3,-0.014127332571949282,-0.03460556056468667,-0.021322753377633064,-0.022751721052381425,-0.006644636992768983,-0.029853011432537522,-0.028987428847135528,-0.027965337841363062,-0.006553498921293859,-0.03554502557754285,-0.0010934225755546106,-0.017762531173249985,-0.0013829831114705593,-0.009583877204472705,0.005091453381625654
2025-05-20,1,-0.0061161975001043575,0.013986232596853478,0.004301106753638311,0.0010454529171309587,0.0,0.015037940369034943,0.019417988425854606,0.0,-0.0035928315090646788,0.007782239844282424,0.008714707850538296,0.0017904685444942805,0.03858935994863043,-0.02410996888473147,-0.013011368184459682
2025-05-21,1,0.012195340263398809,0.0034661780256580693,0.017021646623994847,0.021706268135250385,0.005319280565734803,0.019705026378583165,0.028437976214748785,0.018326749182496313,-0.00813129354902208,-0.009840187450236572,-0.00980943189328826,-0.0035842200633850966,-0.006871495575604122,0.006211191068805204,-0.005158215609989376
2025-05-22,1,-0.008113679371487353,0.003454205123815798,-0.004228291290562608,-0.007183198311495024,-0.00665347872505351,-0.004889955315080611,-0.033257257276488435,-0.014634488240789273,-0.005457828421547173,-0.009521906234930474,-0.013230603021371874,-0.01811644299108564,-0.004607464401868873,-0.03304783119262159,-0.02764713316390393
2025-05-23,1,0.002034536608192886,-0.017391704042978205,0.012631682128182834,-0.003094391861648722,0.013262872900949654,0.038466340953613724,0.01913939212912258,0.006123728172030206,-0.007936715479956103,-0.020593404407483924,-0.012283847633189147,-0.009182730378066883,0.0005770599391355397,-0.002135436549613823,-0.006789613753570507
2025-05-26,3,-0.008163292477342701,0.010471320893504207,-0.008403390837620215,-0.01038422964360563,0.003944704592650644,-0.019048298869431143,-0.009523944126671307,0.013341713727175845,0.004891537650723205,0.016007125523780915,0.002244737931329946,0.00918273037806682,0.035515603600555945,-0.02379780087219353,-0.02463178811550101
2025-05-28,2,-0.009264142640890888,-0.013986232596853472,-0.012739030209000989,-0.005233009237641509,-0.023905511292555044,0.05153369700617276,0.018957965376425256,-0.015786668980788874,-0.02251435874552606,-0.02625042215397997,-0.026123039958612385,0.021700663054470673,0.07109411767083396,0.033901421000276974,0.02463178811550108
2025-05-29,1,0.0,-0.028573352872815,0.0,0.017681172905712392,0.02521707009030911,-0.03248539813674158,-0.01418469189585597,0.0,0.019459879476533413,0.02541435416805995,0.028362643516838117,0.003571490233402742,0.02795479336198314,-0.022472769725085648,-0.008797632378042358
2025-06-04,6,0.02350657788152803,0.01438872752668457,0.012739030209001015,0.008213656148678354,-0.005256263390404601,-0.028710150538984833,0.0,-0.004907917335289475,-0.007985114215731897,-0.01687090880977134,-0.016920851971022673,0.029852956890589685,-0.0016824205022248208,0.0208841837549849,-0.003935072478374048
2025-06-05,1,0.008048189808654795,-0.003577790255365576,0.01257878652764205,0.015220962774100863,0.003944704592650644,0.0,0.009478806324340774,-0.0012308475022033167,0.01802945731109372,0.019377178289491325,0.01580173063368616,0.022242100620263647,-0.02696407650922472,0.010543011064656877,-0.001973405407270997
2025-06-09,4,0.006989583309939305,0.0035777902553656084,0.04879024544128127,0.02682733579612559,0.0013115587977540599,-0.029558772186974957,-0.019048246745621875,-0.007416590803353949,-0.001818798373897204,0.0004171148663690545,0.0011191213373365227,0.011774793408158653,-0.007117472013912678,0.01427604970621804,-0.009427037641770874
2025-06-10,1,0.03902931899347334,0.017699537049479682,0.023530439952887516,0.014598687807065166,0.05109667019621929,0.0676586050772634,0.046957002819500146,0.031748638362241184,-0.017753685984707692,-0.02021974854788448,-0.016920851971022673,-0.010084148518316294,-0.0022673176603001774,0.031180655683209577,0.020721021908787773
2025-06-11,1,0.018957960482255894,0.020834128521729302,0.007722027530779791,-0.0394139153890366,0.011145519908830517,0.018519005963217868,0.02267675246100552,0.09509172885655869,-0.0024736875788787726,0.0017006552966452753,0.004540332075647615,0.011755019679796516,0.03026885661848294,0.028771786035236297,0.07522344013398762
2025-06-12,1,-0.014723494972673066,-0.003442424478751037,0.0,0.005012503608994458,-0.0024660465442917627,-0.018519005963217892,-0.013544209071626472,-0.003284114392119678,-0.005588361670617632,-0.008960984062296262,-0.001133178926931006,-0.006700234218079222,-0.023655505759903727,-0.006377298460325473,-0.06550515355627501
2025-06-13,1,-0.014458237049144668,-0.010398617366254885,-0.0038535284401354027,0.014888582442173554,-0.023736247084336356,-0.042966067989836605,-0.032335413891742396,-0.04141604955779053,-0.006872884641341677,-0.009907464636030953,-0.00911173931282171,-0.020374211049883097,-0.0012149559124368103,0.0034389100555495267,0.004342595530399743
2025-06-16,3,-0.004866181425446849,0.010398617366254732,0.019121026350582333,0.009804089257328126,0.011313754968485768,0.004866235099548198,0.03233541389174244,-0.001143583290289995,0.001253117597788977,0.008620696833771724,0.0022857846236479804,-0.019048158215566026,0.034815774099702976,-0.024827459642327843,-0.03080180294270164
2025-06-17,1,0.01932441847459147,0.020478573043236605,0.0,0.0048661524482390365,-0.006269598809198096,-0.01467017494258673,-0.018349188011034478,-0.02666823751885686,-0.0015667176906086046,0.01515023316380208,0.014731158064932888,0.015611673028489276,0.021570445236437995,0.027765848047103595,0.02935633478063685
2025-06-18,1,0.009523628881286496,0.0,0.007547187436710295,-0.004866152448239071,-0.002518845861472345,0.0195127696541866,0.009216644621655355,0.0,0.013084407039545314,0.019295872909664478,0.007843200956723726,0.028840059293558772,0.020310981523641504,-0.006377298460325473,0.0028887582618774693
2025-06-19,1,-0.019139129734645044,-0.013605643181332807,-0.022814685347157176,-0.019705084870448433,-0.022960286759734407,-0.02941385618973127,-0.023202870502363245,-0.01420140889535775,-0.011204640148123049,-0.011280715983229838,-0.012352820469171851,-0.010084148518316294,-0.004513931967314984,0.001966661026121629,0.0326347499763083
2025-06-23,4,-0.01459883379456072,0.006826014956455513,-0.01160548629099348,0.004962834211448003,-0.018229652135657453,0.09032259874046487,0.009345851638978936,-0.009580871579936721,0.02083081800785576,0.026535609170895244,0.006756772291019651,-0.020478454849773807,-0.05975650584028178,-0.009871734392413683,-0.019262979949894433
2025-06-24,1,0.02898742740716039,0.01686376751376325,0.03442017163815059,0.03406653674862957,0.06445185074535215,0.013544212172529293,0.04100804646938708,0.02025083654787275,0.012232637772259757,0.01058214798460928,0.018899993147819226,0.04220023144134683,0.019028772909275904,0.004947953409093605,0.005204677429588738
2025-06-25,1,0.018868569331005454,0.023141539390327214,-0.007547187436710204,0.0,0.026941909481426166,0.022173927207282906,0.004454345146122392,0.008220810111729442,0.009679500680895044,0.011672399372825782,0.007679605303465879,0.01313662501917313,0.03473145843902176,0.03396740810660253,0.062205634631958946
2025-06-26,1,0.0046620627196513435,-0.003273401708880686,-0.0037950929144797132,-0.01932428608962901,-0.02694190948142619,0.0,0.004434591910654156,-0.008220810111729501,-0.007857617073517517,-0.011672399372825779,-0.010989035092015704,-0.01810758649603818,0.01804172291896015,0.002382606254464511,-0.01564270887057637
2025-06-27,1,0.0046403138391357,-0.016529265275985926,0.0037950929144796915,0.024097528284822332,0.0,-0.008810643499744412,-0.004434591910654224,0.004705825975133833,0.01923147235195981,0.02636987044907753,0.09581230032515858,0.016032443803459924,0.01913253188817745,0.008058769141027902,0.013422985965499316
2025-06-30,3,-0.018691983462054387,-0.016807080397930125,-0.0037950929144797132,-0.028987476011347133,-0.014407562238212523,0.008810643499744295,-0.004454345146122409,-0.017762486262844313,0.0026749205665010916,0.010200129398419926,0.013958394015853418,-0.01658411126255536,-0.005969256979535095,-0.0014173873104038072,0.008409013118511768
2025-07-01,1,0.023310864206668135,-0.013652079860902094,0.0,0.009756100174763603,-0.013280463111110743,-0.01769960498132305,-0.004474275144997243,0.0011941980902013614,0.008276884702168873,0.010869644035585437,0.06515701271394417,0.00666669773063911,0.00753417343678821,-0.007593853409250186,-0.012863380497790308
2025-07-02,1,0.0,0.009201942126412774,0.007575837534683693,0.004842587632301324,0.03932360824432153,0.0,0.022173899363682647,0.002383666144223577,-0.019620183497157336,-0.023833872749270082,-0.06416746805238072,0.00991741353191624,-0.03630395271114686,0.023076152394159524,0.019890192203635387
2025-07-03,1,0.004597872370209426,0.017513581737002636,0.02974195764846273,0.03791926340369055,0.015306326586428085,0.04367506527442263,0.09289371306346679,0.060368054081478786,0.006582888358708441,0.003946303244869505,-0.0019801641265630135,0.04816347826035958,0.027666292424380238,0.0374644490617508,-0.043378194837139596
2025-07-04,1,-0.004597872370209495,0.02061937012986911,-0.014760440348143194,-0.004661977506281283,-0.008900128333689644,0.008510637536093421,0.01600034134644112,0.0,-0.008987471800692736,-0.011886015314971536,-0.020020721838725317,-0.007867883922254005,0.002677765260743319,-0.003143903057785321,0.027497816596583614
2025-07-08,4,-0.004618880744613858,-0.027587996074796155,-0.003724359545867358,-0.02843787524283653,-0.03641505809415787,-0.01709439491281103,0.003960416325595053,-0.011402632694021442,0.009583721167259964,0.0055643878255678385,0.003028771087783877,-0.03047550641252303,0.0381190225450982,-0.036184387203971165,-0.022028302435859196
2025-07-09,1,0.009216753114823291,0.024180859203705624,0.018484799894010473,0.019048128261779897,0.024854207960592137,0.054520829075254656,0.09423158235215769,0.039353028235373705,-0.011089556100710198,-0.010759262178910921,-0.016260528761663263,-0.016420712934632733,-0.025923760681563792,0.030319232051651712,0.06978044652959722
2025-07-10,1,0.009132241441439254,0.0236098211435966,-0.007353016825916305,-0.004914031502063958,-0.022208754281190752,0.036419893816752626,0.00716851698007361,-0.0033130560745606766,-0.0030183740791662754,-0.002005159836708998,0.0010240966723819192,0.009884670989361861,-0.017083660606151227,-0.0018115923263700485,-0.006378912395073379
2025-07-11,1,0.0,0.0,0.003683266754788305,0.014670239360300886,0.0039552581510796285,-0.012024239882309043,0.03163704526114327,-0.0011067392866708086,0.012914961679066526,0.022624448600727293,0.016244019384142785,0.025891502803569603,-0.01754149868731132,-0.007736136136183594,0.016081563622568695
2025-07-14,3,-0.004555639378608299,-0.010050376293374482,0.0036697500711278513,-0.03457138133582974,0.0013149505468228332,-0.03278978377586087,-0.006944392712204373,-0.0011081349715280013,-0.003287877617569129,0.010929116963382779,-0.005048022941949184,-0.0015987386506261339,-0.0025773996681943846,-0.001371294783392753,-0.016508285570702802
2025-07-15,1,0.013605684207979411,0.013378145582199555,0.0,0.039413944334320966,-0.0026316324655042936,0.09531012767920825,0.0930903709718792,0.09510859183445287,0.007159861519176562,-0.005839991154627871,-0.009151041594082424,0.019018023420257057,0.03704718012474285,-0.02501293812107639,-0.005563937717233752
2025-07-16,1,0.017857475960123832,0.0033167319599177367,0.01454567590268904,0.056352976995226324,-0.01593659761510845,0.026169800654847957,0.09386617046420555,0.03272483051216537,-0.001487354607575599,0.01164607473668356,0.010162706153386535,0.01557668365043492,-0.010153922058281112,0.0111941316484649,-0.016443432652226832
2025-07-17,1,0.0,0.003305869243507241,0.00719431718706456,0.018100030117480615,0.015936597615108423,-0.01487025841592548,-0.017493134571090363,-0.009804000096620856,0.01095482193739551,0.005388759734514952,0.003028771087783877,0.030443658936997606,0.004386639033066408,-0.015424585657918436,-0.01008557284635882
2025-07-18,1,0.02188272931003697,0.016366975154235557,-0.0071943171870644616,-0.018100030117480664,0.013089247034621929,-0.0037523453128326186,0.005865052124433561,-0.004938281640582566,-0.0008837595637047593,-0.0034609147367984285,0.007031692657676836,0.005979037854511496,-0.016073411366380876,0.019128288638244013,0.004836180169251771
2025-07-22,4,-0.021882729310036854,-0.01967284439774278,-0.010889343672028078,0.013605697706401455,-0.023685376215309122,-0.034420183627180405,-0.047913356793074846,-0.004962789342129014,0.009387039317084216,0.0015397367159372005,0.001000435146589467,-0.01652918405941531,-0.0073342835881610915,0.014223710578094826,0.0199746544325283
2025-07-23,1,0.013187036883055907,0.016420729215826827,0.014492972026581225,0.0044943324110792915,0.006635752373411428,0.023077920136857877,0.05083312268611824,0.024571260730505327,-0.006737987940649178,-0.004626119469513722,0.027615158115943676,0.006042260303859698,-0.016945457325923747,-0.020249168401683653,-0.000860234795571748
2025-07-24,1,0.0,0.012945183622741958,0.0,0.026550250675433294,0.0013218005748775986,0.00757578503305928,0.020202652038782017,0.0,0.019791101021018394,0.019135670272547003,0.0019436941864954468,-0.006042260303859586,0.017425394327701182,0.00046483614870343525,0.010699866791927958
2025-07-25,1,0.0,-0.01294518362274208,0.00716853073430774,-0.02207595514804629,-0.007957552948289176,-0.011385309011787177,0.03094479392582349,-0.02955880224154439,0.003452266933795002,0.007176619810936787,0.008699896759388079,-0.0015162568675911002,0.0025559898883378736,-0.017815820263520344,-0.03729836636657045
2025-07-28,3,0.0,0.006493588720042837,0.007117392237919223,0.02643327517391928,0.0,0.015151787469050186,0.02191868639637512,0.0,0.00544169485605849,0.03440327200126808,-0.004823897990044301,0.0660546656395452,0.014571030450369555,0.0009456252554246226,-0.0891426854321509
2025-07-29,1,-0.008771861970698373,-0.006493588720042818,-0.014285922972226943,0.0,-0.005340468434421128,0.05129334612074929,-0.04149967823067379,0.058268908123975824,0.02231415206755728,0.01264696332137419,-0.012652248480967571,0.002837024259169367,-0.020491584103561954,0.0033025280447371887,-0.0009666727310234562
2025-07-30,1,0.01746755439767929,-0.009819984804406478,0.0,-0.004357320025872968,0.0013378193004068982,0.014184618071395606,0.016807096719189167,-0.00947874395454377,-0.007288951558004448,0.0010765629068887226,-0.010832160179140644,0.02793474677320147,0.01686860518201248,0.16665552087885668,-0.013142095051658071
2025-07-31,1,0.0043197074430584995,0.0032840546081775363,-0.046519993182813676,0.030109765165482336,0.009314748402902109,-0.03220310173116855,-0.013986252742917458,-0.019231361927887644,-0.013312806988218358,0.008571575748051155,-0.007952379140790937,-0.016667122989126846,0.01922393537179718,-0.046519953424965774,-0.003435571223342898
2025-08-04,4,-0.021787261840737898,-0.03333641684480563,-0.02817087873078818,-0.004246236943083658,0.0,-0.018349116016295127,-0.005649754261503154,-0.014670189747793742,-0.010030204238638358,-0.03657839065728314,0.006961759675791235,-0.024097532663375526,0.015208807978943167,-0.09593693770919427,-0.05196632933890308
2025-08-05,1,0.013129321857190715,-0.006802704567131791,0.0,0.008474587429806753,-0.013333483143608015,0.0036968572840767474,0.005649754261503191,0.0,0.0005760393226061658,0.0044165513474562455,0.0078973322392442,0.002865362485267158,0.0480711955342942,0.027212526652285702,0.009791396786327445
2025-08-06,1,-0.02197914165662726,-0.010291726992255001,-0.02061926074135718,-0.021322773271343094,-0.03413304335987964,-0.011131940578904013,-0.019915342871880133,-0.004938281640582566,0.0063125516522883,0.01819554613938617,0.0009828308522750898,-0.015861904629447286,-0.015522391810309445,-0.008086286579138192,0.03477299320663547
2025-08-07,1,0.0477314859961846,0.020478508382483298,0.016529293448866066,0.04632409307019596,0.0055401821668318064,0.014815181431754445,-0.008658052044894816,0.004938281640582577,0.006273279066677142,-0.006512327153121291,0.004899530239963555,0.02440894498189005,-0.014867967217426298,0.0018026986291864596,0.010837510569283098
2025-08-08,1,-0.004246336515352456,0.00673409362913937,0.0,0.09418721729065024,0.009622043840563452,0.0073260310651103696,-0.023461487468099472,0.0,-0.016624097620431755,-0.027600602176668532,-0.021739985610694634,0.01827179702234446,-0.010843440777999362,0.029283328807363434,-0.03185930900863447
2025-08-12,4,0.004246336515352466,-0.006734093629139216,-0.004106827875811681,0.0546584778999283,0.0027322961574797263,0.010889386503236504,0.04921403840860266,0.01951281422358172,0.014347475784538766,0.06849523450398645,0.0178222275087812,-0.009797189916021071,0.010094222624906902,0.012168672424955252,0.043549640596946534
2025-08-13,1,0.016807090279866953,0.0033726634599940694,0.012270102742912752,-0.007117606274195472,-0.008219280277136167,-0.003616636070293865,-0.025752550940503202,-0.004842624475788015,0.013301504156866806,-0.0038400921358089945,0.0019608444145710812,0.011188938594989054,-0.004959101129193456,0.050947716889542305,0.054653254792782394
2025-08-14,1,-0.021053426795219345,-0.003372663459994056,0.0040567830268232455,-0.00357771841064968,0.0082192802771362,0.0,-0.008733669082846873,0.0,-0.008186320166443075,-0.001400085672151025,-0.009842615517577228,-0.004181070443698582,0.0016557677339564016,0.024332068327282023,0.01862419758263118
2025-08-18,4,0.004246336515352466,0.016750809042193556,-0.012220057893924182,0.010695324684845188,0.020257255935710688,0.028573338112483585,0.06782259780466197,0.07929560267053765,0.04489541184842117,0.03442679349075624,0.05391101263051651,-0.022599963864778246,0.046861795976494064,-0.049270982709344886,0.10012632822457916
2025-08-19,1,0.004228381358324305,-0.01337814558219954,-0.016529293448866042,-0.028778943735589833,-0.01617286433376332,-0.021353098907131825,-0.016529281062122682,-0.027274417919659174,-0.01556781804237144,-0.025708379259779708,0.013035605908711936,0.0,0.006722503434585903,0.012131445359841878,-0.037333229432876175
2025-08-20,1,-0.04311004755507239,-0.02385117184247728,-0.02960047088925855,-0.0718646169340201,-0.043032302270388886,-0.04037251997218057,-0.07496306136389283,-0.056887374402051355,0.03701627629014595,0.01721212231876021,0.007373352501301576,0.00711748860716431,-0.04117844225611032,-0.0129735495110229,0.06741370135532761
2025-08-21,1,0.013129321857190715,-0.006920506266523677,0.0254250528226064,0.042232720469946014,0.015482341642881176,0.0,0.01190494801630038,0.024097551579060524,-0.030158519272815775,-0.01478442279700043,-0.00922526104133326,0.0014175060415911422,0.010197368299360346,-0.03166721264484417,-0.07249841273183553
2025-08-22,1,-0.013129321857190766,-0.0034782427663008885,-0.021142409865445962,-0.011342254074338335,-0.002797151045184064,0.01117340113184862,0.020498465687900206,0.0,0.05994908578033196,0.04603174057308587,0.04352465541582925,0.011267623784074563,0.037092027902107506,0.009088950706737167,-0.0017007195744271567
2025-08-25,3,0.030370884871001255,0.034249920875301855,0.012739035877585833,0.029964828642384117,-0.0014015695901619786,0.03636759967606818,0.0753495115870162,0.023530497410194036,0.004110927726563794,-0.006970932697035143,0.011468953473395216,0.0013995402214231792,0.02269323283343769,0.03721370933423134,0.053843201257135216
2025-08-26,1,0.004264444810394294,0.0033614301691451878,0.0,0.029092940946772977,-0.0014035367449048146,0.014184618071395606,0.00536188159479001,0.05870760082677791,-0.00025637108247181153,-0.004339897769730968,0.024264613107291447,-0.016925611853533414,0.024625060166389642,0.0024874801863921194,-0.010131799243682795
2025-08-27,1,0.012685295278579204,0.010016715413054175,0.008403373987860016,-0.0035906801573516896,0.04396313752231941,0.06805348591370945,0.09433742822298441,0.0043763745997987815,-0.01005295846705992,-0.013133729603385061,-0.02689965676724389,0.004258447848035657,-0.008822557871013801,0.008658090950727466,-0.008179957968859137
2025-08-28,1,-0.025533363119237044,-0.020134885865290015,-0.008403373987860023,0.02135308209993933,-0.005390850330831912,-0.013245210655248349,0.0950890084662069,-0.008771986072836994,0.04011706704775993,0.019470258718172536,0.020026815254616238,-0.014265618049644992,0.02024362692738922,0.008990649257757345,0.020325902698825452
2025-08-29,1,0.0,0.02345161782520768,0.0042105140547552345,0.09402894529212429,0.004045938336731422,-0.0373558457992642,-0.026907486749153917,0.0,-0.006993075203943717,0.09537064660213608,0.020478500196959723,0.0014357091703441323,-0.03300364583380095,0.003249389273952381,0.003214141883241318
2025-09-01,3,0.004301127800518147,0.03257616847355068,0.0,0.01589863972954445,-0.017651541418891394,-0.07171522197176682,-0.09032261927486293,-0.07309188400533617,0.030847706686492865,0.05268244054430614,0.005054763071280574,-0.030592378872813315,-0.032559739417131264,-0.019243107461599056,-0.02354004458206679
2025-09-03,2,-0.004301127800518221,0.00638985656839818,0.00419285993310488,-0.032054030586836695,0.02033966349148828,-0.014981650136838217,-0.05365272247740169,-0.014320053774748558,-0.07046960853731897,0.013667680840326784,-0.07501338674227793,0.03202614306861979,-0.004575357599616029,-0.012060889086898941,-0.00576613206082206
2025-09-04,1,0.0,-0.019293180644206025,0.004175418066652162,-0.016420785722091377,0.0026809154402991945,0.007518823770095561,-0.02659733285638889,-0.009661910911736859,-0.05631500837783196,-0.10548624024855537,-0.036904441830340196,0.004288661078765836,-0.0014340765855977702,-0.0007140952470202679,-0.008711902785938856
2025-09-05,1,0.01709440435601034,0.01290332407580776,0.004157991856275159,0.05789396909933331,0.07725850830684942,0.0037383178370215164,0.010724004248381136,0.0,0.025331562855737358,0.012181896278488254,0.029631722274684497,-0.008596021660771842,0.0346952944036646,0.020379255361786513,0.025099058855975933
2025-09-08,3,0.0,0.09472732583245874,0.048592531504819216,0.05472489136229416,0.031710030382675315,-0.0037383178370214345,-0.008032161174555049,0.004842624475787991,0.012030715919564757,0.023321233452483124,0.0,0.008596021660771837,0.007319955559035556,0.014306348477982027,-0.0048880275857755935
2025-09-09,1,0.016807090279866953,-0.026589469243140346,-0.003960383888948915,0.008836611940786405,0.030735242301217977,0.01117340113184862,-0.010810957208548683,0.004819286435948922,-0.02748017722354121,-0.054859628622075184,-0.024008562850482393,0.019774647610226494,-0.00954025991263454,0.007681524205318144,-0.0004084226735171952
2025-09-10,1,0.020619304081861807,0.011904919419687672,0.00790514498925117,0.011661979119503457,0.01616668314140098,0.0470248814147931,0.005420088132598957,0.01904819497069441,-0.0002732143613326207,0.007024311287298415,-0.0037453470073898305,0.015267582767703635,0.0828813214620708,0.0016096308629010643,-0.0016352827894497537
2025-09-11,1,0.012170565430968975,-0.014903403587266602,0.019493830867598885,-0.038409385771470746,-0.024349149210172,0.007042274284187836,-0.030180605868657753,-0.014252022707201502,0.03885278256909682,0.04570983669273371,0.03954544069864005,0.010958915814250333,0.07901925088368478,-0.0032219342915505112,0.013412105826657179
2025-09-12,1,0.016000314348914826,0.002998484167578976,0.09214617392330986,0.0,-0.00943394350352206,0.013937491507679764,0.024760517736058838,0.009523881511255541,-0.004477765904831045,0.006362706058410941,0.009869933580537386,0.026883418293580385,-0.009020874244120418,0.023521061443873576,-0.0064803727779146345
2025-09-16,4,0.019740368688179504,0.014859112771800364,0.04475791835017555,0.0,0.011778656874761328,0.05060105645451246,0.06572664451939106,0.04630456804168637,0.021416303302980808,0.01051528801691514,0.004454400366128858,0.05169103985708483,0.0023817598514591096,0.011751117671894231,0.006480372777914584
2025-09-17,1,-0.01178782563701951,-0.0029541933521126957,-0.023851216906073412,-0.006042431892346839,-0.02249945289747466,-0.030052308239380827,-0.015384899536325969,-0.022884293833587845,0.0018071372564016236,0.008629760312788302,-0.005347683466734207,-0.015228786186847724,-0.05740331606657632,0.051604767042370506,0.019984677533172433
2025-09-18,1,0.015686583624919145,0.005899685145640579,0.030562622058558732,0.01503783226545967,0.01544893852326969,0.006756774086213785,0.03303986395598638,0.018349138668196617,0.009242639247192546,0.03178569617835659,0.007123936640934448,0.026500012831576637,0.0030188388126344366,-0.015654457846365207,-0.01475015136441586
2025-09-22,4,0.007751827550061681,0.014598798108428028,0.009983400561943596,0.020680275987199386,0.0347659229377061,0.06516955712137582,0.1633935712568623,0.03132247112904107,0.01345369127721867,0.0034384368049292266,0.012345788521125936,0.03907704912923512,0.12542908494030225,0.06155225340754848,0.17223066655282002
2025-09-24,2,0.034159196878674504,-0.0029027414935168874,0.0,-0.029675676360312316,-0.01607378482790965,-0.009508776909105517,-0.06581326892278128,-0.026787315963649843,0.03809520843238331,0.07598590431353731,0.031912993179137886,0.022499386070569463,-0.022860626248771408,0.04388331026946556,-0.008146676787899113
2025-09-25,1,-0.015038050615825313,0.0,-0.003316738248087118,0.0,-0.016336469540482665,0.0,0.03782435136514796,0.004514680354526613,0.038566928504394485,0.028229800763058085,0.0,0.00816335356492179,0.03759746755527767,-0.00746519196738648,0.062107115178001764
2025-09-26,1,-0.01526746060936208,-0.038523314993377994,-0.07232066933342582,-0.06534207231362285,-0.00117709481325988,-0.05229943665573403,-0.04465030788603028,-0.055569851154810765,-0.03471569557743337,-0.028495000821297838,0.0,-0.03306084836364968,-0.022410836431387127,-0.006835311681382433,0.08500751999570232
2025-09-30,4,0.003838797065597326,-0.00910470997703852,0.04196423411504965,0.05322067160944344,0.001177094813259898,0.016639298683632987,0.031463320740280055,0.023530497410194036,0.06464434781439689,0.06319515071498406,0.0,0.011628800455161526,0.006364921559798242,-0.022192334319410183,0.014313019430065885
2025-10-14,14,0.08796870716300349,0.03298647656197753,0.01022150963706333,-0.01536133677545675,-0.09495725731693677,-0.036979062344027244,0.12464241137804699,0.13062018241706422,-0.07779604459643316,0.05119367824949703,0.0,0.08780567296323523,0.08468973415775918,0.06580874298892082,0.07646685149178775
2025-10-15,1,0.027683493561872913,0.04893058366301501,0.016807149962397606,0.02748273747963641,0.03558181101577617,0.08214797722523388,0.09495499631030162,0.09345316905711218,0.027326051932066112,0.004719268239615036,0.0,0.036445621368473194,0.04323261590531283,-0.018221451888543582,-0.043658274415352714
2025-10-16,1,0.013559602488143491,0.07310430169508625,0.039220745069775485,0.08374289763058794,0.02709531061892257,0.043216644924546244,0.0,0.0922639767379808,-0.004782373894718663,0.007971904842166944,0.0,0.02802469697618118,0.02323442316650821,0.04478606666390421,0.041775802641505044
2025-10-17,1,-0.023851344367744342,0.023226863737761314,-0.016155470111510157,-0.03094472645796183,-0.010995766379210903,-0.030677214831787435,-0.003558681756676595,0.023451661035049882,-0.054680008048846276,-0.0993584554493612,0.09546454685019254,0.002044947919455209,-0.03803485552424914,0.007008633312275645,-0.008379596708209654
2025-10-20,3,0.02047855840627627,0.020202658608740678,0.01615547011151015,0.016997451422665136,0.03855891066843545,-0.003120219028815498,-0.010752777632426878,0.0,0.0022758770007490687,0.012814062249206955,-0.024210538478714433,0.0020407746401493528,0.014310664705796748,-0.006689027435290308,0.004603885517339191
2025-10-21,1,0.0,-0.025317806010153945,-0.025975473279702524,0.03315231927660394,-0.0059277246774658105,0.0,-0.014519366527212873,-0.006644542718668613,0.022725428785426743,0.03306084486651056,0.03419143642580669,-0.0061350224083432,-0.020292682895724178,0.03114933044540418,0.029026141036985916
2025-10-22,1,-0.013605641762316233,-0.01030938479731252,-0.0032948813699834015,-0.041614931253314356,0.0035609050006090324,-0.006269605801314928,0.007286034532686368,-0.023609865639133736,-0.014174008193141335,-0.005434761632384935,-0.06469132096118532,0.011218932019652596,0.01636530476036052,-0.004035353779732691,0.0005248086828498879
2025-10-23,1,-0.006872916643960044,0.015424532198725836,-0.009950390420089624,-0.008534839445954784,-0.0059418129624771,-0.019048172779062435,-0.010949000232265969,-0.010291686036547636,-0.002507457008482234,-0.016483976722712415,-0.04160332541712225,-0.02152816859080555,-0.050439311665608146,-0.043872245448761706,-0.03198569072673618
2025-10-27,4,0.02047855840627627,0.032625177656788164,0.06765865429037225,0.07165596104242299,0.025883760476000526,0.04695702265266736,0.021779417056392185,0.023851215822179847,0.055189712785238584,0.1012220916338071,0.0577717758992479,0.05542972292889481,0.11611464175942943,0.06297316922388778,0.036174174656503966
2025-10-28,1,-0.0033841163806546696,0.002466077137201772,0.09502697911640423,0.0026559675873541492,0.01841249412726909,-0.006134981086153829,-0.009017145111718536,-0.07696104113612832,-0.004763103011707506,0.004541297365678764,0.007191466581465693,-0.02481516174793137,0.1518449752444524,0.012433814985895878,0.032385306200973726
2025-10-29,1,0.02013493484949372,0.08495677327378048,0.03068576299338769,0.09362078060683508,0.012464820459705017,0.021309760796332716,0.05120260911666013,0.010850016024065844,-0.0021507838909136903,0.010367486791928874,0.0063491925535095846,0.01000011168674049,0.07175913119711522,-0.03122378029805076,0.04910318735244641
2025-10-30,1,0.0,0.01793765764276532,-0.0278569192441275,-0.019512802358792047,-0.0045146815439975905,-0.03681402378246871,-0.02969643218581957,-0.010850016024065818,-0.004796136246280143,0.001792134953050676,-0.029709109617101114,0.03519420950525583,0.001472223105272255,0.016345764861049886,-0.0045854703047075234
2025-10-31,1,-0.003327808155668348,0.09531023579799429,-0.02285812638917901,0.06669144605779613,0.05608946024952704,0.02163924407228996,0.029696432185819535,-0.007299302481611608,-0.03872083673531887,-0.051199055906394925,-0.017263040321898113,0.03213887448026611,0.07234629849349541,-0.0238364289566326,-0.02895908636069495
2025-11-04,4,0.0033278081556684298,-0.03494706430860325,0.005763679389355198,-0.013921385273275497,-0.00643783410025606,0.030122723380290622,-0.0368139270660522,-0.014760415583120573,-0.0050100886080352005,-0.03768596972283588,-0.004154601618516935,-0.024483342920444122,-0.01795008235545876,0.17013399768020662,-0.016570799676898264
2025-11-05,1,-0.030356460231155222,-0.01687806246185263,-0.00865802464190351,0.0299217066204836,-0.008648705286778979,-0.03482250671589314,-0.028987536873252298,-0.014981553615616946,-0.023889266109401685,-0.017769477955824824,-0.01425603833092973,-0.04185519243749194,-0.06140864244078668,-0.07090129677009943,-0.064572309946803
2025-11-06,1,0.0034188252356406558,-0.004264372184627325,-0.014598825950207093,-0.01369889063630769,-0.0054436945470052464,0.009104818655388347,0.003669686881235928,-0.019048194970694474,0.02061927317099419,0.035709273746536666,0.010084103962096502,-0.01401426704950392,0.02595652339088138,0.03621563129687894,0.03580815644927585
2025-11-07,1,-0.0034188252356406987,-0.023784889328270664,0.0,-0.01856200625753771,-0.03442870958787404,-0.024466064837574797,0.0,-0.015504186535965199,-0.019591022802276526,-0.035211384252410306,0.019868173899080313,-0.013191470106438927,-0.07763976785702587,-0.03905654865393064,-0.030153020929072735
2025-11-10,3,0.010221525381661462,0.0,0.011695988679335821,0.016260575546637342,0.011236120420302226,0.01840543711291773,0.062131777058068556,0.0,0.0069133178635439815,-0.0009960270056915794,-0.008230434452515454,0.02720573715594291,0.01663162417015675,-0.010582122118938378,0.02361790440145903
2025-11-11,1,-0.00680270014602079,-0.0021905676361233775,-0.0146414859497668,-0.018605174956631887,0.00111662988391705,0.012084745403611147,-0.005176881804908873,0.0,-0.017243910406535865,-0.0339530841840695,-0.01498776792670146,0.028419342257128655,0.02574921341070296,0.012287553569640614,0.008357313912095765
2025-11-12,1,0.006802700146020932,-0.004395651637752632,-0.008889000691261119,-0.011806552044136337,-0.003353724348215192,0.0059879528891961025,-0.015693415018856634,0.026976587698202076,-0.021782850961294557,0.0007729548076425364,-0.01862889952883317,-0.0038722173281354167,0.024373436839248207,-0.027351536524245934,-0.014935419278814298
2025-11-13,1,-0.010221525381661564,0.019629867765618814,0.011834497961692206,0.0234752597894969,0.014452664192092261,0.06360537312897999,0.026020621222538915,0.09427265593466758,0.014487347755337672,0.012031263340284712,0.010204155260298246,-0.0029140155615888725,-0.006221421381200866,0.00611086772608839,0.00026391240677911657
2025-11-14,1,-0.020761932263022184,-0.03965279583555678,-0.05750452527372998,-0.03302190392007063,-0.02345169014809638,-0.032252259458263925,-0.033075351408503414,-0.05329858172436196,-0.03161385921842563,-0.03944469816216174,-0.03530276795731764,-0.05601465637204397,-0.0886145432923273,-0.07591712389562473,-0.053671404933180206
2025-11-17,3,0.010434761878984598,-0.01129955446750558,0.024616616143677095,0.023697795584704463,-0.012507251245011702,-0.023599887662990423,-0.03603985405160383,0.03231879125516731,0.0008095219672662323,-0.006106399414152642,-0.0017543557763062953,0.03438154700463955,0.06220427185671596,-0.008486620196123368,-0.01091987297735601
2025-11-18,1,-0.02807191074536412,-0.022989516596975575,-0.024616616143677154,-0.07536982365999761,0.0057045459324843225,0.014815068333828497,-0.02602381569103875,0.02787636952825487,0.0024241276539545653,0.0063712092332308965,-0.007933123778376515,-0.02822772865205521,-0.08862325915662926,-0.02525309065275728,-0.023068127514237462
2025-11-19,1,-0.007143014548748035,-0.025914272185227846,-0.04134135809712186,-0.007604625427411079,-0.006849299257891189,-0.05750442527296433,-0.05616190958103824,-0.07861188756965336,-0.015726897398711963,-0.012783168834686498,-0.016957125185167805,-0.013381492843234429,-0.042058325604258734,-0.00649559006061927,-0.011008142690754992
2025-11-20,1,0.0421115419674474,0.06020334324970895,0.028802063890669728,0.0735626588919687,0.04370433806821477,0.0662892446021264,0.06925846991073979,0.036500402219526426,-0.012928379268240949,-0.01485120243539822,-0.007226730724523439,0.04160922149528975,0.07407732960517192,0.023825886204071257,0.022466346757853937
2025-11-21,1,-0.04930567881750667,-0.06259281570090915,-0.04847484621691772,-0.033657058886442846,-0.05638469407243979,-0.06940946363094182,-0.07325044536876071,-0.07825219689974826,-0.03579355569523171,-0.04194464854121447,-0.037879818348292564,-0.05938282049316698,-0.10107068336720265,-0.040252046771536265,-0.043364911354085385
2025-11-25,4,0.021429330295677375,0.01425200672092528,0.00660075792307063,0.0024420119036916575,0.010386731787007823,0.09531024930448048,0.0,0.06381151274495377,0.018761253568300926,0.02021973622017333,0.019581015560532385,0.04637604960278794,0.0,0.0932302312680441,0.06254745414823297
2025-11-26,1,0.01751359067958736,0.025612559493362313,0.016313504267550696,0.033576255196798355,0.015945628787635672,0.014104589147190639,0.027615091828355868,0.003629768050578731,0.008133490847330494,0.004438230413352504,-0.007414265676660258,0.0346398802577832,-0.03823271640321574,0.01971974302881745,0.0011170320623465394
2025-11-27,1,-0.0034781971031916607,0.05805206135807997,0.006451707492893442,0.04609118853065385,0.03551983875406221,0.04652004288985506,0.013526798909469376,0.021506205220963682,-0.0013975337068308441,0.006345741505132285,0.011100929562637892,0.006786232889724265,0.04876836329422925,0.03259893538199311,0.026984002277666286
2025-12-01,4,-0.017575239481009648,-0.02637519319415018,-0.012945208592251796,-0.02047860029172332,-0.04574141841915935,0.05209504962587323,0.02277135421984724,0.003539826705123987,0.037066605600657575,0.030605039184150976,0.03524995364229619,-0.026433285602221697,-0.011418612465080923,0.0412342560766767,0.09701280844270511
2025-12-02,1,0.014084815874123194,0.017660528666505595,0.012945208592251746,0.040546087538574874,-0.012636566034196007,-0.005089063567594833,-0.01702971882138574,-0.0035398267051240623,-0.01740115315857084,-0.019392046001470015,-0.008025082588596721,0.02546661701545399,-0.013339514551325524,0.03642666114596648,-0.013653012223226247
2025-12-03,1,0.013889015619062186,0.0021857795363009655,0.01910887653340306,-0.0022098820279557417,0.012636566034195933,0.002547769101303367,0.02636691923247361,0.04845238338594675,0.0041057053457934835,-0.009564274884171487,-0.011706583614647353,0.010582154227464547,0.05529160334542156,0.07427832767747505,0.08294169216424696
2025-12-04,1,-0.003454253740077366,-0.004376347172424335,-0.01589861501414464,-0.024637314874311516,-0.011481141551517079,0.010126734085826735,-0.039815751622216664,0.0,0.010326214639238725,0.009020199210053073,0.007220294641516139,0.005725087518264817,0.0071745310343473735,0.07966712222367212,0.0066490466753291715
2025-12-05,1,0.01032717038403752,0.013072066656758134,0.0063897701464273975,0.0045248371366743935,0.02958118956820808,0.07984890453378525,0.04352628849164136,0.05903353158419293,-0.006781604316972164,-0.0043631906495098455,-0.0008997124542622063,0.03091587057091043,0.06629789719680207,-0.01722008869675437,-0.0774181456450434
2025-12-08,3,0.023689732626155435,0.027749871133068506,0.018928025370482122,0.028923066219968225,0.028731310303323425,0.02525963660328834,0.0,-0.00638979809877101,0.014590831905603622,0.0280266254355468,0.008068162678395528,0.010096431323180161,0.0027510344296385572,0.0011572359919245216,0.022220419760174626
2025-12-09,1,-0.01008409086383921,0.010471363351345927,0.0031201137036872065,0.0021905887887388362,0.0021762377792322314,0.024637343352220682,0.05055225363826093,0.022187914975362138,-0.010245269040746515,0.0005313554899756878,-0.013483330277093466,-0.010096431323180225,0.01480353747273213,0.03366263414580535,-0.027170943851531078
2025-12-10,1,0.016750818468838854,0.018576332828387776,-0.009389699194952484,0.0021858005965466943,0.02469268272703421,0.006615231089332569,-0.014184581151067004,-0.044879326177432954,0.007828200023584227,-0.0007971899073539526,-0.000905414588556119,-0.003696930765537178,-0.025060074848687643,-0.0022391539251037863,0.004950524091356383
2025-12-11,1,-0.02020271066872416,0.0,0.01869214750951143,-0.033299455605253755,0.004232729520138664,-0.011049822744797119,-0.007168516980073587,-0.006578971098042511,-0.021196401527972156,-0.024486640578005963,-0.016438701972650634,-0.006502552478521215,0.005535801357331258,0.04899292265935777,0.006889761099947783
2025-12-12,1,0.006779660379529837,-0.0040983407870338285,0.0,0.03765677563112643,-0.003172825117440304,0.0,-0.02365898201503024,0.0,0.011197780559678166,0.012721873483347216,0.013717702591787803,0.014801437253329407,0.005897426962461058,0.0040473752491917035,-0.03163797327121802
2025-12-15,3,-0.020478535360770142,-0.039795836218132534,-0.018692147509511297,-0.03765677563112646,-0.01601749414222383,-0.015677862420468848,-0.020465766650318958,-0.03697900324108739,-0.021411801945488564,-0.020104028291195983,-0.020184257628987703,-0.03837623369303851,-0.07022562257027759,-0.05978800064266319,-0.043980107717540844
2025-12-16,1,-0.010398623468965912,-0.021599109791969752,-0.022258471544902552,-0.025144194238693872,-0.03616835911743906,-0.03444653333595038,-0.06604342570689832,-0.05273629608094323,-0.018482679616528858,-0.032067309736836615,-0.023442231371023557,-0.019268396935828675,-0.044279799756099025,-0.00906835320305653,-0.00796613487706935
2025-12-17,1,-0.0034904340477499387,-0.0021857795363009616,0.04095061905441401,-0.004640320682787749,0.012202019905848785,-0.009389728891076364,-0.02233594574580556,-0.018215439891341216,0.015425876283972398,0.027942570506282276,0.017866016991060333,0.04841944668105153,0.024746250569538986,-0.08628696095780733,-0.005346095305961638
2025-12-18,1,0.0,-0.028858853049654996,-0.0030912752337950815,-0.030699014693742675,-0.018920928782670196,-0.023867525655898628,-0.0376613700340361,-0.02985296314968116,-0.007262621808146509,-0.014992011370486268,-0.003734855830310723,-0.002784203236940303,-0.04427635841592098,-0.035632364534812784,-0.034354581473062445
2025-12-19,1,0.0,0.033225644908260306,-0.015600872275716358,0.03302190392007069,0.01671346455090278,0.03791926200334971,0.021097844755655487,0.022472855852058576,0.002519937372209964,0.0005592903128895254,0.0009350448139862786,-0.012155367474954794,0.04341839315608494,0.011001827812792006,0.00635974903262333
2025-12-22,3,0.0241807455824442,0.010834341298104976,0.07859021314801816,0.025201802780203453,0.02293931926526799,0.02525963660328834,0.018614784500459735,0.06453852113757116,0.028396152860543245,0.03893036583357135,0.019436029748420906,0.03875022970979822,0.05021971756104351,0.02735774262602477,0.014774575916403966
2025-12-23,1,0.016920853227661722,0.010718215370917607,-0.047628026925597186,-0.004535243485791976,-0.019629819027904137,-0.02293675799220532,-0.02070468935626491,-0.010471299867295366,-0.004358480282311125,0.007500787360045471,0.0027459931487634924,0.009009095510297601,0.026184755972565373,0.00985459192015834,-0.012296937885748494
2025-12-24,1,0.003350115082160817,0.0,0.0030441291162086963,-0.004555758786918,0.025014800555321858,0.006936435659046259,0.0,0.010471299867295437,0.01328823670190649,0.006914794233937522,0.016319554150470008,-0.0035938902493876344,0.05379513341362842,0.001714749288611542,-0.0005500676287518783
2025-12-29,5,0.023141559790378113,0.06799737060462203,0.07041036297272706,0.11218644535810589,0.18482476432104916,0.016000322333159133,0.006256529766655892,0.04414978461292975,-0.013561319114275846,-0.008784774182555365,-0.008126443178785631,0.07773501825543541,-0.0013573222926238327,-0.0066298117343474095,-0.004135022094715196
2025-12-30,1,-0.0065574556214291575,-0.00800005424675247,-0.008534953579518126,-0.006141289049904251,0.013303952160113389,-0.004545457001180444,0.0,-0.016750810424815354,0.01302239511848209,0.023518068055810044,0.0018115631258255392,0.0033416933968546565,0.015722423073593315,-0.012394875221278929,0.013172515800813935
2026-01-05,6,0.094113310977472,0.05660047844001787,0.1410034522492716,0.07703716085234678,0.10050288750921937,0.046727088825348755,0.004149399474535223,0.1267517056391438,0.03339830406932474,0.03212406262071878,0.017048419500103974,0.14132004931088912,0.06150684527215488,0.06821100509887187,0.07102644462605649
2026-01-06,1,0.02074151242134557,0.029908814009914512,0.012330558518906238,0.015094616374074062,0.003976165109892745,0.0021715509178215735,0.012345820284632313,0.008888947417245994,0.0020833781142311353,0.010816330115285634,0.01149947413076138,0.005776080909499851,-0.020607604195845234,0.11456777490514114,-0.0002540225088064503
2026-01-07,1,-0.017751948477130863,0.01280893416271322,0.007326084073180369,-0.0018744211230468624,0.007905212572416016,-0.019715839389769143,-0.012345820284632289,0.03193304710300901,0.01651229564375761,0.0027483619834814898,0.007011383877873662,0.015005681435288036,0.029508966808222896,0.0635900832401812,0.01687489948687321
2026-01-08,1,0.005952448272180366,-0.0054694977106509645,-0.012240077459604315,-0.013220195251027257,-0.04839655453323554,0.006615231089332569,-0.01880930791344876,-0.052798185566970766,-0.0025621626266151237,-0.001998120053780845,0.0052265680130554595,-0.01572579905588627,-0.052737315746123524,0.027499165516510316,0.06267927852026359
2026-01-09,1,-0.0029718684951796958,-0.0054995777137662825,-0.014888624757231284,0.0018992811499904147,0.03252320096564519,-0.00883006871868516,0.014659908438913412,0.014947961435873148,0.05490397492693505,0.044734405018180504,0.017226901246091338,0.0014398298119236927,-0.020199725963775717,-0.033169344495581655,-0.03630684007602397
2026-01-13,4,0.01769965297920247,0.06235322661053711,0.19062037503935164,0.026218759299909154,0.043059486359954394,0.11901409152496986,0.10826685775199273,0.046385126580935125,0.0244675095973371,-0.0367662421886869,-0.002565196369776658,-0.010122959279333689,0.07956136476638438,0.011308462535981036,0.0693009567862758
2026-01-14,1,0.0,0.01712370499494151,0.03850528383466696,0.0,0.0773866433175967,-0.01587332989325549,-0.024552588786324235,-0.025826399559898423,-0.005226949159165613,0.01477129315476773,0.0008557423469655412,0.019432049024199177,0.022576825131591684,0.007147617437991516,0.07074650347278161
2026-01-15,1,-0.011764867575514154,0.013490949534417075,0.02357668863929246,-0.011152509834975722,-0.00711749772627742,-0.0020020615020666945,0.007618997043624968,0.017291497110061043,0.04676906602871443,0.04023530193885381,0.019483991819326293,0.02533564704860614,0.006167058980179509,-0.0652189217631195,0.029790772441489116
2026-01-16,1,0.02915654199112741,0.016611676307147768,0.021134339414305803,0.02218207058421264,0.010657284261613031,0.0936692544921339,0.09410195869791278,0.09531017980432493,0.09533087251629792,0.0953102939023103,0.06338431189542096,0.03415629968047567,0.046100703199476616,0.010830932475812738,-0.0082441011462886
2026-01-19,3,0.01142865158627255,-0.014937994687784114,-0.0019030010807204684,-0.007339507179257247,0.08789443335441663,0.09398214983276583,0.09389606832721965,0.060335332015268764,0.00905169188641553,0.027987044604447894,0.0,0.002682767040948529,-0.0005106513250838877,-0.024692754782687787,-0.028549391286892187
2026-01-21,2,-0.011428651586272652,-0.02712034515329243,-0.09169763944190676,-0.01671347764580525,-0.03960920219308407,0.06433087768733751,0.126826567827246,-0.055907680901540226,0.07456131163957769,0.1521625141248981,0.11023052520039013,0.0013387417975309608,0.06021142898522674,0.02163926082631142,0.033504019007591805
2026-01-22,1,0.01142865158627255,0.02377027935157242,0.07246630110832145,0.027702518943594944,0.02000075075034827,0.0185190250434745,0.025975482058971322,0.027128731629490376,-0.06295572491146204,-0.0019623466548257438,-0.023547252102782697,0.018555778126078115,0.027161652471068564,0.08609344641596424,0.11080281738903379
2026-01-23,1,0.005665785371998359,0.03138155621081872,-0.043657721841019986,0.04278741999268705,-0.00330585343996225,0.036039893448812366,0.030567179968186527,0.0405299596945859,-0.007722073060852155,0.006053070599462018,0.03057463264332217,-0.001314113279665129,-0.031137357039748827,-0.01907329065640924,0.0012894852117608959
2026-01-26,3,-0.008510621277212936,0.01452805963570382,0.043657721841019924,0.03767570317146898,0.061014113460580804,-0.01785759627051112,-0.0319175622908934,0.005355583535674068,-0.035506653728398625,-0.08401462312811946,-0.06884276563529956,0.0,-0.04480845749599494,-0.05365431505040465,-0.18667564770092412
2026-01-27,1,0.014144486294300944,-0.01778537108364538,0.023033725959289555,0.008368223541415712,0.012384111110639584,0.06115443871808236,0.06538272892186307,0.0939981306329414,0.01863727457433168,0.027607705444137466,0.09510551047336832,0.04750581393201289,0.009924050003236375,0.013586655717964961,-0.05894803630205523
2026-01-28,1,0.02222311777668849,0.024175227652043656,-0.0076191696056944185,0.03601045165806841,0.02130973379968803,0.0374264026984028,0.0025284174179253023,0.06358073218838499,0.03766345446910813,0.01602117029782791,0.03617274176375211,0.018018447591562892,0.030771645696373657,0.006921889291403885,0.033328671305202576
2026-01-29,1,-0.008275842572541338,-0.012820706779154289,-0.023211832758370413,-0.019481200680024013,-0.05574192747626712,-0.06462923641159135,-0.05715839566904837,-0.059213913022044595,-0.02161045810056358,-0.05001987094868972,-0.026668228405921323,-0.010523091018815465,0.0008481254477498238,0.004326376503370223,0.10472290282855647
2026-01-30,1,-0.016760170779462187,-0.04284019580491173,-0.005888177988882179,-0.029952316226427862,0.0157981333450658,0.09412195557103657,0.038037378075961435,0.09352605801082355,0.010156536055837622,0.011397800738705298,0.0246925968542937,-0.0012453800066953475,-0.003396826251572185,-0.01901802533348795,-0.0024630335435303764
2026-02-02,3,-0.005649849492653827,-0.01697833546908924,-0.03811891638868556,-0.037870291213567636,-0.038343415899529304,-0.036318717856236325,-0.05421021687929972,-0.050875670660453426,-0.06556303728069798,-0.0630285973996729,-0.07527491887890266,-0.06499551027537086,-0.06255562927291063,-0.033970411574296346,-0.0460503648540651
2026-02-03,1,0.01963607026669792,0.03367321301120653,0.04986074403789442,0.02938850226027263,0.006493556542520386,0.05334599920239869,0.06953616820201462,0.026778119081392885,0.028716140451948605,0.040298073061826194,0.045162284359742795,0.10768500147219501,0.0820508230785961,-0.002693551801357373,0.049128268668985405
2026-02-04,1,-0.008368319815832014,0.001654300717563333,-0.017664820115198474,0.011854484774419995,-0.0032415580222091645,0.0077619961233919765,0.038538071974739345,0.09494056235417342,-0.038910369495793344,-0.03682620266244549,-0.029647164256636747,0.009506911944278289,-0.15307866115007154,-0.04151369459674703,0.008974129583598256
2026-02-05,1,-0.011267750450865886,-0.06310701099022926,-0.03424299854654075,-0.05715843932287685,-0.03974029041342523,-0.059739029489811434,-0.030962210592278615,-0.02621873030511919,-0.026733068348870844,-0.027489615735631075,-0.026951991002351187,-0.059701036835556595,-0.01187577982270534,-0.052614651291454734,-0.013285868108335751
2026-02-06,1,0.008462745067968938,0.06969677954540703,-0.018614855702133778,0.010638434002502396,-0.034367681740296724,-0.07232070550448472,-0.04765877275726803,-0.08305165760387914,-0.01352588958933577,-0.017332870585707292,-0.029177833486323943,-0.004403985204275011,-0.004225320651218147,0.009076670974801178,-0.007434912296744958
2026-02-09,3,0.01947206128936781,0.07128907957187985,0.014508027826322182,0.027827864134452575,0.054435225293232935,0.021819066159387654,0.0943502895561551,0.0502618347808883,0.05947572883358657,0.04053194127867235,0.04203520222990604,0.04800921146518274,0.09537433110747677,0.10883315436029536,0.04756534410699452
2026-02-10,1,0.03518633799950064,0.05068153739848737,-0.012422465573054412,0.03538696883442498,0.05789402157535476,0.0667842047196013,-0.016949585926694467,-0.005899722127188271,-0.011182778925847061,-0.014020845319384108,-0.01718006665894955,-0.0036122414842670856,0.01578442104749267,0.06205355934940288,-0.006942375751096169
2026-02-24,14,0.04422045514421696,0.10346918279118092,0.07038073885505372,0.07647041757323365,-0.012578835147507322,0.18277005990094694,0.2056532942735615,0.23607730009877803,0.010755064495000707,0.020551474857631674,0.05547227853699471,0.18753506532704325,0.22177863184189398,-0.10955817279335725,-0.1410665439521867
2026-02-25,1,0.025126975116398907,0.019468491026265265,0.0019399166938396696,-0.018576448473900435,-0.01273898031855543,0.02764134124665045,0.09476778788518266,0.013921338518608014,0.003843592491416914,0.02728900737168514,0.0027284670243971033,0.017348710930772004,-0.023752135400125617,0.030546228947679693,0.05550166062464875
2026-02-26,1,-0.00997516726834395,-0.003863510352271846,0.0,0.02163914989707929,0.009569441515486651,0.04894594729860807,0.0036101811763623324,-0.03437838550812872,0.03764571669150619,0.034053335968282916,0.029532345500086685,0.06882898459126147,-0.0372582500186326,0.048466379866807976,0.01634449581140721
2026-03-03,5,-0.03053672960266025,-0.07500161404340594,-0.11054189867939758,-0.06964832623961276,-0.10359836587326336,-0.03917916322912608,-0.10436003295689025,-0.01764279924274979,-0.02388735105379161,-0.08438864951971567,-0.0677182030165886,-0.11098277583695842,-0.07605382437142626,-0.06341361636224366,-0.029878842095880227
2026-03-04,1,-0.036846258540707756,-0.09322616511440457,-0.06252036132689769,-0.0926906435694797,-0.021353102394449958,-0.10464084780942567,-0.10536052924965897,-0.08260802333135986,0.006077810263399661,0.0031175282110622753,-0.0021253284281927344,-0.12485569687922388,-0.08068114929642194,-0.06972515490955959,-0.05418936425042629
2026-03-05,1,0.018592857926931446,0.07639540592124099,0.0339783461363158,0.059354217939427384,0.017825692171216004,0.07616141083234153,0.024150451534689463,0.044680971419298735,0.0173989584221116,0.013398148430437339,0.009880070934693426,0.10675332019612588,0.018568701762885373,0.026119165215069018,0.05594610228338652
2026-03-06,1,-0.005277101342625851,-0.033072763940134274,0.0022246853192123273,-0.03624205793233186,0.010544903178485573,-0.04082201434066919,0.018270275856724867,-0.020374219195137423,-0.03468075983847764,-0.018808046202160228,-0.016283566119996262,-0.01790469480849418,-0.027412730073143873,-0.026792183470099543,0.008084801415518771
2026-03-09,3,-0.04325001511493051,-0.06648969905869187,-0.10536049260702478,-0.044931281418528944,-0.07249547012683107,-0.10484626882796964,-0.10429612098792426,-0.09719875449219294,-0.04433579476895677,-0.024927390910616493,-0.018005523732565632,-0.08132749858555205,-0.08498298516066674,-0.06849615393706943,-0.056633743126005484
2026-03-10,1,0.021858843097278393,0.04730099288890545,0.057569824418427146,0.07437056895549579,0.09325754878496775,0.08615415852114333,0.011750953697952995,0.03528685508971605,0.021978908563644203,0.024510024027317702,0.02936122261759889,0.07973219731243773,0.0790006840456338,0.03796280378419922,0.048548941710486695
2026-03-11,1,0.04750227873774379,0.029370683076449505,0.004651223180564578,0.04341242728197998,0.05334589349558519,0.09445213401039981,0.09467280323221844,0.058475469903895703,0.01745544639041489,-0.017263616686194083,-0.006371693352902068,0.011114195816153616,-0.004606580600576558,0.016521776029688864,0.025986671071616327
2026-03-12,1,-0.028760137188588764,-0.03086214424327508,-0.052392925410962424,-0.01980248223460685,-0.013072035030007865,0.029600499032972346,-0.004259873648518409,-0.005176888179533792,-0.023342356640360544,-0.016270899130775923,-0.012147372048158174,-0.01111419581615364,-0.016944057220248603,-0.00045532473738326145,0.025328512809348808
2026-03-13,1,-0.01066672611580839,0.01921716347204253,-0.01726306799157595,-0.015113742852425343,-0.006600711830481043,0.056695337155205375,0.09463080380171217,0.09405113022031424,-0.005481848534611653,-0.010196409866038222,-0.01886850260997079,-0.023695174007254533,0.024228016593408543,-0.060319531106142604,-0.05858157772489489
2026-03-16,3,-0.010781799762729376,-0.011782185665486737,0.01481502089784349,-0.025708278472684105,0.0,0.07761695972074041,0.09442717145438659,0.05960511201961545,0.005919090958767756,0.020289901472014052,0.02888292294197172,0.027943723587371766,0.03687226055948702,0.04083172129047744,0.011426194521006629
2026-03-17,1,0.016716489956191696,0.013245189530056078,-0.007380075094296693,0.020619246174896227,0.03896603089464138,-0.0109891086504085,-0.03964481783945567,0.013264748658483101,-0.04470018559572781,-0.03368053034309988,-0.04067378052411808,0.02718413270769187,0.0420533047169067,0.03743873473246124,-0.00021855427518138648
2026-03-18,1,0.01854358908375463,0.04432465718658556,0.041118217979413896,0.09407256164226836,-0.009600063848733657,0.06591876088557927,0.04141007709775115,0.06791860017898844,0.0451373203587826,0.0464195344285813,0.032096185611309724,0.07259649942284095,-0.0021201923432021662,0.03759924552446011,-0.03785793784890709
2026-03-19,1,-0.029296349634257236,-0.029810615080847237,-0.02641205881193685,-0.021910082848747212,-0.009693220185418674,0.0017227039485111792,-0.010638384360561075,0.04807334161747763,-0.03513041941233577,-0.031068354211590044,-0.028396546734276114,-0.03912482673814785,-0.025435685461570885,0.011372272971977522,0.021776534661963092
2026-03-23,4,-0.021858864933048904,-0.051748423176123826,-0.06795067728797734,-0.09975041771532779,-0.06021880145228469,-0.15214470729974433,-0.04932511495017783,-0.10290084574958666,-0.12288758854327092,-0.09993457566652453,-0.10503231404037457,-0.0734559911278424,-0.09217049570613262,-0.022875363657331685,-0.026098216373975452
2026-03-24,1,0.0,0.009063542695818091,0.0,-0.026573784566948117,0.003442305096736075,-0.08137957402834774,-0.0839517046339803,-0.07655649869699947,0.009423211918275257,0.011953326204730361,0.012230056575443128,0.01808565610441798,0.03837869130401707,0.006744270805598818,0.0031861518538535546
2026-03-25,1,0.01915251124752397,0.05699136286525366,0.05817061493492319,0.03527703318634521,0.060018054377757854,0.0953101918913082,0.09512499123302627,0.09232743488999492,0.029718679826961927,0.033647958710477884,0.02560141070755112,-0.00369684413152124,0.07887374472471423,0.08596275134686557,0.0011355298581587844
2026-03-26,1,-0.0027137646317394854,0.01969117584701689,-0.024876873363151496,-0.00173455587248654,-0.02955877202389928,-0.007936539964674064,0.052311302729480876,0.0,-0.030225862554038533,-0.017617534286272305,-0.03455551808064536,-0.0482348235704502,-0.0021254496451216355,-0.006587464669499783,0.06841770790500505
2026-03-27,1,-0.010929039007348087,-0.015438936397569093,-0.01778954256842585,-0.0335424773138587,0.05195965356904864,0.005958302346030159,-0.014159474378348887,0.0014214643473774466,0.0025329587711525573,-0.007276119327797129,0.0016340368776605807,0.0,-0.022835566613973603,-0.10085320907157837,-0.06751033259548751
2026-03-30,3,-0.0222231405739517,0.0,0.005115078276373241,-0.023616015363900775,0.025001310717264205,-0.023035573162671092,0.0333071903108012,-0.015748356968139168,0.007811587949652664,0.0011771312089104162,-0.004090031253730231,-0.01925748056112949,-0.05965586417225211,-0.015403793316701572,-0.02224091242760116
2026-03-31,1,-0.011299522339204407,-0.07334664210792172,-0.04700599865097861,-0.041281618648216,-0.04095053009920416,-0.10457280831084628,-0.10536052737492352,-0.10167962808980473,-0.02774066647808085,-0.02791534448048767,-0.04698841180309125,-0.05299635075851152,-0.05335302735056107,-0.07471386284683153,-0.04602336031717957
2026-04-01,1,0.052570803161482764,0.09434111365621628,0.041890920374605414,0.0720533239009496,0.0653419913250007,0.09438943328791552,0.09496183374912344,0.058931778376335335,0.018916703477375115,0.025795473606251076,0.02460880927798714,0.12598954923227068,0.09046444247428052,0.08767777852456256,0.06894437237770039
2026-04-02,1,-0.024557847856762956,0.0,0.03526814081248871,-0.07974563359872344,-0.03058336106783067,0.06056442832811982,-0.010508071397871861,0.01197619104671562,-0.02590889453620811,-0.03943764202796439,-0.032370885140627366,-0.06115206245989285,-0.037240024216559586,0.031908397686209615,0.08468594277601195
2026-04-07,5,0.027249697871105698,-0.02524671099774241,-0.05077233981583451,0.034158911396848686,-0.03154839119378555,0.08315032382791117,0.09402900348916549,0.0648175000764709,0.008796915743361305,0.010248918411836344,-0.007822713994547176,0.09663422160476942,0.11447639575090303,0.01154838402896352,0.05567676197617656
2026-04-08,1,0.04725287672771562,0.0844037861705052,0.09436273609991418,0.04380253692857619,0.053054542943852354,0.09466521744611411,0.020619293203839314,0.09442224925825875,0.07825773862004022,0.08065888766709463,0.05928918361506289,0.06882322578387773,0.11638009946392486,0.012467117357789648,0.04108980179464736
2026-04-09,1,0.00256081345556378,0.023226863737761314,-0.0071343629632614905,-0.01801845119673537,0.09282023586959927,0.008032211155416321,0.04901440426901681,-0.01792621626815201,-0.001668762528382649,0.0020136281688722863,-0.002470149827358278,-0.031365680223409444,0.0016323202971460927,0.09603534236774221,0.10809728589339856
2026-04-10,1,0.02275698351213781,0.002547756086423186,0.023585969402274608,0.009049808122325318,0.04601621949598964,0.020586560753053217,-0.0029939798083381776,-0.01562531790308087,0.02614063998020161,0.010892620067490037,0.00902751444700156,0.009756175689807531,0.007919627138063224,0.05058720987122661,0.045918407347515455
2026-04-13,3,-0.005012465640636734,0.06047489647806571,0.018476267702099664,0.06115446244583588,0.01314080775003959,-0.018987890193302992,-0.018154879579633257,-0.03880085379999479,-0.003959506825106265,0.009243041270679882,0.009756160554826573,-0.024571223708365654,-0.05210268334310903,0.049877724570659115,0.01063668102933615
2026-04-14,1,0.03214111555628166,0.0154489243368895,-0.004587144035486454,0.020134868924004203,-0.023779167647605674,-0.0474332519796966,-0.013835714506704493,0.012203541280729063,0.034181569515816454,0.023810580782488454,0.026348866771590602,0.02699548644105626,0.054829544599533486,0.04189804721286422,0.04390794978908538
2026-04-15,1,0.01209212933716343,0.05170594069243681,-0.03509131214659451,-0.03378700455470659,0.0,0.03457135351397236,0.01536129699648127,0.03313755819987572,-0.017059461885129787,0.005120613914806743,-0.018290791677388576,0.021557740820058718,-0.05546899895362596,0.014454968009320343,-0.021242738689642306
2026-04-16,1,0.0024008955852008076,0.00891868966909182,0.011834479438726625,-0.026111064464922576,-0.06632266147718115,0.0427618570365789,0.09447837485058937,0.025741447050147123,0.003206601378277385,0.021682735535527325,0.0064000631571785715,0.03034073613999487,0.02026240702799348,-0.026439117690979435,0.017553864867678768
2026-04-17,1,-0.02673304450529359,-0.019048179195136718,-0.023810692802268302,-0.030441070472536413,-0.017291479531623525,-0.00310558887145342,0.004152249710943964,-0.00509555242660017,0.005700598792964707,0.0033264431047729678,0.015823066048300406,-0.0069204972827361655,-0.035841556394923646,0.051879223465599505,0.053369940998681274
2026-04-20,3,-0.0024660853282521874,0.04317214046222025,0.0024067295759899196,-0.014652208160687236,0.08628433916174623,0.0530025474290961,0.09480775312919738,0.09496180843692766,0.011529541370952863,0.0064136249894893894,0.0015686753507145902,-0.006968651591471591,0.0361549214155065,0.06865372382155834,0.0
2026-04-21,1,0.012270116987819808,0.022496955960005192,0.023754130258528662,0.03623585225560255,0.09409728429762597,0.04611771538250496,-0.008832879703928735,0.0952045887583475,-0.010393293536464223,-0.026328357736373775,-0.016594586877846748,0.02076201042868906,0.09791774321140573,0.030263111275347504,-0.04173486622750643
2026-04-22,1,0.0,-0.014941618164105075,0.025493809711104043,0.02286809813389348,0.019231368403097575,0.008415186819352908,0.01758842225534374,0.03731002696108828,0.03306083687545414,0.03454357687106305,0.020505468624480494,-0.006872861554481391,0.058840500022933395,0.011027699793878645,0.008487550071197907
2026-04-23,1,0.014528117260525037,-0.0010758074819545754,-0.05406720544592663,-0.035401934106483346,-0.061368937933929696,0.016620861523920692,-0.01001256087288304,-0.025761342176306056,-0.02446735683295314,-0.03433182669198389,-0.026900415633989663,0.0316768223762487,-0.005820477591717947,0.028641602633344934,-0.01505396789624003
2026-04-24,1,0.04924796157449069,0.06561437415201275,0.014388749263845743,0.030170923025823908,0.06136893793392976,0.08173188237632427,0.09473823608978779,0.09360061532679471,0.010750354123637024,0.024671912629984777,-0.0016051087967219472,-0.02252344022593836,0.11883023449544369,0.009093522176589455,0.022871155020405435
2026-04-27,3,0.03595882521792916,-0.0010085977030714168,0.03278982521305095,-0.008779660675612836,-0.0792493189401466,0.06017780252944379,0.0436555171266755,-0.02113431207397373,0.0313588254128247,0.05582658337004196,0.034731191065359976,0.022523440225938482,0.010313459128273118,0.06876415539929409,0.21187941918032233
2026-04-28,1,-0.022322290597211462,0.0,0.006888630969030061,0.0,0.022930918029327927,-0.016827299721514755,0.02059692956222666,-0.013685453085254203,-0.026691628472467623,-0.018729003809512274,-0.01879464821538517,-0.011198343513634138,-0.00871983329299506,-0.03226917908879303,0.02925054195909546
2026-04-30,2,-0.036785761748540376,-0.03595661809295068,-0.07358001041265409,0.06486915186511236,-0.017789576943301817,0.06794180318703487,0.07540999320481892,0.038614836127779516,0.010147958904014969,0.029800313570317805,0.03571805479239898,-0.006779669729745202,0.07068994444410845,-0.06854903952173337,0.1087082665870814
2026-05-07,7,0.07878081512902652,0.12195843092903526,0.12704490218251455,0.11391885845330284,0.2424433521662259,0.014615228913940818,-0.05944373514742789,-0.06960182309411793,0.06788006144710024,0.13208166615611247,0.06138713498740824,0.20806442567431768,0.19454867603715464,0.08948666097511339,0.17623448531254512
2026-05-08,1,-0.008695681905308813,-0.04546238070822117,-0.03757352282940688,-0.08620718391271383,-0.10379679759564948,-0.09107810874935056,-0.10336790431332922,-0.07262527649795865,0.04000136332554107,-0.033038139659032274,-0.014451073770050707,-0.011111197100813833,-0.05394848362097214,-0.06624941404768103,-0.030456464601627882
2026-05-11,3,-0.02431068304016952,0.03989131335630087,0.015642778624486986,-0.03767856800689173,0.006674100309780633,0.0512321435970602,0.06131317692508789,0.0937209859855542,0.09539978347934078,0.0686195629720676,0.07025358261674007,0.061391145143303794,0.008983056878025565,0.05831857516889829,0.13065365308360624
2026-05-12,1,0.00890882891995213,0.032970038457300295,0.004424835483001745,0.00499581062081968,0.013216038102664623,0.01612943307424822,-0.008849581447089807,-0.018054652911816706,-0.010624057317255381,-0.028833813897034526,-0.021255503560244013,-0.02303026161014644,0.055595747044702985,0.0010437316481938302,0.03554395441441869
2026-05-13,1,-0.015642786878988735,-0.012692802901601316,0.023992389583082162,0.013201556706048147,0.006543092074504951,0.019242188627647847,-0.02247287284184971,0.0070600394107248835,0.039923745459732436,0.022936022286074945,0.01376486495196476,0.017762484372512752,0.03035044024046118,-0.04316644047109645,-0.0706552675157879
2026-05-14,1,0.02227268043023914,0.0,-0.01301537894804712,-0.029952316226427862,-0.00435732368772245,-0.012408457379634703,-0.03822123538633166,0.04807203128399123,-0.056902703239722845,-0.058531841536864054,-0.02561584924832662,0.04138521616285428,-0.005878911699775997,0.015669575736589,-0.0026567030387076892
2026-05-15,1,-0.002205120308998935,-0.0018265293200726666,0.0797067858979653,0.011754948899560077,-0.013186991352136137,-0.07053450219362493,-0.07474390883765362,-0.07145896398214498,0.06659633182123674,-0.006642226468673378,0.0028011403545244074,-0.0900874572349565,-0.07974793980110002,-0.034359192702074125,-0.03691893830225818
2026-05-18,3,-0.011098915811445117,-0.07003804601417349,0.00803213656338179,-0.015139058303184707,0.01754431503985865,-0.006108784432262515,0.006341219017628464,0.03834980537486615,0.004811835824668385,0.018247131308260472,0.02690741273746606,0.03808258874518524,-0.0015976996528524118,-0.02443250216804739,-0.06375103307164487
2026-05-19,1,-0.015748367406597814,-0.07743175650849866,-0.09651087022186558,-0.020548627102820016,-0.06976954721278081,0.0024479787065658765,0.008810643926041063,0.015717415895409724,0.04163775339138724,0.01351254906372181,0.040685862683581986,-0.019767028213331896,-0.020352826597359354,-0.06322217920012271,-0.005531483528446032
2026-05-20,1,-0.009111541999886173,0.00843888070830925,0.03250556280526637,-0.040605835343015956,-0.03800933685834629,0.006093893963309765,0.03811153355458043,-0.017699577099400975,0.08522820998258934,0.05647859665952821,0.03720765288744466,0.0018133080961929334,0.020672570804719882,-0.007599964607982867,0.024022755141490063
2026-05-21,1,0.020385751885787506,0.06899287580018941,0.09356410361570049,0.030170923025823908,0.058771307436076344,0.0949786995021541,0.050569299233132005,0.09458841867591528,0.00931909640642098,-0.008384472346247568,-0.044423195739098066,0.08171348655358185,0.1335713534629063,0.044027064719937316,0.07106049259968213
2026-05-22,1,0.01114830008989005,0.09531010295026736,0.09442722536655797,0.034367648823636576,0.01135087185952914,0.06936114312498423,0.06868697106353397,0.09465358096261328,0.0865126577238683,0.02683866373429987,0.01567638883680956,-0.02364972570710584,0.07410797215372183,-0.03854918629594667,-0.0038743338806197657
2026-05-27,5,0.01975914690356755,0.13486743100210985,0.18496817062521778,0.06379928293855999,0.035480450117828376,0.10742029649341256,-0.03154149901520072,0.14211513631591402,0.16739184343756366,0.1198825233718442,0.26689056940881434,0.048383095547624766,0.059248580012273316,0.10860243458845002,0.04149009852403245
2026-05-28,1,-0.002176326632073908,-0.023641761220881418,0.04872029125118167,0.014162209630401264,0.025807858041734834,-0.05226845119765812,-0.06269860852740666,-0.03037109787629876,-0.01661842638302514,-0.03039892354522159,0.06438345013434045,-0.024733369840518837,-0.0341126067407311,-0.01743941167874735,-0.014269067148123865
2026-05-29,1,0.025808020232482073,-0.025849518919225434,0.05840079885169677,0.026215881603797207,0.03340603910723542,0.028848119554642854,-0.002355686708672589,0.06811142585914588,-0.03225877884894626,-0.048790208206340266,-0.1054121876376522,0.05678734758968048,0.1528471819238142,-0.022554653936225758,-0.007252955786011523
2026-06-01,3,0.0,-0.01650202228813978,-0.0349028871602636,-0.03248541496145435,-0.08794517206559775,-0.004750567975582386,0.06505429523607913,0.059898141581069014,-0.08121144122572461,-0.07240779652921911,-0.048195712664099104,0.09617015511179372,-0.05381363023879382,-0.014557251267293955,-0.05273539248880656
2026-06-02,1,0.010559677426964169,-0.01847243671841949,-0.05330849538373705,-0.03683370017279363,-0.038862017638459756,-0.07410797215372185,-0.04867963375614778,-0.040875828871967945,-0.00397356118756176,0.03913301003450803,-0.005440770996322465,0.0324200692100144,-0.03075015167160264,0.04483926344103697,-0.04777479548192122
2026-06-04,2,0.0020986820717437964,0.005071882343191657,0.019972134200236386,0.04933380450853515,0.09763846281502996,-0.00411106065433421,0.018391322486537173,-0.07111008910008965,0.06088223736393326,0.10770735981645513,0.04949137324255969,-0.025282268558212643,-0.0474780374496241,0.034246778538486,0.030447291936773924
2026-06-05,1,-0.00842107758628195,-0.02735217173221004,-0.04625099372378901,-0.03959343469974279,-0.03441200767675404,-0.0399212199845095,-0.03830998787728895,0.02849195579430624,-0.05690867617637144,-0.06178566641016682,-0.06322402475248724,-0.0661519761758007,-0.07172545299105054,-0.018521420669926743,-0.008285497210163185
2026-06-08,3,-0.030045302144908147,-0.06627309828622509,-0.08970470737462401,-0.07026302905154237,-0.07967809235136823,-0.023862341436364364,-0.016706860026254742,-0.019858808649603286,-0.07334559768679867,-0.07098251088353225,-0.07342750476967977,-0.10738890877054587,-0.09499040151454556,-0.12801206247450467,-0.11969711218672856
2026-06-09,1,0.004347927150244601,0.052311245455552095,0.03809987823274879,0.00862815516991261,0.02573241294448341,0.0617217074253823,0.09520077450499123,0.02266385957721187,0.06857550719521871,0.0342602298326285,0.04879020206090859,0.08588272628838897,0.08615618531350037,0.05014567952297477,0.10609634259349467
2026-06-10,1,-0.021930747421738155,-0.054164859602377005,-0.05770826387028262,-0.06752120372015864,-0.023365574785545115,-0.09180754075663623,-0.07612987427389871,-0.0786431273191131,-0.01660674937905229,-0.04751830139942433,-0.02925798484347128,-0.062470309987403126,-0.06642252115655004,0.03764814221067865,-0.021541678395009516
2026-06-11,1,0.00044454561019996864,0.009233675316764571,0.09440966041484718,0.0,0.016413062324367324,-0.03452582753210193,-0.04837698960517987,-0.06413456233587514,-0.02876923073659817,-0.0222176256025155,-0.02126486530523895,-0.011637639745537852,0.04550068751903317,-0.018503275198940062,-0.00818758999967123
2026-06-12,1,0.02631734082394494,0.08117332650530378,0.042622126081227465,0.036105126253630444,0.05651220151389345,0.05468332929113932,0.014760396704803714,-0.014646315517239189,-0.04302498968275935,-0.04893993192969065,-0.04206658300635934,0.07565950412239153,0.047979187159346695,0.08979691927122004,0.08862938324072106
2026-06-15,3,0.027749851807817194,0.0,-0.06080445973906273,-0.003552413376015543,0.002195433916465611,0.062318754369764556,0.04884829228199491,0.07878087785311438,0.07543370294625815,0.07278387581537459,0.06449958807928553,0.04397980937268519,0.17461506449809613,0.08348130285928715,0.06303581627439549
2026-06-16,1,0.010471355712396123,0.0033840768230963933,0.057922625898572236,-0.01073359146618136,-0.03571809253004586,0.021639180363813803,0.047682140119024635,-0.02765153133051001,0.034515788646741416,0.02233561761744741,0.03949014157319663,0.01764756363566758,-0.013497273163064023,0.03162797255846691,0.026068115664005898
2026-06-17,1,-0.006269646380164753,0.005054790945499405,-0.004338337561364445,0.008952583841300077,-0.039402605224680684,0.007110198617608374,-0.01902689681470378,0.09502693380328091,0.06089225004034156,0.06594783806848933,0.06674565660619573,0.010152315264934788,0.0669859581140501,0.01290793515526117,-0.08833470010299599
2026-06-18,1,0.010427678542456468,0.029803547446516986,0.0522348690240672,0.09514811262115415,0.0946652740117959,-0.02045058617053729,-0.01250723036872026,0.025176154892474188,0.015413845538392507,0.01549954180197683,0.02897260980936617,0.0451416591517199,0.06902064887893397,-0.0013874660507104633,0.03401541794971301
2026-06-23,5,0.032655936043571476,0.07690057385982522,-0.05513770629493839,0.06585443370347892,0.004291869997416095,0.0061792089709445715,0.03926471397973303,0.004135085147803017,0.03728677236777639,0.002194770528721225,-0.0035759778641152335,-0.1564521517601272,-0.05310629006486359,0.07916118041344763,0.15171764726229509
2026-06-24,1,-0.040989361814186935,-0.01368838790543366,-0.017595684811190393,0.012066649427758369,0.004273462177609698,-0.04515200410810333,0.049366270117670134,0.016371443414682368,0.09532074983478898,0.08701139557433858,0.07110588768045581,0.09384284411493209,0.01627044231052123,-0.07581148571810886,-0.0634134063357694
2026-06-25,1,0.0,-0.018547651019004782,-0.03614854235766288,0.00299402416028512,-0.028109908432094984,0.0912986129000365,0.0921572607447092,0.09420241921347615,0.09531019445229394,0.04159337789051158,0.06549136068199511,0.05151349254758315,0.06198836889265802,-0.04673971212054316,-0.004774039304782058
2026-06-26,1,-0.021142445768182194,-0.014140119332515789,-0.037504425858381714,-0.0825371209471473,-0.06103589870057248,-0.04512041129610274,0.07376615023960909,-0.01864566137146286,-0.03199335404818053,-0.08317487359688643,0.00711746112599536,-0.054454694277044594,-0.09417317001724974,0.0339741074904912,0.009224330273786035
2026-06-29,3,0.01273909333029861,-0.007942852892199365,-0.009600031665685727,0.0016220136556248047,0.004651118319895253,0.001025082829927281,-0.040821994520255166,0.016179568876269486,0.02312242347052781,0.013594374357571083,-0.0287789373967132,-0.048719396517296204,-0.012578782206860073,-0.08402168927452562,-0.03484396865845271
2026-06-30,1,0.01673677820849929,0.08114626952762033,0.08177257515666778,0.08984367221902079,0.04939851502135983,0.09195135076457553,0.09278173345096627,0.09531017980432493,0.0029013854717957546,0.04433195853813029,0.01763551894602533,0.033488669754043826,0.004840586111738164,0.04495966343532378,0.026151265579605162
2026-07-01,1,0.038661991901395486,0.033264108199991045,-0.0059435277926383305,-0.01944715278742954,0.044059989794030495,-0.02843795950318988,-0.008474626990972232,-0.00337268447863923,0.02940405283403847,-0.02617319920612307,-0.020376473837079922,-0.06015691683620525,0.07947729325009861,0.04616126494132753,0.05831763514818218
2026-07-02,1,-0.01609701269578532,0.03356954836313745,-0.005979157943796924,0.04864631227928238,0.07071552479839767,-0.06044430755641347,-0.025863510589919352,-0.06583559584682502,-0.10531879874153284,-0.0926483306038309,-0.07551652762210607,-0.09499226532064259,-0.09620256933335096,-0.07511661841229904,-0.09465157397731229
2026-07-03,1,-0.00814662829864014,-0.0547980006738836,0.01340311046149783,-0.03663421123708801,-0.008064559836730408,-0.01026708118472521,0.03433813758089162,0.0036079413761990835,-0.05459994665467642,-0.038894205287933276,-0.03821481668068351,0.07896628130479812,-0.003207529746670993,-0.13841882711516235,-0.0539403763960396
2026-07-07,4,-0.002047094498339937,-0.04652001563489282,-0.04384682394686819,-0.055228649814631554,-0.06480846310168842,-0.14081711677242736,-0.14018397234555005,-0.19269934994449336,0.10548155613480686,0.05128551779118544,0.1169284099791671,-0.04459863780059037,-0.15991438454400844,0.0032966553551369376,0.015254870213623825
2026-07-08,1,0.010193722796980042,-0.040757992472167756,-0.017147704389959585,-0.03695196337996773,0.0021574981400210927,0.02701279924606855,0.0702865327281717,0.09438345702667544,-0.07055716352936534,-0.038863035584933585,-0.01655213009279471,-0.06453852113757118,-0.040780108826307726,-0.06732801081018008,-0.10163947726281379
2026-07-09,1,-0.020492428665189202,0.07991962317587344,0.006269585491265255,0.009771992720813756,0.012848142477849059,0.013809195274186578,0.09489874182279573,0.051624365405307245,0.09530048096850637,0.09529628905326355,0.09543660490426126,0.0018001805041478473,0.02175124593236234,0.023897042658154337,-0.001359756613862302
2026-07-10,1,0.0,0.0,0.0,0.0,0.0,0.0,0.0,0.0,-0.023555759184897152,-0.017049061119515492,0.06445950229920847,0.024868066578013524,0.039181305062795276,0.07553744413111686,0.020648934252910853
2026-07-13,3,0.010298705868209109,-0.010393560527263195,-0.023716570961295997,-0.004874059927682829,-0.04348511193973878,0.031498667059371016,0.04427282367798804,0.029741969198737516,-0.020584235184983007,0.03626196920281657,-0.04774370859910455,-0.11318834427807309,-0.08263226458027023,-0.023698811292613302,-0.024283994020944683
2026-07-14,1,-0.008230543092423777,-0.04424825546434165,-0.02757669783531594,-0.051807754556516455,-0.03390155167568134,-0.03264217776144999,0.015625317903080815,-0.017241806434506103,0.03618728326441131,0.05680347506419778,0.06225664584828102,0.032853196187187156,-0.03872859242399727,-0.06462369766927467,-0.06313134285357062
2026-07-15,1,0.008230543092423713,0.06346540265012011,0.03236524342612997,0.051807754556516455,0.03167685665357012,0.06853510082205669,0.09248731272162015,0.04849434993861056,-0.10503597856104181,0.010729395662436712,-0.1054470400085513,0.06084826041738923,0.07291546098167404,0.06078485962124906,0.044013166660327674
2026-07-16,1,0.012220076800628617,-0.0014652017273279918,0.007930270392808152,0.0352036500195848,0.056291916292386994,-0.059423420470800764,-0.10418335248481152,-0.09294611250944432,-0.10540858674847803,-0.03569501166206852,-0.10531250066951095,-0.09173874743672772,-0.10541796876174607,-0.03714868121119215,-0.04527467653047884
2026-07-21,5,-0.024591333209258725,-0.07455923569928596,-0.1515212031217391,-0.13083960639700437,-0.12306009275722725,-0.06680866967211027,-0.06899287148695143,-0.03166491464396869,0.017630037851343084,-0.09163023862787216,-0.12532335473837022,0.015564516541111548,0.0005743825545622938,-0.07807346521971631,-0.05930255657210228
2026-07-22,1,-0.004158032162291761,0.035690366799912755,0.07777769325992558,0.05576353778207569,0.03278982282299097,0.0947590637804556,0.0922497336512188,0.0648735856406222,0.012788305097038405,0.07770896066262284,0.003807439679948846,0.005774799493883958,0.04683317621053593,0.06452861706152577,0.08290755916096089
2026-07-23,1,0.0020811772335219596,-0.010728072239999,0.0,-0.03098353942001204,0.004597709248629549,-0.01220203714020617,-0.05918887139033065,-0.013915468061974558,-0.05968517482443694,-0.07023341358939209,-0.04043749660757223,0.03581909780495306,-0.009635311983672143,0.0035900740686141317,-0.02720400570604651
2026-07-24,1,-0.023134595114307446,-0.057067780767878565,-0.050577416613700035,-0.053872939308836534,-0.03977132342689663,-0.06572970650772426,-0.10265415406008334,-0.09901128797916753,0.025534390513837574,0.09319862839273109,0.049624271579919034,-0.07896304380680143,-0.03978518779181479,-0.02479338214786364,-0.02356529374932865
2026-07-27,3,0.0,-0.008190053970044367,-0.0017905586605011256,0.018281988501239334,-0.016847570572611357,0.010669929324696997,-0.03203935374461666,-0.0014074597678797173,-0.00665664245305067,0.0003913479897913815,0.0,0.017875351826963135,-0.03933586083030416,-0.005679704851956082,-0.08220677907491869
2026-07-28,1,-0.03023994094341998,-0.09301019521888317,-0.10376874970714221,-0.10396731040776032,-0.10482128674209121,-0.10431284662538262,-0.09661335414867066,-0.10536051565782628,-0.06938322538236621,-0.10540396909125971,-0.062138725099716116,-0.14370672066617501,-0.11707221050813843,-0.06766329855451278,-0.0070656474548907435
2026-07-29,1,-0.03571805526531602,-0.1045585909957651,-0.07640452110501988,-0.1048898166611385,-0.10506106963073468,-0.10477895123317689,-0.10467768872791547,-0.10379679368164355,-0.06938343978794193,-0.10536054022914564,-0.0528912718205958,-0.053688505113505376,-0.09787151849229839,-0.284228959982336,-0.0603655185476874
2026-07-30,1,0.0022701606487897505,0.011952333523841173,-0.06322647196618769,-0.04327598348182184,-0.03658944743229206,0.039891329027302025,-0.048960827195701724,0.003466207976486329,-0.10539148926528173,-0.10536050200709324,-0.10556169447838636,-0.00722024797348702,0.013274531208696108,-0.06697821533488121,-0.052574906202484485
2026-07-31,1,0.09510399419703178,0.09440968447107477,0.09340117508840079,0.09374540917097378,0.09474536758936611,0.09454808145675761,0.09454959955361068,0.09405113022031424,0.01843082331806193,0.014917700908291294,0.036870563303330786,0.2375322887663094,0.1986706947954842,0.121701777701032,0.10703230111977406
2026-08-03,3,-0.022941486802507238,0.09449084342092251,0.012658396871923465,0.043770663055328486,0.05762911283663642,0.09450125851447601,0.03524123361111608,0.09459410386968078,-0.07437724280361868,-0.09983298485421208,-0.046304554309959126,-0.09169766518070849,-0.06931467358144205,0.032816593851028315,-0.01025763513352828
2026-08-04,1,-0.021322777484729313,-0.04184710993550049,0.0727593542824283,0.05011487012562321,0.031498667059371016,0.06598256470980475,0.0921572607447092,0.09426769860488364,0.06980134378680401,0.07971299539757125,0.05017549243012098,0.002085506491021361,0.04990836413736294,0.019263857694012346,0.008830113281507665
2026-08-05,1,0.03598270076445868,0.013582551765868912,0.0,0.006091389393401913,0.04299018493136827,0.047552540249082065,0.014252022707201413,0.07652635301800341,0.052996437182129215,0.042259836733748266,0.06602649343372548,0.024692612590371414,0.21909372065788146,0.09434410164997771,0.10287391618320216
2026-08-06,1,-0.016771867622668968,0.0033670065479042485,0.049439725738227726,0.008064559836730495,0.04595730108512794,0.004119470295238804,0.04157642684574041,0.02974639310641934,0.09534974040889854,0.04977488581347816,0.03959158551617126,-0.06508067349565957,-0.06713247113991744,-0.03663943652621011,0.001980953005722452
2026-08-07,1,0.002111944342939703,-0.01694955831377332,-0.026317308317373417,-0.028515170308021233,-0.0190936588155797,-0.01867274170527484,-0.022884293833587845,-0.03580334681460935,0.024477165508200463,0.059852395251635174,0.04086830466776367,0.002166848085090293,0.005246601751843883,0.005554488789264633,-0.01244602146781712
2026-08-10,3,0.004210451793467779,0.07410797215372183,0.09444400391647582,0.026505119379997093,0.06979576193554192,0.038011766804142574,0.045256591588120856,0.01567241240763191,0.009854775596323051,-0.023765978386894347,0.004439514833671945,-0.00433840159859813,0.03950244297624638,0.020287683291889246,0.018267200847503974
2026-08-12,2,0.014598876955452417,-0.014388737452099556,-0.024562638368409197,0.04138521616285428,-0.027336554163750387,0.008032171697264253,0.11285448945523442,0.025975486403260736,-0.004339462387355862,-0.005394272145519768,0.013201499739151518,0.10514310072056367,0.029734598942879144,-0.017706066996771817,-0.03953165649905245
2026-08-13,1,0.008247412176368703,0.008019289166619797,0.005314450063492446,-0.021464238668299853,0.06266031499415865,0.0,-0.040328045386971774,-0.008191970914588146,-0.004615400633462916,-0.01023352999048412,-0.023218295348317843,0.0477645708670975,0.05139094586948937,0.02347913066427786,0.032621415942047795
2026-08-14,1,-0.01656351244585326,-0.016103407566578735,-0.017825783952600573,-0.025975486403260677,-0.021930703493970118,0.01980262729617973,0.07145896398214505,0.012843142090319013,0.011371736887858828,0.011823078479100467,0.005577280775494367,0.02396428043872863,-0.03660817333619564,0.03812002397215094,0.03513573143817669
2026-08-18,4,-0.006282776685967847,-0.02798536541807045,-0.0460062730086436,-0.0455565316023671,-0.06883450582029695,0.11560200971002327,-0.047067510857985856,0.0034742362681862726,0.08181004345471242,0.1153801041904547,0.039263561075571086,-0.02210034700066597,0.0043206980323184175,0.0596564442584264,-0.010286076928454391
2026-08-19,1,-0.01268512362804588,-0.018534650216822466,-0.011363758650315095,-0.004246290881451097,-0.019185240721348612,-0.013187004281953801,-0.053621091439097525,-0.018670320620531995,-0.09421034603250951,-0.10542346607931526,-0.07435482026873776,-0.08144033194017442,-0.057172503407328684,-0.11135995250569541,-0.06796495929289144
2026-08-20,1,0.010582062168389344,0.0033955890011381075,0.022599831917240992,0.0,0.009638628837768793,0.008810629682154906,0.012631746905900564,0.002352942262026836,0.02213556197491109,-0.006943354719604875,-0.0005762160111079292,0.09070823887095586,-0.029077051702935487,-0.07475343159423756,-0.04106333706781214
2026-08-21,1,0.014629387874688092,-0.005097717071668718,-0.0037313476128581356,-0.012848142477849024,-0.026733062197068752,-0.04944827541398126,-0.05151353445010801,-0.04814407445796116,-0.011515516616216264,0.011493467108193845,0.004026447424436337,0.038013626700044205,0.0020865943929536455,-0.0005896900714881374,-0.007246079368662133
2026-08-24,3,-0.01462938787468797,0.00848181505590913,0.007448824012990695,0.02972618026520069,0.012240054894502006,-0.009259325412796712,0.0,-0.021184592868277202,-0.0626311703454464,-0.04220574186996641,-0.03148953635384071,-0.09105636268452531,-0.020798433003467277,-0.011867267467818103,-0.022613450901368536
2026-08-25,1,0.010471355712396123,-0.0016906174779074388,0.014733231512984087,0.0020898649194592365,0.03584613177313588,0.018433701688837966,0.02178735418490723,0.05034826360371971,0.0033818089677736117,-0.005567398426163047,-0.0023724215749721367,0.0,0.06114089620426604,-0.04809391644994957,-0.031694950230770534
2026-08-26,1,0.006230582702712794,0.001690617477907452,0.044690188957816616,0.01861480844223201,0.020906684819313643,0.05766564184980908,0.01709443335930004,0.05362590108532393,-0.005823816667504237,0.005730649653502394,-0.01074639029545966,0.017358198609757732,0.004992521603120984,0.016563448179968326,0.0025180420056186417
2026-08-27,1,-0.0020725505404209704,0.021721823146835753,-0.03197430463251408,0.014242356715543168,0.009153381986487201,0.01709443335930004,0.09299625667392765,0.03677294551797053,0.03889672670055239,0.03969155271850621,0.03073530673978266,0.01706202527672155,0.022893307511844554,-0.006179157996355253,0.008650116553632972
2026-08-28,1,0.004140713316206385,0.02610262390263739,0.03546470957228268,0.08701137698962969,0.06823328162893295,-0.06115442315333058,-0.0433993155345556,-0.01654753698252971,-0.021259143509948453,0.00031378189519275603,-0.015249575632366667,-0.034420223886479306,-0.01817338817936063,0.06673138659848529,0.042705969230714326
2026-08-31,3,-0.006217568244976205,-0.061430099105251754,-0.035464709572282656,-0.049345874103154976,-0.030239885189718235,-0.10536051565782628,-0.008097210232619362,-0.09319895061855087,0.01088409594044755,0.012625802107075167,0.007653800295167225,0.01160554612030789,0.013783137225349408,-0.07753336039818322,-0.028862932763421383
2026-09-01,1,0.014448111337400094,0.04355797433912994,0.024956731973867458,0.08213569692614575,0.0408219945202552,-0.028428310357228644,-0.004073325387635786,0.06499629180246602,-0.03301425795987445,-0.050510919552338815,-0.03157836317984576,0.003838776307165667,0.004390250954011189,-0.012187566460656642,0.00044698754545859684
2026-09-02,1,-0.022798934951086522,-0.03503277351577024,-0.021353124470568946,-0.030939683534829426,-0.016985546365743884,0.0020576138946801622,-0.020619287202735703,-0.03137968100348102,-0.02738765062591252,-0.02775203341516017,-0.02886299376164167,-0.041061486797773925,-0.016687503804936075,-0.03375575084892148,-0.006051126771611424
2026-09-03,1,0.0020942527718410936,0.0,-0.010850016024065818,-0.0357516909638428,-0.03264707783666614,-0.05275484768315287,-0.10536051565782628,-0.08883766529870742,-0.0005611013915491841,-0.002851666518492868,-0.0018708318261311844,-0.0019980026626731087,-0.024296749355947594,0.03284208050199188,0.012065857534490835
2026-09-04,1,0.008333425770615544,-0.0016992357529598016,0.005439723295818121,0.0038240964384034758,0.004415018209116693,-0.02301471444022854,-0.023420274208098498,0.055221054499722526,-0.05642405541703245,-0.0457124241226098,-0.02849200396906003,0.02176149178151271,0.037571280564643796,-0.0048878973113948634,0.017830046487711384
2026-09-07,3,0.020534610288967213,0.054604134034851745,0.012578782206860185,0.04112729142386279,0.0,0.05079427854730412,-0.004750602758597865,-0.007352974305258806,0.02405512560214953,0.039308673684155894,0.03223029276050784,0.05519954935461558,0.08088765913910057,0.01752767581795984,0.04406756483305529
2026-09-09,2,0.002030368916642948,0.03013709442023869,0.0035650661644961446,-0.011049836186584935,0.026088436084297874,0.04532186543524482,0.055569851154810786,-0.0012307693861326238,-0.0052310583096208535,-0.013617283639052801,0.005581419301083842,-0.0018535686493229438,-0.03576722385863103,0.05992249721193037,0.08663724370181684
2026-09-10,1,-0.0061037158366192565,0.015504186535965254,0.008857453834061023,0.005540180375615351,0.029600469776290682,0.0010065426114014722,-0.03670136685042793,0.018304354862013313,-0.007604550173392131,-0.00017136552704314446,0.01290334888241613,-0.0018570107472127711,-0.03515801537937432,0.01234457246283987,0.016800705086391778
