,2330.TW,3711.TW,6239.TW,2449.TW,3264.TWO,3037.TW,8046.TW,3189.TW,600584.SS,002156.SZ,002185.SZ,005930.KS,4062.T,AMKR,INTC,600584.SS__ret_pct,600584.SS__limit,002156.SZ__ret_pct,002156.SZ__limit,002185.SZ__ret_pct,002185.SZ__limit
2020-09-02,387.01275634765625,46.1773567199707,64.25634765625,23.047548294067383,26.72484970092773,68.72776794433594,113.03018951416016,60.04817581176758,36.99969482421875,23.59081649780273,14.979848861694336,47293.265625,1723.4088134765625,11.592161178588867,45.583892822265625,-8.43,,-0.79,,-2.99,
2020-09-03,389.6941528320313,46.25406265258789,64.77335357666016,23.0103759765625,26.80595588684082,70.33857727050781,119.06997680664062,58.88997268676758,36.91183471679688,23.72958755493164,14.440300941467283,49031.98828125,1732.9698486328125,11.842549324035645,46.89423751831055,-0.24,,0.59,,-3.6,
2020-09-04,383.4375915527344,45.64040756225586,63.96091842651367,23.159069061279297,26.56263542175293,67.74337768554688,117.7757339477539,59.691802978515625,37.30232620239258,23.99721336364746,14.616880416870115,48336.515625,1677.992919921875,11.01718807220459,45.224884033203125,1.06,,1.13,,1.22,
2020-09-07,380.756103515625,46.7910041809082,64.69949340820312,23.344934463500977,26.238204956054688,64.52176666259766,109.1474838256836,57.0190315246582,35.43770217895508,23.739501953125,14.567829132080078,49118.93359375,1666.0413818359375,10.664786338806152,44.9466667175293,-5.0,,-1.07,,-0.34,
2020-09-09,381.6500549316406,47.55807876586914,64.6256332397461,23.19624328613281,26.80595588684082,66.13258361816406,113.89301300048828,57.37540435791016,33.18258285522461,21.420066833496094,13.616260528564451,50770.7265625,1668.431640625,9.950709342956545,43.89659881591797,-3.9,,-6.08,,-4.14,
2020-09-10,388.8004150390625,46.94441986083984,64.92105865478516,22.89885711669922,26.60318756103516,65.23768615722656,108.71607208251952,56.306297302246094,33.48521041870117,21.00375938415528,13.341581344604492,51466.22265625,1694.7249755859375,10.340205192565918,44.533817291259766,0.91,,-1.94,,-2.02,
2020-09-11,390.1409912109375,47.021121978759766,65.7334976196289,22.71298789978028,26.44097328186035,64.70075988769531,106.12759399414062,55.41537094116211,35.29126739501953,21.63813591003418,13.812459945678713,51292.32421875,1680.3831787109375,10.173280715942385,43.94147109985352,5.39,,3.02,,3.53,
2020-09-14,394.1631164550781,47.25124740600586,66.3243637084961,23.047548294067383,26.7654037475586,68.01185607910156,108.2846450805664,58.26632690429688,35.135066986083984,22.153562545776367,13.979229927062988,52509.44921875,1723.4088134765625,10.089816093444824,44.22867202758789,-0.44,,2.38,,1.21,
2020-09-15,397.73828125,47.55807876586914,66.2505111694336,23.456457138061523,28.34699440002441,68.28032684326172,111.73595428466795,61.20636367797852,35.37913131713867,22.07426643371582,13.930180549621582,53031.06640625,1709.066650390625,10.701884269714355,44.345340728759766,0.69,,-0.36,,-0.35,
2020-09-16,409.3576965332031,47.86489486694336,66.61979675292969,23.30776023864746,28.14422416687012,69.712158203125,114.7558364868164,61.65182495117188,35.03744125366211,21.93549537658692,13.694741249084473,53031.06640625,1721.0181884765625,10.581323623657228,44.8748664855957,-0.97,,-0.63,,-1.69,
2020-09-17,403.0667724609375,47.7881965637207,66.61979675292969,23.0103759765625,27.94145774841309,71.77040100097656,117.34432983398438,60.58272933959961,35.29126739501953,22.163476943969727,13.88113021850586,51727.0234375,1742.53125,10.65551471710205,45.206939697265625,0.72,,1.04,,1.36,
2020-09-18,399.0226440429688,47.86489486694336,66.102783203125,23.270586013793945,27.657581329345703,69.98062133789062,116.05008697509766,61.38455581665039,36.11130905151367,22.43110084533692,14.067520141601562,51553.1484375,1747.311767578125,10.646241188049316,45.16206741333008,2.32,,1.21,,1.34,
2020-09-23,389.5862731933594,45.94723892211914,63.73933792114258,22.11821174621582,26.643739700317383,69.17521667480469,110.44171905517578,57.90995788574219,35.82820129394531,22.728466033935547,13.98904037475586,50944.6015625,1737.750244140625,10.488585472106934,44.829986572265625,0.41,,-1.67,,0.85,
2020-09-24,380.1498718261719,44.64322280883789,62.779178619384766,22.22973251342773,25.792116165161133,66.04309844970703,103.1076889038086,57.82086944580078,35.44746780395508,23.303367614746094,13.655502319335938,50249.1015625,1673.21240234375,10.117636680603027,43.81582260131836,-1.06,,2.53,,-2.38,
2020-09-25,381.0486145019531,45.18016815185547,61.89289474487305,22.67581367492676,25.062150955200195,64.87973022460938,97.49932861328124,55.682655334472656,35.75010299682617,22.88705825805664,13.50835132598877,50336.0390625,1661.2608642578125,10.126907348632812,44.12096786499024,0.85,,-1.79,,-1.08,
2020-09-28,387.788818359375,46.1773567199707,63.00075912475586,22.78733253479004,25.75156021118164,69.35418701171875,103.97051239013672,59.1572494506836,34.11977005004883,21.79672813415528,13.066900253295898,50908.09765625,1701.89599609375,10.117636680603027,44.82101058959961,-4.56,,-4.76,,-3.27,
2020-09-29,387.3395690917969,44.95004653930664,63.07461166381836,22.60146713256836,26.27876091003418,66.31155395507812,100.08779907226562,57.82086944580078,35.047203063964844,22.52031135559082,13.51816177368164,50908.09765625,1728.3004150390625,10.460762977600098,46.158294677734375,2.72,,3.32,,3.45,
2020-10-12,413.40185546875,47.63477325439453,65.7334976196289,22.861682891845703,27.008724212646484,76.24486541748047,107.4218292236328,60.93909454345703,38.220001220703125,24.20536994934082,14.204858779907228,52832.46875,1819.5164794921875,11.768360137939451,47.40580749511719,6.44,,5.17,,4.02,
2020-10-13,415.1992492675781,47.40465927124024,65.5857925415039,22.48994827270508,27.21149063110352,76.51333618164062,106.12759399414062,59.959083557128906,38.41524887084961,24.93886375427246,14.214669227600098,53269.83203125,1896.329833984375,11.907464981079102,48.3571662902832,0.51,,3.03,,0.07,
2020-10-14,412.5031433105469,46.71430206298828,66.02893829345703,22.63863754272461,27.90090560913086,76.60283660888672,110.0102996826172,64.4136962890625,37.39019393920898,24.631591796875,13.930180549621582,53269.83203125,1927.5352783203125,11.85182285308838,48.312278747558594,-2.67,,-1.23,,-2.0,
2020-10-15,407.1109008789063,47.021121978759766,64.99491882324219,22.71298789978028,27.49536895751953,76.51333618164062,110.44171905517578,64.8591537475586,36.92159271240234,24.66132354736328,13.85170078277588,52482.5859375,1941.9376220703125,11.861099243164062,48.060977935791016,-1.25,,0.12,,-0.56,
2020-10-16,403.51611328125,46.94441986083984,64.99491882324219,22.52712059020996,27.008724212646484,74.90251922607422,107.4218292236328,62.45365905761719,37.273040771484375,24.235105514526367,14.352010726928713,52045.2265625,1946.7384033203125,11.963109016418455,48.33023071289063,0.95,,-1.73,,3.61,
2020-10-19,411.1549987792969,47.48136901855469,65.43806457519531,22.67581367492676,27.130386352539062,76.51333618164062,109.1474838256836,64.50279235839844,36.95088195800781,24.15580940246582,14.332388877868652,52482.5859375,2004.3482666015625,11.87037181854248,48.60845947265625,-0.86,,-0.33,,-0.14,
2020-10-20,405.3134765625,47.48136901855469,63.22232437133789,23.0103759765625,27.252042770385746,78.75057220458984,112.16737365722656,63.70096206665039,36.87278366088867,24.423433303833008,14.361820220947266,53269.83203125,2045.15576171875,11.777634620666504,48.98540496826172,-0.21,,1.11,,0.21,
2020-10-21,407.1109008789063,49.16891098022461,61.302024841308594,22.973201751708984,27.53592300415039,77.31874084472656,108.2846450805664,63.96823501586914,35.701290130615234,24.07651329040528,14.018470764160156,53269.83203125,2085.962890625,12.194951057434082,47.95327758789063,-3.18,,-1.42,,-2.39,
2020-10-22,408.908203125,49.39903259277344,60.9327392578125,23.159069061279297,27.333154678344727,78.1241455078125,104.83334350585938,61.38455581665039,35.17411804199219,23.987302780151367,14.185240745544434,52570.0390625,2045.15576171875,12.204225540161133,48.01610565185547,-1.48,,-0.37,,1.19,
2020-10-23,406.2121887207031,50.0126838684082,64.99491882324219,23.12189483642578,27.698137283325195,76.1553726196289,104.40192413330078,60.404544830322266,34.471221923828125,24.03686141967773,13.979229927062988,52657.52734375,1973.1431884765625,12.157855987548828,48.37510681152344,-2.0,,0.21,,-1.45,
2020-10-26,404.4147644042969,50.8564567565918,63.591609954833984,22.824506759643555,27.77924156188965,76.42383575439453,102.67627716064452,59.42452621459961,34.13929748535156,24.71088981628418,13.655502319335938,52832.46875,1946.7384033203125,12.315508842468262,43.25938034057617,-0.96,,2.8,,-2.32,
2020-10-27,401.7187194824219,49.39903259277344,64.25634765625,22.56429481506348,28.10367202758789,73.02325439453125,104.40192413330078,60.04817581176758,34.910526275634766,24.879392623901367,14.018470764160156,52307.640625,1994.7469482421875,12.417522430419922,41.93106842041016,2.26,,0.68,,2.66,
2020-10-28,399.0226440429688,48.4018440246582,63.07461166381836,22.60146713256836,27.819795608520508,67.02748107910156,95.77367401123048,58.62269592285156,34.80314636230469,24.532468795776367,14.077330589294434,51607.875,2083.56201171875,10.432944297790527,40.9617805480957,-0.31,,-1.39,,0.42,
2020-10-29,392.7317504882813,47.94160842895508,62.40989303588867,22.48994827270508,27.657581329345703,60.763221740722656,98.79357147216795,61.38455581665039,35.310791015625,24.15580940246582,14.057710647583008,50820.640625,2133.97119140625,10.720428466796877,39.71425247192383,1.46,,-1.54,,-0.14,
2020-10-30,388.2382507324219,48.47854995727539,62.33603286743164,22.26690673828125,27.04927635192871,61.03168487548828,99.65638732910156,61.5627326965332,36.14059829711914,24.691062927246094,14.10676097869873,49508.57421875,2028.3529052734373,10.905905723571776,39.58860778808594,2.35,,2.22,,0.35,
2020-11-02,391.3836364746094,51.239994049072266,61.819034576416016,22.34125328063965,26.72484970092773,58.347015380859375,100.51921081542967,64.4136962890625,37.5952033996582,25.51376914978028,14.31277084350586,50208.33203125,1961.14111328125,10.989368438720703,39.74118423461914,4.02,,3.33,,1.46,
2020-11-04,404.4147644042969,52.16046905517578,63.22232437133789,23.0847225189209,27.04927635192871,61.568626403808594,108.2846450805664,69.491943359375,37.45853042602539,25.99946022033692,14.126379013061523,51170.515625,2049.95654296875,11.276853561401367,40.25275039672852,0.37,,2.54,,-1.84,
2020-11-05,405.3134765625,52.31388473510742,63.591609954833984,23.716670989990234,27.576475143432617,61.568626403808594,110.0102996826172,69.75923156738281,37.839263916015625,26.058937072753903,14.352010726928713,52745.0,2155.57470703125,11.564340591430664,41.01563262939453,1.02,,0.23,,1.6,
2020-11-06,406.6615295410156,52.697410583496094,63.517765045166016,23.67949485778809,27.53592300415039,61.568626403808594,109.1474838256836,68.77921295166016,40.17249298095703,26.60410118103028,15.333008766174316,52570.0390625,2088.363037109375,12.046571731567385,41.29587173461914,6.17,,2.09,,6.84,
2020-11-09,412.0537414550781,53.84801483154297,64.25634765625,23.753847122192383,28.22533226013184,62.195045471191406,108.2846450805664,69.31375885009766,44.19462203979492,27.84311485290528,16.38267707824707,52657.52734375,2131.570556640625,11.786907196044922,41.03371047973633,10.01,up_limit,4.66,,6.85,
2020-11-10,405.3134765625,54.84519577026367,65.5857925415039,23.902538299560547,28.0631160736084,63.984840393066406,113.03018951416016,69.58103942871094,43.66744995117188,26.68339729309082,15.59787654876709,52657.52734375,1994.7469482421875,11.88891887664795,41.22355270385742,-1.19,,-4.17,,-4.79,
2020-11-11,410.7057189941406,54.84519577026367,66.98908233642578,24.051231384277344,28.184776306152344,66.49053192138672,112.16737365722656,69.491943359375,40.72895431518555,25.137109756469727,14.970038414001465,53619.7109375,2018.751220703125,11.833274841308594,41.07891082763672,-6.73,,-5.79,,-4.03,
2020-11-12,411.60443115234375,55.22872924804688,66.3243637084961,23.902538299560547,28.22533226013184,64.96922302246094,114.7558364868164,68.60102081298828,40.67037582397461,24.92895126342773,15.126999855041504,53357.2890625,2081.161865234375,12.315508842468262,41.90157699584961,-0.14,,-0.83,,1.05,
2020-11-13,415.1992492675781,54.0781364440918,66.3243637084961,23.902538299560547,28.22533226013184,66.31155395507812,115.18726348876952,67.7101058959961,42.06640625,25.256053924560547,15.244718551635742,55281.6484375,2066.75927734375,12.185681343078612,40.63594055175781,3.43,,1.31,,0.78,
2020-11-16,434.9705810546875,55.15202331542969,67.7276611328125,24.16275405883789,28.50921058654785,66.75900268554688,116.05008697509766,67.17554473876953,41.46113204956055,24.72080039978028,15.08775806427002,57993.25390625,2131.570556640625,12.33405876159668,41.09699249267578,-1.44,,-2.12,,-1.03,
2020-11-17,436.3186340332031,55.22872924804688,67.13680267333984,24.19992446899414,28.67142105102539,66.75900268554688,124.24691772460938,69.84832000732422,43.04265213012695,24.978513717651367,15.382058143615724,57468.41796875,2114.767333984375,12.723555564880373,41.75692367553711,3.81,,1.04,,1.95,
2020-11-18,446.6536865234375,55.99580001831055,67.21066284179688,24.16275405883789,28.468652725219727,67.56441497802734,121.22705078125,68.77921295166016,42.4666633605957,24.691062927246094,15.146618843078612,56681.18359375,2097.96533203125,12.510257720947266,41.160282135009766,-1.34,,-1.15,,-1.53,
2020-11-19,440.36279296875,55.919090270996094,66.102783203125,24.051231384277344,28.265884399414062,67.02748107910156,117.7757339477539,67.35372924804688,41.76376724243164,24.65141487121582,14.98965835571289,56506.24609375,2073.960205078125,12.500985145568848,40.735382080078125,-1.66,,-0.16,,-1.04,
2020-11-20,438.5653991699219,55.919090270996094,66.76751708984375,24.16275405883789,28.54976272583008,67.74337768554688,119.06997680664062,66.99736022949219,40.97301864624024,24.72080039978028,14.940608978271484,56593.72265625,2119.568359375,12.528807640075684,41.24163055419922,-1.89,,0.28,,-0.33,
2020-11-24,442.1601257324219,56.30261993408203,67.3583755493164,25.2036075592041,30.33412170410156,73.38121032714844,131.58094787597656,75.46112060546875,42.65214920043945,25.870603561401367,15.362439155578612,59217.84375,2215.585205078125,12.973946571350098,41.639404296875,1.96,,5.88,up_touch,1.69,
2020-11-25,437.6667175292969,55.61226272583008,66.47208404541016,25.054914474487305,29.847475051879883,74.36559295654297,129.42388916015625,74.83747863769531,43.81388473510742,26.058937072753903,15.578258514404297,58255.66015625,2261.193603515625,13.33561897277832,42.49821853637695,2.72,,0.73,,1.4,
2020-11-26,439.464111328125,56.37932968139648,67.28451538085938,25.42665100097656,30.00969314575196,80.1823959350586,142.36627197265625,82.32122039794922,42.710731506347656,26.594188690185547,15.499778747558594,59480.2578125,2362.0107421875,13.224334716796877,42.53439331054688,-2.52,,2.05,,-0.5,
2020-11-30,431.8251647949219,58.757232666015625,67.94923400878906,26.31881523132324,30.293567657470703,80.45086669921875,156.17147827148438,80.8066635131836,43.01336669921875,26.217529296875,15.676358222961426,58343.1328125,2347.608154296875,13.576740264892578,42.8960075378418,2.66,,-1.6,,1.52,
2020-12-01,440.36279296875,58.83393478393555,68.68780517578125,26.430334091186523,31.14519500732422,75.79742431640625,150.99452209472656,76.4411392211914,43.9212760925293,26.832077026367188,15.794079780578612,59305.3125,2410.018798828125,13.669473648071287,43.709617614746094,2.11,,2.34,,0.75,
2020-12-02,448.4510803222656,59.29418182373047,73.41471862792969,26.355987548828125,31.14519500732422,76.24486541748047,153.15159606933594,77.33206176757812,45.01466369628906,27.595308303833008,15.970657348632812,60792.3125,2400.417236328125,13.947687149047852,44.80349349975586,2.49,,2.84,,1.12,
2020-12-03,446.6536865234375,59.75442123413086,73.2669906616211,25.947078704833984,30.73966217041016,74.90251922607422,148.4060516357422,77.59934997558594,43.78460311889648,28.45766258239746,16.039329528808594,60967.26953125,2371.6123046875,13.854951858520508,45.11086654663086,-2.73,,3.12,,0.43,
2020-12-04,452.04583740234375,61.05842590332031,74.596435546875,26.467506408691406,31.510177612304688,72.75479888916016,146.24900817871094,76.53023529052734,43.38434219360352,29.25063133239746,15.676358222961426,62541.75,2376.4130859375,13.780760765075684,46.09625244140625,-0.91,,2.79,,-2.26,
2020-12-07,461.93157958984375,60.44477844238281,74.22714233398438,26.72772216796875,32.037376403808594,73.38121032714844,148.83746337890625,76.17385864257812,43.35504913330078,28.398191452026367,15.539018630981444,63766.3203125,2359.6103515625,14.36500358581543,47.000274658203125,-0.07,,-2.91,,-0.88,
2020-12-08,470.9185485839844,60.981727600097656,72.97157287597656,26.72772216796875,31.63184356689453,75.61844635009766,155.3086700439453,77.24295806884766,43.04265213012695,29.072216033935547,15.254528999328612,62716.6875,2419.62109375,14.36500358581543,45.3820686340332,-0.72,,2.37,,-1.83,
2020-12-09,467.3237609863281,60.981727600097656,74.22714233398438,26.87641143798828,33.29453659057617,74.45507049560547,152.72018432617188,76.35204315185547,40.78752517700195,27.109617233276367,14.665929794311523,64641.0390625,2414.8203125,14.272266387939451,45.82503890991211,-5.24,,-6.75,,-3.86,
2020-12-10,460.1341247558594,61.825496673583984,72.897705078125,26.61620140075684,32.52401351928711,73.5601806640625,153.5830078125,75.01567077636719,40.81681060791016,27.129444122314453,14.597260475158691,63766.3203125,2414.8203125,13.73439121246338,45.26454544067383,0.07,,0.07,,-0.47,
2020-12-11,463.72900390625,60.44477844238281,70.97740936279297,26.28163719177246,31.99682235717773,73.02325439453125,149.70028686523438,74.48110961914062,39.11814880371094,26.50498008728028,13.910560607910156,64203.68359375,2429.22265625,13.99405574798584,45.436302185058594,-4.16,,-2.3,,-4.7,
2020-12-14,456.5394287109375,59.064056396484375,71.27283477783203,26.355987548828125,32.037376403808594,74.99201965332031,160.48562622070312,76.88660430908203,39.63555908203125,26.653657913208008,13.900751113891602,64553.5859375,2398.017333984375,13.752938270568848,44.957176208496094,1.32,,0.56,,-0.07,
2020-12-15,452.9444885253906,59.5242919921875,70.97740936279297,25.798383712768555,30.942428588867188,76.78181457519531,150.56312561035156,74.83747863769531,40.05533599853516,25.95981407165528,13.694741249084473,64553.5859375,2410.018798828125,13.89204216003418,45.626163482666016,1.06,,-2.6,,-1.48,
2020-12-16,460.1341247558594,60.36806488037109,70.9035415649414,26.0585994720459,31.34796524047852,77.58719635009766,152.2887725830078,75.46112060546875,37.731876373291016,25.474119186401367,13.55739974975586,64553.5859375,2388.41552734375,14.43919277191162,45.80696487426758,-5.8,,-1.87,,-1.0,
2020-12-17,458.7794799804688,60.981727600097656,71.56826782226562,25.83555793762207,31.064083099365234,76.96077728271484,152.2887725830078,74.83747863769531,38.10285186767578,25.84086799621582,13.665311813354492,64116.21484375,2448.42578125,14.327911376953123,46.21378326416016,0.98,,1.44,,0.8,
2020-12-18,460.585693359375,60.52148818969727,70.82968139648438,25.2779541015625,30.73966217041016,76.60283660888672,149.26889038085938,75.19385528564453,37.28280258178711,25.256053924560547,13.675121307373049,63853.7890625,2398.017333984375,14.300015449523926,45.78888320922852,-2.15,,-2.26,,0.07,
2020-12-21,466.00439453125,60.981727600097656,69.57410430908203,25.42665100097656,30.73966217041016,75.5289535522461,152.72018432617188,73.23381805419922,38.3371467590332,25.771482467651367,13.85170078277588,63853.7890625,2330.805419921875,14.216337203979492,42.9050407409668,2.83,,2.04,,1.29,
2020-12-22,459.6825866699219,59.98453521728516,69.35253143310547,25.017742156982425,30.090797424316406,73.470703125,146.680419921875,71.27378845214844,37.48781967163086,24.572120666503903,13.390631675720217,63241.5,2217.98583984375,13.946698188781738,41.91060256958008,-2.22,,-4.65,,-3.33,
2020-12-23,459.6825866699219,59.217472076416016,69.42638397216797,24.94339370727539,30.41522979736328,77.13976287841797,152.2887725830078,73.0556411743164,40.2310676574707,25.51376914978028,13.812459945678713,64641.0390625,2232.387939453125,13.937399864196776,41.73884582519531,7.32,,3.83,,3.15,
2020-12-24,460.585693359375,61.74878692626953,70.09111022949219,25.054914474487305,30.73966217041016,75.61844635009766,147.97462463378906,73.50109100341797,39.81127548217773,24.77035903930664,13.429871559143066,68052.4140625,2265.994140625,13.983890533447266,42.10046005249024,-1.04,,-2.91,,-2.77,
2020-12-29,465.1012878417969,61.90219497680664,70.01725006103516,25.612520217895508,30.86132049560547,76.69231414794922,150.99452209472656,71.63016510009766,38.766700744628906,23.769237518310547,13.145381927490234,70213.4296875,2321.203369140625,14.141952514648438,42.55247497558594,0.33,,0.63,,0.45,
2020-12-30,474.1324157714844,62.66926956176758,69.42638397216797,25.724040985107425,30.942428588867188,77.76618957519531,153.5830078125,71.7192611694336,40.1431999206543,24.591941833496094,13.115951538085938,72634.6015625,2311.60205078125,13.76074504852295,44.649810791015625,3.55,,3.46,,-0.22,
2021-01-05,489.4853210449219,66.42788696289062,69.94338989257812,26.09577178955078,32.24014663696289,84.38838958740234,180.33059692382807,76.4411392211914,43.23789978027344,26.80234146118164,14.25390911102295,75235.0859375,2318.8037109375,13.86302089691162,44.902931213378906,4.14,,6.33,,4.99,
2021-01-06,495.8070983886719,67.88532257080078,69.7218246459961,25.798383712768555,31.59128189086914,81.52472686767578,177.3107147216797,75.72840118408203,41.383033752441406,26.81225204467773,13.792840957641602,73710.640625,2251.591796875,14.383697509765623,45.75271987915039,-4.29,,0.04,,-3.23,
2021-01-07,510.2567138671875,68.57567596435547,70.9035415649414,26.132946014404297,31.550731658935547,82.41963195800781,183.3505096435547,78.57936096191406,41.148738861083984,26.832077026367188,13.606451988220217,74338.375,2241.989990234375,14.904372215270996,46.1956901550293,-0.57,,0.07,,-1.35,
2021-01-08,523.8034057617188,67.50177764892578,70.9035415649414,26.39316177368164,31.2668571472168,80.71932220458984,186.37039184570312,76.79750061035156,41.031585693359375,26.673484802246094,13.812459945678713,79629.03125,2345.20849609375,15.611006736755373,47.18107604980469,-0.28,,-0.59,,1.51,
2021-01-12,533.7376098632812,70.72345733642578,72.23298645019531,26.57902908325196,32.72678756713867,88.95234680175781,191.5473480224609,80.1830062866211,43.16956329345703,27.06005477905273,13.64569091796875,81243.125,2352.408935546875,15.889941215515137,46.59346771240234,1.61,,-0.4,,-1.49,
2021-01-13,546.3810424804688,76.39973449707031,72.60227966308594,27.06228256225586,32.7673454284668,87.34153747558594,189.8217010498047,79.38118743896484,45.26848983764648,28.05126571655273,14.675739288330078,80436.0703125,2350.0087890625,16.410615921020508,48.13031005859375,4.86,,3.66,,7.55,
2021-01-14,534.6408081054688,75.93949890136719,72.97157287597656,27.06228256225586,33.05121994018555,86.53614807128906,193.2729949951172,78.13390350341797,44.86823272705078,28.86406135559082,15.666547775268556,80436.0703125,2453.22705078125,16.17816734313965,51.48424530029297,-0.88,,2.9,,6.75,
2021-01-15,542.7686157226562,75.17243194580078,71.27283477783203,26.9135856628418,32.3618049621582,89.48928833007812,188.9588623046875,78.66845703125,43.931034088134766,26.64374542236328,14.911179542541504,78911.6484375,2414.8203125,17.424072265625,53.56350326538086,-2.09,,-7.69,,-4.82,
2021-01-18,548.1873168945312,77.09010314941406,75.33502197265625,27.50836563110352,32.64568328857422,85.01482391357422,192.41018676757807,78.49026489257812,47.05501937866211,29.31010627746582,15.607687950134276,76221.46875,2434.0234375,16.773229598999023,52.05377578735352,7.11,,10.01,up_limit,4.67,
2021-01-20,584.311767578125,80.15837097167969,73.85786437988281,28.995304107666016,34.06505584716797,82.68810272216797,186.8018035888672,77.68844604492188,46.44974899291992,29.815624237060547,15.107378959655762,78194.2890625,2438.824462890625,17.470569610595703,52.4244270324707,0.87,,2.38,,-4.05,
2021-01-21,607.7925415039062,80.92543029785156,73.85786437988281,28.995304107666016,33.74062728881836,85.5517578125,198.88137817382807,79.55937957763672,46.25450134277344,29.389402389526367,14.871939659118652,79001.34375,2438.824462890625,17.238122940063477,53.03915786743164,-0.42,,-1.43,,-1.56,
2021-01-22,586.117919921875,80.54190063476562,76.44288635253906,30.630935668945312,34.227272033691406,90.38417053222656,218.7263641357422,81.5194091796875,43.10122680664063,28.54687118530273,13.979229927062988,77835.578125,2482.031494140625,17.163740158081055,56.46541976928711,-6.82,,-2.87,,-6.0,
2021-01-25,571.6681518554688,78.2406997680664,76.44288635253906,30.29637336730957,35.524986267089844,85.6412353515625,201.4698486328125,78.31208801269531,44.85847091674805,28.943357467651367,14.145999908447266,80167.0625,2453.22705078125,17.17303466796875,51.22206878662109,4.08,,1.39,,1.19,
2021-01-26,557.2183837890625,75.47926330566406,74.22714233398438,29.106821060180664,35.524986267089844,84.11992645263672,205.35255432128903,77.59934997558594,45.85424423217773,28.03144645690918,13.88113021850586,77745.9296875,2458.02783203125,16.58727264404297,50.11915969848633,2.22,,-3.15,,-1.87,
2021-01-27,555.412109375,75.4025650024414,74.96572875976562,29.06965065002441,35.88996887207031,82.86708068847656,213.98081970214844,76.17385864257812,43.03289031982422,26.88163948059082,13.88113021850586,76759.5,2405.21826171875,16.001514434814453,49.91123580932617,-6.15,,-4.1,,0.0,
2021-01-28,542.7686157226562,72.48771667480469,73.78400421142578,28.549217224121094,34.71391677856445,78.84005737304688,203.62692260742188,72.69927215576172,40.77776718139648,26.3662109375,14.028281211853027,75055.7421875,2304.401123046875,15.025242805480955,48.44671249389648,-5.24,,-1.92,,1.06,
2021-01-29,533.7376098632812,70.5700454711914,71.93756103515625,27.50836563110352,33.781185150146484,77.40823364257812,194.9986572265625,69.58103942871094,39.7917594909668,27.208740234375,13.920370101928713,73531.3203125,2333.20556640625,15.081029891967772,50.688697814941406,-2.42,,3.2,,-0.77,
2021-02-01,551.7998046875,72.79454040527344,72.60227966308594,27.6198844909668,33.74062728881836,76.78181457519531,201.03842163085932,66.19554138183594,40.56298828125,28.64599227905273,14.26371955871582,74428.0234375,2381.214111328125,14.430184364318848,50.18244171142578,1.94,,5.28,,2.47,
2021-02-02,570.7650756835938,75.63267517089844,73.1192855834961,28.10314178466797,35.362770080566406,79.37699890136719,212.25518798828125,67.26464080810547,40.2310676574707,28.64599227905273,14.31277084350586,75683.4296875,2419.62109375,15.415752410888672,51.24919128417969,-0.82,,0.0,,0.34,
2021-02-03,568.9588012695312,75.2491455078125,73.56243133544922,27.58271026611328,37.06602478027344,77.22925567626953,210.09811401367188,70.47195434570312,38.05403900146485,26.09858131408692,13.145381927490234,75862.8046875,2438.824462890625,15.499431610107422,52.433475494384766,-5.41,,-8.89,down_touch,-8.16,
2021-02-04,566.2495727539062,74.94231414794922,73.2669906616211,27.32250022888184,38.76927947998047,75.26049041748047,219.15777587890625,73.0556411743164,40.40679168701172,26.316648483276367,12.998231887817385,73979.6796875,2506.035400390625,15.211198806762695,52.1441764831543,6.18,,0.84,,-1.12,
2021-02-05,570.7650756835938,80.92543029785156,73.63628387451172,28.623565673828125,38.56650924682617,80.27188873291016,228.6488647460937,71.54106903076172,39.10838317871094,24.76044654846192,12.49792194366455,74876.3828125,2393.2158203125,15.94572639465332,53.47024917602539,-3.21,,-5.91,,-3.85,
2021-02-18,596.0520629882812,90.13021850585938,75.70430755615234,29.887466430664062,38.52595520019531,81.97218322753906,248.49383544921875,81.34122467041016,41.91020965576172,26.20761680603028,13.01785373687744,73620.984375,2297.19921875,22.19384765625,56.25335311889648,2.48,,1.61,,2.0,
2021-02-19,588.8272705078125,87.06195831298828,76.07360076904297,29.998985290527344,37.43101119995117,81.97218322753906,250.21951293945312,82.85578155517578,42.076171875,26.28691291809082,13.27291202545166,74069.3671875,2328.405029296875,21.29195976257324,56.03507995605469,0.4,,0.3,,1.96,
2021-02-22,587.0209350585938,85.91136169433594,74.96572875976562,29.813119888305664,37.95820236206055,85.37278747558594,254.10223388671875,87.755859375,40.81681060791016,25.384910583496094,13.076711654663086,73710.640625,2314.002685546875,22.007890701293945,57.30839157104492,-2.99,,-3.43,,-1.48,
2021-02-24,564.443359375,81.3089599609375,76.44288635253906,28.995304107666016,36.98491668701172,86.80460357666016,254.5336456298828,85.97400665283203,39.97724151611328,25.07763290405273,13.027661323547363,73531.3203125,2138.771728515625,21.942699432373047,55.58940887451172,0.66,,0.68,,1.07,
2021-02-25,573.474365234375,82.45956420898438,76.44288635253906,30.40789794921875,36.78215026855469,85.5517578125,264.0247497558594,88.64677429199219,38.659305572509766,24.24501609802246,12.792221069335938,76490.5,2186.780517578125,22.352495193481445,57.47209930419922,-3.3,,-3.32,,-1.81,
2021-02-26,547.2842407226562,79.39129638671875,73.85786437988281,29.5900821685791,37.22824096679688,87.25204467773438,257.9849548339844,85.6176528930664,38.620262145996094,23.987302780151367,12.654882431030272,73979.6796875,2078.76171875,21.216243743896484,54.934566497802734,-0.1,,-1.06,,-1.07,
2021-03-02,549.993408203125,81.3089599609375,74.96572875976562,29.5900821685791,36.90381240844727,84.38838958740234,251.0823211669922,83.39032745361328,39.342681884765625,24.582029342651367,12.870701789855955,74966.078125,2191.580810546875,23.013755798339844,57.19015884399414,-0.42,,-1.12,,-1.13,
2021-03-03,561.7339477539062,82.0760269165039,74.96572875976562,29.18116950988769,36.3360595703125,82.15116119384766,242.02267456054688,81.96485900878906,39.830810546875,24.66132354736328,12.958992004394531,75324.765625,2239.589599609375,21.17898750305176,55.69855880737305,1.24,,0.32,,0.69,
2021-03-04,542.7686157226562,79.00777435302734,74.596435546875,28.697917938232425,35.362770080566406,82.9565658569336,240.2970123291016,81.96485900878906,39.56721878051758,24.383787155151367,12.792221069335938,73890.0234375,2191.580810546875,20.72262382507324,54.47980117797852,-0.66,,-1.13,,-1.29,
2021-03-05,542.7686157226562,78.2406997680664,73.34085845947266,28.51204872131348,35.6060905456543,81.61422729492188,254.5336456298828,81.16302490234375,39.14743423461914,24.65141487121582,12.821653366088867,73620.984375,2193.981201171875,19.325597763061523,53.0518798828125,-1.06,,1.1,,0.23,
2021-03-08,540.0593872070312,78.62422943115234,73.85786437988281,28.47487068176269,35.11944961547852,80.71932220458984,241.1598358154297,82.14303588867188,37.439002990722656,23.99721336364746,12.556782722473145,73531.3203125,2143.57275390625,19.91234397888184,55.24380111694336,-4.36,,-2.65,,-2.07,
2021-03-09,537.3499755859375,77.47364044189453,73.85786437988281,29.14399528503418,34.4300422668457,77.49771881103516,235.98287963867188,79.82665252685547,34.98862838745117,21.806638717651367,11.909324645996094,72993.28125,2097.96533203125,19.24177360534668,54.434326171875,-6.54,,-9.13,near_down,-5.16,
2021-03-10,539.1563110351562,77.47364044189453,73.85786437988281,29.404211044311523,34.71391677856445,79.37699890136719,244.6111602783203,84.54855346679688,34.471221923828125,20.77577781677246,11.546354293823242,72544.90625,2172.37744140625,20.31282997131348,56.9991569519043,-1.48,,-4.73,,-3.05,
2021-03-11,549.993408203125,80.54190063476562,74.96572875976562,29.77594757080078,35.80886459350586,83.13554382324219,252.80796813964844,84.54855346679688,36.072261810302734,21.53901100158692,11.899514198303224,73531.3203125,2198.7822265625,20.04273796081543,56.61716079711914,4.64,,3.67,,3.06,
2021-03-12,554.5090942382812,80.54190063476562,74.22714233398438,29.6644229888916,35.88996887207031,81.8826904296875,251.9451446533203,84.63763427734375,35.252220153808594,20.974021911621094,11.644454002380373,74248.6796875,2237.189208984375,20.9834041595459,57.58124923706055,-2.27,,-2.62,,-2.14,
2021-03-15,551.7998046875,78.62422943115234,74.96572875976562,30.07332992553711,35.56553649902344,81.07728576660156,255.3964691162109,83.47943878173828,33.25091552734375,20.240524291992188,11.261863708496094,73351.9609375,2239.589599609375,21.05791473388672,57.20835494995117,-5.68,,-3.5,,-3.29,
2021-03-16,553.6061401367188,79.77483367919922,75.70430755615234,30.3707218170166,35.524986267089844,81.16678619384766,253.2393798828125,83.12305450439453,32.81160354614258,20.002635955810547,11.212814331054688,74248.6796875,2285.197265625,21.793682098388672,58.01781845092773,-1.32,,-1.18,,-0.44,
2021-03-17,547.7116088867188,79.00777435302734,76.07360076904297,30.333545684814453,35.687198638916016,81.34575653076172,257.9849548339844,82.58850860595703,33.18258285522461,20.33964729309082,11.320723533630373,73800.328125,2258.792236328125,21.52359199523925,58.91823959350586,1.13,,1.68,,0.96,
2021-03-18,545.8981323242188,81.69248962402344,76.81217956542969,30.668107986450195,35.97107696533203,82.41963195800781,269.633056640625,83.21215057373047,33.02637481689453,20.081932067871094,11.173574447631836,74338.375,2376.4130859375,22.03583335876465,59.82775115966797,-0.47,,-1.27,,-1.3,
2021-03-19,535.9232788085938,82.84310150146484,77.5507583618164,30.29637336730957,35.72775650024414,79.64546966552734,264.8875427246094,80.71757507324219,33.11424255371094,19.74492073059082,11.04604434967041,73441.640625,2395.616455078125,21.52359199523925,57.96323776245117,0.27,,-1.68,,-1.14,
2021-03-22,537.73681640625,82.84310150146484,77.18146514892578,30.259201049804688,36.57938003540039,78.48210144042969,264.45611572265625,81.5194091796875,33.27043533325195,19.66562461853028,11.153955459594728,73531.3203125,2395.616455078125,22.32454872131348,57.99052047729492,0.47,,-0.4,,0.98,
2021-03-23,538.6437377929688,82.84310150146484,76.81217956542969,31.03984642028809,36.660491943359375,78.75057220458984,263.59332275390625,80.8066635131836,33.221622467041016,19.427732467651367,11.369773864746094,73351.9609375,2395.616455078125,22.27798080444336,59.69131088256836,-0.15,,-1.21,,1.93,
2021-03-24,522.3211059570312,82.0760269165039,75.70430755615234,30.44507026672364,36.17384338378906,78.66107940673828,281.28125,83.12305450439453,32.38205337524414,19.03125,11.16376495361328,72634.6015625,2482.031494140625,20.43390655517578,57.73585891723633,-2.53,,-2.04,,-1.81,
2021-03-25,521.414306640625,81.3089599609375,76.07360076904297,30.222028732299805,36.660491943359375,76.87129974365234,274.3786315917969,83.12305450439453,32.16728210449219,18.99159812927246,11.055855751037598,72813.9296875,2515.637451171875,20.052045822143555,56.42617034912109,-0.66,,-0.21,,-0.97,
2021-03-26,535.016357421875,82.0760269165039,76.07360076904297,30.40789794921875,37.22824096679688,80.45086669921875,289.47808837890625,91.31954956054688,33.10447692871094,19.37817001342773,11.23243236541748,73082.953125,2462.828369140625,20.59223175048828,56.40797424316406,2.91,,2.04,,1.6,
2021-03-29,543.1777954101562,83.61016845703125,76.07360076904297,30.5194149017334,37.187686920166016,80.36138153076172,286.4581604003906,89.53770446777344,33.143531799316406,19.695358276367188,11.418825149536133,73172.609375,2424.42138671875,21.765743255615234,59.00008773803711,0.12,,1.64,,1.66,
2021-03-30,541.3641357421875,85.14429473876953,77.5507583618164,30.89114570617676,36.78215026855469,81.61422729492188,307.166015625,93.9923095703125,33.56331253051758,19.824216842651367,11.252055168151855,74038.1875,2424.421630859375,20.69468307495117,58.663570404052734,1.27,,0.65,,-1.46,
2021-03-31,532.2960815429688,82.45956420898438,77.92003631591797,30.630935668945312,36.49827575683594,81.8826904296875,305.4403686523437,99.78330993652344,33.37782287597656,19.30878448486328,11.458065032958984,73317.640625,2453.34130859375,21.17898750305176,57.999629974365234,-0.55,,-2.6,,1.83,
2021-04-01,545.8981323242188,82.45956420898438,77.92003631591797,31.07701873779297,36.41716766357422,81.97218322753906,303.2832946777344,97.55599975585938,34.40288162231445,19.992725372314453,11.781794548034668,74668.7109375,2520.81982421875,22.0823974609375,58.20881271362305,3.07,,3.54,,2.83,
2021-04-07,553.1525268554688,85.52782440185547,83.45938873291016,31.708965301513672,37.87709426879883,81.79320526123047,293.792236328125,102.4560775756836,37.741641998291016,21.420066833496094,12.399824142456056,77100.59375,2573.839111328125,23.86128807067871,59.62764358520508,0.16,,0.37,,0.4,
2021-04-08,555.8731689453125,85.52782440185547,82.7208023071289,32.30373764038086,37.91765213012695,83.13554382324219,286.8896179199219,99.78330993652344,36.95088195800781,21.172264099121094,12.19381332397461,76289.984375,2602.759033203125,23.507369995117188,60.25522232055664,-2.1,,-1.16,,-1.66,
2021-04-09,553.1525268554688,85.91136169433594,82.35152435302734,32.74982452392578,37.87709426879883,82.0616683959961,288.615234375,99.78330993652344,36.37489700317383,21.122703552246094,12.164382934570312,75299.203125,2578.65869140625,23.805404663085938,60.98283004760742,-1.56,,-0.23,,-0.24,
2021-04-12,548.618408203125,86.29489135742188,82.7208023071289,32.192222595214844,37.39045333862305,80.1823959350586,278.6927795410156,99.78330993652344,35.09601211547852,20.75595474243164,11.968183517456056,74938.921875,2540.099853515625,23.330415725708008,62.083343505859375,-3.52,,-1.74,,-1.61,
2021-04-13,548.618408203125,86.29489135742188,80.87435150146484,31.33723258972168,36.61993408203125,78.75057220458984,276.10430908203125,95.77415466308594,35.027679443359375,20.597362518310547,11.948563575744627,75659.484375,2516.0,23.06963539123535,59.4912223815918,-0.19,,-0.76,,-0.16,
2021-04-14,554.9661254882812,84.37722778320312,79.39720153808594,31.374401092529297,35.72775650024414,78.30313110351562,272.2215881347656,93.10139465332033,35.29126739501953,20.587451934814453,12.144762992858888,75659.484375,2540.099853515625,22.678466796875,59.31841278076172,0.75,,-0.05,,1.64,
2021-04-15,561.3139038085938,83.61016845703125,80.50506591796875,32.8613395690918,36.092735290527344,78.66107940673828,294.6550598144531,98.44693756103516,34.80314636230469,20.35947036743164,12.174192428588867,75749.5390625,2525.6396484375,22.94855690002441,58.381614685058594,-1.38,,-1.11,,0.24,
2021-04-16,553.1525268554688,86.67842864990234,81.98222351074219,32.82416915893555,36.53882598876953,80.62983703613281,286.8896179199219,103.7924575805664,34.5883674621582,20.220701217651367,12.134953498840332,75569.40625,2564.19970703125,22.44562530517578,59.136512756347656,-0.62,,-0.68,,-0.32,
2021-04-19,546.8048095703125,85.52782440185547,82.7208023071289,32.45243835449219,36.78215026855469,83.40401458740234,275.6728515625,100.67423248291016,35.23269271850586,20.716306686401367,12.33115291595459,75028.984375,2617.218505859375,22.3711166381836,58.89094543457031,1.86,,2.45,,1.62,
2021-04-20,545.8981323242188,86.67842864990234,82.35152435302734,32.638301849365234,37.34989929199219,83.49349975585938,276.53570556640625,101.5651626586914,34.461456298828125,20.032371520996094,11.958372116088867,75569.40625,2535.279541015625,21.793682098388672,57.872291564941406,-2.19,,-3.3,,-3.02,
2021-04-21,536.8302001953125,84.37722778320312,82.7208023071289,32.89851760864258,37.39045333862305,82.86708068847656,272.6529846191406,98.89238739013672,34.2271614074707,20.002635955810547,11.928942680358888,74398.5078125,2448.521240234375,21.1137924194336,57.02644729614258,-0.68,,-0.15,,-0.25,
2021-04-22,535.9232788085938,82.84310150146484,81.6129379272461,32.192222595214844,36.25495529174805,81.25627136230469,272.2215881347656,96.6650848388672,35.242454528808594,20.171140670776367,12.007423400878906,74218.375,2564.19970703125,22.32454872131348,57.93595504760742,2.97,,0.84,,0.66,
2021-04-23,545.8981323242188,85.14429473876953,82.35152435302734,33.71633529663086,37.309349060058594,84.29890441894531,279.9870300292969,100.67423248291016,36.00392532348633,20.319822311401367,12.04666233062744,74578.6171875,2554.559326171875,21.495649337768555,56.90821075439453,2.16,,0.74,,0.33,
2021-04-26,553.1525268554688,90.51375579833984,85.67511749267578,35.90956497192383,38.85038757324219,89.31031036376953,263.59332275390625,98.89238739013672,35.39864730834961,20.4189453125,12.262483596801758,75209.109375,2535.279541015625,22.18484878540039,53.87953186035156,-1.68,,0.49,,1.79,
2021-04-27,553.1525268554688,90.51375579833984,84.56725311279297,35.83522033691406,38.32318878173828,91.7265167236328,265.31890869140625,95.77415466308594,34.5981330871582,19.61606216430664,11.97799301147461,74668.7109375,2434.061279296875,22.26866912841797,53.442962646484375,-2.26,,-3.93,,-2.32,
2021-04-28,545.8981323242188,94.34908294677734,83.82867431640625,36.50434494018555,38.93149566650391,100.67545318603516,272.6529846191406,97.11053466796876,36.40418243408203,20.40903091430664,12.42925262451172,73948.1328125,2622.038330078125,19.61431121826172,52.72444534301758,5.22,,4.04,,3.77,
2021-05-06,532.2960815429688,82.45956420898438,75.33502197265625,34.125240325927734,33.172882080078125,95.30609893798828,263.1618957519531,85.08309173583984,35.34983825683594,20.785690307617188,12.42925262451172,74128.2734375,2409.96142578125,18.45943260192871,51.70579528808594,-1.6,,-1.87,,-1.02,
2021-05-07,543.1777954101562,86.67842864990234,77.5507583618164,35.277618408203125,34.51115036010742,95.30609893798828,274.3786315917969,89.53770446777344,33.807373046875,19.95307350158692,12.076094627380373,73767.9921875,2381.0419921875,18.515316009521484,52.335391998291016,-4.36,,-4.01,,-2.84,
2021-05-10,534.1094970703125,84.37722778320312,77.5507583618164,35.31479263305664,34.876129150390625,90.83161926269533,264.8875427246094,85.70673370361328,32.694454193115234,19.229490280151367,11.605213165283203,74938.921875,2349.71240234375,18.841285705566406,52.77464294433594,-3.29,,-3.63,,-3.9,
2021-05-11,517.7870483398438,79.39129638671875,74.22714233398438,34.0508918762207,32.88900375366211,86.26766967773438,241.1598358154297,78.40117645263672,33.055667877197266,19.07089614868164,11.644454002380373,73137.5,2238.854736328125,17.900619506835938,51.21895217895508,1.1,,-0.82,,0.34,
2021-05-12,507.8120727539063,74.40538024902344,70.46039581298828,31.932003021240234,31.14519500732422,81.61422729492188,231.6687774658203,77.86662292480469,33.93428421020508,19.39799690246582,11.781794548034668,72056.640625,2173.785888671875,17.798175811767578,50.367897033691406,2.66,,1.72,,1.18,
2021-05-13,496.0237426757813,76.70657348632812,71.71598052978516,31.26288414001465,31.104637145996094,84.65685272216797,244.6111602783203,76.70841217041016,33.56331253051758,19.507030487060547,11.762173652648926,70705.5859375,2103.896728515625,16.82025146484375,49.06843185424805,-1.09,,0.56,,-0.17,
2021-05-14,505.091796875,80.54190063476562,73.85786437988281,31.411577224731445,31.2668571472168,85.01482391357422,250.21951293945312,79.47027587890625,34.08071517944336,19.74492073059082,11.948563575744627,72146.71875,2159.325927734375,17.453569412231445,49.425323486328125,1.54,,1.22,,1.58,
2021-05-17,497.8374328613281,79.00777435302734,71.1251220703125,29.32986831665039,29.320281982421875,83.31452178955078,260.57342529296875,80.36119842529297,34.41263961791992,19.596240997314453,12.066283226013184,71696.3671875,2137.635986328125,18.04033088684082,50.651588439941406,0.97,,-0.75,,0.99,
2021-05-18,518.69384765625,81.69248962402344,73.48857116699219,31.33723258972168,31.469623565673828,89.22080993652344,267.4760131835937,83.92488861083984,32.68468475341797,19.219575881958008,11.909324645996094,71696.3671875,2181.015380859375,17.984445571899414,50.633277893066406,-5.02,,-1.92,,-1.3,
2021-05-20,514.1599731445312,81.69248962402344,75.33502197265625,29.887466430664062,31.956268310546875,84.65685272216797,251.9451446533203,78.57936096191406,31.298423767089844,17.683202743530273,11.605213165283203,71606.2734375,2236.444580078125,18.45943260192871,50.66073989868164,-4.04,,-7.61,,-2.31,
2021-05-21,519.600830078125,80.92543029785156,75.33502197265625,30.03615951538086,32.15904235839844,89.93672943115234,271.7901611328125,84.10307312011719,31.09341049194336,17.574169158935547,11.585594177246094,72146.71875,2303.923583984375,18.69226837158203,51.20065307617188,-0.66,,-0.62,,-0.17,
2021-05-24,515.0667114257812,81.69248962402344,73.85786437988281,30.222028732299805,32.11848449707031,92.62141418457033,278.2613525390625,85.52854919433594,31.591297149658203,18.12924766540528,11.889703750610352,71786.4296875,2311.1533203125,18.48737525939941,51.319618225097656,1.6,,3.16,,2.62,
2021-05-25,528.6687622070312,83.22663116455078,76.07360076904297,31.26288414001465,32.68623352050781,94.41119384765624,278.6927795410156,93.10139465332033,32.47968292236328,18.53564453125,12.321343421936035,71966.578125,2373.812744140625,18.99961471557617,52.12491607666016,2.81,,2.24,,3.63,
2021-05-26,530.482421875,82.45956420898438,77.5507583618164,31.22571563720703,32.9295539855957,92.17396545410156,274.3786315917969,93.10139465332033,32.186805725097656,18.545555114746094,12.448871612548828,71876.5,2361.762451171875,19.130006790161133,52.04256057739258,-0.9,,0.05,,1.04,
2021-05-27,527.7619018554688,83.61016845703125,77.5507583618164,31.07701873779297,33.21343231201172,90.38417053222656,274.3786315917969,91.76500701904295,34.07096099853516,19.26914024353028,12.81184196472168,71696.3671875,2347.302734375,19.64225006103516,52.08831405639648,5.85,,3.9,,2.92,
2021-05-28,535.016357421875,84.76075744628906,78.2893295288086,31.78331756591797,34.51115036010742,93.51630401611328,270.064453125,93.10139465332033,33.4364013671875,19.298871994018555,12.46849250793457,72146.71875,2458.160888671875,19.60499763488769,52.829566955566406,-1.86,,0.15,,-2.68,
2021-05-31,541.3641357421875,85.52782440185547,79.02790832519531,32.11787414550781,34.47059631347656,100.67545318603516,285.1639709472656,97.55599975585938,33.826900482177734,19.41781997680664,12.566593170166016,72507.0078125,2448.521240234375,19.65157127380371,52.27133560180664,1.17,,0.62,,0.79,
2021-06-02,539.5504760742188,85.14429473876953,79.02790832519531,32.11787414550781,34.51115036010742,98.88565826416016,275.6728515625,96.6650848388672,34.10024642944336,19.655712127685547,12.49792194366455,72777.1875,2530.459716796875,20.052045822143555,52.06085968017578,-1.16,,-0.05,,-1.09,
2021-06-03,540.4573974609375,85.91136169433594,78.65863037109375,31.374401092529297,34.551700592041016,108.72948455810548,289.47808837890625,105.57430267333984,33.621883392333984,19.39799690246582,12.419443130493164,74578.6171875,2597.938720703125,20.340761184692383,52.600772857666016,-1.4,,-1.31,,-0.63,
2021-06-04,539.5504760742188,85.14429473876953,77.5507583618164,31.002670288085938,34.024505615234375,105.14990997314452,294.2236328125,103.34699249267578,33.96357345581055,19.79448127746582,12.566593170166016,74038.1875,2612.398681640625,19.94960021972656,51.46603775024414,1.02,,2.04,,1.18,
2021-06-07,536.8302001953125,88.5960922241211,77.18146514892578,31.59744644165039,34.876129150390625,114.0988311767578,303.7147216796875,112.25623321533205,36.08202362060547,21.776901245117188,13.145381927490234,73767.9921875,2703.97705078125,20.57477378845215,52.50011444091797,6.24,,10.02,up_limit,4.61,
2021-06-08,534.1094970703125,88.5960922241211,77.92003631591797,31.33723258972168,35.768306732177734,112.3090591430664,301.9890441894531,108.6925277709961,34.998390197753906,21.469629287719727,12.8903226852417,73767.9921875,2665.41796875,20.71474266052246,52.2438850402832,-3.0,,-1.41,,-1.94,
2021-06-09,531.3893432617188,87.44548797607422,76.44288635253906,31.03984642028809,35.84941864013672,113.65139770507812,311.9115905761719,108.24707794189452,34.56884765625,21.19208717346192,12.949182510375977,73047.4140625,2641.31787109375,21.18128967285156,52.16151809692383,-1.23,,-1.29,,0.46,
2021-06-10,543.1777954101562,89.3631591796875,77.92003631591797,31.33723258972168,36.092735290527344,115.44117736816406,300.69482421875,108.24707794189452,34.77385711669922,21.380416870117188,12.97861099243164,72957.359375,2607.57861328125,21.57318878173828,52.16151809692383,0.59,,0.89,,0.23,
2021-06-11,545.8981323242188,90.89727783203124,79.76649475097656,31.894838333129883,35.84941864013672,111.41415405273438,298.1063537597656,105.12884521484376,33.075191497802734,20.14140510559082,12.350772857666016,72957.359375,2675.0576171875,21.53586769104004,52.50926971435547,-4.88,,-5.8,,-4.84,
2021-06-15,552.2456665039062,90.51375579833984,79.02790832519531,31.411577224731445,35.56553649902344,113.65139770507812,299.40057373046875,105.57430267333984,33.0947151184082,20.299999237060547,12.566593170166016,72867.2734375,2766.63623046875,21.99308013916016,53.2505111694336,0.06,,0.79,,1.75,
2021-06-16,548.618408203125,88.5960922241211,78.65863037109375,31.3000602722168,35.28166580200195,112.75650024414062,293.792236328125,102.90153503417967,32.743263244628906,20.4189453125,12.399824142456056,73677.9140625,2805.1953125,22.058395385742188,53.06748962402344,-1.06,,0.59,,-1.33,
2021-06-17,551.8054809570312,90.51375579833984,79.02790832519531,32.0806999206543,35.768306732177734,119.91563415527344,305.8717956542969,108.6925277709961,34.939823150634766,21.806638717651367,13.351391792297363,72867.2734375,2838.935302734375,21.77846908569336,52.36284637451172,6.71,,6.8,,7.67,
2021-06-18,549.0738525390625,89.3631591796875,79.76649475097656,31.411577224731445,36.092735290527344,116.33606719970705,310.1859436035156,110.91983795166016,34.998390197753906,21.885936737060547,13.333704948425291,72507.0078125,2867.8544921875,21.965091705322266,52.32624816894531,0.17,,0.36,,-0.29,
2021-06-21,530.8624267578125,86.67842864990234,77.92003631591797,30.853973388671875,35.80886459350586,117.23095703125,309.32305908203125,111.36531066894533,34.42240524291992,21.49936485290528,13.196144104003906,71966.578125,2838.935302734375,21.414560317993164,50.94441604614258,-1.65,,-1.77,,-1.03,
2021-06-22,526.3094482421875,86.67842864990234,78.2893295288086,30.853973388671875,35.6060905456543,120.36307525634766,333.9136047363281,122.50182342529295,33.93428421020508,21.112791061401367,12.979973793029783,72056.640625,2925.69384765625,21.442556381225582,51.12744522094727,-1.42,,-1.8,,-1.64,
2021-06-23,541.7892456054688,88.97962188720703,80.13578033447266,31.894838333129883,36.092735290527344,118.12584686279295,339.9533996582031,122.0563735961914,36.13084030151367,22.44859313964844,13.500744819641112,72146.71875,2867.8544921875,21.647836685180664,51.12744522094727,6.47,,6.2,,4.01,
2021-06-24,537.2365112304688,88.5960922241211,80.13578033447266,31.523099899291992,35.93052673339844,117.23095703125,347.28741455078125,121.61090087890624,35.20340347290039,21.73404693603516,13.61865520477295,73137.5,2829.294921875,21.53586769104004,50.5692253112793,-2.57,,-3.18,,0.87,
2021-06-25,538.1469116210938,90.13021850585938,78.65863037109375,31.33723258972168,37.14712905883789,114.0988311767578,339.0905456542969,121.61090087890624,36.4529914855957,22.85548591613769,14.984451293945312,73497.765625,2877.49462890625,22.207693099975582,51.31047058105469,3.55,,5.16,,10.03,up_limit
2021-06-28,537.2365112304688,86.29489135742188,79.39720153808594,31.411577224731445,37.309349060058594,115.44117736816406,334.3450622558594,117.1562957763672,36.4334716796875,23.530332565307617,15.004103660583496,73767.9921875,2843.755126953125,22.03040313720703,51.1640510559082,-0.05,,2.95,,0.13,
2021-06-29,541.7892456054688,86.67842864990234,78.65863037109375,31.74613571166992,36.092735290527344,114.0988311767578,335.6392517089844,116.7108383178711,35.388893127441406,23.341772079467773,14.414551734924316,73280.375,2916.053955078125,22.282337188720703,52.600772857666016,-2.87,,-0.8,,-3.93,
2021-06-30,541.7892456054688,85.91136169433594,79.39720153808594,33.381771087646484,36.660491943359375,115.44117736816406,336.0706787109375,120.27452087402344,36.7849235534668,23.85783195495605,15.122014045715332,73008.953125,2887.13427734375,22.29166984558105,51.9327392578125,3.94,,2.21,,4.91,
2021-07-01,539.9679565429688,85.14429473876953,79.02790832519531,32.60112762451172,36.01163101196289,110.51927185058594,327.0110168457031,115.81991577148438,36.69705581665039,23.738740921020508,14.502984046936035,72466.125,2853.394775390625,22.086389541625977,51.3745231628418,-0.24,,-0.5,,-4.09,
2021-07-02,535.415283203125,85.91136169433594,79.39720153808594,32.41526412963867,36.660491943359375,113.2039566040039,337.7963256835937,121.61090087890624,38.16143035888672,23.292150497436523,14.601241111755373,72375.6640625,2882.314453125,21.69449043273925,51.25555419921875,3.99,,-1.88,,0.68,
2021-07-05,538.1469116210938,87.44548797607422,80.87435150146484,32.97286605834961,37.268798828125,118.12584686279295,350.3073425292969,133.6383819580078,39.186485290527344,23.98684501647949,15.072884559631348,72737.546875,2949.793212890625,21.56385612487793,51.94189834594727,2.69,,2.98,,3.23,
2021-07-07,540.878662109375,87.82901763916016,80.87435150146484,32.712650299072266,38.12042236328125,122.60032653808594,366.2696228027344,141.65667724609375,39.55746078491211,23.520408630371094,15.593655586242676,73099.40625,3017.272705078125,21.227941513061523,51.32876968383789,0.3,,-1.13,,2.06,
2021-07-08,535.415283203125,85.91136169433594,81.98222351074219,32.48960876464844,37.99876022338867,126.1798858642578,361.5240173339844,155.0205078125,41.3439826965332,24.195255279541016,15.741044998168944,72285.1875,2940.1533203125,20.976009368896484,51.20980453491211,4.52,,2.87,,0.95,
2021-07-09,531.7730102539062,85.14429473876953,81.6129379272461,32.41526412963867,38.03931427001953,127.52223205566406,360.66119384765625,156.80235290527344,40.933963775634766,23.75858688354492,15.289052963256836,71832.828125,2940.1533203125,20.64009475708008,50.68818664550781,-0.99,,-1.8,,-2.87,
2021-07-12,539.9679565429688,86.29489135742188,82.7208023071289,33.01003646850586,39.05315780639648,125.73245239257812,369.2895202636719,167.93887329101562,40.43607711791992,23.917377471923828,15.289052963256836,72104.2578125,2925.69384765625,21.255931854248047,51.23726272583008,-1.22,,0.67,,0.0,
2021-07-13,552.716064453125,88.5960922241211,82.7208023071289,32.5639533996582,42.25689315795898,121.70542907714844,362.3868408203125,157.247802734375,37.64401245117188,22.85548591613769,14.060819625854492,72194.71875,2887.13427734375,21.55452919006348,51.91444778442383,-6.9,,-4.44,,-8.03,
2021-07-14,558.1795654296875,87.82901763916016,82.35152435302734,33.19590377807617,45.338966369628906,127.9696807861328,374.4664306640625,161.2569580078125,37.683067321777344,22.170713424682617,14.041168212890623,71923.296875,2829.294921875,21.34924697875977,52.04256057739258,0.1,,-3.0,,-0.14,
2021-07-15,559.0900268554688,92.04788208007812,82.35152435302734,33.381771087646484,42.50021362304688,128.41712951660156,361.9554748535156,174.17532348632812,37.253517150878906,21.93253326416016,14.02151584625244,72918.4921875,2781.096435546875,21.237276077270508,51.722267150878906,-1.14,,-1.07,,-0.14,
2021-07-16,536.3258056640625,89.3631591796875,83.09010314941406,33.75350570678711,43.23018264770508,128.41712951660156,376.1920776367188,171.94801330566406,36.56925201416016,21.803516387939453,13.94290828704834,72194.71875,2795.555419921875,21.08797836303711,51.072540283203125,-1.97,,-0.59,,-0.56,
2021-07-19,529.9517211914062,90.13021850585938,81.98222351074219,33.82785415649414,44.12236404418945,127.07478332519533,362.3868408203125,166.15701293945312,36.32487106323242,21.65465545654297,13.53022289276123,71470.953125,2742.536376953125,20.434812545776367,50.303836822509766,-0.67,,-0.68,,-2.96,
2021-07-20,529.0413818359375,90.51375579833984,81.24365234375,33.45611572265625,47.28554153442383,126.62733459472656,361.0926513671875,165.71156311035156,37.37081909179688,22.13101577758789,13.736565589904783,71470.953125,2718.43701171875,19.921607971191406,50.00184631347656,2.88,,2.2,,1.53,
2021-07-21,532.68359375,91.6643524169922,81.98222351074219,33.679161071777344,47.44775772094727,123.04776000976562,352.89581298828125,169.72073364257812,36.60835266113281,22.14093971252441,13.883954048156738,71018.609375,2766.63623046875,20.81737899780273,50.55092239379883,-2.04,,0.04,,1.07,
2021-07-26,528.1307983398438,88.21256256103516,82.7208023071289,35.31479263305664,48.5832633972168,130.65435791015625,332.619384765625,175.51171875,36.03161239624024,22.18063735961914,13.775870323181152,71290.0234375,2790.73583984375,21.43321990966797,48.501068115234375,2.73,,3.19,,1.59,
2021-07-27,528.1307983398438,88.21256256103516,83.09010314941406,34.83153533935547,46.63668441772461,127.07478332519533,323.9911193847656,163.92971801757812,37.22419357299805,22.66692543029785,14.10994815826416,71018.609375,2858.21484375,21.395896911621094,49.69987106323242,3.31,,2.19,,2.43,
2021-07-28,527.219970703125,86.29489135742188,83.09010314941406,33.82785415649414,45.176753997802734,123.4952163696289,330.8937072753906,159.9205780029297,35.37666702270508,21.0591983795166,13.26492404937744,71651.8984375,2785.915771484375,21.918432235717773,48.6657829284668,-4.96,,-7.09,down_touch,-5.99,
2021-07-29,530.8624267578125,88.21256256103516,84.93655395507812,34.16241836547852,46.79889678955078,135.57626342773438,358.9355773925781,172.83897399902344,37.04823684692383,22.87533187866211,13.785694122314451,71470.953125,2882.314453125,22.85152816772461,48.56511688232422,4.73,,8.62,up_touch,3.93,
2021-07-30,528.1307983398438,93.9655532836914,85.3226089477539,34.49697494506836,48.01551055908203,130.65435791015625,342.5419006347656,163.92971801757812,38.29946899414063,23.0539665222168,13.962560653686523,71018.609375,2781.096435546875,22.85152816772461,49.14164352416992,3.38,,0.78,,1.28,
2021-08-02,537.2365112304688,96.26675415039062,86.09477233886719,34.905887603759766,51.09758758544922,130.2069091796875,336.0706787109375,167.49342346191406,38.289695739746094,23.02419853210449,14.188555717468262,71742.375,2800.37548828125,22.99149513244629,49.15995407104492,-0.03,,-0.13,,1.62,
2021-08-03,540.878662109375,97.41735076904295,88.41121673583984,35.68653106689453,51.09758758544922,134.23391723632812,349.8758850097656,169.2752685546875,35.80677795410156,21.66457939147949,13.490918159484863,73642.234375,2824.47509765625,23.570011138916016,49.12334442138672,-6.48,,-5.91,,-4.92,
2021-08-04,542.6998291015625,100.48561096191406,88.41121673583984,35.83522033691406,50.85426712036133,131.5492401123047,344.5681457519531,162.1478729248047,36.48126983642578,22.00200080871582,13.657958030700684,74999.296875,2829.294921875,24.223182678222656,49.47109222412109,1.88,,1.56,,1.24,
2021-08-05,542.6998291015625,101.25267028808594,88.79730224609375,37.09911346435547,51.17869186401367,132.89158630371094,360.6653747558594,166.15701293945312,36.09025955200195,21.73404693603516,13.441789627075195,74275.515625,2920.8740234375,24.85768699645996,49.324668884277344,-1.07,,-1.22,,-1.58,
2021-08-06,538.1469116210938,98.95146942138672,87.25299072265625,37.39650344848633,50.04319381713867,130.65435791015625,361.9705810546875,161.70242309570312,37.9084587097168,22.38904571533203,13.83482551574707,73732.703125,2863.03466796875,25.324234008789062,49.635986328125,5.04,,3.01,,2.92,
2021-08-10,538.1469116210938,97.03380584716795,87.63906860351562,35.575008392333984,49.47543716430664,126.1798858642578,348.91876220703125,161.2569580078125,36.20756912231445,21.74397087097168,13.500744819641112,72556.6171875,2838.935302734375,25.61349296569824,49.783348083496094,-1.36,,-0.45,,-0.58,
2021-08-11,537.2365112304688,97.41735076904295,86.4808349609375,35.68653106689453,47.69107437133789,123.94266510009766,334.996826171875,151.90225219726562,36.15869522094727,21.5256404876709,13.23544692993164,71018.609375,2766.63623046875,24.99765014648437,49.682037353515625,-0.13,,-1.0,,-1.97,
2021-08-12,533.5940551757812,96.26675415039062,84.55046844482422,35.53783416748047,49.31322860717773,127.07478332519533,348.48370361328125,160.3660125732422,36.20756912231445,21.545486450195312,13.274749755859377,69661.578125,2752.176513671875,24.960329055786133,49.86624526977539,0.14,,0.09,,0.3,
2021-08-13,529.0413818359375,92.04788208007812,84.16439056396484,33.45611572265625,46.06893157958984,120.81055450439452,330.64617919921875,155.46595764160156,34.35026550292969,20.602685928344727,12.724501609802246,67309.3671875,2771.4560546875,24.400468826293945,49.31361389160156,-5.13,,-4.38,,-4.15,
2021-08-17,531.7730102539062,93.5820083618164,82.62007904052734,33.23307800292969,45.82561111450195,122.15288543701172,326.73065185546875,153.68411254882812,32.942630767822266,19.79882431030273,12.301989555358888,67128.4375,2694.337158203125,24.260507583618164,49.2491455078125,-3.69,,-3.86,,-3.69,
2021-08-18,522.6673583984375,91.28081512451172,83.77831268310547,33.45611572265625,48.1777229309082,123.4952163696289,324.99041748046875,153.68411254882812,33.13813781738281,19.73927879333496,12.252859115600586,66857.015625,2708.797119140625,23.000825881958008,48.530704498291016,0.59,,-0.3,,-0.4,
2021-08-19,509.0088806152344,88.5960922241211,81.84793853759766,31.66660690307617,46.39336395263672,117.23095703125,313.2438049316406,142.45506286621094,33.57802200317383,19.8980655670166,12.28233814239502,66133.2578125,2626.858642578125,22.89818382263184,48.0701789855957,1.33,,0.8,,0.24,
2021-08-20,502.634765625,88.97962188720703,80.30363464355469,32.28904342651367,47.20443344116211,119.91563415527344,317.59442138671875,150.51853942871094,34.12543487548828,20.29503631591797,12.488680839538574,65771.3984375,2588.298828125,22.767559051513672,48.30044174194336,1.63,,2.0,,1.68,
2021-08-23,515.3826904296875,92.81495666503906,83.00616455078125,33.22270202636719,48.74547576904297,123.4952163696289,336.737060546875,165.30162048339844,34.22318649291992,20.394275665283203,12.626242637634276,66314.203125,2675.0576171875,23.20610809326172,47.904396057128906,0.29,,0.49,,1.1,
2021-08-24,520.84619140625,92.04788208007812,83.77831268310547,33.88404846191406,50.61094284057617,122.15288543701172,321.5099182128906,165.7495880126953,34.32094192504883,20.32480812072754,12.675371170043944,68394.9921875,2776.276123046875,23.53268814086914,49.0280876159668,0.29,,-0.34,,0.39,
2021-08-25,532.68359375,93.9655532836914,83.39224243164062,34.31196975708008,50.28651428222656,127.52223205566406,337.1721496582031,175.15699768066406,33.832176208496094,20.056854248046875,12.56728744506836,68485.46875,2747.356689453125,24.027231216430664,49.56230545043945,-1.42,,-1.32,,-0.85,
2021-08-26,540.878662109375,94.73261260986328,83.00616455078125,35.12892532348633,51.016483306884766,124.8375473022461,330.2111511230469,175.60496520996094,33.00127410888672,19.81867218017578,12.341293334960938,67490.296875,2756.99609375,24.316490173339844,49.56230545043945,-2.46,,-1.19,,-1.8,
2021-08-27,545.4315795898438,97.41735076904295,83.77831268310547,35.517948150634766,56.04512405395508,130.6060791015625,359.3602294921875,180.9806365966797,32.659149169921875,20.205718994140625,12.459202766418455,67218.8984375,2795.555419921875,24.363147735595703,48.935977935791016,-1.04,,1.95,,0.96,
2021-08-30,550.8950805664062,98.95146942138672,86.09477233886719,35.59574890136719,56.93730545043945,133.76954650878906,365.8861083984375,183.66845703125,32.463645935058594,20.14617156982422,12.46902847290039,67490.296875,2829.294921875,25.772123336791992,49.635986328125,-0.6,,-0.29,,0.08,
2021-08-31,559.0900268554688,98.56794738769533,86.8669204711914,35.47904586791992,58.23502731323242,133.317626953125,366.7562255859375,179.63671875,33.38251876831055,20.424049377441406,12.527983665466309,69390.1796875,2863.03466796875,26.06138229370117,49.682037353515625,2.83,,1.38,,0.47,
2021-09-01,558.1795654296875,97.03380584716795,86.4808349609375,36.10148239135742,55.96401596069336,134.22146606445312,370.67181396484375,177.3968505859375,32.79600143432617,20.285112380981445,12.351118087768556,69480.625,2867.8544921875,25.632156372070312,49.792572021484375,-1.76,,-0.68,,-1.41,
2021-09-02,552.716064453125,96.26675415039062,85.70868682861328,35.01221466064453,53.368595123291016,133.317626953125,359.3602294921875,181.4285888671875,32.17039108276367,19.88814353942871,12.213557243347168,68756.8984375,2925.69384765625,25.940082550048828,49.43334579467773,-1.91,,-1.96,,-1.11,
2021-09-03,564.553466796875,98.56794738769533,86.8669204711914,36.10148239135742,54.58520126342773,140.09646606445312,371.5419006347656,196.211669921875,32.571170806884766,19.95761108398437,12.272512435913086,69299.7109375,2988.352783203125,26.34130859375,49.488616943359375,1.25,,0.35,,0.48,
2021-09-06,574.5698852539062,98.71977996826172,84.93655395507812,35.59574890136719,53.85523986816406,139.64454650878906,394.6001281738281,205.17111206054688,32.942630767822266,20.14617156982422,12.410073280334473,69932.9765625,3147.409912109375,26.556224822998047,49.285980224609375,1.14,,0.94,,1.12,
2021-09-08,563.6428833007812,94.75513458251952,83.39224243164062,33.96185302734375,51.09758758544922,129.25030517578125,356.7498779296875,179.63671875,33.12836456298828,20.44389915466309,12.636069297790527,69028.3046875,3132.9501953125,26.406719207763672,49.4149284362793,0.15,,1.38,,0.94,
2021-09-09,563.6428833007812,96.73746490478516,85.70868682861328,34.078556060791016,53.85523986816406,130.15415954589844,365.8861083984375,182.7725372314453,32.561397552490234,20.037004470825195,12.508333206176758,68123.609375,3142.590087890625,25.54705238342285,49.34124755859375,-1.71,,-1.99,,-1.01,
2021-09-10,566.3746948242188,101.49504089355467,86.4808349609375,34.895511627197266,53.20637512207031,131.50991821289062,376.7626647949219,187.70021057128903,33.5584716796875,20.394275665283203,12.881714820861816,68123.609375,3253.4482421875,26.11705017089844,49.18466567993164,3.06,,1.78,,2.99,
2021-09-13,560.0006713867188,98.32332611083984,84.55046844482422,34.389774322509766,51.90865707397461,130.6060791015625,377.6327819824219,181.4285888671875,33.09903335571289,20.08662796020508,12.70485019683838,69028.3046875,3292.0078125,25.9488525390625,49.58993148803711,-1.37,,-1.51,,-1.37,
2021-09-14,558.1795654296875,98.71977996826172,86.09477233886719,34.078556060791016,52.39530563354492,128.79837036132812,386.333984375,181.4285888671875,32.45386505126953,19.81867218017578,12.537809371948242,69299.7109375,3301.647216796875,27.07015609741211,50.6491584777832,-1.95,,-1.33,,-1.31,
2021-09-15,552.716064453125,98.32332611083984,83.00616455078125,33.68953323364258,52.151981353759766,127.89452362060548,390.2495422363281,182.7725372314453,31.9455509185791,19.59041404724121,12.400246620178224,69661.578125,3267.908203125,26.91130256652832,50.21625900268555,-1.57,,-1.15,,-1.1,
2021-09-16,548.82861328125,96.34099578857422,83.00616455078125,33.68953323364258,51.73350143432617,131.50991821289062,390.68463134765625,183.66845703125,31.30038833618164,18.816326141357425,12.16442584991455,68847.3515625,3181.1494140625,26.96737670898437,50.76888656616211,-2.02,,-3.95,,-1.9,
2021-09-17,548.82861328125,93.56575012207033,83.39224243164062,33.61172866821289,52.23576354980469,133.317626953125,400.2559509277344,189.9400787353516,31.39813804626465,18.94534111022949,12.233206748962402,69842.515625,3243.80810546875,27.17293930053711,50.50178909301758,0.31,,0.69,,0.57,
2021-09-24,546.9991455078125,93.16927337646484,81.84793853759766,33.105995178222656,52.6543197631836,129.25030517578125,411.5675354003906,194.4197998046875,31.280834197998047,19.05450820922852,12.184077262878418,69932.9765625,3258.2685546875,25.201316833496094,49.76493453979492,-1.99,,-0.88,,-1.2,
2021-09-27,550.657958984375,91.58341217041016,82.23402404785156,32.67807388305664,50.6452522277832,124.73106384277344,401.1260681152344,185.0123748779297,31.544767379760746,18.80640411376953,12.095645904541016,70294.890625,3205.249267578125,25.26672744750977,49.939937591552734,0.84,,-1.3,,-0.73,
2021-09-28,543.34033203125,89.20462036132812,82.23402404785156,32.44465637207031,50.72896194458008,123.82721710205078,402.8663024902344,185.4603576660156,31.26128196716309,18.816326141357425,12.144775390625,69028.3046875,3132.9501953125,25.26672744750977,50.34519958496094,-0.9,,0.05,,0.41,
2021-09-29,530.5343627929688,84.05058288574219,79.531494140625,31.74441146850586,47.88278579711914,118.40411376953124,364.5809326171875,172.91712951660156,31.368810653686523,18.65753746032715,11.889302253723145,67356.6328125,3019.419921875,24.08935737609864,49.73730850219727,0.34,,-0.84,,-2.1,
2021-09-30,530.5343627929688,86.42937469482422,80.68971252441406,31.861122131347656,48.97103118896485,119.3079605102539,378.5028991699219,180.9806365966797,31.349260330200195,18.826250076293945,11.879475593566896,67356.6328125,2995.26513671875,23.51936721801757,49.267555236816406,-0.06,,0.9,,-0.08,
2021-10-08,525.9608154296875,76.27985382080078,77.60110473632812,30.11050796508789,46.79454040527344,117.5002670288086,374.15228271484375,198.0035858154297,31.681621551513672,19.14382553100586,11.96790885925293,64993.25,2734.386962890625,23.97722625732422,49.90309524536133,1.06,,1.69,,0.74,
2021-10-12,525.9608154296875,74.13895416259766,75.36187744140625,29.41026496887207,44.283203125,112.07717895507812,364.1459045410156,196.211669921875,31.20263290405273,19.32245826721192,11.958083152770996,62720.7734375,2777.86669921875,23.45394897460937,49.22151184082031,-1.81,,0.88,,-0.65,
2021-10-13,522.3018188476562,73.26673126220703,73.7403564453125,28.63221549987793,44.78547286987305,104.8463897705078,341.957763671875,181.8765869140625,31.92600440979004,19.987382888793945,12.331465721130373,62538.9609375,2686.076416015625,20.94969940185547,48.05176544189453,2.32,,3.44,,3.12,
2021-10-14,524.1311645507812,74.21825408935547,74.20364379882812,28.787824630737305,45.20402526855469,105.750244140625,341.5227355957031,179.18873596191406,31.622966766357425,19.828596115112305,12.28233814239502,63084.3515625,2729.555908203125,20.828229904174805,48.13465881347656,-0.95,,-0.79,,-0.4,
2021-10-15,548.82861328125,76.27985382080078,74.97579956054688,29.643678665161133,47.46422958374024,113.88488006591795,359.7952880859375,188.148193359375,32.50273895263672,20.33473396301269,12.616416931152344,63720.6640625,2874.488037109375,20.93101501464844,49.64519500732422,2.78,,2.55,,2.72,
2021-10-18,539.6814575195312,75.01118469238281,73.89478302001953,29.838191986083984,46.37598419189453,116.59642028808594,358.4901123046875,193.5238494873047,31.81847381591797,20.32480812072754,12.636069297790527,63811.5625,2917.96728515625,20.73478126525879,50.16098785400391,-2.11,,-0.05,,0.16,
2021-10-19,548.82861328125,78.02430725097656,74.58972930908203,30.38282585144043,48.13391876220703,127.89452362060548,391.9898071289063,212.78665161132807,31.368810653686523,20.056854248046875,12.56728744506836,64175.15625,3024.251953125,20.987079620361328,50.170204162597656,-1.41,,-1.32,,-0.54,
2021-10-20,546.9991455078125,77.4692611694336,73.4314956665039,30.26611518859864,48.55247497558594,131.50991821289062,397.2105102539063,222.1940460205078,30.997350692749023,19.769052505493164,12.370770454406738,63902.453125,2985.602783203125,20.977739334106445,50.85178756713867,-1.18,,-1.43,,-1.56,
2021-10-21,545.169677734375,76.04198455810547,73.35429382324219,29.99380111694336,47.380516052246094,128.346435546875,374.15228271484375,208.75489807128903,30.28375625610352,19.5010986328125,12.26268482208252,63811.5625,2908.305908203125,21.55707740783692,50.99916076660156,-2.3,,-1.36,,-0.87,
2021-10-22,548.82861328125,76.12127685546875,72.96820831298828,30.38282585144043,48.30134201049805,129.7022247314453,383.2885437011719,211.8907012939453,30.489038467407227,19.72935104370117,12.537809371948242,63993.3515625,2971.109130859375,21.64117813110352,51.57942199707031,0.68,,1.17,,2.24,
2021-10-25,542.425537109375,76.43844604492188,72.81378936767578,30.460628509521484,48.63618469238281,136.02915954589844,384.59375,219.50621032714844,30.821399688720703,19.808746337890625,12.429725646972656,63811.5625,3004.927001953125,20.818885803222656,45.5556869506836,1.09,,0.4,,-0.86,
2021-10-26,547.9138793945312,77.70714569091797,73.5859375,30.771846771240234,47.54793930053711,141.00033569335938,383.2885437011719,211.44271850585932,31.56431579589844,19.93776512145996,12.518157958984377,64629.6484375,3033.9130859375,21.407569885253903,45.50963592529297,2.41,,0.65,,0.71,
2021-10-27,547.9138793945312,77.07279205322266,76.21123504638672,31.00526237487793,48.13391876220703,155.0099639892578,409.3922424316406,223.53797912597656,30.342409133911133,19.580490112304688,12.331465721130373,63720.6640625,3222.325439453125,20.790855407714844,44.46883773803711,-3.87,,-1.79,,-1.49,
2021-10-28,544.255126953125,79.1344223022461,77.21503448486328,31.43319129943848,48.30134201049805,161.3369140625,405.0415954589844,220.85012817382807,29.49196434020996,19.11405372619629,12.10547161102295,64266.07421875,3265.804931640625,20.482498168945312,44.109619140625,-2.8,,-2.38,,-1.83,
2021-10-29,539.6814575195312,79.1344223022461,75.20744323730469,30.927459716796875,49.72443008422852,171.73117065429688,426.7946472167969,218.6102600097656,30.21533203125,19.8682918548584,12.626242637634276,63447.95703125,3289.960205078125,20.688066482543945,44.28462600708008,2.45,,3.95,,4.3,
2021-11-01,539.6814575195312,77.86572265625,75.13024139404297,31.19977760314941,51.48236083984375,170.8273162841797,447.2424926757813,214.5785217285156,30.33263397216797,20.473669052124023,12.8718900680542,63538.8671875,3328.60888671875,20.482498168945312,45.13199996948242,0.39,,3.05,,1.95,
2021-11-02,541.5108642578125,78.34149169921875,74.2808609008789,30.96636390686035,50.05927658081055,177.15423583984375,457.6839294433594,208.75489807128903,31.574092864990234,20.55306625366211,12.852237701416016,64993.25,3265.804931640625,21.35150146484375,45.63857650756836,4.09,,0.39,,-0.15,
2021-11-04,536.9373168945312,77.78643035888672,75.05301666259766,31.74441146850586,49.80813980102539,171.73117065429688,465.51507568359375,216.81837463378903,31.691394805908203,20.473669052124023,12.94067096710205,64175.15625,3352.76416015625,21.370195388793945,46.41226577758789,0.59,,-0.67,,0.92,
2021-11-05,548.82861328125,79.05512237548828,74.66693115234375,32.44465637207031,51.31494522094727,176.25039672851562,485.52783203125,223.53797912597656,31.49589157104492,20.275184631347656,13.66778564453125,63811.5625,3333.439453125,21.86543655395508,46.660831451416016,-0.62,,-0.97,,5.62,up_touch
2021-11-08,550.657958984375,83.65410614013672,74.8985824584961,32.63916778564453,49.30587387084961,171.73117065429688,466.3851623535156,217.266357421875,30.39128494262696,19.8980655670166,13.06840705871582,64175.15625,3260.973876953125,21.97756576538086,47.22658920288086,-3.51,,-1.86,,-4.39,
2021-11-09,558.8902587890625,83.25764465332031,75.59352111816406,32.561363220214844,48.97103118896485,173.99078369140625,471.6059265136719,218.1623077392578,31.35903549194336,20.711854934692383,13.736565589904783,64084.265625,3362.42626953125,22.229860305786133,47.81089019775391,3.18,,4.09,,5.11,
2021-11-10,559.8051147460938,82.4647216796875,75.74795532226562,32.63916778564453,49.72443008422852,180.31773376464844,482.9175720214844,223.9859313964844,31.71094512939453,20.900409698486328,14.247511863708496,63811.5625,3323.77783203125,21.97756576538086,47.48627853393555,1.12,,0.91,,3.72,
2021-11-11,554.3167724609375,81.27532196044922,75.28466033935547,32.32794570922852,49.05473709106445,176.25039672851562,501.1900024414063,218.1623077392578,32.004207611083984,21.07904815673828,14.10994815826416,63538.8671875,3304.453369140625,21.20200157165528,47.07818603515625,0.92,,0.85,,-0.97,
2021-11-12,552.4874877929688,82.4647216796875,75.67073822021484,32.75587463378906,47.88278579711914,182.57733154296875,499.4498291015625,224.88186645507807,31.64251518249512,20.950035095214844,13.94290828704834,64175.15625,3323.77783203125,21.585107803344727,46.8648796081543,-1.13,,-0.61,,-1.18,
2021-11-15,556.1463012695312,83.65410614013672,76.6745376586914,32.794776916503906,48.80360794067383,177.15423583984375,489.0083923339844,217.7143402099609,31.378585815429688,20.741622924804688,13.913432121276855,64902.35546875,3343.102294921875,21.77198982238769,46.660831451416016,-0.83,,-0.99,,-0.21,
2021-11-16,557.9757690429688,83.65410614013672,75.67073822021484,33.22270202636719,48.05020904541016,176.25039672851562,488.1382446289063,211.44271850585932,31.07555389404297,20.55306625366211,13.520397186279297,64811.453125,3309.284423828125,21.85609436035156,46.670108795166016,-0.97,,-0.91,,-2.82,
2021-11-17,557.9757690429688,84.44703674316406,77.9871826171875,34.000755310058594,48.30134201049805,178.96194458007812,487.26806640625,217.7143402099609,31.44701194763184,20.741622924804688,13.844651222229004,64266.07421875,3280.298095703125,22.5569076538086,46.9390754699707,1.2,,0.92,,2.4,
2021-11-18,560.7197875976562,84.05058288574219,76.82896423339844,33.80624008178711,47.966495513916016,173.99078369140625,476.8267211914063,211.8907012939453,30.7236442565918,20.463747024536133,13.569525718688965,63811.5625,3188.507568359375,22.846580505371094,46.58663177490234,-2.3,,-1.34,,-1.99,
2021-11-19,565.2933349609375,84.05058288574219,76.13402557373047,34.15636444091797,47.380516052246094,176.70233154296875,476.8267211914063,210.5467834472656,30.968027114868164,20.63246154785156,13.844651222229004,64720.5546875,3314.115478515625,23.20166015625,46.07653427124024,0.8,,0.82,,2.03,
2021-11-22,562.5492553710938,84.44703674316406,76.5973129272461,33.72843551635742,48.21762847900391,177.15423583984375,488.1382446289063,213.234603881836,32.14105987548828,21.237836837768555,13.992037773132324,68083.8359375,3381.7509765625,23.603458404541016,45.92813873291016,3.79,,2.93,,1.06,
2021-11-24,551.57275390625,81.67179107666016,76.21123504638672,33.22270202636719,46.87825012207031,179.41387939453125,492.4888305664063,210.0988006591797,32.532066345214844,20.92026138305664,13.657958030700684,67992.9453125,3285.129150390625,21.85609436035156,45.5385971069336,-0.27,,-0.57,,-1.35,
2021-11-25,551.57275390625,82.4647216796875,76.28846740722656,33.41721725463867,45.957427978515625,190.26004028320312,503.8003845214844,214.13055419921875,32.90353012084961,21.1584415435791,13.687437057495115,66993.046875,3376.919677734375,21.74396133422852,46.150726318359375,1.14,,1.14,,0.22,
2021-11-29,542.425537109375,80.08592987060547,75.05301666259766,33.06709289550781,45.53887176513672,192.51968383789065,508.1509704589844,209.65084838867188,31.701169967651367,19.88814353942871,13.392660140991213,65720.4453125,3381.7509765625,20.77216148376465,45.2418098449707,-2.11,,-1.86,,-0.15,
2021-11-30,545.169677734375,80.87885284423828,76.52010345458984,33.92294692993164,46.459693908691406,206.0774078369141,544.696044921875,215.47447204589844,32.45386505126953,21.624879837036133,13.569525718688965,64811.453125,3415.568115234375,20.94969940185547,46.37331771850586,2.37,,8.73,,1.32,
2021-12-01,548.82861328125,82.4647216796875,76.52010345458984,34.19526290893555,47.46422958374024,202.01007080078125,529.0338745117188,204.27517700195312,32.600494384765625,21.08897399902344,13.471267700195312,67629.3359375,3401.074951171875,20.14610290527344,45.63134765625,0.45,,-2.48,,-0.72,
2021-12-02,562.5492553710938,83.25764465332031,75.74795532226562,34.000755310058594,47.631649017333984,192.51968383789065,513.3717651367188,206.0670623779297,32.14105987548828,20.692005157470703,13.304227828979492,68901.9296875,3280.298095703125,20.59462547302246,45.07486343383789,-1.41,,-1.88,,-1.24,
2021-12-03,556.1463012695312,86.42937469482422,74.2808609008789,34.545387268066406,48.21762847900391,196.5869903564453,522.9430541992188,215.9224395751953,32.89375686645508,20.940109252929688,13.32387924194336,68720.140625,3386.58203125,20.8469181060791,45.90958404541016,2.34,,1.2,,0.15,
2021-12-06,548.82861328125,84.05058288574219,74.74415588378906,34.97331619262695,47.715362548828125,197.9427490234375,505.5406494140625,212.33865356445312,32.25835418701172,20.57291412353516,13.176491737365724,69356.4375,3299.622314453125,21.29544258117676,45.67771911621094,-1.93,,-1.75,,-1.11,
2021-12-07,555.2315673828125,82.4647216796875,74.82138061523438,35.36233901977539,46.54340744018555,195.68313598632807,509.8912353515625,204.27517700195312,31.81847381591797,20.007232666015625,12.950496673583984,70356.328125,3343.102294921875,21.53892135620117,47.29151153564453,-1.36,,-2.75,,-1.72,
2021-12-08,550.657958984375,84.84351348876953,75.51631164550781,35.05112075805664,47.12938690185547,199.75045776367188,509.0211791992188,212.33865356445312,31.98465919494629,20.156095504760746,13.088058471679688,70356.328125,3430.061279296875,22.93427276611328,48.75690460205078,0.52,,0.74,,1.06,
2021-12-09,556.1463012695312,82.8611831665039,75.05301666259766,34.545387268066406,46.62711715698242,197.03890991210932,509.8912353515625,205.6190948486328,32.033531188964844,20.14617156982422,13.245271682739258,71083.5234375,3367.25732421875,22.86871719360352,47.99639129638672,0.15,,-0.05,,1.2,
2021-12-10,553.4022216796875,81.67179107666016,74.66693115234375,34.46758270263672,46.7108268737793,202.9139404296875,497.7095031738281,202.0353240966797,31.40791320800781,20.185867309570312,13.166664123535156,69901.8203125,3314.115478515625,22.072715759277344,46.81850051879883,-1.95,,0.2,,-0.59,
2021-12-13,549.7431640625,81.27532196044922,75.13024139404297,34.545387268066406,46.124847412109375,199.29855346679688,499.4498291015625,206.5150451660156,31.456787109375,20.29503631591797,13.078231811523438,69810.9453125,3376.919677734375,21.90415000915528,46.92052459716797,0.16,,0.54,,-0.67,
2021-12-14,547.9138793945312,80.87885284423828,74.35808563232422,34.000755310058594,44.78547286987305,195.23123168945312,483.7876586914063,197.1076202392578,31.251508712768555,20.19579315185547,13.05858039855957,69992.734375,3294.79150390625,20.977035522460938,46.37331771850586,-0.65,,-0.49,,-0.15,
2021-12-15,548.82861328125,80.48239135742188,74.74415588378906,34.03965377807617,45.45516204833984,200.202392578125,500.3198852539063,203.3792266845703,31.02667617797852,19.93776512145996,12.832586288452148,70538.1484375,3280.298095703125,20.845930099487305,46.0950813293457,-0.72,,-1.28,,-1.73,
2021-12-16,555.9503173828125,82.06825256347656,74.8985824584961,34.389774322509766,46.20856475830078,203.3658599853516,497.7095031738281,209.202865600586,31.00712776184082,19.84844398498535,12.89154052734375,70719.921875,3381.7509765625,21.595109939575195,46.99471664428711,-0.06,,-0.45,,0.46,
2021-12-17,557.7880859375,80.87885284423828,74.2808609008789,33.767337799072266,45.79000854492188,200.65431213378903,491.61865234375,206.96299743652344,30.45971298217773,19.302614212036133,12.626242637634276,70901.7265625,3275.46728515625,20.33086585998535,47.14311981201172,-1.77,,-2.75,,-2.06,
2021-12-20,549.5177612304688,80.48239135742188,74.43529510498047,33.61172866821289,45.28773498535156,197.03890991210932,491.61865234375,202.93125915527344,30.225107192993164,18.994962692260746,12.449377059936523,70083.6328125,3154.690185546875,20.73355484008789,46.94834518432617,-0.77,,-1.59,,-1.4,
2021-12-21,548.5988159179688,80.87885284423828,75.36187744140625,33.650630950927734,45.79000854492188,201.1062164306641,502.0601501464844,205.17111206054688,30.56723976135254,19.1735954284668,12.527983665466309,70992.59375,3241.649658203125,20.387062072753903,46.0023307800293,1.13,,0.94,,0.63,
2021-12-22,551.3556518554688,81.67179107666016,75.28466033935547,33.61172866821289,46.459693908691406,205.62548828125,496.8394165039063,207.8589324951172,30.41083526611328,19.292688369750977,12.586938858032228,72174.328125,3265.804931640625,21.16433525085449,47.08746719360352,-0.51,,0.62,,0.47,
2021-12-23,556.869140625,82.06825256347656,75.59352111816406,33.88404846191406,45.87371444702149,216.923568725586,498.5796813964844,212.78665161132807,29.931848526000977,19.18352127075196,12.518157958984377,72628.8203125,3309.284423828125,21.426544189453125,47.27296447753906,-1.58,,-0.57,,-0.55,
2021-12-24,555.0313720703125,83.25764465332031,75.90238189697266,34.078556060791016,46.292274475097656,216.0197296142578,493.3589782714844,213.68258666992188,29.60926628112793,19.064430236816406,12.390420913696287,73174.2109375,3280.298095703125,21.660663604736328,47.58830642700195,-1.08,,-0.62,,-1.02,
2021-12-28,565.1394653320312,83.65410614013672,76.75174713134766,34.70100021362305,46.20856475830078,216.0197296142578,497.7095031738281,214.5785217285156,30.03937530517578,19.27284049987793,12.478853225708008,72992.4296875,3352.76416015625,22.20382308959961,48.1725959777832,0.79,,0.47,,1.28,
2021-12-29,566.058349609375,84.05058288574219,76.52010345458984,34.66209030151367,46.62711715698242,210.5966339111328,495.0991821289063,211.8907012939453,29.77544403076172,19.16367149353028,12.321640014648438,71952.3984375,3280.298095703125,22.40984535217285,48.005653381347656,-0.88,,-0.57,,-1.26,
2021-12-30,565.1394653320312,84.44703674316406,75.43909454345703,34.85660552978516,46.459693908691406,208.7889404296875,497.7095031738281,208.75489807128903,30.0882511138916,19.282764434814453,12.449377059936523,71495.8359375,3304.453369140625,23.23393821716309,48.07058334350586,1.05,,0.62,,1.04,
2022-01-04,602.8154907226562,84.84351348876953,75.74795532226562,34.623191833496094,45.45516204833984,214.2120361328125,509.0211791992188,210.99473571777344,30.25443458557129,19.39193344116211,12.518157958984377,71861.09375,3401.074951171875,24.57310104370117,49.35048675537109,-0.23,,0.57,,0.24,
2022-01-05,597.3019409179688,88.01522827148438,77.21503448486328,34.895511627197266,45.70629501342773,207.88510131835932,512.5016479492188,206.0670623779297,29.765670776367188,19.14382553100586,12.449377059936523,70674.0546875,3362.42626953125,24.198511123657227,49.28556442260742,-1.62,,-1.28,,-0.55,
2022-01-06,591.788330078125,86.03290557861328,76.05681610107422,34.428680419921875,45.28773498535156,199.75045776367188,498.5796813964844,204.27517700195312,29.66791534423828,18.994962692260746,12.478853225708008,70217.5078125,3203.001220703125,23.45869827270508,49.96260452270508,-0.33,,-0.78,,0.24,
2022-01-07,582.59912109375,84.44703674316406,75.05301666259766,34.739898681640625,44.11578369140625,196.5869903564453,485.52783203125,190.38804626464844,29.63858985900879,18.85602188110352,12.341293334960938,71495.8359375,3188.507568359375,23.59917259216309,50.09245681762695,-0.1,,-0.73,,-1.1,
2022-01-11,598.2208862304688,84.44703674316406,75.74795532226562,34.58429336547852,43.697227478027344,188.45236206054688,442.8918762207031,179.18873596191406,27.957246780395508,18.80640411376953,12.075993537902832,72043.703125,3116.04150390625,22.1944580078125,51.20542144775391,-1.89,,-0.26,,-1.13,
2022-01-12,606.4910888671875,84.84351348876953,76.13402557373047,34.2730712890625,43.52980041503906,195.23123168945312,439.4114074707031,180.08470153808594,28.426456451416016,19.03465843200684,12.174251556396484,72043.703125,3256.142822265625,22.775070190429688,51.85464859008789,1.68,,1.21,,0.81,
2022-01-13,607.4100952148438,83.25764465332031,76.44288635253906,35.36233901977539,43.2786750793457,197.03890991210932,452.4632568359375,179.63671875,28.27005386352539,18.73693084716797,12.085820198059082,71130.6171875,3280.298095703125,22.7563419342041,51.69697952270508,-0.55,,-1.56,,-0.73,
2022-01-14,617.518310546875,83.65410614013672,76.05681610107422,34.545387268066406,43.44609451293945,198.8466186523437,447.2424926757813,180.08470153808594,28.18207550048828,18.67738914489746,12.056342124938965,70582.7421875,3231.9873046875,22.44729995727539,50.95500564575195,-0.31,,-0.32,,-0.24,
2022-01-17,627.6265258789062,85.63643646240234,76.5973129272461,36.490509033203125,44.53433990478516,200.202392578125,459.4241943359375,186.80426025390625,28.44601058959961,18.88579559326172,12.125123977661133,70765.3671875,3236.818603515625,23.40250968933105,51.65987396240234,0.94,,1.12,,0.57,
2022-01-19,600.977783203125,83.25764465332031,76.05681610107422,36.72393035888672,44.53433990478516,194.7792816162109,451.5931091308594,190.83599853515625,28.133201599121094,18.74685478210449,12.095645904541016,69669.640625,3072.56201171875,21.77304077148437,50.78805541992188,-1.77,,-1.61,,-1.05,
2022-01-20,598.2208862304688,83.65410614013672,76.82896423339844,36.33489990234375,44.61804962158203,200.65431213378903,457.6839294433594,190.83599853515625,27.65421295166016,18.151403427124023,11.958083152770996,69852.265625,3077.3935546875,21.12687492370605,49.730743408203125,-1.7,,-3.18,,-1.14,
2022-01-21,589.0316162109375,80.48239135742188,75.97959899902344,35.86806869506836,44.36691284179688,181.67349243164065,426.7946472167969,179.63671875,27.54668617248535,18.06208610534668,12.01703929901123,69030.453125,3024.251953125,20.76165199279785,48.26535034179688,-0.39,,-0.49,,0.49,
2022-01-24,600.0586547851562,80.48239135742188,75.67073822021484,35.67355728149414,44.36691284179688,187.09657287597656,431.580322265625,184.5643920898437,27.41960525512696,18.04223823547364,11.92860507965088,68573.921875,2995.26513671875,20.227855682373047,48.26535034179688,-0.46,,-0.11,,-0.74,
2022-01-25,589.0316162109375,79.29300689697266,75.74795532226562,35.24563217163086,43.6135139465332,181.22157287597656,415.0480041503906,177.3968505859375,27.27297592163086,17.52617645263672,11.72226333618164,67569.515625,2821.345947265625,20.79910659790039,48.1725959777832,-0.53,,-2.86,,-1.73,
2022-01-26,584.4369506835938,78.34149169921875,75.36187744140625,34.85660552978516,43.697227478027344,180.7696533203125,410.6974182128906,180.5326538085937,27.77151870727539,17.436857223510742,11.67313289642334,67569.515625,2864.825927734375,19.98437690734864,47.30078125,1.83,,-0.51,,-0.42,
2022-02-07,583.5180053710938,79.29300689697266,73.66314697265625,34.2730712890625,43.44609451293945,183.481201171875,415.9181213378906,181.4285888671875,26.59848403930664,17.52617645263672,11.447137832641602,66656.421875,2913.13671875,19.628517150878903,44.86685562133789,1.34,,1.44,,2.1,
2022-02-08,577.0855712890625,79.29300689697266,73.5859375,34.15636444091797,43.6135139465332,185.7408142089844,440.2815551757813,188.148193359375,27.028594970703125,17.6452693939209,11.496267318725586,66656.421875,2748.880126953125,19.600419998168945,45.02573394775391,1.62,,0.68,,0.43,
2022-02-09,581.6802368164062,80.87885284423828,74.51251220703125,34.35087585449219,45.53887176513672,200.202392578125,457.6839294433594,201.13937377929688,27.30230140686035,17.84375,11.604351997375488,66656.421875,2802.021728515625,20.387062072753903,45.61447525024414,1.01,,1.12,,0.94,
2022-02-10,596.3829956054688,82.06825256347656,74.8985824584961,34.66209030151367,44.95289611816406,196.5869903564453,448.9827575683594,198.0035858154297,27.321855545043945,17.794132232666016,11.633830070495604,68847.8515625,2855.16357421875,21.613842010498047,46.64247131347656,0.07,,-0.28,,0.25,
2022-02-14,585.3558349609375,79.29300689697266,73.5859375,33.68953323364258,43.1949577331543,196.5869903564453,431.580322265625,193.0758514404297,26.823314666748047,17.675039291381836,11.486441612243652,67295.5703125,2719.8935546875,19.572322845458984,44.51173400878906,-1.26,,0.51,,-0.09,
2022-02-15,581.6802368164062,79.29300689697266,73.7403564453125,33.88404846191406,42.86011505126953,201.1062164306641,436.801025390625,193.0758514404297,27.263202667236328,17.813980102539062,11.653481483459473,67295.5703125,2729.555908203125,19.806446075439453,44.46500778198242,1.64,,0.79,,1.45,
2022-02-16,593.6262817382812,81.27532196044922,73.97200775146484,34.078556060791016,43.2786750793457,211.048568725586,459.4241943359375,194.8677673339844,27.214324951171875,17.784208297729492,11.663307189941406,68299.9765625,2797.19091796875,22.65332794189453,45.26870346069336,-0.18,,-0.17,,0.08,
2022-02-17,592.7073974609375,82.4647216796875,75.20744323730469,34.31196975708008,43.2786750793457,211.952392578125,456.8138427734375,192.179931640625,26.98949432373047,17.75443458557129,11.614178657531738,68482.609375,2768.20458984375,23.374414443969727,45.07245635986328,-0.83,,-0.17,,-0.42,
2022-02-18,585.3558349609375,82.4647216796875,74.74415588378906,34.35087585449219,43.11124801635742,218.7312774658203,466.3851623535156,195.3157196044922,26.979719161987305,17.794132232666016,11.67313289642334,67843.453125,2753.71142578125,22.65332794189453,44.455657958984375,-0.04,,0.22,,0.51,
2022-02-21,580.7612915039062,83.25764465332031,74.20364379882812,34.2730712890625,43.11124801635742,214.6639709472656,463.7748107910156,193.97183227539065,27.224102020263672,18.05216217041016,11.879475593566896,67843.453125,2628.103515625,21.969701766967773,42.09129333496094,0.91,,1.45,,1.77,
2022-02-24,555.0313720703125,79.05512237548828,71.57833099365234,33.26161193847656,41.18589019775391,219.6351318359375,445.5022888183594,189.9400787353516,27.214324951171875,18.06208610534668,11.751738548278809,65286.77734375,2492.83349609375,20.42451477050781,41.72683334350586,-2.14,,-1.89,,-2.45,
2022-02-25,555.0313720703125,78.73794555664062,72.73656463623047,33.84514236450195,42.35784530639648,229.57745361328125,455.9437255859375,203.3792266845703,27.468481063842773,18.12162971496582,11.791044235229492,65651.984375,2661.921142578125,21.78240776062012,43.66130828857422,0.93,,0.33,,0.33,
2022-03-02,552.2744750976562,81.27532196044922,74.2808609008789,33.92294692993164,42.943824768066406,225.96206665039065,476.8267211914063,199.3474578857422,27.1263484954834,17.80405616760254,11.653481483459473,65469.38671875,2715.062744140625,20.121013641357425,43.75476837158203,-1.18,,-0.55,,-0.75,
2022-03-03,553.1934204101562,82.06825256347656,75.13024139404297,34.31196975708008,43.52980041503906,222.3466644287109,465.51507568359375,194.4197998046875,26.891742706298828,17.714736938476562,11.47661590576172,66565.09375,2734.386962890625,20.9374942779541,45.670555114746094,-0.86,,-0.5,,-1.52,
2022-03-04,546.7610473632812,80.87885284423828,75.05301666259766,34.15636444091797,43.2786750793457,221.4428100585937,475.9565124511719,194.8677673339844,26.78421401977539,17.794132232666016,11.447137832641602,66565.09375,2647.42724609375,20.590261459350582,44.7921028137207,-0.4,,0.45,,-0.26,
2022-03-07,529.3013305664062,77.38996887207031,73.27706909179688,32.63916778564453,41.85558319091797,200.65431213378903,430.275146484375,176.50091552734375,25.57208251953125,17.268146514892578,11.181839942932127,64008.4140625,2521.81982421875,19.81132125854492,44.92293167114258,-4.53,,-2.96,,-2.32,
2022-03-08,517.3554077148438,76.20056915283203,71.96440887451172,32.63916778564453,40.43249130249024,195.23123168945312,413.7428283691406,166.19757080078125,24.926916122436523,16.970420837402344,10.887064933776855,63460.54296875,2531.481689453125,18.666370391845703,44.5584602355957,-2.52,,-1.72,,-2.64,
2022-03-10,539.40966796875,79.689453125,74.51251220703125,33.028194427490234,42.27413177490234,217.82742309570312,433.755615234375,176.50091552734375,25.17129707336425,17.11928367614746,10.867412567138672,63460.54296875,2671.583251953125,20.027172088623047,44.51173400878906,0.31,,1.95,,1.56,
2022-03-11,528.382568359375,79.689453125,74.82138061523438,32.67807388305664,41.813724517822266,212.85626220703125,425.4894714355469,172.91712951660156,25.298376083374023,17.287994384765625,11.132710456848145,63917.12109375,2492.83349609375,19.895782470703125,43.60524368286133,0.5,,0.99,,2.44,
2022-03-14,525.625732421875,80.87885284423828,75.51631164550781,33.49502182006836,42.02300262451172,203.3658599853516,422.0089721679688,168.43743896484375,24.69230842590332,17.069664001464844,10.975496292114258,64099.73046875,2488.002685546875,19.53915977478028,42.829586029052734,-2.4,,-1.26,,-1.41,
2022-03-15,512.7607421875,78.4207763671875,74.12643432617188,32.75587463378906,40.80919647216797,196.5869903564453,398.9507446289063,154.10232543945312,23.167369842529297,16.23602867126465,10.41542148590088,64099.73046875,2512.157470703125,19.633007049560547,41.49319839477539,-6.18,,-4.88,,-5.1,
2022-03-16,515.30029296875,79.1344223022461,73.1998519897461,32.87257766723633,40.516204833984375,192.06776428222656,400.2559509277344,154.55029296875,23.97871398925781,16.692543029785156,10.759326934814451,64282.33984375,2608.779541015625,20.15855026245117,41.87635040283203,3.5,,2.81,,3.3,
2022-03-17,537.463623046875,82.06825256347656,74.74415588378906,33.1448974609375,42.10671615600586,203.8177795410156,425.9245300292969,167.093505859375,24.84871292114257,17.099435806274414,10.837932586669922,64282.33984375,2748.880126953125,21.1721134185791,43.57720184326172,3.63,,2.44,,0.73,
2022-03-18,536.540283203125,82.8611831665039,75.90238189697266,33.028194427490234,42.1904296875,198.39468383789065,418.0934143066406,168.43743896484375,24.966014862060547,17.327693939208984,10.877238273620604,64556.2890625,2797.19091796875,21.73520278930664,44.053810119628906,0.47,,1.33,,0.36,
2022-03-22,538.387451171875,82.8611831665039,75.20744323730469,33.45611572265625,42.02300262451172,209.6927795410156,426.359619140625,173.36509704589844,25.093095779418945,17.46663475036621,10.995147705078123,64191.03125,2806.85302734375,21.885358810424805,44.28744888305664,-0.58,,0.06,,0.9,
2022-03-23,544.8516235351562,83.65410614013672,74.58972930908203,33.45611572265625,42.44156265258789,216.0197296142578,447.2424926757813,178.74078369140625,25.181072235107425,17.49640464782715,10.936192512512209,64373.65234375,2917.96728515625,21.87597274780273,45.22197723388672,0.35,,0.17,,-0.54,
2022-03-24,545.7750244140625,83.25764465332031,73.7403564453125,33.72843551635742,42.608985900878906,215.5678100585937,442.0217590332031,180.9806365966797,24.78028678894043,17.23837661743164,10.74950122833252,63734.4765625,2975.9404296875,21.50996971130371,45.109840393066406,-1.59,,-1.47,,-1.71,
2022-03-25,552.2393188476562,82.8611831665039,73.89478302001953,33.49502182006836,42.27413177490234,222.3466644287109,450.7229919433594,181.8765869140625,24.702083587646484,17.24829864501953,10.670894622802734,63734.4765625,3004.927001953125,22.29828834533692,48.240509033203125,-0.32,,0.06,,-0.73,
2022-03-28,539.3106689453125,82.06825256347656,73.5859375,33.45611572265625,41.56259536743164,217.82742309570312,444.6321411132813,180.08470153808594,24.78028678894043,17.34754180908203,10.729849815368652,63643.19140625,2961.447509765625,22.45783233642578,48.43677520751953,0.32,,0.58,,0.55,
2022-03-29,543.9280395507812,82.06825256347656,73.66314697265625,33.26161193847656,41.4370231628418,220.5389709472656,454.2034606933594,173.36509704589844,24.350173950195312,16.96049690246582,10.405595779418944,64099.73046875,3019.419921875,22.11997985839844,48.13771438598633,-1.74,,-2.23,,-3.02,
2022-03-30,554.0863647460938,82.8611831665039,73.5859375,33.41721725463867,41.93928909301758,224.6062774658203,467.2553405761719,177.3968505859375,24.7607364654541,17.099435806274414,10.562809944152832,64155.71484375,2985.494140625,22.47660255432129,48.82926559448242,1.69,,0.82,,1.51,
2022-03-31,551.31591796875,82.06825256347656,73.35429382324219,33.339412689208984,41.93928909301758,225.0581970214844,455.9437255859375,174.26107788085938,24.027591705322266,16.454362869262695,10.326990127563477,63880.359375,2932.181640625,21.26596450805664,48.06295776367188,-2.96,,-3.77,,-2.23,
2022-04-01,543.9280395507812,82.06825256347656,73.81757354736328,32.833675384521484,41.52073287963867,220.0870513916016,457.6839294433594,181.4285888671875,23.94938850402832,16.484132766723633,10.385944366455078,63421.4609375,2917.64208984375,20.3837890625,46.31538009643555,-0.33,,0.18,,0.57,
2022-04-06,533.769775390625,80.87885284423828,73.4314956665039,31.900020599365234,40.89290237426758,208.33702087402344,448.9827575683594,183.66845703125,23.705007553100582,16.13678741455078,10.238555908203123,62870.76171875,2752.8583984375,18.985456466674805,44.97899627685547,-1.02,,-2.11,,-1.42,
2022-04-07,522.6881103515625,79.1344223022461,72.73656463623047,31.43319129943848,40.34878158569336,205.1735382080078,442.8918762207031,172.46917724609375,23.09894371032715,15.610801696777344,9.914301872253418,62411.85546875,2665.619873046875,18.356672286987305,44.4276237487793,-2.56,,-3.26,,-3.17,
2022-04-08,523.6115112304688,79.689453125,72.5821304321289,31.900020599365234,40.767333984375,208.7889404296875,433.3205871582031,172.0211944580078,23.29444694519043,15.422243118286133,9.865172386169434,62228.27734375,2622.00048828125,18.21590042114257,44.446319580078125,0.85,,-1.21,,-0.5,
2022-04-11,515.30029296875,77.62784576416016,72.3504867553711,31.58880043029785,39.84651184082031,192.9716186523437,395.9053649902344,163.50973510742188,22.189844131469727,14.69777488708496,9.403356552124023,62320.0625,2549.3017578125,17.878049850463867,43.941673278808594,-4.74,,-4.7,,-4.68,
2022-04-12,514.3767700195312,76.59703826904297,71.5011215209961,31.74441146850586,38.59084701538086,194.327377319336,395.0351867675781,166.19757080078125,22.88388633728028,15.11458969116211,9.629351615905762,61494.03125,2510.529296875,17.643428802490234,43.52113342285156,3.13,,2.84,,2.4,
2022-04-13,529.1524658203125,78.57936096191406,72.3504867553711,32.17233657836914,38.96754455566406,195.68313598632807,405.4766540527344,167.5414581298828,22.571075439453125,14.797016143798828,9.481964111328123,63054.328125,2631.693603515625,17.643428802490234,43.45571899414063,-1.37,,-2.1,,-1.53,
2022-04-14,529.1524658203125,78.89653015136719,72.3504867553711,32.1334342956543,39.72094345092773,196.5869903564453,406.3468017578125,169.7813262939453,23.14781951904297,15.09474277496338,9.54092025756836,61952.9453125,2660.77294921875,17.915586471557617,43.93231964111328,2.56,,2.01,,0.62,
2022-04-15,518.9942626953125,77.62784576416016,71.96440887451172,31.74441146850586,38.59084701538086,185.2888946533203,383.7236328125,162.1658172607422,23.21624183654785,14.797016143798828,9.462312698364258,61126.90625,2592.9208984375,17.66219711303711,42.680057525634766,0.3,,-1.97,,-0.82,
2022-04-19,521.7647094726562,77.78643035888672,72.65935516357422,32.09453201293945,38.71641540527344,190.26004028320312,390.68463134765625,168.88539123535156,23.382423400878903,15.08481788635254,9.56057071685791,61769.3828125,2694.699462890625,17.756046295166016,43.586551666259766,-1.36,,-0.2,,-0.71,
2022-04-20,526.3821411132812,78.65865325927734,72.5821304321289,32.05562973022461,39.42795944213867,198.8466186523437,398.9507446289063,172.46917724609375,23.196691513061523,14.846636772155762,9.481964111328123,61861.1484375,2660.77294921875,18.53498268127441,44.7921028137207,-0.79,,-1.58,,-0.82,
2022-04-21,521.7647094726562,78.89653015136719,72.5821304321289,31.93892478942871,39.42795944213867,198.8466186523437,402.4312438964844,176.50091552734375,22.71770477294922,14.449667930603027,9.167535781860352,62136.49609375,2685.00634765625,18.55375289916992,44.96031188964844,-2.06,,-2.67,,-3.32,
2022-04-22,515.30029296875,78.57936096191406,72.5821304321289,31.861122131347656,39.21868133544922,189.80812072753903,378.0678405761719,164.8536376953125,22.24849510192871,13.993155479431152,9.13805866241455,61494.03125,2641.386962890625,18.610063552856445,44.3902473449707,-2.07,,-3.16,,-0.32,
2022-04-25,505.1421203613281,75.01118469238281,70.8833999633789,31.23867988586425,37.50260162353516,182.57733154296875,353.7044677734375,159.47799682617188,20.400968551635746,12.89156436920166,8.30285930633545,60851.55078125,2515.3759765625,18.06574440002441,43.49309158325195,-8.3,,-7.87,,-9.14,near_down
2022-04-26,504.218505859375,75.32835388183594,72.96820831298828,31.160873413085938,36.83290863037109,180.31773376464844,353.2694091796875,150.96652221679688,19.50164604187012,12.504520416259766,7.8410444259643555,60667.99609375,2558.994873046875,18.40359687805176,43.97905349731445,-4.41,,-3.0,,-5.56,
2022-04-27,485.7489929199219,72.79096984863281,73.97200775146484,31.12196922302246,35.87023162841797,195.68313598632807,355.8797607421875,150.07057189941406,20.547595977783203,13.129746437072754,8.3126859664917,59658.38671875,2568.68798828125,17.718507766723633,42.53987121582031,5.36,,5.0,,6.02,
2022-04-28,490.3663330078125,73.74249267578125,71.96440887451172,31.705507278442383,36.41435241699219,185.7408142089844,343.6980285644531,143.79896545410156,20.38141822814941,12.772475242614746,8.3912935256958,59474.81640625,2394.2109375,17.305570602416992,42.25951385498047,-0.81,,-2.72,,0.95,
2022-05-06,487.5960693359375,76.04198455810547,72.42771911621094,32.63916778564453,38.046722412109375,188.0004272460937,349.3537902832031,152.75839233398438,22.35602188110352,12.89156436920166,7.899999141693115,61035.12109375,2260.929931640625,17.896818161010742,42.00957489013672,-3.18,,-3.64,,-4.96,
2022-05-10,478.3611450195313,75.64551544189453,72.1960678100586,33.84514236450195,37.33517456054688,195.68313598632807,351.5291442871094,154.10232543945312,22.97186279296875,13.20914077758789,8.263556480407715,60300.86328125,2214.887451171875,17.436962127685547,40.56843948364258,2.35,,2.38,,1.94,
2022-05-11,481.1316223144531,76.27985382080078,71.96440887451172,33.41721725463867,36.95848083496094,191.6158599853516,340.2175598144531,150.51853942871094,23.186920166015625,13.526716232299805,8.40112018585205,60300.86328125,2243.96728515625,17.868661880493164,41.4538459777832,0.94,,2.4,,1.66,
2022-05-12,466.3559875488281,73.74249267578125,72.1960678100586,32.91148376464844,36.121368408203125,188.45236206054688,331.5163269042969,146.9347686767578,23.42152404785156,13.625957489013672,8.47972583770752,59566.60546875,2163.99853515625,17.249263763427734,40.342376708984375,1.01,,0.73,,0.94,
2022-05-13,471.8968811035156,74.77330017089844,72.04163360595703,33.339412689208984,37.16775894165039,194.327377319336,346.30841064453125,154.55029296875,23.32377243041992,13.576336860656738,8.410944938659668,61035.12109375,2248.81396484375,17.455734252929688,40.35179901123047,-0.42,,-0.36,,-0.81,
2022-05-16,480.2081298828125,75.09046936035156,72.27326965332031,33.5339241027832,37.50260162353516,193.87545776367188,348.91876220703125,151.86245727539062,23.05006217956543,13.516791343688965,8.3126859664917,60851.55078125,2292.432861328125,18.187747955322266,41.06765365600586,-1.17,,-0.44,,-1.17,
2022-05-17,489.4429321289063,77.15209197998047,73.1998519897461,34.03965377807617,38.17228698730469,198.39468383789065,354.5745544433594,155.8942108154297,23.51927757263184,13.645807266235352,8.450247764587402,62044.72265625,2292.432861328125,17.915586471557617,40.57786178588867,2.04,,0.95,,1.65,
2022-05-18,496.830810546875,76.83491516113281,73.97200775146484,34.15636444091797,38.046722412109375,201.1062164306641,360.2303466796875,156.7901611328125,23.42152404785156,13.645807266235352,8.50920295715332,62503.6328125,2311.819091796875,18.86345291137696,41.821197509765625,-0.42,,0.0,,0.7,
2022-05-19,482.0550842285156,75.88340759277344,73.97200775146484,34.70100021362305,37.5444564819336,197.9427490234375,354.5745544433594,155.4462432861328,23.753883361816406,13.854214668273926,8.617288589477539,61952.9453125,2331.205810546875,18.084510803222656,39.890254974365234,1.42,,1.53,,1.27,
2022-05-20,489.4429321289063,77.31067657470703,74.12643432617188,34.389774322509766,38.08857727050781,196.13507080078125,349.3537902832031,151.4145050048828,24.19376945495605,14.013002395629885,8.754850387573242,62411.85546875,2343.32177734375,17.868661880493164,39.56999969482422,1.85,,1.15,,1.6,
2022-05-23,487.5960693359375,77.31067657470703,74.43529510498047,34.31196975708008,37.711875915527344,195.23123168945312,345.87335205078125,153.65435791015625,24.213321685791016,14.181714057922363,8.725372314453125,62320.0625,2319.0888671875,18.009435653686523,39.230918884277344,0.08,,1.2,,-0.34,
2022-05-24,480.2081298828125,76.59703826904297,74.2808609008789,34.46758270263672,37.16775894165039,184.38504028320312,330.64617919921875,143.79896545410156,23.186920166015625,13.536639213562012,8.30285930633545,61035.12109375,2260.929931640625,17.962509155273438,39.56058883666992,-4.24,,-4.55,,-4.84,
2022-05-25,483.902099609375,77.86572265625,74.12643432617188,34.46758270263672,37.2933235168457,192.51968383789065,331.5163269042969,147.3827362060547,23.30422019958496,13.635881423950195,8.3716402053833,60943.3359375,2256.08349609375,17.54958152770996,39.24974822998047,0.51,,0.73,,0.83,
2022-05-26,474.6672668457031,78.18289947509766,74.97579956054688,34.03965377807617,37.08404922485352,182.1254272460937,320.2047424316406,140.2152099609375,23.29444694519043,13.883987426757812,8.469900131225586,60484.43359375,2197.924560546875,17.896818161010742,39.74897003173828,-0.04,,1.82,,1.17,
2022-05-27,489.4429321289063,80.08592987060547,74.97579956054688,34.46758270263672,37.75373458862305,182.1254272460937,327.60076904296875,143.79896545410156,23.05984306335449,13.784746170043944,8.332337379455566,61035.12109375,2217.310791015625,18.581907272338867,40.95462417602539,-1.01,,-0.71,,-1.62,
2022-05-30,505.1421203613281,81.67179107666016,75.43909454345703,35.24563217163086,39.67909240722656,192.51968383789065,343.6980285644531,154.55029296875,23.265117645263672,13.675578117370604,8.30285930633545,62136.49609375,2314.24267578125,19.285768508911133,41.96247863769531,0.89,,-0.79,,-0.35,
2022-06-02,498.6776123046875,82.4647216796875,76.21123504638672,35.401241302490234,42.1904296875,183.93310546875,323.6852722167969,150.07057189941406,23.87118911743164,14.072548866271973,8.656591415405273,61218.6796875,2188.2314453125,19.04176902770996,41.54803466796875,1.79,,1.72,,2.2,
2022-06-07,494.0602416992188,81.27532196044922,76.05681610107422,35.67355728149414,41.85558319091797,180.7696533203125,319.7696838378906,149.1746368408203,24.29152107238769,14.300804138183594,8.843282699584961,60117.296875,2241.544189453125,19.305234909057617,40.82276153564453,-1.66,,-1.57,,-0.22,
2022-06-08,502.3716430664063,82.4647216796875,76.5973129272461,35.86806869506836,41.93928909301758,184.83697509765625,317.59442138671875,150.96652221679688,24.144895553588867,14.181714057922363,8.77450180053711,59933.734375,2287.58642578125,19.38990974426269,41.00171661376953,-0.6,,-0.83,,-0.78,
2022-06-09,499.6011657714844,83.25764465332031,76.5973129272461,35.86806869506836,42.27413177490234,186.6446533203125,323.6852722167969,150.07057189941406,23.53883171081543,13.804594039916992,8.597635269165039,59841.94921875,2205.194580078125,18.872465133666992,38.83530807495117,-2.51,,-2.66,,-2.02,
2022-06-10,489.4429321289063,83.25764465332031,76.52010345458984,35.86806869506836,42.77640151977539,186.6446533203125,317.59442138671875,150.51853942871094,23.80276107788086,14.19163990020752,8.705720901489258,58557.0,2149.458740234375,18.16686248779297,37.686161041259766,1.12,,2.8,,1.26,
2022-06-13,476.5141906738281,80.87885284423828,75.20744323730469,35.59574890136719,41.85558319091797,180.7696533203125,300.19195556640625,144.2469482421875,23.773435592651367,14.171789169311523,8.617288589477539,56996.70703125,2040.4107666015625,17.71528434753418,36.90437698364258,-0.12,,-0.14,,-1.02,
2022-06-14,473.7438354492188,80.87885284423828,76.13402557373047,36.140384674072266,42.35784530639648,182.1254272460937,298.4516906738281,146.03883361816406,23.577930450439453,14.112244606018066,8.607461929321289,56813.14453125,2011.3310546875,16.74625587463379,35.57627487182617,-0.82,,-0.42,,-0.11,
2022-06-15,470.0498962402344,79.29300689697266,76.28846740722656,35.55685043334961,41.64630508422852,165.4042205810547,286.705078125,132.5996856689453,24.69230842590332,14.35042667388916,8.77450180053711,55711.75390625,1989.521728515625,17.019086837768555,35.72697067260742,4.73,,1.69,,1.94,
2022-06-16,471.6747131347656,80.08592987060547,75.28466033935547,35.47904586791992,39.65047454833984,149.58688354492188,274.9584350585937,128.11996459960938,24.79983711242676,14.489365577697754,8.853108406066895,55895.3203125,1938.632568359375,17.254287719726562,36.4051513671875,0.44,,0.97,,0.9,
2022-06-17,465.17529296875,77.31067657470703,73.89478302001953,35.090023040771484,38.2312126159668,150.038818359375,274.9584350585937,132.5996856689453,24.721635818481445,14.49928855895996,8.892412185668945,54885.71875,1822.3148193359373,15.560850143432615,35.17124557495117,-0.32,,0.07,,0.44,
2022-06-20,462.3898315429688,76.27985382080078,72.89099884033203,33.96185302734375,35.7918701171875,142.35609436035156,260.1663818359375,128.11996459960938,24.79983711242676,14.638228416442873,8.980846405029297,53876.12109375,1802.928466796875,15.664336204528809,34.82272720336914,0.32,,0.96,,0.99,
2022-06-22,459.14013671875,76.43844604492188,73.4314956665039,33.378318786621094,34.5943717956543,142.80801391601562,255.81578063964844,129.91183471679688,23.94938850402832,14.013002395629885,8.725372314453125,52866.5078125,1824.7379150390625,16.078289031982422,35.53859329223633,-2.93,,-3.62,,-2.52,
2022-06-23,450.7835998535156,75.64551544189453,72.96820831298828,32.67807388305664,34.19520568847656,143.7118682861328,249.2898406982422,124.08820343017578,24.3892765045166,14.35042667388916,8.93171501159668,52682.94140625,1827.1611328125,15.645514488220217,35.20892333984375,1.84,,2.41,,2.36,
2022-06-24,451.7121887207031,72.94955444335938,72.42771911621094,32.32794570922852,34.239559173583984,145.06765747070312,247.54959106445312,127.6719741821289,24.67275619506836,14.519137382507324,9.177362442016602,53600.765625,1878.0504150390625,15.551437377929688,35.2371826171875,1.16,,1.18,,2.75,
2022-06-27,462.8540649414063,74.77330017089844,73.5859375,32.63916778564453,34.5943717956543,151.3945770263672,271.9129638671875,135.28749084472656,25.220170974731445,14.707697868347168,9.10858154296875,53967.89453125,1941.055908203125,16.266447067260742,36.367488861083984,2.22,,1.3,,-0.75,
2022-06-28,461.9255981445313,72.15663146972656,73.12265014648438,32.21124267578125,33.662986755371094,145.5195770263672,251.9001922607422,129.01589965820312,26.09994506835937,15.154288291931152,9.334575653076172,54518.5859375,1909.5531005859373,16.680397033691406,36.386322021484375,3.49,,3.04,,2.48,
2022-06-29,455.890380859375,67.94424438476562,72.73656463623047,31.74441146850586,32.997711181640625,146.87533569335938,246.49269104003903,128.11996459960938,26.344327926635746,14.975651741027832,9.19142246246338,53559.140625,1907.1297607421875,16.209997177124023,35.585689544677734,0.94,,-1.18,,-2.0,
2022-06-30,441.96295166015625,65.62503051757812,67.79480743408203,31.12196922302246,31.84456443786621,143.25994873046875,234.77639770507807,127.6719741821289,26.39320373535156,15.283303260803224,9.260530471801758,52635.703125,1853.8173828125,15.767827987670898,35.12415313720703,0.19,,2.05,,0.75,
2022-07-01,421.0718994140625,63.99299621582031,67.71759033203125,31.00526237487793,30.64706420898437,131.9618377685547,219.90573120117188,116.47268676757812,26.17814826965332,15.064970970153809,9.13218593597412,51896.9609375,1812.6214599609373,15.946578025817873,35.2371826171875,-0.81,,-1.43,,-1.39,
2022-07-04,408.5371398925781,63.56351089477539,65.32392120361328,29.02123641967773,30.64706420898437,134.6733856201172,219.90573120117188,116.920654296875,25.708934783935547,14.687849044799805,9.013716697692873,52728.0546875,1819.8914794921875,14.525964736938477,34.22932434082031,-1.79,,-2.5,,-1.3,
2022-07-06,404.3589477539063,62.79043960571289,63.77961349487305,27.93197059631348,30.203548431396484,133.317626953125,219.0044708251953,114.23283386230467,26.09016990661621,14.787091255187988,8.974224090576172,52081.6484375,1846.547607421875,14.563596725463867,34.558990478515625,1.91,,0.13,,0.11,
2022-07-07,424.7858581542969,64.07888793945312,64.78341674804688,28.710018157958984,30.602712631225582,141.45223999023438,226.6651153564453,120.05646514892578,25.708934783935547,15.045120239257812,8.974224090576172,53743.83203125,1868.35693359375,14.63886260986328,34.841575622558594,-1.46,,1.74,,0.0,
2022-07-08,433.60650634765625,65.36734771728516,66.71379089355469,29.25465583801269,33.04206085205078,142.35609436035156,236.12828063964844,120.95240020751952,25.611183166503903,14.945879936218262,9.003843307495117,54205.55078125,1885.3201904296875,15.41972541809082,35.924774169921875,-0.38,,-0.66,,0.33,
2022-07-11,428.9640502929688,65.10964965820312,66.55936431884766,29.25465583801269,32.465484619140625,138.28878784179688,223.9613800048828,120.05646514892578,24.82916259765625,15.035196304321287,8.78664493560791,54297.8828125,1882.8968505859373,15.645514488220217,35.78349304199219,-3.05,,0.6,,-2.41,
2022-07-12,417.3578796386719,63.391719818115234,65.01506042480469,28.08757781982422,30.91317749023437,134.22146606445312,214.9488220214844,112.888916015625,24.350173950195312,14.955802917480469,8.529956817626953,53651.48828125,1827.1611328125,15.391504287719728,35.03937530517578,-1.93,,-0.53,,-2.92,
2022-07-13,436.8562316894531,65.45323181152344,65.86443328857422,28.32099342346192,31.711509704589844,135.12530517578125,218.1032257080078,115.12876892089844,24.31107521057129,14.787091255187988,8.539828300476074,53559.140625,1836.854248046875,15.391504287719728,35.048797607421875,-0.16,,-1.13,,0.12,
2022-07-14,441.0344543457031,67.34296417236328,67.02265930175781,28.98233222961425,32.155025482177734,138.74070739746094,222.60948181152344,119.60848236083984,24.4293270111084,14.797016143798828,8.520084381103516,53097.4296875,1868.35693359375,15.485580444335938,35.048797607421875,-0.32,,0.07,,-0.23,
2022-07-15,457.28314208984375,68.03013610839844,67.94923400878906,29.56587028503418,33.30816650390625,144.6310577392578,228.46762084960932,119.60848236083984,24.025293350219727,14.300804138183594,8.371994018554688,55406.00390625,1880.473388671875,15.946578025817873,35.51976013183594,-1.65,,-3.35,,-1.74,
2022-07-19,455.890380859375,70.95061492919922,71.26947784423828,31.00526237487793,34.239559173583984,151.562255859375,228.0170135498047,120.50443267822266,24.803800582885746,16.275724411010742,8.707663536071777,56237.09765625,1899.8599853515625,16.20058822631836,36.46167755126953,0.36,,5.74,,1.03,
2022-07-20,459.60443115234375,71.63780212402344,71.11504364013672,31.58880043029785,35.126590728759766,157.56930541992188,240.18389892578125,124.08820343017578,24.88263511657715,16.0176944732666,8.737282752990723,55867.7265625,1955.595458984375,17.26369285583496,37.88397216796875,0.32,,-1.59,,0.34,
2022-07-21,465.17529296875,73.61341857910156,71.26947784423828,32.134883880615234,35.880577087402344,164.03843688964844,254.15333557128903,129.91183471679688,24.92205238342285,15.848983764648438,8.766899108886719,57068.19140625,1943.4791259765625,17.743505477905273,38.204219818115234,0.16,,-1.05,,0.34,
2022-07-22,467.0323486328125,73.1839370727539,70.96062469482422,32.512943267822266,35.614463806152344,163.5763397216797,250.9989624023437,129.91183471679688,24.498306274414062,15.92837619781494,8.65830135345459,56606.47265625,1958.0189208984373,18.101009368896484,38.25131607055664,-1.7,,0.5,,-1.24,
2022-07-25,463.7825317382813,72.6685562133789,70.26568603515625,32.344913482666016,35.17094802856445,162.65219116210938,245.1407928466797,130.8077850341797,24.094274520874023,14.826787948608398,8.48059368133545,56421.79296875,1933.7861328125,17.71528434753418,36.9232177734375,-1.65,,-6.92,,-2.05,
2022-07-26,459.60443115234375,71.8954849243164,69.10746002197266,31.840839385986328,33.973445892333984,157.1072235107422,229.36886596679688,126.77603149414062,24.4293270111084,14.926031112670898,8.529956817626953,56975.84375,1921.66943359375,17.61178970336914,36.88554000854492,1.39,,0.67,,0.58,
2022-07-27,466.1038208007813,73.09803771972656,69.87960052490234,32.55494689941406,34.949188232421875,165.88674926757812,237.48016357421875,133.49560546875,23.92674827575684,14.955802917480469,8.460847854614258,57068.19140625,1967.7120361328125,17.348373413085938,36.6971549987793,-2.06,,0.2,,-0.81,
2022-07-28,465.17529296875,75.41725158691406,69.80239868164062,32.84899139404297,35.39270782470703,149.71395874023438,214.9488220214844,120.43716430664062,25.227542877197266,16.454362869262695,8.895243644714355,57160.53515625,1921.66943359375,18.11982727050781,37.84629440307617,5.44,,10.02,up_limit,5.13,
2022-07-29,472.603271484375,74.2146987915039,71.3053207397461,32.97500991821289,36.50149917602539,146.47938537597656,216.7513427734375,125.5130615234375,24.853071212768555,16.365041732788086,8.74715518951416,56698.81640625,1887.7432861328125,18.5714111328125,37.403594970703125,-1.48,,-0.54,,-1.66,
2022-08-01,467.960693359375,74.12879943847656,70.8043441772461,32.89099884033203,36.54584884643555,143.24481201171875,219.45509338378903,123.66727447509766,24.853071212768555,16.196331024169922,8.826133728027344,56606.47265625,1955.595458984375,18.9759521484375,34.20106887817383,0.0,,-1.03,,0.9,
2022-08-02,456.81884765625,72.5826644897461,70.7208480834961,32.80698776245117,35.481407165527344,136.7757110595703,214.4982147216797,119.97571563720705,23.739511489868164,15.888680458068848,8.628682136535645,56975.84375,1938.632568359375,19.25819206237793,34.813316345214844,-4.48,,-1.9,,-2.24,
2022-08-03,465.17529296875,73.87110900878906,70.8878402709961,33.14303970336914,36.191036224365234,136.31362915039062,210.8931884765625,114.4383773803711,24.449033737182617,16.49405860900879,8.776772499084473,56606.47265625,2025.8709716796875,20.77288055419922,33.91848373413086,2.99,,3.81,,1.72,
2022-08-04,464.2468566894531,75.07366943359375,70.8043441772461,33.2690544128418,36.36844253540039,134.92738342285156,211.3438262939453,111.6697006225586,25.9173583984375,16.920801162719727,9.201294898986816,56791.1640625,2113.109375,21.356178283691406,34.398868560791016,6.01,,2.59,,4.84,
2022-08-05,479.1026611328125,75.76083374023438,71.8062973022461,33.605106353759766,36.81195831298828,139.0861053466797,219.90573120117188,116.74559783935548,28.14447784423828,18.61784172058105,10.119450569152832,56791.1640625,2132.49560546875,21.66664695739746,33.92791748046875,8.59,up_touch,10.03,up_limit,9.98,up_limit
2022-08-08,475.38873291015625,75.5031509399414,72.3907470703125,32.512943267822266,38.586029052734375,141.39651489257812,222.1588592529297,119.05281829833984,28.43025779724121,20.48359680175781,10.386012077331545,56144.76171875,2132.49560546875,21.30913734436035,33.67102813720703,1.02,,10.02,up_limit,2.63,
2022-08-09,473.53173828125,75.33135223388672,71.88977813720703,31.29475212097168,38.586029052734375,142.32066345214844,224.4119873046875,119.51426696777344,29.120073318481445,22.52798652648925,10.919135093688965,55406.00390625,2132.49560546875,21.036306381225582,33.66151428222656,2.43,,9.98,up_limit,5.13,
2022-08-10,464.2468566894531,74.7300796508789,71.38880920410156,30.79068183898925,38.14250946044922,138.6240234375,221.2576141357422,115.8227081298828,28.11491584777832,22.428741455078125,10.603208541870115,54574.91015625,2088.876220703125,19.54984474182129,32.84328842163086,-3.45,,-0.44,,-2.89,
2022-08-12,480.0312805175781,76.87749481201172,72.80824279785156,31.672815322875977,39.11825180053711,146.01730346679688,235.6776733398437,120.89859771728516,28.578075408935547,22.91502952575684,10.543973922729492,55590.69140625,2171.268310546875,20.622358322143555,33.86131286621094,-0.48,,2.17,,-2.2,
2022-08-16,487.4590759277344,77.90824890136719,72.64125061035156,31.966856002807617,40.44880294799805,150.176025390625,249.6470947265625,123.66727447509766,27.878406524658203,22.38904571533203,10.316903114318848,56329.4453125,2251.237060546875,21.139793395996094,34.574886322021484,-0.7,,1.85,,0.67,
2022-08-17,489.3161315917969,77.82235717773438,72.55775451660156,31.71482276916504,40.67056274414063,146.94146728515625,250.54835510253903,122.744384765625,27.760149002075195,22.111167907714844,10.257668495178224,55775.3828125,2273.047119140625,21.233875274658203,34.43217086791992,-0.42,,-1.24,,-0.57,
2022-08-18,482.8166198730469,76.79159545898438,71.6393051147461,31.462779998779297,40.49315643310547,147.86561584472656,253.7027282714844,123.66727447509766,27.996660232543945,21.09889793395996,10.218177795410156,56791.1640625,2287.58642578125,20.51886940002441,34.042076110839844,0.85,,-4.58,,-0.38,
2022-08-19,481.8882141113281,77.30697631835938,73.3927001953125,32.09287643432617,40.53750991821289,151.10018920898438,265.86962890625,126.43594360351562,26.745136260986328,20.027080535888672,9.981233596801758,56237.09765625,2304.549560546875,20.80110549926757,34.441688537597656,-4.47,,-5.08,,-2.32,
2022-08-22,475.38873291015625,76.2762222290039,73.22571563720703,32.344913482666016,39.78352737426758,152.02435302734375,264.9683837890625,127.35883331298828,26.5677547454834,20.0965518951416,10.010852813720703,55406.00390625,2219.734130859375,20.622358322143555,33.66151428222656,-0.66,,0.35,,0.3,
2022-08-23,467.960693359375,74.38648223876953,72.22377014160156,31.58880424499512,39.47306442260742,142.78274536132812,246.94332885742188,118.59137725830078,26.06517791748047,20.037004470825195,10.020724296569824,54574.91015625,2173.69140625,19.709779739379883,32.19631576538086,-1.89,,-0.3,,0.1,
2022-08-24,467.0323486328125,74.04290008544922,72.47425842285156,31.546798706054688,39.47306442260742,142.78274536132812,243.3383026123047,115.8227081298828,25.06001663208008,18.826250076293945,9.556711196899414,54482.57421875,2168.84521484375,19.926164627075195,32.300968170166016,-3.86,,-6.04,,-4.63,
2022-08-25,471.6747131347656,74.2146987915039,72.47425842285156,31.58880424499512,40.8923225402832,142.78274536132812,248.745834350586,119.05281829833984,24.862924575805664,18.94534111022949,9.507347106933594,55128.98046875,2154.3056640625,19.916751861572266,32.21534729003906,-0.79,,0.63,,-0.52,
2022-08-26,475.38873291015625,75.15955352783203,72.89173126220703,31.7988338470459,40.40444946289063,144.6310577392578,250.54835510253903,117.20704650878906,24.577146530151367,18.578144073486328,9.408620834350586,55406.00390625,2147.035400390625,20.63176345825196,33.1953125,-1.15,,-1.94,,-1.04,
2022-08-29,462.8540649414063,72.49676513671875,71.05482482910156,31.29475212097168,39.73917770385742,140.01026916503906,240.18389892578125,112.13115692138672,24.311073303222656,18.44912910461425,9.33951187133789,54113.20703125,2059.797119140625,19.63451194763184,31.739633560180664,-1.08,,-0.69,,-0.73,
2022-08-30,460.5328369140625,72.6685562133789,71.38880920410156,31.126728057861328,39.87223434448242,141.39651489257812,241.08517456054688,113.05403900146484,24.5377254486084,18.290342330932617,9.36913013458252,54297.8828125,2144.6123046875,19.512210845947266,31.34002685546875,0.93,,-0.86,,0.32,
2022-08-31,468.8892822265625,73.35572814941406,71.3053207397461,31.378767013549805,40.6262092590332,140.01026916503906,243.78895568847656,113.5154800415039,24.4293270111084,18.43920516967773,9.47772979736328,55128.98046875,2171.268310546875,19.10766792297364,30.693058013916016,-0.44,,0.81,,1.16,
2022-09-01,455.4261169433594,72.0672836303711,70.8043441772461,30.91670036315918,40.27140045166016,127.53411102294922,220.3563690185547,102.90225219726562,24.271652221679688,17.605571746826172,9.329639434814451,53928.51171875,2059.797119140625,18.938322067260746,30.36957359313965,-0.65,,-4.52,,-1.56,
2022-09-02,450.3194274902344,71.0365219116211,70.4703598022461,30.58064842224121,40.44880294799805,127.9961929321289,219.0044708251953,102.90225219726562,24.518016815185547,18.03231239318848,9.517220497131348,53097.4296875,2050.103515625,18.420881271362305,30.217344284057617,1.02,,2.42,,2.01,
2022-09-05,451.2479248046875,70.69293212890625,68.9674301147461,30.41261863708496,38.586029052734375,127.53411102294922,223.06011962890625,102.90225219726562,24.14354705810547,17.952919006347656,9.47772979736328,52728.0546875,2062.220458984375,18.09075736999512,29.70357322692871,-1.53,,-0.44,,-0.41,
2022-09-07,438.7131958007813,68.88910675048828,67.46451568603516,29.740522384643555,37.8320541381836,128.45826721191406,218.1032257080078,100.13357543945312,24.862924575805664,18.58806800842285,9.67518138885498,51712.27734375,2096.146484375,17.7889347076416,28.88534927368164,1.86,,1.9,,1.55,
2022-09-08,441.0344543457031,70.5211410522461,68.04898834228516,30.244598388671875,40.803619384765625,128.92034912109375,218.1032257080078,102.90225219726562,24.68554306030273,17.88344955444336,9.428366661071776,51342.8984375,2178.53857421875,17.760637283325195,29.161264419555664,-0.71,,-3.79,,-2.55,
2022-09-13,457.7473754882813,73.78520965576172,68.71695709228516,30.41261863708496,41.42454147338867,128.45826721191406,216.3007202148437,102.90225219726562,24.66583633422852,18.151403427124023,9.379003524780272,53651.48828125,2236.697509765625,18.449180603027344,30.02705764770508,-0.2,,-0.44,,-0.73,
2022-09-14,445.6769104003906,71.0365219116211,67.54801177978516,29.90854454040528,41.51324462890625,125.22371673583984,206.8375396728516,101.05647277832033,24.38005447387696,18.45905303955078,9.122314453125,52451.01953125,2171.268310546875,17.279600143432617,27.86731719970703,-1.16,,1.69,,-2.74,
2022-09-15,444.9765930175781,71.46599578857422,67.38101959228516,29.78252601623535,40.8923225402832,122.9132843017578,205.48570251464844,99.67213439941406,23.90703773498535,18.04223823547364,8.895243644714355,51712.27734375,2195.501708984375,17.44937515258789,27.76266288757324,-1.94,,-2.26,,-2.49,
2022-09-16,440.7742309570313,71.8095932006836,68.04898834228516,29.78252601623535,39.91658401489258,120.14081573486328,199.6275329589844,97.36490631103516,23.23693084716797,17.863601684570312,8.687918663024902,51896.9609375,2144.6123046875,17.0532283782959,27.439180374145508,-2.8,,-0.99,,-2.33,
2022-09-20,444.9765930175781,73.35572814941406,67.04704284667969,29.362462997436523,39.07390213012695,119.21665954589844,198.72628784179688,96.9034652709961,22.645660400390625,16.781862258911133,8.628682136535645,51527.59765625,2183.385009765625,17.317325592041016,28.010034561157227,0.52,,-0.06,,0.46,
2022-09-21,439.8403625488281,72.9262466430664,67.13053131103516,29.19443702697754,38.319923400878906,117.8304214477539,194.670639038086,95.05767822265624,22.58653259277344,16.831480026245117,8.638555526733398,51065.87109375,2154.3056640625,17.10038948059082,27.553346633911133,-0.26,,0.3,,0.11,
2022-09-22,433.7704162597656,72.6685562133789,67.21402740478516,29.026412963867188,38.852142333984375,114.59585571289062,186.55935668945312,92.28900909423828,22.60624313354492,16.692543029785156,8.57931900024414,50234.78125,2127.64892578125,16.987205505371094,27.08714485168457,0.09,,-0.83,,-0.69,
2022-09-26,416.9612426757813,69.83396911621094,65.87809753417969,26.7160587310791,36.0579833984375,109.05089569091795,173.9418182373047,85.45962524414062,21.640501022338867,15.93830108642578,8.23377799987793,49773.05859375,2069.490234375,16.100584030151367,26.183290481567383,-1.7,,-1.83,,-1.65,
2022-09-27,418.3619995117188,69.66217041015625,65.96158599853516,26.7160587310791,36.723262786865234,114.13378143310548,180.25059509277344,89.24346160888672,22.074098587036133,16.285648345947266,8.371994018554688,50050.1015625,2113.109375,15.798757553100586,25.660005569458008,2.0,,2.18,,1.68,
2022-09-28,409.0235900878906,67.17117309570312,65.54412078857422,26.12797164916992,34.949188232421875,106.2784194946289,168.5343017578125,84.90589141845703,21.38428497314453,15.55125617980957,8.036325454711914,48849.63671875,2042.8341064453125,15.779895782470703,25.583890914916992,-3.12,,-4.51,,-4.01,
2022-09-29,406.2219848632813,67.77244567871094,64.70915985107422,26.21198463439941,36.27974319458008,104.43009948730467,167.633056640625,83.33697509765625,21.325157165527344,15.392468452453612,8.036325454711914,48906.3515625,2045.2750244140625,15.88364601135254,25.81223487854004,-0.28,,-1.02,,0.0,
2022-09-30,394.08209228515625,68.80320739746094,64.37516784667969,25.87593460083008,37.07807159423828,108.5888214111328,170.33682250976562,85.82877349853516,21.118213653564453,14.965726852416992,7.996833801269531,49371.2421875,1933.0042724609373,15.638412475585938,25.09866523742676,-0.97,,-2.77,,-0.49,
2022-10-11,374.938232421875,64.07888793945312,60.951847076416016,25.455867767333984,36.36844253540039,103.50593566894533,168.98492431640625,85.3673324584961,20.33970642089844,14.102319717407228,7.83887243270874,51509.734375,2035.5118408203125,16.364681243896484,23.97597885131836,0.49,,-1.32,,1.66,
2022-10-12,371.2028503417969,62.87633895874024,58.44698333740234,25.371856689453125,35.614463806152344,104.43009948730467,170.33682250976562,87.95143127441406,21.009809494018555,14.638228416442873,8.164669036865234,51881.6484375,1952.5294189453125,16.364681243896484,23.82375144958496,3.29,,3.8,,4.16,
2022-10-13,368.86822509765625,62.18916320800781,58.53047180175781,24.95178985595703,34.150856018066406,99.34722137451172,160.4230499267578,83.52156066894531,20.99995803833008,14.668001174926758,8.144923210144043,51323.7734375,1976.9361572265625,16.100584030151367,24.09966468811035,-0.05,,0.2,,-0.24,
2022-10-14,384.7436218261719,65.10964965820312,59.94990539550781,26.169979095458984,36.102333068847656,109.05089569091795,176.19496154785156,91.82756042480467,21.47297477722168,15.035196304321287,8.283141136169434,52346.5390625,2030.6307373046875,16.807992935180664,25.13672065734864,2.25,,2.5,,1.7,
2022-10-17,370.7359313964844,65.45323181152344,59.53243255615234,25.959943771362305,36.23538589477539,110.43714141845705,175.7443389892578,95.51912689208984,21.78831672668457,15.203908920288086,8.381867408752441,52625.46484375,2020.8682861328125,16.25149917602539,24.65149307250977,1.47,,1.12,,1.19,
2022-10-18,380.0743713378906,65.36734771728516,59.94990539550781,26.46402359008789,35.614463806152344,111.82337951660156,181.15185546875,94.59622955322266,21.49268341064453,14.985576629638672,8.312758445739746,52532.4765625,2086.76611328125,16.789125442504883,25.13672065734864,-1.36,,-1.44,,-0.82,
2022-10-19,369.335205078125,64.33658599853516,59.28194046020508,26.04395866394043,34.86048126220703,113.2096176147461,184.75686645507807,94.1347885131836,21.246320724487305,14.707697868347168,8.223904609680176,51881.6484375,2028.190185546875,17.0532283782959,24.61343574523925,-1.15,,-1.85,,-1.07,
2022-10-20,371.2028503417969,65.28144836425781,59.78291320800781,27.13612365722656,34.46131896972656,107.66465759277344,179.7999725341797,92.75045776367188,22.25148200988769,16.176483154296875,8.766899108886719,51602.70703125,1986.69873046875,17.32676124572754,24.737119674682617,4.73,,9.99,up_limit,6.6,
2022-10-21,363.7320861816406,65.53913879394531,59.69941711425781,26.59004211425781,34.32826232910156,107.66465759277344,175.7443389892578,92.28900909423828,21.93613624572754,16.176483154296875,8.599065780639648,51974.609375,2045.2750244140625,17.4022159576416,24.813236236572266,-1.42,,0.0,,-1.91,
2022-10-24,361.3974914550781,66.74168395996094,60.45087814331055,26.88408660888672,35.21529769897461,112.74754333496094,187.009994506836,94.59622955322266,21.63064765930176,16.404739379882812,8.539828300476074,53462.265625,2118.494873046875,18.288833618164062,25.660005569458008,-1.39,,1.41,,-0.69,
2022-10-25,346.4560546875,66.39810180664062,60.03340148925781,26.46402359008789,35.25965118408203,112.28546142578124,186.55935668945312,96.4420166015625,21.315303802490234,15.829133987426758,8.490466117858887,53648.2109375,2152.66357421875,18.54349899291992,25.859806060791016,-1.46,,-3.51,,-0.58,
2022-10-26,351.1252746582031,66.05451965332031,60.11689758300781,26.758066177368164,35.21529769897461,109.5129852294922,179.7999725341797,93.67334747314452,21.93613624572754,17.05974006652832,8.727408409118652,55228.8359375,2133.138427734375,18.939647674560547,26.0786361694336,2.91,,7.77,up_touch,2.79,
2022-10-27,359.9967041015625,67.60065460205078,61.45281600952149,27.598194122314453,36.01362609863281,111.36129760742188,186.55935668945312,95.98057556152344,23.020132064819336,18.419357299804688,8.934734344482422,55321.8125,2211.239990234375,18.92078399658203,25.88834571838379,4.94,,7.97,up_touch,2.38,
2022-10-28,354.39373779296875,69.31858825683594,60.701358795166016,26.92609405517578,36.94501876831055,113.2096176147461,187.9112548828125,95.51912689208984,23.28620338439941,17.486482620239258,8.569446563720703,53276.30078125,2484.593505859375,18.892486572265625,24.994009017944336,1.16,,-5.06,,-4.09,
2022-10-31,364.1990661621094,69.06089782714844,62.287784576416016,27.47217559814453,37.12242126464844,115.05792999267578,190.6150054931641,96.4420166015625,23.729660034179688,18.68731117248535,8.707663536071777,55228.8359375,2455.305908203125,19.618757247924805,27.65800666809082,1.9,,6.87,,1.61,
2022-11-01,365.599853515625,68.7173080444336,61.61982345581055,27.64020156860352,38.985198974609375,115.52002716064452,187.9112548828125,96.9034652709961,23.621257781982425,18.994962692260746,8.776772499084473,55786.703125,2460.1875,19.60932731628418,27.049091339111328,-0.46,,1.65,,0.79,
2022-11-02,368.86822509765625,68.7173080444336,61.786808013916016,27.850231170654297,38.89649200439453,117.8304214477539,196.02252197265625,99.210693359375,23.3453311920166,17.823902130126953,8.717535972595215,55414.796875,2411.3740234375,19.326358795166016,26.925405502319336,-1.17,,-6.17,,-0.67,
2022-11-04,356.7283020019531,69.14678955078125,62.621768951416016,27.89223861694336,39.60612106323242,119.21665954589844,195.5718994140625,96.9034652709961,23.68038558959961,18.697235107421875,8.806390762329102,55228.8359375,2345.476318359375,19.12828826904297,26.059606552124023,0.33,,0.0,,0.11,
2022-11-07,364.1990661621094,72.5826644897461,64.45866394042969,28.144275665283203,39.78352737426758,118.2925033569336,193.3187561035156,95.98057556152344,23.838058471679688,18.538448333740234,8.766899108886719,55972.66015625,2401.611083984375,19.86399269104004,27.19263458251953,0.67,,-0.85,,-0.45,
2022-11-08,372.6036987304688,72.49676513671875,64.12468719482422,27.89223861694336,40.18269348144531,122.9132843017578,197.37440490722656,98.2877960205078,23.591693878173828,18.27049446105957,8.65830135345459,57460.3125,2499.23779296875,20.411052703857425,27.395132064819336,-1.03,,-1.45,,-1.24,
2022-11-09,389.4128723144531,74.55828857421875,65.21013641357422,28.43832015991211,40.93667602539063,134.0032196044922,211.3438262939453,104.74803161621094,23.43402099609375,18.8361759185791,8.69779109954834,57646.26171875,2631.033447265625,21.222213745117188,27.462629318237305,-0.67,,3.1,,0.46,
2022-11-10,380.5413208007813,74.30059051513672,64.95964050292969,28.5223331451416,41.468894958496094,135.85153198242188,210.4425811767578,104.2865753173828,22.882169723510746,17.585721969604492,8.529956817626953,56158.6171875,2582.22021484375,20.778907775878903,26.536922454833984,-2.35,,-6.64,,-1.93,
2022-11-11,412.2919616699219,77.65056610107422,66.46256256103516,28.94239997863769,42.88815307617188,146.01730346679688,231.17140197753903,110.28536987304688,23.256641387939453,17.863601684570312,8.638555526733398,58483.07421875,2787.236083984375,22.69362068176269,28.696908950805664,1.64,,1.58,,1.27,
2022-11-14,415.56048583984375,78.76721954345703,67.46451568603516,29.404470443725582,43.198612213134766,146.47938537597656,237.029525756836,109.82391357421876,23.47344017028809,18.24071884155273,8.65830135345459,57553.2890625,2767.7109375,23.80660629272461,29.342973709106445,0.93,,2.11,,0.23,
2022-11-15,448.2449951171875,79.71208190917969,67.38101959228516,29.78252601623535,43.37602615356445,148.789794921875,243.78895568847656,112.13115692138672,25.36550521850586,19.11405372619629,9.05320644378662,58018.18359375,2816.52392578125,24.683794021606445,29.26582908630371,8.06,,4.79,,4.56,
2022-11-16,454.7819213867188,80.39925384521484,68.63345336914062,30.160585403442383,44.35176086425781,149.2518768310547,245.5914459228516,112.13115692138672,24.862924575805664,18.96519088745117,8.924860954284668,58297.10546875,2816.52392578125,26.853174209594727,29.61296844482422,-1.98,,-0.78,,-1.42,
2022-11-17,452.9142456054688,80.3133544921875,68.80045318603516,29.9925594329834,44.61787033081055,146.47938537597656,241.08517456054688,110.74681854248048,25.25710678100586,19.33238410949707,9.122314453125,57088.3984375,2753.06689453125,26.362707138061523,28.47512435913086,1.59,,1.94,,2.21,
2022-11-18,454.7819213867188,81.51591491699219,69.05093383789062,30.202592849731445,44.440460205078125,142.32066345214844,232.52325439453125,107.05525207519533,24.961469650268555,18.75678253173828,9.013716697692873,57460.3125,2679.8466796875,27.145570755004883,28.82226181030273,-1.17,,-2.98,,-1.19,
2022-11-21,450.1127014160156,80.91463470458984,68.63345336914062,29.866539001464844,44.440460205078125,145.0931396484375,235.2270050048828,107.9781494140625,24.71510505676269,18.62776565551757,8.954480171203613,57088.3984375,2718.897216796875,26.74942398071289,28.802976608276367,-0.99,,-0.69,,-0.66,
2022-11-22,458.5172424316406,81.43001556396484,69.30142211914062,29.572494506835938,44.440460205078125,144.1689910888672,236.12828063964844,108.90103149414062,24.73481750488281,18.131555557250977,8.865626335144043,56344.57421875,2650.558837890625,25.72132682800293,27.90619850158692,0.08,,-2.66,,-0.99,
2022-11-24,463.1865234375,82.80435943603516,70.38687133789062,29.78252601623535,43.686485290527344,145.5552215576172,243.3383026123047,110.74681854248048,24.3603458404541,17.486482620239258,8.648428916931152,57088.3984375,2757.9482421875,26.1740665435791,28.610122680664062,-0.04,,-0.45,,-0.9,
2022-11-28,448.7119140625,81.25821685791016,68.9674301147461,29.446475982666016,44.04130172729492,143.70689392089844,246.0420684814453,112.59259033203124,24.2519474029541,17.208602905273438,8.48059368133545,55879.68359375,2728.66015625,25.74961853027344,28.29191017150879,1.03,,0.35,,-1.72,
2022-11-29,454.7819213867188,81.94539642333984,68.71695709228516,29.614500045776367,43.95259094238281,139.54818725585938,240.6345672607422,111.6697006225586,24.62641906738281,17.42693328857422,8.69779109954834,56344.57421875,2679.8466796875,25.296878814697266,27.70369911193848,1.54,,1.27,,2.56,
2022-11-30,457.5834655761719,83.49153137207031,69.8023910522461,29.866539001464844,44.174354553222656,143.70689392089844,242.8876800537109,113.05403900146484,24.63627052307129,17.198678970336914,8.69779109954834,57832.21484375,2689.60986328125,25.46665573120117,27.86762428283692,0.04,,-1.31,,0.0,
2022-12-01,465.5211486816406,87.18508911132812,71.13832092285156,30.41261863708496,44.61787033081055,147.40353393554688,258.208984375,120.43716430664062,24.54758071899414,17.3773136138916,8.707663536071777,58204.125,2796.99853515625,26.428730010986328,28.995832443237305,-0.36,,1.04,,0.11,
2022-12-02,459.9180603027344,86.75559997558594,71.97328186035156,30.58064842224121,45.2387924194336,148.32772827148438,266.3202514648437,122.744384765625,24.08441925048828,17.000192642211914,8.727408409118652,56158.6171875,2777.473388671875,26.296680450439453,28.76440620422364,-1.89,,-2.17,,0.23,
2022-12-05,456.6495971679688,86.75559997558594,71.05482482910156,30.41261863708496,46.21453094482422,153.4105987548828,279.83905029296875,127.82028198242188,24.498306274414062,17.02004051208496,8.757026672363281,56065.64453125,2767.7109375,26.230655670166016,28.359411239624023,1.72,,0.12,,0.34,
2022-12-06,446.3772583007813,85.63894653320312,70.38687133789062,30.034564971923828,44.88397979736328,150.6381072998047,274.4315185546875,124.12871551513672,24.61656379699707,17.42693328857422,8.836007118225098,55042.88671875,2753.06689453125,25.715219497680664,28.12798309326172,0.48,,2.39,,0.9,
2022-12-07,443.5757751464844,85.03767395019531,69.21792602539062,29.488481521606445,44.440460205078125,138.6240234375,250.9989624023437,112.13115692138672,24.123838424682617,17.069664001464844,8.707663536071777,54763.94921875,2650.558837890625,24.95861053466797,27.578344345092773,-2.0,,-2.05,,-1.45,
2022-12-08,440.3072814941406,83.31974029541016,68.46646118164062,29.488481521606445,44.972686767578125,138.1619415283203,258.6595764160156,110.74681854248048,23.591693878173828,16.34519386291504,8.569446563720703,55042.88671875,2665.202880859375,24.882946014404297,27.317989349365234,-2.21,,-4.24,,-1.59,
2022-12-09,449.6457214355469,85.46715545654297,68.9674301147461,29.90854454040528,44.61787033081055,138.1619415283203,253.7027282714844,108.43959045410156,23.867618560791016,16.374969482421875,8.648428916931152,56158.6171875,2723.77880859375,25.47877693176269,27.424060821533203,1.17,,0.18,,0.92,
2022-12-12,443.5757751464844,84.26460266113281,68.9674301147461,30.202592849731445,44.2630615234375,138.6240234375,253.25210571289065,107.9781494140625,24.06471061706543,16.64292335510254,8.737282752990723,55321.8125,2699.372314453125,24.457353591918945,27.231201171875,0.83,,1.64,,1.03,
2022-12-13,440.3072814941406,82.71846771240234,68.63345336914062,30.3286075592041,44.52916717529297,134.92738342285156,243.3383026123047,106.13236236572266,23.81834602355957,16.484132766723633,8.648428916931152,55507.7734375,2679.8466796875,24.84511947631836,27.665128707885746,-1.02,,-0.95,,-1.02,
2022-12-14,448.7119140625,84.1787109375,69.96939086914062,30.62265586853028,44.88397979736328,136.31362915039062,246.94332885742188,107.51669311523438,24.18296432495117,17.129207611083984,8.895243644714355,56251.59765625,2665.202880859375,25.336912155151367,27.70369911193848,1.53,,3.91,,2.85,
2022-12-15,451.2947692871094,84.35049438476562,69.8858871459961,30.95870590209961,44.88397979736328,137.69985961914062,246.94332885742188,108.90103149414062,25.030452728271484,18.62776565551757,9.201294898986816,55135.8671875,2655.4404296875,25.02481269836425,27.25049018859864,3.5,,8.75,up_touch,3.44,
2022-12-16,442.37213134765625,82.632568359375,68.54995727539062,31.21074104309082,44.972686767578125,131.23072814941406,234.3257751464844,103.36369323730467,24.8235092163086,18.111705780029297,8.984097480773926,55321.8125,2557.813720703125,24.25874900817871,26.18014144897461,-0.83,,-2.77,,-2.36,
2022-12-19,438.1457214355469,82.28897857666016,66.62955474853516,31.504789352416992,44.440460205078125,129.84449768066406,231.6220092773437,103.36369323730467,23.838058471679688,17.784208297729492,8.757026672363281,55321.8125,2518.763427734375,23.833154678344727,25.95835876464844,-3.97,,-1.81,,-2.53,
2022-12-20,429.6927185058594,80.3133544921875,66.54606628417969,30.79068183898925,42.75509643554688,116.90626525878906,217.652587890625,101.05647277832033,23.788782119750977,18.02238845825196,8.766899108886719,54485.01953125,2360.119873046875,23.142751693725582,25.83300399780273,-0.21,,1.34,,0.11,
2022-12-21,431.1015625,81.85950469970703,66.54606628417969,30.664661407470703,44.2630615234375,111.36129760742188,213.59695434570312,98.2877960205078,23.542421340942383,18.409433364868164,8.57931900024414,53927.15234375,2311.306884765625,23.03871726989746,25.495506286621094,-1.04,,2.15,,-2.14,
2022-12-22,439.5545349121094,83.57743072509766,67.46451568603516,31.126728057861328,44.61787033081055,112.74754333496094,219.0044708251953,98.7492446899414,23.09897232055664,18.2109489440918,8.36212158203125,54949.90234375,2357.679443359375,23.78586769104004,25.871570587158203,-1.88,,-1.08,,-2.53,
2022-12-23,427.3446350097656,80.57105255126953,67.88199615478516,30.58064842224121,44.21870422363281,115.52002716064452,218.1032257080078,98.7492446899414,22.60624313354492,17.158981323242188,8.302885055541992,54020.140625,2284.45947265625,23.21841049194336,25.04229164123535,-2.13,,-5.78,,-0.71,
2022-12-26,428.7534790039063,80.74284362792969,68.29947662353516,30.58064842224121,43.95259094238281,113.67169952392578,213.59695434570312,97.82635498046876,23.08911323547364,17.605571746826172,8.441102981567383,53834.16796875,2291.78173828125,23.171123504638672,25.15801048278809,2.14,,2.6,,1.66,
2022-12-28,423.5877990722656,80.3133544921875,67.54801177978516,30.3286075592041,42.75509643554688,110.8992156982422,208.6400604248047,96.4420166015625,22.813188552856445,17.178829193115234,8.3226318359375,52954.4921875,2267.374755859375,23.07654571533203,25.01336669921875,-1.28,,-2.92,,-1.52,
2022-12-29,418.8916931152344,80.57105255126953,67.04704284667969,30.202592849731445,42.84379959106445,112.28546142578124,208.1894378662109,97.82635498046876,22.71464157104492,16.62307357788086,8.144923210144043,51738.2265625,2291.78173828125,22.301025390625,24.627655029296875,-0.43,,-3.24,,-2.14,
2023-01-04,422.1790161132813,80.48515319824219,66.62955474853516,30.58064842224121,43.908241271972656,110.8992156982422,200.9794158935547,95.05767822265624,23.1975154876709,17.258222579956055,8.391739845275879,54077.1953125,2264.934326171875,24.088512420654297,25.775144577026367,0.51,,3.82,,0.59,
2023-01-05,430.6319274902344,81.25821685791016,66.37906646728516,30.706666946411133,44.35176086425781,109.97506713867188,197.82504272460932,94.59622955322266,23.650821685791016,17.11928367614746,8.441102981567383,54451.44140625,2333.272705078125,24.27766227722168,26.691207885742188,1.95,,-0.81,,0.59,
2023-01-06,430.6319274902344,83.14794921875,67.04704284667969,30.79068183898925,44.440460205078125,113.67169952392578,205.03504943847656,98.2877960205078,23.631113052368164,17.05974006652832,8.421357154846191,55199.9140625,2391.8486328125,24.438440322875977,26.575496673583984,-0.08,,-0.35,,-0.23,
2023-01-10,456.4605407714844,87.18508911132812,68.38297271728516,31.420772552490234,45.0613899230957,116.90626525878906,213.14633178710932,98.2877960205078,24.73481750488281,17.575796127319336,8.549701690673828,56509.7421875,2455.305908203125,28.202566146850582,28.26298141479492,4.5,,2.37,,1.29,
2023-01-11,455.0516052246094,86.32612609863281,67.38101959228516,31.420772552490234,44.79527282714844,118.2925033569336,210.8931884765625,98.7492446899414,25.769540786743164,17.635345458984375,8.608938217163086,56603.29296875,2523.64453125,27.72969055175781,28.38833999633789,4.18,,0.34,,0.69,
2023-01-12,456.9300842285156,86.75559997558594,67.21402740478516,31.16873550415039,44.70657730102539,115.52002716064452,209.09068298339844,97.82635498046876,25.89764976501465,17.29791831970215,8.450976371765137,56603.29296875,2513.881591796875,28.08907890319824,28.78369331359864,0.5,,-1.91,,-1.83,
2023-01-13,469.609619140625,86.75559997558594,66.88004302978516,31.21074104309082,44.440460205078125,116.44418334960938,207.2881774902344,97.36490631103516,25.877939224243164,17.258222579956055,8.48059368133545,56883.984375,2474.83154296875,28.42954635620117,29.20797348022461,-0.08,,-0.23,,0.35,
2023-01-16,474.3056640625,86.75559997558594,67.29752349853516,31.25275039672852,45.15009689331055,118.2925033569336,209.991928100586,100.13357543945312,26.10459518432617,17.436857223510742,8.569446563720703,57164.65625,2401.611083984375,29.3469352722168,29.034404754638672,0.88,,1.04,,1.05,
2023-01-30,509.99609375,90.19146728515624,68.38297271728516,31.88284492492676,47.01286315917969,125.685791015625,221.708236694336,102.90225219726562,26.76484489440918,18.44912910461425,8.855753898620605,59222.953125,2518.763427734375,28.08907890319824,27.15406036376953,-0.33,,1.31,,0.67,
2023-01-31,490.2723083496094,85.89663696289062,69.71891021728516,32.17688751220703,46.74675750732422,126.14787292480467,219.0044708251953,103.82514190673828,26.29183006286621,18.181177139282227,8.806390762329102,57445.328125,2445.543212890625,27.33246612548828,26.95156478881836,-1.77,,-1.45,,-0.56,
2023-02-01,497.7861022949219,87.61457061767578,72.47425842285156,32.55494689941406,47.81119537353516,130.76866149902344,230.27012634277344,107.9781494140625,27.188589096069336,19.14382553100586,9.072951316833496,57071.09375,2499.23779296875,27.67294311523437,27.25049018859864,3.41,,5.29,,3.03,
2023-02-02,507.1782531738281,88.47354125976562,73.14221954345703,33.2690544128418,48.52082824707031,132.6169891357422,238.38140869140625,109.82391357421876,27.208297729492188,19.1735954284668,9.112441062927246,59410.06640625,2562.695068359375,28.00395965576172,28.03155517578125,0.07,,0.16,,0.44,
2023-02-03,509.0567321777344,91.0504379272461,74.14418029785156,33.81514358520508,48.87563705444336,126.60995483398438,229.8195037841797,106.13236236572266,27.46451759338379,19.352235794067383,9.17167854309082,59410.06640625,2518.763427734375,28.968629837036133,29.111547470092773,0.94,,0.93,,0.65,
2023-02-06,494.0292053222656,88.90302276611328,72.97522735595703,33.43708419799805,49.23045349121094,119.21665954589844,215.39947509765625,100.13357543945312,27.050626754760746,19.064430236816406,9.033459663391112,57632.44921875,2430.899658203125,28.609241485595703,29.23690223693848,-1.51,,-1.49,,-1.51,
2023-02-07,491.2115478515625,88.90302276611328,72.97522735595703,33.68912124633789,50.028785705566406,120.14081573486328,219.90573120117188,101.05647277832033,26.971790313720703,18.895721435546875,9.043333053588867,58006.68359375,2438.22119140625,27.824264526367188,28.00222587585449,-0.29,,-0.88,,0.11,
2023-02-08,507.1782531738281,91.0504379272461,73.64319610595703,33.73112869262695,49.76267623901367,121.5270538330078,219.90573120117188,101.51791381835938,26.55790138244629,18.538448333740234,8.934734344482422,59035.8359375,2423.577392578125,28.68490219116211,28.353593826293945,-1.53,,-1.89,,-1.2,
2023-02-09,507.1782531738281,91.0504379272461,73.47620391845703,33.64711380004883,49.67396926879883,122.4512176513672,219.0044708251953,100.5950164794922,27.68131446838379,19.649959564208984,9.240785598754885,59222.953125,2350.357666015625,28.334970474243164,27.5630111694336,4.23,,6.0,,3.43,
2023-02-10,511.8743896484375,91.0504379272461,72.97522735595703,33.52109146118164,49.05304718017578,119.21665954589844,213.59695434570312,98.7492446899414,27.770008087158203,19.59041404724121,9.349385261535645,58848.7265625,2321.06982421875,27.928295135498047,27.065242767333984,0.32,,-0.3,,1.18,
2023-02-13,508.1175231933594,89.33250427246094,72.80824279785156,33.89915084838867,49.58526611328125,118.75457763671876,209.991928100586,96.9034652709961,27.819276809692383,20.99965476989746,9.48760223388672,58848.7265625,2282.01904296875,26.10298156738281,27.13356208801269,0.18,,7.19,,1.48,
2023-02-14,511.8743896484375,89.76199340820312,72.64125061035156,33.77313232421875,49.58526611328125,121.5270538330078,214.9488220214844,100.5950164794922,28.44011306762696,21.94245719909668,9.59620189666748,59129.39453125,2294.222412109375,25.80033493041992,27.865583419799805,2.23,,4.49,up_touch,1.14,
2023-02-15,493.0899658203125,89.76199340820312,72.72473907470703,34.36122131347656,48.166011810302734,127.072021484375,219.90573120117188,102.90225219726562,28.86385726928711,22.56768035888672,9.773907661437988,58193.796875,2252.731201171875,26.10298156738281,27.95342254638672,1.49,,2.85,,1.85,
2023-02-16,495.9076843261719,89.33250427246094,72.72473907470703,34.2772102355957,48.166011810302734,127.9961929321289,223.06011962890625,102.90225219726562,27.622188568115234,21.36685371398925,9.41849422454834,59597.1953125,2286.900146484375,26.12189102172852,28.158390045166016,-4.3,,-5.32,,-3.64,
2023-02-17,486.5154724121094,87.61457061767578,71.55580139160156,33.98316192626953,48.78693389892578,125.685791015625,221.2576141357422,101.51791381835938,26.77470016479492,20.473669052124023,9.240785598754885,58568.04296875,2228.32421875,25.47877693176269,27.523975372314453,-3.07,,-4.18,,-1.89,
2023-02-20,485.57623291015625,88.47354125976562,72.97522735595703,34.10918426513672,48.60952758789063,126.14787292480467,219.90573120117188,100.5950164794922,28.21345901489257,22.51806259155273,9.536964416503906,58661.59375,2191.71435546875,25.072105407714844,26.948118209838867,5.37,,9.99,up_limit,3.21,
2023-02-22,476.1840515136719,88.04405212402344,73.05872344970703,34.06717300415039,48.60952758789063,123.37537384033205,216.3007202148437,100.13357543945312,27.996660232543945,22.46843910217285,9.448111534118652,57164.65625,2140.460693359375,23.50214385986328,25.435274124145508,-0.87,,1.52,,-0.21,
2023-02-24,479.94091796875,91.0504379272461,73.55970001220703,35.15934371948242,49.76267623901367,118.2925033569336,211.79443359375,100.13357543945312,27.838985443115234,23.500560760498047,9.379003524780272,57351.78125,2260.052734375,24.14525604248047,24.996065139770508,0.39,,5.01,,0.53,
2023-03-02,487.4547119140625,92.76837158203124,74.3946533203125,35.663421630859375,48.6982307434082,123.83745574951172,225.7638702392578,104.2865753173828,28.390838623046875,21.863061904907227,9.54683780670166,56883.984375,2372.323486328125,24.824216842651367,24.722774505615234,-1.27,,-4.55,,-1.12,
2023-03-03,484.636962890625,92.76837158203124,74.22766876220703,37.97377395629883,50.028785705566406,126.14787292480467,233.4245147705078,107.51669311523438,29.1003646850586,24.046390533447266,9.872634887695312,56603.29296875,2389.408447265625,24.77678871154785,25.571916580200195,2.5,,9.99,up_limit,3.41,
2023-03-06,489.3330993652344,93.62732696533205,74.81214141845703,38.77189636230469,50.4723014831543,127.9961929321289,235.2270050048828,108.90103149414062,28.4893856048584,23.123437881469727,9.754162788391112,57538.890625,2474.83154296875,25.23210525512696,25.76712417602539,-2.1,,-3.84,,-1.2,
2023-03-07,492.15081787109375,94.91578674316406,76.1480712890625,39.275970458984375,52.24637222290039,126.14787292480467,232.97390747070312,106.59381103515624,27.19844436645508,22.041698455810547,9.379003524780272,56790.4140625,2408.933349609375,25.01393699645996,25.36695098876953,-4.53,,-4.68,,-3.85,
2023-03-08,489.3330993652344,94.05681610107422,75.89757537841797,39.86405944824219,52.86729431152344,126.60995483398438,237.029525756836,107.51669311523438,27.3659725189209,22.38904571533203,9.527091979980469,56416.1875,2391.8486328125,24.90010643005371,24.9179801940918,0.62,,1.58,,1.58,
2023-03-09,490.2723083496094,93.62732696533205,75.14612579345703,41.08224487304688,52.68989181518555,125.685791015625,240.18389892578125,106.59381103515624,27.79956817626953,22.31957626342773,9.536964416503906,56229.0546875,2428.45849609375,25.213134765625,25.357192993164062,1.58,,-0.31,,0.1,
2023-03-10,481.81939697265625,91.9094009399414,74.56165313720703,39.44400024414063,50.117488861083984,121.5270538330078,234.3257751464844,104.2865753173828,27.779861450195312,21.51571655273437,9.48760223388672,55667.70703125,2384.52685546875,24.64398956298828,25.80616569519043,-0.07,,-3.6,,-0.52,
2023-03-13,484.636962890625,93.1978530883789,75.3966064453125,40.11609649658203,50.91582107543945,123.37537384033205,239.73329162597656,105.20948028564452,28.07549476623535,22.18063735961914,9.507347106933594,56135.5,2384.52685546875,24.05587387084961,26.567466735839844,1.06,,3.09,,0.21,
2023-03-14,479.001708984375,91.9094009399414,74.22766876220703,40.03208541870117,50.82711791992188,120.60289764404295,234.3257751464844,104.74803161621094,28.54851150512696,23.123437881469727,9.734417915344238,55199.9140625,2357.679443359375,23.714385986328125,26.303939819335938,1.68,,4.25,,2.39,
2023-03-15,479.94091796875,93.1978530883789,73.89368438720703,41.04023742675781,51.89155960083008,121.06497955322266,233.8751373291016,106.13236236572266,28.656911849975582,22.82571220397949,9.714673042297363,55948.3828125,2369.882568359375,23.951528549194336,27.33852767944336,0.38,,-1.29,,-0.2,
2023-03-16,476.8717956542969,92.76837158203124,72.97522735595703,40.62017059326172,50.7384147644043,119.67874908447266,233.4245147705078,104.74803161621094,30.144943237304688,22.776092529296875,10.020724296569824,56041.9453125,2352.798095703125,23.145238876342773,27.728939056396484,5.19,,-0.22,,3.15,
2023-03-17,489.1476745605469,94.05681610107422,74.22766876220703,41.41829681396485,51.18193054199219,123.83745574951172,235.2270050048828,107.05525207519533,30.46028518676757,23.20282936096192,9.961488723754885,57351.78125,2445.543212890625,23.82821273803711,29.45650863647461,1.05,,1.87,,-0.59,
2023-03-20,483.48193359375,94.05681610107422,74.8956298828125,41.62833023071289,51.09322738647461,125.22371673583984,236.5789031982422,107.05525207519533,32.28336715698242,23.66927146911621,10.228049278259276,56322.62109375,2386.967529296875,23.467754364013672,29.095378875732425,5.99,,2.01,,2.68,
2023-03-22,503.3122253417969,93.62732696533205,75.4801025390625,41.12424850463867,51.18193054199219,129.38243103027344,248.29519653320312,108.43959045410156,32.312931060791016,23.520408630371094,10.267539978027344,57164.65625,2365.00146484375,24.008440017700195,27.777738571166992,1.8,,0.98,,-0.38,
2023-03-23,508.0337219238281,94.91578674316406,75.3131103515625,41.83835983276367,51.8028564453125,134.92738342285156,252.8014678955078,109.82391357421876,33.33780670166016,25.02888870239257,10.237921714782717,58287.36328125,2330.83203125,23.998958587646484,27.455650329589844,3.17,,6.41,,-0.29,
2023-03-24,508.9779968261719,95.34526824951172,75.4801025390625,41.33428192138672,51.44804382324219,136.7757110595703,258.208984375,107.9781494140625,32.9140625,24.602149963378903,10.109578132629396,58942.2734375,2455.305908203125,24.691421508789062,28.33407592773437,-1.27,,-1.7,,-1.25,
2023-03-27,501.4236145019531,93.62732696533205,75.89757537841797,41.08224487304688,50.29489517211914,134.46530151367188,257.3077087402344,106.59381103515624,32.23409652709961,24.31434440612793,10.139196395874023,58100.24609375,2382.0859375,24.32147026062012,28.65616798400879,-2.07,,-1.17,,0.29,
2023-03-28,495.7577209472656,94.05681610107422,75.2296142578125,40.746192932128906,49.76267623901367,127.9961929321289,246.49269104003903,104.2865753173828,32.697265625,23.36161994934082,9.892379760742188,58848.7265625,2350.357666015625,24.37839126586914,28.48048210144043,1.44,,-3.92,,-2.43,
2023-03-29,500.4793395996094,95.7747573852539,74.7286376953125,40.07408905029297,49.67396926879883,129.84449768066406,245.1407928466797,105.20948028564452,32.332645416259766,22.379121780395508,9.981233596801758,58661.59375,2374.763916015625,23.249588012695312,28.58784294128418,-1.12,,-4.21,,0.9,
2023-03-30,505.2008056640625,96.63372039794922,76.2315673828125,40.91421508789063,50.91582107543945,136.31362915039062,253.25210571289065,107.05525207519533,32.39176940917969,21.674503326416016,9.97136116027832,59471.8125,2489.94873046875,24.169702529907227,30.76438331604004,0.18,,-3.15,,-0.1,
2023-03-31,503.3122253417969,96.63372039794922,75.9810791015625,40.746192932128906,51.00452423095703,136.31362915039062,255.0545959472656,107.05525207519533,31.977882385253903,22.031774520874023,9.97136116027832,60224.609375,2578.17529296875,24.549129486083984,31.320720672607425,-1.28,,1.65,,0.0,
2023-04-06,500.4793395996094,96.63372039794922,76.8160400390625,40.99822998046875,51.71415328979492,133.07907104492188,247.3939514160156,107.05525207519533,36.68833541870117,23.69904327392578,10.741426467895508,58624.90234375,2431.131103515625,22.84169578552246,32.04298400878906,6.55,,4.05,,3.62,
2023-04-07,501.4236145019531,94.91578674316406,76.4820556640625,40.66217803955078,51.44804382324219,133.54115295410156,246.94332885742188,105.20948028564452,37.1219367980957,24.31434440612793,10.682190895080566,61165.625,2475.244140625,22.870153427124023,32.02345657348633,1.18,,2.6,,-0.55,
2023-04-11,494.8135070800781,93.62732696533205,77.65099334716797,40.83020782470703,51.71415328979492,132.1549072265625,246.94332885742188,106.59381103515624,35.25943374633789,22.52798652648925,10.42550277709961,62012.53125,2553.66796875,23.22112846374512,31.74041175842285,0.51,,-1.26,,0.19,
2023-04-12,491.0362854003906,93.62732696533205,77.65099334716797,40.83020782470703,51.8028564453125,131.23072814941406,247.3939514160156,106.13236236572266,36.06749725341797,22.726469039916992,10.494610786437988,62106.64453125,2558.5693359375,22.946043014526367,31.5744857788086,2.29,,0.88,,0.66,
2023-04-13,481.5933227539063,88.90302276611328,77.15001678466797,40.15810394287109,51.18193054199219,128.92034912109375,237.9307861328125,104.74803161621094,34.39223861694336,21.63480567932129,10.139196395874023,62200.7421875,2529.160400390625,22.765810012817383,31.25239944458008,-4.64,,-4.8,,-3.39,
2023-04-14,487.2590637207031,90.62095642089844,78.15196228027344,39.94807052612305,50.91582107543945,128.45826721191406,237.029525756836,104.74803161621094,35.594486236572266,22.38904571533203,10.55384635925293,61259.7265625,2543.865234375,22.88912010192871,31.35976219177246,3.5,,3.49,,4.09,
2023-04-17,491.0362854003906,91.0504379272461,77.90147399902344,39.19195556640625,51.09322738647461,128.45826721191406,238.38140869140625,104.74803161621094,34.618892669677734,22.51806259155273,10.366267204284668,61447.9296875,2587.97802734375,22.90809631347656,31.12551689147949,-2.74,,0.58,,-1.78,
2023-04-18,486.3147888183594,90.62095642089844,77.65099334716797,38.6458740234375,50.7384147644043,126.14787292480467,237.029525756836,103.82514190673828,33.79111099243164,21.58518409729004,10.168813705444336,61730.2265625,2553.66796875,22.95552444458008,31.36952018737793,-2.39,,-4.14,,-1.9,
2023-04-19,481.5933227539063,88.90302276611328,75.4801025390625,38.77189636230469,50.117488861083984,122.4512176513672,228.9182586669922,100.13357543945312,33.87979888916016,20.92026138305664,10.12932300567627,61636.1328125,2543.865234375,22.77529525756836,31.066953659057617,0.26,,-3.08,,-0.39,
2023-04-20,484.42620849609375,88.90302276611328,74.9791259765625,38.6458740234375,49.49656295776367,125.22371673583984,229.8195037841797,99.210693359375,34.18528747558594,21.188215255737305,10.178686141967772,61447.9296875,2514.456298828125,22.196664810180664,30.40325355529785,0.9,,1.28,,0.49,
2023-04-21,482.5376281738281,88.04405212402344,75.0626220703125,38.6458740234375,48.43212127685547,126.14787292480467,234.3257751464844,99.210693359375,31.810352325439453,19.75912857055664,9.359256744384766,61824.33203125,2514.456298828125,22.433807373046875,30.12020874023437,-6.95,,-6.74,,-8.05,
2023-04-24,478.7603759765625,87.61457061767578,76.8160400390625,38.81389999389648,48.25471496582031,128.92034912109375,241.9864501953125,100.13357543945312,32.05671691894531,19.43162727355957,9.25065803527832,61353.82421875,2489.94873046875,22.225122451782227,29.57362937927246,0.77,,-1.66,,-1.16,
2023-04-25,470.26171875,87.18508911132812,76.6490478515625,37.80574417114258,47.01286315917969,124.76163482666016,232.52325439453125,96.4420166015625,31.03184700012207,18.92549133300781,9.122314453125,59848.21484375,2455.638427734375,22.0069522857666,28.948972702026367,-3.2,,-2.6,,-1.39,
2023-04-26,464.1237182617188,86.32612609863281,75.6470947265625,38.05778503417969,47.27897644042969,128.45826721191406,242.4370574951172,101.05647277832033,27.92767906188965,18.111705780029297,8.796517372131348,60318.71875,2411.525146484375,20.897119522094727,28.187673568725582,-10.0,down_limit,-4.3,,-3.57,
2023-04-27,466.0123291015625,86.75559997558594,76.4820556640625,38.81389999389648,47.54508590698242,126.14787292480467,240.18389892578125,99.210693359375,26.60717391967773,17.655193328857422,8.836007118225098,60789.2265625,2411.525146484375,20.75482940673828,28.353593826293945,-4.73,,-2.52,,0.45,
2023-04-28,474.0389404296875,86.75559997558594,76.6490478515625,39.48600387573242,47.899898529052734,134.0032196044922,247.3939514160156,101.97936248779295,27.14917182922364,17.75443458557129,8.845880508422852,61636.1328125,2607.58447265625,20.925575256347656,29.14417839050293,2.04,,0.56,,0.11,
2023-05-08,475.9274291992188,89.33250427246094,78.9034194946289,38.47784423828125,48.07730865478516,148.789794921875,253.25210571289065,102.44080352783205,26.63673973083496,18.01246452331543,8.78664493560791,62012.53125,2877.165283203125,20.4797420501709,30.370954513549805,1.27,,0.0,,0.91,
2023-05-09,481.5933227539063,89.76199340820312,79.1539077758789,38.05778503417969,48.07730865478516,148.32772827148438,259.1101989746094,102.44080352783205,26.83382797241211,18.36973571777344,9.003843307495117,61447.9296875,2975.1943359375,20.290027618408203,30.155345916748047,0.74,,1.98,,2.47,
2023-05-10,474.9832458496094,88.04405212402344,79.1539077758789,38.09979248046875,47.63379287719727,146.01730346679688,254.6039581298828,101.51791381835938,26.695863723754883,18.24071884155273,8.984097480773926,60789.2265625,2950.687255859375,20.36591529846192,29.498729705810547,-0.51,,-0.7,,-0.22,
2023-05-11,471.2059631347656,88.90302276611328,78.9034194946289,38.22581100463867,47.27897644042969,144.1689910888672,250.54835510253903,101.05647277832033,26.902807235717773,18.131555557250977,8.954480171203613,60412.8203125,2999.7021484375,20.707399368286133,29.371326446533203,0.78,,-0.6,,-0.33,
2023-05-12,468.373046875,88.47354125976562,79.07041931152344,38.35182571411133,47.10156631469727,147.86561584472656,258.6595764160156,100.5950164794922,27.701026916503903,18.94534111022949,8.993968963623047,60318.71875,3004.603759765625,20.290027618408203,28.28350067138672,2.97,,4.49,,0.44,
2023-05-15,467.9009399414063,88.47354125976562,78.73644256591797,38.39383316040039,46.92416000366211,144.1689910888672,253.25210571289065,98.2877960205078,27.996660232543945,19.23314476013184,9.319766998291016,60695.12109375,2970.293212890625,20.100318908691406,28.371702194213867,1.07,,1.52,,3.62,
2023-05-16,476.8717956542969,89.33250427246094,79.07041931152344,38.43583679199219,47.01286315917969,148.789794921875,260.0115051269531,99.67213439941406,29.41570854187012,19.55072021484375,9.536964416503906,61542.0234375,3048.716796875,20.72637367248535,29.204721450805664,5.07,,1.65,,2.33,
2023-05-17,490.0919799804688,90.62095642089844,79.6548843383789,39.06593704223633,47.54508590698242,152.48643493652344,258.208984375,101.05647277832033,29.258037567138672,19.33238410949707,9.517220497131348,61165.625,3058.51953125,20.69791603088379,28.63631057739257,-0.54,,-1.12,,-0.21,
2023-05-18,500.4793395996094,93.62732696533205,79.9888687133789,39.359981536865234,48.166011810302734,154.7968292236328,257.3077087402344,103.36369323730467,29.26789283752441,19.491172790527344,9.428366661071776,62294.83984375,3215.36669921875,21.608551025390625,28.29330062866211,0.03,,0.82,,-0.93,
2023-05-19,502.3678588867188,93.62732696533205,80.15585327148438,39.317970275878906,48.34341812133789,157.1072235107422,264.0671081542969,101.97936248779295,30.075963973999023,20.701929092407227,9.536964416503906,64365.05859375,3190.859619140625,21.78877830505371,29.087121963500977,2.76,,6.21,,1.15,
2023-05-22,501.4236145019531,94.48631286621094,79.23741149902344,39.317970275878906,47.98860168457031,148.789794921875,253.7027282714844,102.44080352783205,29.26789283752441,20.13624763488769,9.467856407165527,64459.15234375,3176.155029296875,21.646488189697266,29.33212661743164,-2.69,,-2.73,,-0.72,
2023-05-23,500.4793395996094,94.48631286621094,78.6529312133789,39.317970275878906,48.43212127685547,154.33474731445312,260.46209716796875,103.82514190673828,29.07080078125,20.12632369995117,9.30002212524414,64365.05859375,3146.74609375,21.997467041015625,29.67513465881348,-0.67,,-0.05,,-1.77,
2023-05-24,495.7577209472656,93.1978530883789,79.48788452148438,39.906063079833984,48.60952758789063,154.7968292236328,263.1658630371094,102.44080352783205,28.932836532592773,20.51336669921875,9.309895515441896,64459.15234375,3205.5634765625,21.940549850463867,28.920515060424805,-0.47,,1.92,,0.11,
2023-05-25,512.7553100585938,93.1978530883789,80.3228530883789,40.36813735961914,49.14175033569336,166.81089782714844,272.6290283203125,103.36369323730467,29.553672790527344,21.0591983795166,9.319766998291016,64741.46484375,3499.652099609375,21.39986038208008,28.42070579528809,2.15,,2.66,,0.11,
2023-05-26,534.4740600585938,94.91578674316406,81.82577514648438,42.93052291870117,50.91582107543945,171.43170166015625,273.07965087890625,106.59381103515624,29.937997817993164,21.843212127685547,9.408620834350586,66152.9609375,3607.48486328125,22.85118103027344,26.8526668548584,1.3,,3.72,,0.95,
2023-05-31,526.9197387695312,95.7747573852539,83.41219329833984,45.36689758300781,51.625450134277344,166.81089782714844,273.07965087890625,107.51669311523438,30.74606704711914,24.681188583374023,9.59620189666748,67188.0859375,3734.923095703125,24.06536102294922,29.39093017578125,-0.51,,-1.51,,-1.22,
2023-06-01,520.3095703125,96.20423889160156,83.41219329833984,44.0226936340332,51.5367431640625,167.2729949951172,269.02398681640625,107.51669311523438,30.11537742614746,24.29258728027344,9.566582679748535,66717.578125,3656.499267578125,23.50570106506348,30.81196594238281,-2.05,,-1.57,,-0.31,
2023-06-02,530.6969604492188,100.069580078125,84.74812316894531,45.534915924072266,51.89155960083008,168.19715881347656,277.5859375,108.90103149414062,30.0858154296875,24.332443237304688,9.507347106933594,67940.8984375,3641.795166015625,23.8187313079834,30.508155822753903,-0.1,,0.16,,-0.62,
2023-06-05,524.0868530273438,100.069580078125,83.91316223144531,44.69479370117188,52.15766906738281,167.2729949951172,274.8821716308594,109.82391357421876,30.56868553161621,24.97014808654785,9.408620834350586,67470.40625,3699.6328125,24.67244529724121,30.68456077575684,1.6,,2.62,,-1.04,
2023-06-07,536.36279296875,107.3708038330078,84.33064270019531,45.36689758300781,52.42377853393555,162.65219116210938,261.3633728027344,107.05525207519533,31.061410903930664,24.711078643798828,9.30002212524414,66811.703125,3676.105712890625,24.524991989135746,30.341550827026367,6.67,,1.22,,1.84,
2023-06-08,527.8641357421875,105.22338104248048,83.91316223144531,45.36689758300781,52.68989181518555,154.33474731445312,254.15333557128903,102.90225219726562,30.87417793273925,24.043481826782227,9.072951316833496,66717.578125,3622.189453125,25.27653312683105,30.655162811279297,-0.6,,-2.7,,-2.44,
2023-06-09,533.52978515625,108.22976684570312,83.49568939208984,45.618934631347656,53.39952087402344,158.4934539794922,256.40643310546875,103.36369323730467,31.337337493896484,25.50821304321289,9.17167854309082,67752.6875,3752.568359375,25.219457626342773,31.184371948242188,1.5,,6.09,,1.09,
2023-06-12,542.0286254882812,107.80027770996094,83.91316223144531,45.618934631347656,52.60118865966797,159.4176025390625,257.7583312988281,104.74803161621094,32.145408630371094,27.21208000183105,9.270403861999512,66811.703125,3756.489990234375,24.6201229095459,30.713960647583008,2.58,,6.68,,1.08,
2023-06-13,559.97021484375,109.94769287109376,84.33064270019531,48.223331451416016,53.665626525878906,166.34881591796875,264.0671081542969,106.13236236572266,32.98303985595703,27.251935958862305,9.576456069946287,67752.6875,3906.474853515625,25.333614349365234,32.409400939941406,2.61,,0.15,,3.3,
2023-06-14,557.1373901367188,106.94132232666016,84.74812316894531,47.971290588378906,54.463958740234375,166.81089782714844,264.51776123046875,107.9781494140625,32.08627700805664,25.209285736083984,9.566582679748535,67658.59375,3885.3984375,25.74267768859864,33.23262405395508,-2.72,,-7.5,down_touch,-0.1,
2023-06-15,560.6949462890625,108.65924835205078,86.00055694580078,47.88727951049805,56.681549072265625,172.3558807373047,269.79852294921875,107.51669311523438,31.73151969909668,24.77086639404297,9.49747371673584,67282.1953125,3954.999267578125,25.571441650390625,34.869266510009766,-1.11,,-1.74,,-0.72,
2023-06-16,558.7974853515625,107.80027770996094,87.25299072265625,47.46721649169922,56.7702522277832,175.12835693359375,268.3583068847656,106.13236236572266,31.95816993713379,24.75093650817871,9.49747371673584,67564.484375,4010.3857421875,25.114809036254883,35.104469299316406,0.71,,-0.08,,0.0,
2023-06-19,553.1050415039062,108.65924835205078,85.16560363769531,47.04714584350586,58.100807189941406,171.43170166015625,266.9180908203125,105.67091369628906,33.022457122802734,24.75093650817871,9.625818252563477,66999.890625,3971.664306640625,25.10529518127441,35.64347839355469,3.33,,0.0,,1.35,
2023-06-21,551.2075805664062,108.65924835205078,86.41802978515625,46.963134765625,53.39952087402344,172.81796264648438,266.9180908203125,106.59381103515624,33.257511138916016,23.306135177612305,9.236156463623049,66341.1953125,3969.7041015625,25.48582649230957,34.30084991455078,-1.32,,-4.84,,-2.91,
2023-06-26,544.566650390625,108.22976684570312,87.67047882080078,48.30734252929688,52.86729431152344,166.34881591796875,264.0376892089844,107.51669311523438,31.730934143066406,22.499038696289062,9.05796718597412,68129.0859375,3803.5439453125,24.63915061950684,32.34080505371094,-4.59,,-3.46,,-1.93,
2023-06-27,542.669189453125,106.51182556152344,87.25299072265625,47.88727951049805,53.576927185058594,163.5763397216797,257.7968139648437,104.74803161621094,31.770586013793945,22.518966674804688,9.127263069152832,68317.3125,3752.078125,25.07675552368164,32.67401123046875,0.12,,0.09,,0.77,
2023-06-28,544.566650390625,106.51182556152344,86.41802978515625,47.971290588378906,54.19784927368164,159.8797149658203,251.555892944336,103.36369323730467,30.809045791625977,22.08054542541504,8.958972930908203,68411.40625,3815.307373046875,27.940223693847656,33.418827056884766,-3.03,,-1.95,,-1.84,
2023-06-29,543.617919921875,105.22338104248048,87.67047882080078,47.38320541381836,53.488224029541016,160.8038787841797,252.0359649658203,106.13236236572266,30.600875854492188,22.319684982299805,9.018369674682615,68469.0859375,3910.885986328125,27.930713653564453,32.8994140625,-0.68,,1.08,,0.66,
2023-06-30,546.4640502929688,102.2558135986328,87.67047882080078,47.88727951049805,54.02044296264648,162.65219116210938,253.4761657714844,107.51669311523438,30.89826011657715,22.518966674804688,9.107464790344238,68279.953125,3970.19384765625,28.22561836242676,32.25260162353516,0.97,,0.89,,0.99,
2023-07-03,549.3101196289062,102.718505859375,88.92290496826172,49.90357971191406,54.463958740234375,165.88674926757812,259.23699951171875,107.9781494140625,31.38398742675781,22.827856063842773,9.137162208557127,69036.515625,4122.6298828125,28.301729202270508,32.772010803222656,1.57,,1.37,,0.33,
2023-07-04,555.0025634765625,102.718505859375,89.34038543701172,51.49982452392578,55.79451370239258,166.34881591796875,251.555892944336,107.9781494140625,31.909364700317383,22.827856063842773,9.345049858093262,69036.515625,4117.23828125,28.101951599121094,32.94841766357422,1.67,,0.0,,2.28,
2023-07-06,536.0281372070312,100.40502166748048,88.08794403076172,49.98759460449219,54.10914611816406,156.18307495117188,245.3149871826172,107.9781494140625,31.42363929748535,22.638538360595703,9.384647369384766,67712.53125,4003.523681640625,27.074522018432617,31.8605899810791,-0.41,,0.53,,1.07,
2023-07-07,536.0281372070312,100.8677215576172,86.83551788330078,49.98759460449219,53.576927185058594,157.1072235107422,236.6737670898437,106.59381103515624,30.481922149658203,22.35954093933105,9.186659812927246,66104.8203125,3997.151611328125,26.151744842529297,31.331377029418945,-3.0,,-1.23,,-2.11,
2023-07-10,536.0281372070312,99.94232940673828,87.67047882080078,49.73555755615234,54.02044296264648,154.33474731445312,233.7933654785156,106.59381103515624,30.293577194213867,22.279829025268555,9.077766418457031,65726.546875,3956.9599609375,26.58935546875,31.213773727416992,-0.62,,-0.36,,-1.19,
2023-07-11,547.412841796875,101.33041381835938,88.08794403076172,49.90357971191406,54.463958740234375,156.18307495117188,237.15383911132807,106.59381103515624,31.532678604125977,22.47911071777344,9.325252532958984,67617.953125,4019.208251953125,26.55130195617676,32.08599853515625,4.09,,0.89,,2.73,
2023-07-12,548.3614501953125,101.7931137084961,88.08794403076172,52.25594329833984,53.84303665161133,158.0313720703125,244.3548583984375,104.74803161621094,31.09651565551757,21.02434539794922,9.216358184814451,67996.234375,3915.29736328125,26.503738403320312,32.634803771972656,-1.38,,-6.47,,-1.17,
2023-07-13,555.0025634765625,101.7931137084961,89.75786590576172,53.680294036865234,54.99618148803711,170.07862854003906,253.95623779296875,107.44435119628906,32.67265319824219,22.00083351135254,9.503440856933594,67996.234375,4058.420654296875,27.35992431640625,33.30122756958008,5.07,,4.64,,3.11,
2023-07-14,560.6949462890625,106.4200668334961,91.42777252197266,53.50225067138672,54.19784927368164,181.223388671875,255.3964385986328,108.90950012207033,34.397483825683594,22.469146728515625,9.68163013458252,69414.7890625,4136.35400390625,28.12097549438477,33.19342041015625,5.28,,2.13,,1.87,
2023-07-18,551.2075805664062,107.345458984375,93.5151596069336,56.61801910400391,55.88321685791016,193.82180786132807,264.5177307128906,117.70040130615234,35.240074157714844,23.56520271301269,9.968713760375977,68090.8046875,4205.46435546875,28.168540954589844,33.683433532714844,1.63,,5.63,up_touch,2.86,
2023-07-19,551.2075805664062,104.10659790039062,92.68020629882812,56.88509368896485,56.32673263549805,196.7291259765625,255.87649536132807,110.86302947998048,34.85347366333008,24.1530876159668,9.86971950531006,67807.109375,4228.01123046875,28.34929275512696,33.81083679199219,-1.1,,2.49,,-0.99,
2023-07-20,549.3101196289062,105.03199005126952,92.26273345947266,56.439979553222656,56.681549072265625,190.429916381836,256.3565979003906,109.88626098632812,33.663936614990234,22.99724769592285,9.632132530212402,67145.109375,4143.70556640625,27.96876716613769,33.771629333496094,-3.41,,-4.79,,-2.41,
2023-07-21,531.284423828125,102.2558135986328,93.09769439697266,57.597267150878906,56.14932632446289,184.61526489257807,247.71534729003903,107.44435119628906,34.169490814208984,24.412155151367188,9.67173194885254,66483.1015625,4053.51904296875,26.74156379699707,32.703407287597656,1.5,,6.15,,0.41,
2023-07-24,529.3870239257812,102.2558135986328,92.68020629882812,57.6862907409668,54.81877899169922,193.33724975585932,251.07583618164065,107.9327392578125,34.000972747802734,23.82427215576172,9.572736740112305,66577.6875,4152.52880859375,26.62740898132324,33.34042739868164,-0.49,,-2.41,,-1.02,
2023-07-25,539.8229370117188,105.95738220214844,91.8452606201172,56.083892822265625,55.35099411010742,189.46080017089844,247.71534729003903,107.44435119628906,33.8621940612793,24.013591766357425,9.67173194885254,66199.40625,4220.6591796875,26.484708786010746,32.95821762084961,-0.41,,0.79,,1.03,
2023-07-26,536.9768676757812,105.03199005126952,91.8452606201172,55.46073913574219,54.463958740234375,191.3990173339844,244.3548583984375,106.4675750732422,33.85227966308594,23.2762451171875,9.592535972595217,66010.2578125,4148.607421875,26.99842071533203,33.418827056884766,-0.03,,-3.07,,-0.82,
2023-07-27,539.8229370117188,105.49468231201172,93.09769439697266,55.6387825012207,54.55266189575195,184.61526489257807,240.03424072265625,104.02566528320312,33.17820739746094,22.170223236083984,9.434144973754885,67807.109375,4087.82958984375,26.95085906982422,33.67363739013672,-1.99,,-4.75,,-1.65,
2023-07-28,537.9255981445312,108.73355102539062,93.09769439697266,56.97411346435547,56.85895538330078,185.09982299804688,244.3548583984375,104.02566528320312,33.18812561035156,21.811511993408203,9.44404411315918,66766.828125,4178.0166015625,27.64531707763672,33.859840393066406,0.03,,-1.62,,0.1,
2023-07-31,536.0281372070312,105.95738220214844,92.26273345947266,56.083892822265625,54.73007583618164,178.80059814453125,238.11398315429688,101.09536743164062,32.702396392822266,21.64212226867676,9.49354076385498,66010.2578125,4228.01123046875,28.178054809570312,36.09429550170898,-1.46,,-0.78,,0.52,
2023-08-01,537.9255981445312,105.49468231201172,86.5575942993164,54.83758544921875,53.84303665161133,180.2542724609375,239.55419921875,104.51405334472656,32.91056442260742,21.75172996520996,9.46384334564209,67239.6796875,4324.080078125,27.673858642578125,35.05547332763672,0.64,,0.51,,-0.31,
2023-08-02,532.233154296875,102.2558135986328,85.04217529296875,54.0363883972168,53.576927185058594,174.43960571289062,241.47445678710932,105.9792022705078,33.06916427612305,22.23000717163086,9.46384334564209,66104.8203125,4196.64208984375,28.197080612182617,35.08486557006836,0.48,,2.2,,0.0,
2023-08-04,525.5922241210938,100.8677215576172,83.52674102783203,53.769317626953125,53.93174362182617,172.016845703125,242.43458557128903,105.9792022705078,34.03071212768555,22.16025924682617,9.552938461303713,64591.69140625,4156.44921875,26.8747501373291,34.17344665527344,3.25,,0.5,,1.58,
2023-08-07,529.3870239257812,103.18120574951172,85.30960083007812,57.597267150878906,54.73007583618164,176.37783813476562,240.51431274414065,105.00243377685548,33.5648078918457,22.01079750061035,9.582636833190918,64780.8359375,4157.43017578125,26.827186584472656,34.56195068359375,-1.37,,-0.67,,0.31,
2023-08-08,523.6947021484375,100.8677215576172,86.02274322509766,58.13139724731445,53.93174362182617,172.98594665527344,235.2335662841797,103.53727722167967,32.72221374511719,22.04068946838379,9.255955696105955,63929.703125,3915.29736328125,27.264789581298828,34.65046691894531,-2.51,,0.14,,-3.41,
2023-08-09,525.5922241210938,102.718505859375,86.46845245361328,57.419219970703125,53.84303665161133,178.31605529785156,237.15383911132807,104.51405334472656,32.16709899902344,20.984487533569336,9.255955696105955,65159.1171875,3986.36865234375,26.27541732788086,34.44392395019531,-1.7,,-4.79,,0.0,
2023-08-10,522.7459106445312,102.718505859375,84.32903289794922,54.39247131347656,52.77859115600586,171.53228759765625,228.9926605224609,102.07212829589844,32.27613830566406,20.854955673217773,9.255955696105955,64307.9921875,3929.511474609375,25.780733108520508,33.71609115600586,0.34,,-0.62,,0.0,
2023-08-14,513.2588500976562,101.33041381835938,85.5770263671875,54.74856185913086,50.82711791992188,165.2330780029297,222.75177001953125,98.6534423828125,31.6912841796875,20.267070770263672,9.008469581604004,63645.9921875,3870.20361328125,24.991140365600582,34.31605911254883,0.57,,0.54,,-0.66,
2023-08-16,514.2075805664062,99.94232940673828,84.50731658935547,57.86433792114258,51.44804382324219,172.50140380859375,226.5923309326172,100.11859130859376,30.65043830871582,19.45997810363769,8.909476280212402,63362.28125,3971.174072265625,24.4869384765625,34.198036193847656,-0.8,,-2.3,,-0.33,
2023-08-17,516.1050415039062,100.40502166748048,84.32903289794922,57.77531433105469,52.335079193115234,174.92416381835938,227.0724029541016,100.60698699951172,31.22538185119629,19.2507266998291,8.939173698425293,63078.56640625,3960.880859375,24.14446449279785,32.97842788696289,1.88,,-1.08,,0.33,
2023-08-18,511.3613586425781,99.01693725585938,83.88331604003906,55.19367218017578,51.625450134277344,169.10952758789062,221.7916412353516,100.60698699951172,30.134971618652344,18.80234336853028,8.790682792663574,62700.27734375,3957.449951171875,23.67831802368164,32.044063568115234,-3.49,,-2.33,,-1.66,
2023-08-21,509.4638977050781,99.94232940673828,85.66616821289062,57.24117660522461,51.98025894165039,167.17127990722656,218.9112548828125,99.63021850585938,29.847501754760746,18.712665557861328,8.691688537597656,62983.99609375,3928.53125,23.92566299438477,32.21126174926758,-0.95,,-0.48,,-1.13,
2023-08-22,513.2588500976562,100.40502166748048,85.04217529296875,61.51424026489258,52.15766906738281,170.5631866455078,220.35142517089844,100.11859130859376,30.64052391052246,19.09130096435547,8.741185188293457,62983.99609375,4011.366455078125,24.36327171325684,32.5948486328125,2.66,,2.02,,0.57,
2023-08-23,523.6947021484375,101.33041381835938,85.30960083007812,67.65675354003906,54.02044296264648,171.53228759765625,221.3115692138672,100.60698699951172,29.817760467529297,18.563201904296875,8.53329849243164,63456.84765625,4079.98681640625,24.40131950378418,32.348960876464844,-2.69,,-2.77,,-2.38,
2023-08-24,535.079345703125,104.5692901611328,86.2010269165039,69.88230895996094,54.463958740234375,183.1616058349609,229.95281982421875,102.56051635742188,30.59096336364746,19.081336975097656,8.513500213623047,64497.125,4368.68359375,25.27653312683105,33.42103576660156,2.59,,2.79,,-0.23,
2023-08-25,518.0023193359375,107.80815887451172,86.2010269165039,70.77252960205078,54.55266189575195,173.95506286621094,221.7916412353516,99.14183044433594,29.55011558532715,18.234384536743164,8.2462158203125,63456.84765625,4058.420654296875,25.17188835144043,32.053897857666016,-3.4,,-4.44,,-3.14,
2023-08-28,520.8485107421875,110.12164306640624,86.64674377441406,67.12262725830078,54.19784927368164,170.5631866455078,227.0724029541016,100.11859130859376,29.807849884033203,18.254314422607425,8.384806632995605,63173.1328125,4227.52099609375,25.10529518127441,32.70304107666016,0.87,,0.11,,1.68,
2023-08-29,523.6947021484375,108.73355102539062,87.09246063232422,66.8555679321289,54.55266189575195,178.31605529785156,234.2734375,103.53727722167967,30.799129486083984,19.031518936157227,8.652091026306152,63173.1328125,4191.74072265625,25.74267768859864,33.06695556640625,3.33,,4.26,,3.19,
2023-08-30,526.5409545898438,111.04703521728516,87.80559539794922,68.72502899169922,54.99618148803711,178.31605529785156,233.31329345703125,103.04889678955078,32.20675277709961,19.828649520874023,8.830281257629395,63456.84765625,4302.0234375,26.39909172058105,33.745601654052734,4.57,,4.19,,2.06,
2023-08-31,520.8485107421875,109.1962432861328,88.87530517578125,68.36893463134766,55.439697265625,179.76971435546875,231.8730926513672,103.53727722167967,32.315792083740234,20.31689071655273,8.889677047729492,63267.703125,4309.37548828125,26.55130195617676,33.96198272705078,0.34,,2.46,,0.67,
2023-09-01,519.8997802734375,109.65894317626952,89.05359649658203,67.47871398925781,55.61711120605469,176.37783813476562,233.31329345703125,104.51405334472656,32.097713470458984,19.948217391967773,8.840181350708008,67145.109375,4286.3388671875,26.59886360168457,34.56195068359375,-0.67,,-1.81,,-0.56,
2023-09-04,528.438232421875,109.1962432861328,88.78616333007812,69.34817504882812,56.14932632446289,179.28515625,240.03424072265625,105.9792022705078,33.326900482177734,20.52614021301269,8.988670349121094,67334.2421875,4337.8046875,26.86118507385254,36.00776672363281,3.83,,2.9,,1.68,
2023-09-06,521.7971801757812,109.1962432861328,92.7084503173828,71.03958892822266,57.65728759765625,181.223388671875,239.07411193847656,107.44435119628906,33.36655044555664,21.25352096557617,9.166861534118652,66199.40625,4540.72607421875,26.947031021118164,36.10611724853516,1.05,,3.39,,1.76,
2023-09-07,514.2075805664062,109.65894317626952,93.15416717529295,70.23841094970703,57.65728759765625,178.80059814453125,240.03424072265625,105.9792022705078,32.22657012939453,20.21725082397461,9.038168907165527,66577.6875,4342.2158203125,26.0026969909668,36.371681213378906,-3.42,,-4.88,,-1.4,
2023-09-08,511.3613586425781,107.80815887451172,92.26273345947266,70.32743072509766,58.366920471191406,175.4087371826172,239.07411193847656,105.9792022705078,32.19683837890625,20.296964645385746,9.04806900024414,66483.1015625,4252.5185546875,21.757936477661133,37.55194091796875,-0.09,,0.39,,0.11,
2023-09-11,508.51513671875,105.03199005126952,92.26273345947266,68.45796203613281,58.18951034545898,173.95506286621094,240.994369506836,105.9792022705078,32.414920806884766,20.14750099182129,9.127263069152832,66955.9609375,4127.041015625,21.74839973449707,37.38473510742188,0.68,,-0.74,,0.88,
2023-09-12,516.1050415039062,106.8827667236328,91.81702423095705,69.5262222290039,60.49580001831055,179.28515625,250.11569213867188,106.95596313476562,32.2166633605957,20.2072868347168,9.087665557861328,66672.2578125,4040.28466796875,20.880369186401367,37.955196380615234,-0.61,,0.3,,-0.43,
2023-09-13,513.2588500976562,104.10659790039062,93.5998764038086,68.36893463134766,61.47153854370117,175.89328002929688,247.2352752685547,107.44435119628906,30.868520736694336,19.72900581359864,8.949073791503906,67050.53125,3979.99658203125,21.27146339416504,38.22075271606445,-4.18,,-2.37,,-1.53,
2023-09-14,524.706787109375,106.8827667236328,93.5998764038086,69.43720245361328,60.58450698852539,180.2542724609375,248.67547607421875,108.90950012207033,30.293577194213867,19.390226364135746,8.889677047729492,67807.109375,4097.14208984375,21.662548065185547,38.07322692871094,-1.86,,-1.72,,-0.66,
2023-09-15,532.3389282226562,107.345458984375,94.04559326171876,72.01883697509766,60.67321014404297,184.61526489257807,261.1572570800781,110.86302947998048,30.263839721679688,19.559616088867188,8.958972930908203,68090.8046875,4132.9228515625,21.910558700561523,38.03388214111328,-0.1,,0.87,,0.78,
2023-09-19,513.2588500976562,105.49468231201172,93.15416717529295,72.10786437988281,60.1409912109375,182.6770477294922,260.1971435546875,110.37464904785156,28.97517204284668,18.951805114746094,8.830281257629395,66010.2578125,3940.784912109375,21.78655433654785,37.36506652832031,-2.6,,-0.16,,-1.65,
2023-09-20,510.3967895507813,105.95738220214844,93.15416717529295,68.36893463134766,57.65728759765625,177.8314971923828,250.11569213867188,107.9327392578125,28.578659057617188,18.83223533630371,8.760986328125,65821.109375,3877.555908203125,21.643474578857425,35.742210388183594,-1.37,,-0.63,,-0.78,
2023-09-21,502.7646179199219,103.6438980102539,91.81702423095705,66.41045379638672,56.14932632446289,174.92416381835938,252.99610900878903,107.9327392578125,29.59967994689941,18.8720932006836,8.850078582763672,65159.1171875,3736.3935546875,21.395469665527344,34.11935043334961,3.57,,0.21,,1.02,
2023-09-22,497.9945068359375,103.6438980102539,91.37130737304688,68.9920883178711,56.23802947998047,175.4087371826172,256.3565979003906,106.95596313476562,29.916889190673828,19.300552368164062,9.008469581604004,65064.546875,3721.689208984375,21.21422576904297,34.080013275146484,1.07,,2.27,,1.79,
2023-09-25,500.8565368652344,104.10659790039062,92.7084503173828,69.08110809326172,56.06062698364258,172.98594665527344,258.27685546875,106.95596313476562,29.897066116333008,19.1710147857666,8.909476280212402,65631.984375,3898.63232421875,21.357309341430664,33.61773681640625,-0.07,,-0.67,,-1.1,
2023-09-26,495.1325073242188,100.8677215576172,91.37130737304688,68.6360092163086,55.17359161376953,170.5631866455078,252.5160217285156,103.04889678955078,29.93671607971192,18.921911239624023,8.780783653259277,65214.64453125,3755.01904296875,21.357309341430664,33.72593307495117,0.13,,-1.3,,-1.44,
2023-09-27,497.9945068359375,101.33041381835938,90.4798812866211,69.08110809326172,54.81877899169922,168.1404266357422,254.4363250732422,102.56051635742188,30.27375221252441,18.74255752563477,8.820381164550781,65024.5,3756.489990234375,21.16653823852539,33.27350234985352,1.13,,-0.95,,0.45,
2023-10-11,518.98291015625,106.8827667236328,91.81702423095705,71.39568328857422,54.81877899169922,166.20217895507812,249.6356201171875,102.56051635742188,30.62070083618164,19.70908164978028,9.137162208557127,64834.375,3917.187255859375,22.12995147705078,35.83072662353516,1.41,,1.96,,0.87,
2023-10-12,524.706787109375,107.80815887451172,93.15416717529295,72.10786437988281,55.35099411010742,166.20217895507812,246.275146484375,103.04889678955078,30.17462539672852,19.31051445007324,9.087665557861328,65499.8203125,4154.05615234375,22.23488044738769,36.27333068847656,-1.46,,-2.02,,-0.54,
2023-10-13,527.56884765625,107.80815887451172,95.38273620605467,73.97732543945312,55.97192001342773,163.7794189453125,246.7552032470703,100.60698699951172,30.27375221252441,19.320476531982425,9.166861534118652,64644.25390625,4001.221923828125,22.349342346191406,36.233985900878906,0.33,,0.05,,0.87,
2023-10-16,519.9368896484375,107.345458984375,93.5998764038086,72.82003784179688,55.26229476928711,159.41842651367188,242.91465759277344,99.14183044433594,29.41133499145508,18.67280960083008,8.929274559020996,63978.77734375,3941.758544921875,21.72932243347168,35.378299713134766,-2.85,,-3.35,,-2.59,
2023-10-17,525.660888671875,107.345458984375,95.82843780517578,73.71025848388672,55.35099411010742,161.35665893554688,245.3149871826172,99.63021850585938,29.5699405670166,18.73259162902832,8.968873023986816,65975.15625,3902.935791015625,22.206260681152344,35.958587646484375,0.54,,0.32,,0.44,
2023-10-18,515.1668090820312,107.345458984375,97.16558074951172,72.55297088623047,55.61711120605469,155.05743408203125,240.51431274414065,99.14183044433594,28.86613273620605,19.290586471557617,8.869878768920898,67020.8828125,3812.021240234375,21.958255767822266,35.46681594848633,-2.38,,2.98,,-1.1,
2023-10-19,520.8908081054688,107.345458984375,95.38273620605467,75.57971954345703,56.14932632446289,155.05743408203125,232.83322143554688,99.14183044433594,28.86613273620605,19.908361434936523,8.929274559020996,66070.2265625,3684.740966796875,21.93917465209961,35.0537223815918,0.0,,3.2,,0.67,
2023-10-20,530.4310302734375,109.65894317626952,95.38273620605467,76.8260269165039,57.65728759765625,156.02655029296875,229.95281982421875,98.6534423828125,28.20197296142578,19.31051445007324,8.612493515014648,65404.78515625,3643.46044921875,21.51946830749512,35.083229064941406,-2.3,,-3.0,,-3.55,
2023-10-23,518.98291015625,106.4200668334961,94.93701934814452,73.62123107910156,56.94765853881836,153.60377502441406,227.552474975586,98.6534423828125,27.458511352539062,18.015174865722656,8.444202423095703,65024.5,3533.380859375,21.099767684936523,34.34556579589844,-2.64,,-6.71,,-1.95,
2023-10-24,518.98291015625,105.49468231201172,95.82843780517578,73.97732543945312,57.30247497558594,152.1501007080078,228.5126037597656,97.5790023803711,28.03345489501953,17.94542694091797,8.493699073791504,65119.578125,3626.752197265625,20.718212127685547,33.29316711425781,2.09,,-0.39,,0.59,
2023-10-25,518.98291015625,105.49468231201172,94.49130249023438,72.99808502197266,57.56858444213867,152.1501007080078,228.5126037597656,95.43011474609376,28.04336738586425,18.35395622253418,8.68178939819336,64644.25390625,3684.740966796875,20.947145462036133,34.020999908447266,0.04,,2.28,,2.21,
2023-10-26,506.5806579589844,103.6438980102539,94.93701934814452,70.86155700683594,57.0363655090332,144.39723205566406,219.87136840820312,93.9649658203125,27.8351993560791,19.23080062866211,8.701587677001953,63408.39453125,3539.768798828125,20.22220039367676,32.28995132446289,-0.74,,4.78,,0.23,
2023-10-27,508.4886779785156,105.03199005126952,93.5998764038086,68.90306854248047,56.7702522277832,142.45901489257812,224.1919860839844,92.8905258178711,28.261449813842773,19.70908164978028,8.790682792663574,63978.77734375,3220.339599609375,20.25081443786621,31.985048294067383,1.53,,2.49,,1.02,
2023-10-30,507.5345764160156,103.6438980102539,94.04559326171876,70.77252960205078,57.30247497558594,141.00535583496094,222.75177001953125,92.01143646240234,30.343141555786133,20.30692672729492,8.879777908325195,63978.77734375,3154.9794921875,19.812030792236328,34.95537185668945,7.37,,3.03,,1.01,
2023-10-31,504.672607421875,105.03199005126952,93.5998764038086,67.92382049560547,57.65728759765625,138.5825958251953,226.5923309326172,92.59749603271484,30.53148460388184,20.376678466796875,8.840181350708008,63598.5234375,3116.156494140625,19.497249603271484,35.102901458740234,0.62,,0.34,,-0.45,
2023-11-01,503.71868896484375,105.95738220214844,94.49130249023438,68.01284790039062,57.47988510131836,140.0362548828125,230.4328765869141,93.76961517333984,30.31340217590332,20.32685661315918,8.800582885742188,65214.64453125,3147.608154296875,19.897878646850582,35.89957427978516,-0.71,,-0.24,,-0.45,
2023-11-02,521.8448486328125,107.345458984375,96.27415466308594,70.95057678222656,58.5443229675293,146.33546447753906,233.31329345703125,94.25799560546876,30.283662796020508,20.28700065612793,8.741185188293457,66260.359375,3279.31103515625,20.98529624938965,36.67658233642578,-0.1,,-0.2,,-0.67,
2023-11-06,524.706787109375,109.65894317626952,96.27415466308594,74.24439239501953,60.22969436645508,153.1192169189453,227.552474975586,95.52780151367188,31.60206794738769,21.672016143798828,9.127263069152832,67401.1328125,3503.403076171875,22.730892181396484,37.51259994506836,1.92,,2.45,,1.88,
2023-11-07,529.4769897460938,108.73355102539062,96.27415466308594,73.62123107910156,60.1409912109375,148.7582244873047,223.2318572998047,93.2812271118164,31.988670349121094,21.80154800415039,9.17676067352295,67401.1328125,3313.219970703125,22.45427322387696,37.44845581054688,1.22,,0.6,,0.54,
2023-11-08,530.4310302734375,108.73355102539062,95.82843780517578,74.1553726196289,59.96357345581055,149.7273406982422,221.7916412353516,93.18355560302734,31.631807327270508,21.502626419067383,9.097564697265623,66450.484375,3493.574951171875,22.31118392944336,38.25762176513672,-1.12,,-1.37,,-0.86,
2023-11-09,531.3849487304688,109.1962432861328,95.82843780517578,74.60047912597656,59.520057678222656,149.7273406982422,218.43116760253903,92.40213775634766,31.29477310180664,21.263484954833984,8.998570442199707,66830.75,3523.060546875,22.292112350463867,37.418853759765625,-1.07,,-1.11,,-1.09,
2023-11-10,531.3849487304688,108.73355102539062,95.82843780517578,72.90906524658203,60.1409912109375,146.33546447753906,218.9112548828125,90.74163818359376,31.245206832885746,20.90477561950684,8.988670349121094,67020.8828125,3514.706298828125,21.87240600585937,37.300437927246094,-0.16,,-1.69,,-0.11,
2023-11-13,544.7411499023438,113.36051177978516,94.93701934814452,77.18211364746094,61.29412841796875,151.18099975585938,221.3115692138672,93.37889862060548,31.26503562927246,21.373092651367188,9.097564697265623,66925.796875,3440.991943359375,22.81674194335937,38.34643173217773,0.06,,2.24,,1.21,
2023-11-14,545.6951904296875,114.28590393066406,96.7198715209961,78.33940887451172,60.93931579589844,148.273681640625,221.3115692138672,92.69517517089844,31.403812408447266,21.462770462036133,9.186659812927246,67306.0703125,3515.197509765625,22.65458297729492,37.72475814819336,0.44,,0.42,,0.98,
2023-11-15,554.2813110351562,116.59938049316406,97.16558074951172,74.60047912597656,60.58450698852539,149.7273406982422,226.1122589111328,93.9649658203125,31.532678604125977,21.19373893737793,9.186659812927246,68636.984375,3747.152099609375,24.009090423583984,38.88916397094727,0.41,,-1.25,,0.0,
2023-11-16,556.1892700195312,115.67398834228516,96.7198715209961,74.95657348632812,60.93931579589844,150.21188354492188,228.9926605224609,94.551025390625,31.42363929748535,20.815099716186523,9.137162208557127,69207.359375,3645.42626953125,24.495569229125977,40.07330703735352,-0.35,,-1.79,,-0.54,
2023-11-17,553.3272705078125,116.13668060302734,96.27415466308594,75.75777435302734,61.47153854370117,154.0883331298828,227.552474975586,94.25799560546876,31.6912841796875,21.014381408691406,9.137162208557127,68922.171875,3629.20947265625,24.80080795288086,42.77709197998047,0.85,,0.96,,0.0,
2023-11-20,550.46533203125,114.74859619140624,95.38273620605467,73.97732543945312,61.11672592163086,155.05743408203125,229.4727478027344,94.94173431396484,31.403812408447266,21.24355697631836,9.166861534118652,69112.3203125,3537.31201171875,25.268207550048828,43.23101425170898,-0.91,,1.09,,0.33,
2023-11-21,558.0972290039062,117.52477264404295,95.38273620605467,73.62123107910156,61.11672592163086,163.29486083984375,232.83322143554688,96.11385345458984,31.413726806640625,22.269865036010746,9.05796718597412,69207.359375,3653.781005859375,25.83099365234375,44.14872360229492,0.03,,4.83,,-1.19,
2023-11-22,550.46533203125,117.06207275390624,96.27415466308594,72.6419906616211,62.26987075805664,165.71762084960938,227.552474975586,94.551025390625,31.08660316467285,22.54886054992676,9.008469581604004,69207.359375,3585.963134765625,25.850074768066406,43.06325912475586,-1.04,,1.25,,-0.55,
2023-11-27,541.879150390625,116.59938049316406,96.7198715209961,71.92981719970703,60.93931579589844,159.41842651367188,229.4727478027344,94.16032409667967,30.61078643798828,22.91753387451172,8.909476280212402,67781.390625,3481.288818359375,26.4033203125,43.379032135009766,0.39,,2.22,,0.56,
2023-11-28,548.5573120117188,116.13668060302734,97.61129760742188,73.8883056640625,61.73765182495117,164.74851989746094,235.2335662841797,95.72314453125,30.53148460388184,22.499038696289062,8.988670349121094,69112.3203125,3483.74609375,26.61317443847656,43.4974479675293,-0.26,,-1.83,,0.89,
2023-11-29,547.6032104492188,117.52477264404295,99.8398666381836,72.46395111083984,62.4472770690918,169.59408569335938,240.994369506836,96.99295043945312,30.511661529541016,22.52893447875977,9.04806900024414,69112.3203125,3487.18603515625,26.4700927734375,43.64546203613281,-0.06,,0.13,,0.66,
2023-11-30,550.46533203125,118.45016479492188,99.8398666381836,73.71025848388672,62.4472770690918,171.53228759765625,238.11398315429688,96.60224151611328,30.27375221252441,22.61861038208008,8.850078582763672,69207.359375,3474.900634765625,27.051958084106445,44.3460807800293,-0.78,,0.4,,-2.19,
2023-12-01,552.3732299804688,118.45016479492188,102.51415252685548,73.71025848388672,65.99542236328125,170.5631866455078,239.55419921875,98.16506958007812,30.27375221252441,22.37946891784668,8.850078582763672,68446.859375,3494.5576171875,26.87071990966797,44.10924911499024,0.0,,-1.06,,0.0,
2023-12-04,547.6032104492188,120.30094909667967,102.9598617553711,74.95657348632812,68.74523162841797,171.53228759765625,240.51431274414065,100.11859130859376,29.827674865722656,23.04706573486328,8.859978675842285,69017.234375,3339.757080078125,27.14734268188477,43.16194152832031,-1.47,,2.98,,0.11,
2023-12-05,543.787109375,119.8382568359375,104.2969970703125,73.97732543945312,67.76948547363281,166.20217895507812,242.43458557128903,102.07212829589844,29.18334197998047,21.80154800415039,8.582795143127441,67686.328125,3181.516845703125,27.18465042114257,41.790306091308594,-2.16,,-5.4,,-3.13,
2023-12-06,543.787109375,119.37555694580078,104.74271392822266,77.00407409667969,70.78541564941406,164.74851989746094,239.07411193847656,99.14183044433594,28.73726463317871,22.070581436157227,8.562995910644531,68161.6484375,3244.9111328125,26.926389694213867,41.365989685058594,-1.53,,1.23,,-0.23,
2023-12-07,539.9710693359375,117.06207275390624,102.9598617553711,76.11386108398438,68.74523162841797,163.29486083984375,237.15383911132807,99.14183044433594,28.46961784362793,22.100473403930664,8.622393608093262,67971.5234375,3218.865234375,26.830730438232425,40.72458267211914,-0.93,,0.14,,0.69,
2023-12-08,543.787109375,119.8382568359375,108.30842590332033,74.1553726196289,69.10004425048828,169.10952758789062,240.03424072265625,100.11859130859376,29.49063873291016,23.35595893859864,8.830281257629395,69017.234375,3283.734375,27.25160789489746,41.59295272827149,3.59,,5.68,,2.41,
2023-12-11,547.6032104492188,121.2263412475586,109.64557647705078,74.06634521484375,69.72096252441406,172.50140380859375,242.43458557128903,100.60698699951172,29.93671607971192,23.29616928100586,8.632291793823242,69397.5078125,3278.328369140625,27.50987243652344,42.135684967041016,1.51,,-0.26,,-2.24,
2023-12-12,551.4192504882812,119.8382568359375,116.77699279785156,76.46994018554688,71.49503326416016,170.5631866455078,238.11398315429688,101.09536743164062,29.72854804992676,23.375883102416992,8.71148681640625,69872.8203125,3376.122802734375,28.533361434936523,43.95136642456055,-0.7,,0.34,,0.92,
2023-12-13,550.46533203125,120.30094909667967,120.34268951416016,79.67473602294922,71.317626953125,171.53228759765625,240.03424072265625,99.63021850585938,29.51046562194824,22.92749786376953,8.543198585510254,69207.359375,3487.677490234375,29.442068099975582,43.45797729492188,-0.73,,-1.92,,-1.93,
2023-12-14,558.1371459960938,123.53981018066406,132.376953125,83.23562622070312,72.73688507080078,174.92416381835938,241.9545288085937,99.63021850585938,29.540203094482425,22.648500442504883,8.543198585510254,69492.5625,3557.951904296875,30.33163833618164,43.9809684753418,0.1,,-1.22,,0.0,
2023-12-15,561.01416015625,121.2263412475586,135.9426727294922,79.22962188720703,71.849853515625,176.37783813476562,242.43458557128903,99.14183044433594,29.21307945251465,22.53889846801757,8.473901748657227,69682.6875,3734.375244140625,31.84296226501465,44.58290863037109,-1.11,,-0.48,,-0.81,
2023-12-18,561.01416015625,121.68904113769533,132.376953125,76.02483367919922,69.63226318359375,170.5631866455078,241.47445678710932,95.43011474609376,28.92560768127441,22.41932678222656,8.365007400512695,69302.4296875,3728.969482421875,31.94818115234375,45.54995727539063,-0.98,,-0.53,,-1.29,
2023-12-19,561.01416015625,121.68904113769533,131.48553466796875,74.95657348632812,68.12430572509766,169.10952758789062,234.7534942626953,96.01618194580078,28.945436477661133,22.608646392822266,8.345210075378418,69777.7578125,3818.409912109375,32.24470901489258,45.08616638183594,0.07,,0.84,,-0.24,
2023-12-20,561.01416015625,121.68904113769533,129.25697326660156,76.02483367919922,67.50337219238281,167.65585327148438,235.7136383056641,96.40687561035156,28.489442825317383,22.42929077148437,8.226415634155273,71108.671875,3842.981201171875,32.32123565673828,46.04335021972656,-1.58,,-0.79,,-1.42,
2023-12-21,553.3423461914062,120.30094909667967,128.81124877929688,74.24439239501953,66.26152801513672,173.4705047607422,234.7534942626953,97.28597259521484,28.61831283569336,22.289794921875,8.216516494750977,71298.796875,3813.49560546875,31.24991226196289,45.15523910522461,0.45,,-0.62,,-0.12,
2023-12-22,558.1371459960938,121.68904113769533,128.36553955078125,74.42243957519531,66.70504760742188,169.59408569335938,231.8730926513672,96.7975845336914,28.320924758911133,21.691944122314453,8.14721965789795,72154.390625,3800.71826171875,31.87166404724121,46.457801818847656,-1.04,,-2.68,,-0.84,
2023-12-27,567.727294921875,123.53981018066406,127.9198226928711,76.29190063476562,66.17282104492188,172.50140380859375,240.03424072265625,97.28597259521484,28.350664138793945,22.89760398864746,8.03832721710205,74501.8671875,3860.6728515625,32.694278717041016,49.83259963989258,2.36,,5.22,,1.12,
2023-12-28,568.686279296875,125.3906021118164,126.58268737792967,75.57971954345703,65.55191040039062,170.07862854003906,238.11398315429688,97.18830108642578,28.985084533691406,22.89760398864746,8.285812377929688,74979.4375,3849.36962890625,32.56992721557617,50.08916091918945,2.24,,0.0,,3.08,
2024-01-04,556.21923828125,117.52477264404295,120.34268951416016,73.97732543945312,64.57616424560547,159.41842651367188,221.7916412353516,95.43011474609376,26.84391593933105,21.27345085144043,8.087823867797852,73164.65625,3699.974853515625,29.413375854492188,46.42819213867188,-3.22,,-1.61,,-2.16,
2024-01-05,552.3832397460938,117.06207275390624,118.5598373413086,73.79927062988281,63.95523452758789,155.05743408203125,217.9510955810547,94.84405517578124,26.496967315673828,20.97452545166016,7.969031810760498,73164.65625,3686.215087890625,28.944673538208008,46.25057220458984,-1.29,,-1.41,,-1.47,
2024-01-09,561.97314453125,117.06207275390624,115.88555908203124,73.08710479736328,62.97949600219727,157.48020935058594,216.990966796875,96.3092041015625,25.555252075195312,20.72542190551757,7.691847324371338,71349.875,3895.564208984375,29.64293670654297,47.8096923828125,-0.5,,2.51,,0.91,
2024-01-10,560.05517578125,117.06207275390624,117.6684112548828,72.82003784179688,63.68912887573242,157.48020935058594,216.51089477539065,94.16032409667967,25.38673210144043,20.57596015930176,7.592853546142578,70299.1953125,3974.684326171875,29.40380859375,47.41497802734375,-0.66,,-0.72,,-1.29,
2024-01-11,561.97314453125,116.13668060302734,114.99413299560548,69.43720245361328,62.62468338012695,155.54200744628906,218.9112548828125,93.9649658203125,25.77333068847656,20.426496505737305,7.771042346954346,69917.1484375,3967.804443359375,29.078582763671875,46.84264755249024,1.52,,-0.73,,2.35,
2024-01-12,560.05517578125,116.59938049316406,113.2112808227539,67.30067443847656,63.42301940917969,154.0883331298828,219.87136840820312,93.47657775878906,25.49577140808105,20.14750099182129,7.652250289916992,69821.625,3975.176025390625,29.04032516479492,47.01039505004883,-1.08,,-1.37,,-1.53,
2024-01-15,561.97314453125,116.13668060302734,114.54842376708984,69.17012786865234,63.95523452758789,154.5728759765625,215.07069396972656,94.84405517578124,25.90219688415528,21.183773040771484,7.622550964355469,70585.7421875,4047.907470703125,28.81075859069824,46.49726867675781,1.59,,5.14,,-0.39,
2024-01-17,557.17822265625,115.67398834228516,117.6684112548828,68.72502899169922,64.66487121582031,153.60377502441406,209.78993225097656,93.76961517333984,24.81178855895996,20.585922241210938,7.365166664123535,67815.8125,3765.33544921875,29.26988983154297,46.43806838989258,-3.55,,-0.91,,-2.49,
2024-01-18,563.8912353515625,117.52477264404295,116.77699279785156,70.95057678222656,65.9067153930664,152.1501007080078,207.86965942382807,93.47657775878906,25.26777648925781,20.825061798095703,7.315669536590576,68484.4140625,3805.63232421875,29.27945899963379,45.45127868652344,1.84,,1.16,,-0.67,
2024-01-19,600.3331298828125,121.2263412475586,118.5598373413086,72.37493133544922,66.79375457763672,164.26397705078125,212.6703491210937,96.11385345458984,25.912109375,21.94104766845703,7.305770397186279,71349.875,3967.804443359375,30.551645278930664,46.122291564941406,2.55,,5.36,,-0.14,
2024-01-22,600.3331298828125,124.46521759033205,120.34268951416016,74.86754608154297,67.14856719970703,169.59408569335938,216.03082275390625,97.67668151855467,25.32725524902344,21.82147789001465,6.899894237518311,71731.921875,3926.03271484375,31.21165657043457,47.51365661621094,-2.26,,-0.54,,-5.56,
2024-01-23,602.2511596679688,124.46521759033205,127.9198226928711,73.08710479736328,66.70504760742188,169.10952758789062,218.43116760253903,99.14183044433594,25.21821403503418,21.672016143798828,6.9691901206970215,71827.453125,3952.078369140625,31.747312545776367,47.58273696899414,-0.43,,-0.68,,1.0,
2024-01-24,601.2921142578125,124.00251770019533,125.69125366210938,73.08710479736328,66.97116088867188,164.26397705078125,216.51089477539065,98.16506958007812,24.296321868896484,20.84499168395996,7.028586387634277,70681.2578125,3866.56982421875,31.919492721557617,48.24387741088867,-3.66,,-3.82,,0.85,
2024-01-25,615.6771240234375,126.77869415283205,129.70266723632812,73.1761245727539,67.05986022949219,170.07862854003906,215.5507659912109,98.6534423828125,25.49577140808105,21.502626419067383,7.206776142120361,70776.7578125,3875.41552734375,31.79513931274414,48.44123458862305,4.94,,3.15,,2.54,
2024-01-26,617.5951538085938,126.77869415283205,129.25697326660156,73.79927062988281,65.37449645996094,166.20217895507812,216.03082275390625,97.67668151855467,24.405363082885746,19.38026428222656,7.107781887054443,70108.15625,3668.5234375,32.34993362426758,48.8951530456543,-4.28,,-9.87,down_limit,-1.37,
2024-01-29,621.43115234375,126.77869415283205,133.2683868408203,74.60047912597656,65.99542236328125,172.50140380859375,218.9112548828125,99.14183044433594,23.731290817260746,18.41374015808105,6.919692516326904,71063.3046875,3764.843994140625,31.20208740234375,43.07312774658203,-2.76,,-4.99,,-2.65,
2024-01-30,615.6771240234375,125.85330963134766,132.376953125,74.77852630615234,65.72930145263672,172.50140380859375,217.9510955810547,101.09536743164062,23.19599914550781,17.74614143371582,6.692006587982178,70967.796875,3795.803955078125,31.62295722961425,43.26061630249024,-2.26,,-3.63,,-3.29,
2024-01-31,602.2511596679688,125.85330963134766,129.70266723632812,74.77852630615234,65.55191040039062,170.5631866455078,217.9510955810547,98.16506958007812,22.28401756286621,18.41374015808105,6.444521427154541,69439.5625,3707.346435546875,31.77600860595703,42.35277557373047,-3.93,,3.76,,-3.7,
2024-02-01,602.2511596679688,123.0771255493164,129.70266723632812,73.62123107910156,64.75357055664062,172.016845703125,217.47103881835932,98.16506958007812,22.472362518310547,18.61302375793457,6.434621334075928,70299.1953125,3718.6494140625,30.2838134765625,42.51066207885742,0.85,,1.08,,-0.15,
2024-02-02,608.964111328125,119.8382568359375,130.59410095214844,73.1761245727539,63.68912887573242,174.43960571289062,218.43116760253903,100.11859130859376,21.59012222290039,18.055030822753903,6.127739429473877,71827.453125,3626.752197265625,30.56121063232422,42.78696441650391,-3.93,,-3.0,,-4.77,
2024-02-05,619.5131225585938,120.30094909667967,131.48553466796875,73.1761245727539,63.68912887573242,171.04774475097656,216.51089477539065,98.6534423828125,20.77726936340332,18.453596115112305,5.791159152984619,70967.796875,3524.043212890625,30.57077407836914,42.03700256347656,-3.76,,2.21,,-5.49,
2024-02-19,650.2011108398438,125.85330963134766,130.1483917236328,78.07233428955078,65.72930145263672,186.5534820556641,221.3115692138672,101.58374786376952,24.266582489013672,21.701908111572266,8.483800888061523,70490.2265625,3517.1630859375,28.705537796020508,43.060829162597656,2.09,,1.02,,10.01,up_limit
2024-02-21,653.0780639648438,127.24140167236328,130.59410095214844,77.89429473876953,65.10839080810547,183.6461639404297,218.9112548828125,99.14183044433594,24.10797691345215,21.29337882995605,8.137321472167969,69726.09375,3616.43212890625,28.45684051513672,44.06040191650391,0.79,,-1.16,,-2.84,
2024-02-22,663.6270751953125,128.16677856445312,130.59410095214844,83.23562622070312,66.35023498535156,183.1616058349609,216.03082275390625,98.16506958007812,24.77213859558105,21.57237243652344,8.107623100280762,69821.625,3680.318115234375,28.81075859069824,43.021244049072266,2.75,,1.31,,-0.36,
2024-02-26,669.381103515625,130.94296264648438,133.714111328125,79.67473602294922,64.31005096435547,189.94534301757807,212.19027709960932,96.895263671875,24.8613510131836,21.19373893737793,7.978931427001953,69535.0625,3693.09521484375,29.260326385498047,42.54619598388672,-0.2,,-1.07,,-1.47,
2024-02-27,669.381103515625,127.70409393310548,133.714111328125,79.67473602294922,63.42301940917969,173.4705047607422,202.1088409423828,93.9649658203125,25.862548828125,22.269865036010746,8.186819076538086,69630.5859375,3568.27197265625,29.38467788696289,42.54619598388672,4.03,,5.08,,2.61,
2024-02-29,661.7091064453125,128.6294708251953,139.06268310546875,79.05158233642578,62.97949600219727,173.95506286621094,203.0689697265625,94.45333862304688,25.93193626403809,22.12040328979492,8.097723960876465,70108.15625,3391.357177734375,29.030759811401367,41.5565185546875,4.22,,4.52,,4.87,
2024-03-04,695.2740478515625,130.94296264648438,147.97695922851562,85.46117401123047,67.50337219238281,174.92416381835938,200.6686248779297,94.551025390625,27.64685440063477,25.089717864990234,8.196717262268066,71540.890625,3440.991943359375,31.63252639770508,43.36763000488281,4.5,,10.0,up_limit,0.0,
2024-03-05,700.0689697265625,133.71913146972656,151.5426483154297,86.70747375488281,67.94689178466797,172.50140380859375,201.62875366210932,93.9649658203125,30.41253089904785,24.87050437927246,8.196717262268066,70394.7109375,3563.848876953125,32.09165954589844,45.13915252685547,10.0,up_limit,-0.87,,0.0,
2024-03-06,704.8640747070312,137.88340759277344,153.3255157470703,94.36337280273438,68.30171203613281,168.62496948242188,197.7882232666016,92.8905258178711,28.62822151184082,24.252729415893555,8.058127403259277,69630.5859375,3535.34619140625,31.364702224731445,42.71443939208984,-5.87,,-2.48,,-1.69,
2024-03-07,728.8390502929688,151.30157470703125,152.43408203125,103.71068572998048,69.72096252441406,167.17127990722656,195.38787841796875,91.6207275390625,27.29990768432617,23.61502456665039,7.85023832321167,68961.984375,3391.848388671875,33.631683349609375,44.05050277709961,-4.64,,-2.63,,-2.58,
2024-03-08,751.8551025390625,147.60000610351562,152.8798065185547,98.81448364257812,70.16448211669922,168.1404266357422,198.268295288086,94.7463836669922,28.73726463317871,25.976526260375977,8.157119750976562,70012.65625,3442.4658203125,34.52125549316406,45.67357635498047,5.27,,10.0,up_limit,3.91,
2024-03-11,734.5930786132812,142.51036071777344,151.5426483154297,96.1438217163086,68.30171203613281,171.53228759765625,199.2284240722656,95.9185028076172,28.410140991210938,25.69753074645996,8.137321472167969,69153.0,3328.454345703125,33.38297653198242,43.54576873779297,-1.14,,-1.07,,-0.24,
2024-03-12,738.428955078125,145.7492218017578,155.99978637695312,97.4791488647461,68.83393096923828,176.37783813476562,200.6686248779297,94.45333862304688,28.52909469604492,25.79717254638672,8.14721965789795,70012.65625,3320.591552734375,32.16447067260742,44.39689254760742,0.42,,0.39,,0.12,
2024-03-13,747.0599975585938,146.67462158203125,167.14263916015625,96.58892822265624,69.01134490966797,172.016845703125,194.90782165527344,92.59749603271484,28.33083915710449,25.63774681091309,8.14721965789795,70776.7578125,3250.316650390625,32.6246452331543,44.7729721069336,-0.69,,-0.62,,0.0,
2024-03-14,751.8551025390625,142.51036071777344,164.9140625,93.02804565429688,67.50337219238281,172.016845703125,197.7882232666016,92.20677947998048,27.71624183654785,25.29896354675293,8.018528938293457,70967.796875,3221.813720703125,31.713882446289062,42.78371810913086,-2.17,,-1.32,,-1.58,
2024-03-15,722.1260375976562,141.58497619628906,169.37120056152344,95.6987075805664,68.12430572509766,166.68673706054688,193.9476776123047,89.96021270751953,27.726158142089844,25.408571243286133,8.097723960876465,69057.5,3260.1455078125,30.16078186035156,42.30867385864258,0.04,,0.43,,0.99,
2024-03-18,736.0963134765625,146.2119140625,176.05690002441406,98.81448364257812,68.12430572509766,181.223388671875,202.5889129638672,95.72314453125,28.489442825317383,26.106061935424805,8.226415634155273,69535.0625,3419.860107421875,29.959455490112305,42.199806213378906,2.75,,2.75,,1.59,
2024-03-19,734.1693115234375,148.0626983642578,174.71975708007812,97.0340347290039,75.93021392822266,186.5534820556641,203.0689697265625,96.99295043945312,28.00371551513672,25.448427200317383,8.186819076538086,69535.0625,3276.362548828125,29.75812721252441,42.26908874511719,-1.7,,-2.52,,-0.48,
2024-03-21,755.3658447265625,148.0626983642578,176.05690002441406,96.58892822265624,76.10762023925781,193.82180786132807,203.54904174804688,99.14183044433594,28.00371551513672,24.92032814025879,8.236315727233887,75743.5625,3295.036865234375,30.30458641052246,41.76435089111328,0.0,,-0.6,,0.24,
2024-03-22,756.3291625976562,147.13731384277344,173.82833862304688,97.4791488647461,72.64818572998047,193.82180786132807,202.5889129638672,99.14183044433594,28.00371551513672,24.711078643798828,8.176918983459473,75361.5,3258.179931640625,30.36210823059082,41.982078552246094,0.0,,-0.84,,-0.72,
2024-03-25,751.5117797851562,145.7492218017578,168.0340576171875,96.58892822265624,72.64818572998047,191.88357543945312,200.1885681152344,98.6534423828125,28.00371551513672,22.75810813903809,7.939333438873291,74692.90625,3241.47119140625,30.34293556213379,42.13053131103516,0.0,,-7.9,,-2.91,
2024-03-26,753.4388427734375,145.28652954101562,166.25120544433594,93.91826629638672,72.64818572998047,184.13072204589844,195.86795043945312,97.38365173339844,28.00371551513672,22.89760398864746,7.85023832321167,76316.65625,3219.84814453125,30.553852081298828,41.39817428588867,0.0,,0.61,,-1.12,
2024-03-27,750.5484619140625,142.51036071777344,167.58834838867188,94.36337280273438,74.51094818115234,185.5843811035156,193.9476776123047,97.0906219482422,28.856216430664062,21.72183609008789,7.503758430480957,76221.1328125,3260.63671875,30.25665283203125,41.5565185546875,3.04,up_touch,-5.13,,-4.41,
2024-03-28,740.9135131835938,143.43576049804688,179.17691040039062,94.36337280273438,73.00299835205078,184.13072204589844,190.1071319580078,96.60224151611328,28.776914596557617,22.09050941467285,7.642350196838379,77527.015625,3320.27978515625,31.37833404541016,43.318145751953125,-0.27,,1.7,,1.85,
2024-03-29,747.657958984375,145.28652954101562,179.17691040039062,93.47314453125,74.24484252929688,186.5534820556641,192.987533569336,96.40687561035156,27.8847599029541,22.40936279296875,7.889835834503174,79062.203125,3269.0166015625,30.9085693359375,43.714012145996094,-3.1,,1.44,,3.24,
2024-04-02,761.1466064453125,142.04766845703125,170.2626190185547,95.25359344482422,73.0916976928711,187.5225830078125,199.7084808349609,100.60698699951172,26.86374282836914,22.13036727905273,7.939333438873291,81556.890625,3214.7958984375,30.496326446533203,44.06040191650391,-3.63,,-2.12,,-0.12,
2024-04-03,751.5117797851562,142.97305297851562,170.2626190185547,94.80848693847656,72.115966796875,186.0689239501953,200.6686248779297,99.63021850585938,26.94304656982422,22.140331268310547,7.929434299468994,80693.3359375,3143.322998046875,29.700607299804688,43.48638534545898,0.3,,0.05,,-0.12,
2024-04-08,754.4022827148438,141.58497619628906,169.37120056152344,94.80848693847656,72.29337310791016,192.85269165039065,198.268295288086,98.6534423828125,25.852632522583008,21.163843154907227,7.711646556854248,81077.140625,3121.141845703125,29.54721069335937,38.31038284301758,-4.05,,-4.41,,-2.75,
2024-04-09,789.08740234375,144.36114501953125,165.35977172851562,94.80848693847656,71.67245483398438,187.5225830078125,198.268295288086,98.6534423828125,25.98149871826172,21.482696533203125,7.741344928741455,80213.5859375,3178.31982421875,30.04574012756348,37.58791732788086,0.5,,1.51,,0.39,
2024-04-11,790.0508422851562,147.13731384277344,163.57691955566406,94.36337280273438,70.96281433105469,186.5534820556641,191.54733276367188,98.6534423828125,25.16864776611328,20.934669494628903,7.464160919189453,80693.3359375,3050.65478515625,31.071548461914062,36.81597137451172,0.87,,0.91,,-1.05,
2024-04-12,788.1238403320312,148.52540588378906,165.35977172851562,95.25359344482422,70.3418960571289,188.00714111328125,191.0672607421875,95.52780151367188,25.307430267333984,21.263484954833984,7.49385929107666,80309.5390625,3036.3603515625,32.16447067260742,37.24153137207031,0.55,,1.57,,0.4,
2024-04-15,776.5620727539062,148.0626983642578,166.25120544433594,93.02804565429688,70.0757827758789,176.86239624023438,182.90609741210932,94.94173431396484,25.51559829711914,20.426496505737305,7.434463024139404,78870.3125,2965.873291015625,31.033201217651367,35.321556091308594,0.82,,-3.94,,-0.79,
2024-04-16,759.2196044921875,141.58497619628906,160.45692443847656,88.75497436523438,69.4548568725586,171.53228759765625,177.62533569335938,93.76961517333984,24.49457740783692,19.579545974731445,7.0780839920043945,76759.4140625,2981.646728515625,30.007387161254883,35.935157775878906,-4.0,,-4.15,,-4.79,
2024-04-17,774.6353149414062,144.36114501953125,162.2397918701172,91.2476043701172,69.63226318359375,173.4705047607422,174.26486206054688,95.2347640991211,25.366907119750977,20.585922241210938,7.553256034851074,75703.9609375,2994.955322265625,29.921106338500977,35.88566970825195,3.56,,5.14,,6.71,
2024-04-18,774.6353149414062,139.73419189453125,160.01121520996094,90.802490234375,70.96281433105469,172.98594665527344,171.86453247070312,93.5742645263672,25.32725524902344,20.376678466796875,7.444362163543701,76375.609375,3045.7255859375,28.85694694519043,35.31166076660156,-0.16,,-1.02,,-1.44,
2024-04-19,722.6075439453125,135.1072235107422,155.10836791992188,88.13182830810547,70.78541564941406,164.74851989746094,164.66348266601562,91.81607818603516,24.326059341430664,19.719043731689453,7.295871257781982,74456.640625,2923.482666015625,27.773611068725582,34.67826843261719,-3.95,,-3.23,,-1.99,
2024-04-22,714.8997192382812,133.71913146972656,150.65122985839844,85.46117401123047,68.92263793945312,162.3257598876953,167.54391479492188,92.30445861816406,23.850242614746094,19.06140899658203,7.246373653411865,73017.390625,2941.720458984375,27.323022842407227,33.84693908691406,-1.96,,-3.34,,-0.68,
2024-04-23,726.4613647460938,134.18182373046875,150.65122985839844,82.1673583984375,68.92263793945312,164.74851989746094,177.62533569335938,93.08588409423828,23.3149528503418,18.852161407470703,7.206776142120361,72441.703125,2958.972412109375,27.76402282714844,34.054771423339844,-2.24,,-1.1,,-0.55,
2024-04-24,754.4022827148438,136.9580078125,154.21693420410156,85.5501937866211,70.3418960571289,181.223388671875,186.74664306640625,94.84405517578124,24.167455673217773,19.62936782836914,7.424563407897949,75416.1328125,3026.0087890625,28.243379592895508,33.92611312866211,3.66,,4.12,,3.02,
2024-04-25,738.023193359375,134.18182373046875,154.21693420410156,85.01605987548828,69.5435562133789,178.31605529785156,180.50575256347656,94.551025390625,24.098064422607425,19.9382553100586,7.533457279205322,73209.296875,2961.929931640625,28.626859664916992,34.14384078979492,-0.29,,1.57,,1.47,
2024-04-26,753.4388427734375,131.86834716796875,154.21693420410156,85.01605987548828,68.74523162841797,176.86239624023438,180.50575256347656,94.7463836669922,24.95056915283203,21.04427719116211,7.790842056274414,73593.09375,2983.125244140625,28.847362518310547,34.74754333496094,3.54,,5.55,,3.42,
2024-04-30,761.1466064453125,136.9580078125,155.55409240722656,85.28313446044922,65.0196762084961,176.37783813476562,179.54562377929688,93.08588409423828,25.54533767700196,20.90477561950684,8.107623100280762,74360.6875,3003.82763671875,30.17036819458008,31.03625869750977,-1.64,,-1.13,,0.49,
2024-05-07,770.7813720703125,139.73419189453125,154.21693420410156,77.89429473876953,64.31005096435547,176.37783813476562,178.58547973632812,92.30445861816406,26.43749046325684,20.635746002197266,8.157119750976562,78006.7578125,2809.619140625,31.033201217651367,30.774776458740234,-0.04,,-2.03,,-0.12,
2024-05-08,772.708251953125,139.271484375,153.77122497558594,77.98331451416016,64.75357055664062,183.1616058349609,181.4658966064453,93.2812271118164,25.97159004211425,20.416534423828125,7.998729228973389,78006.7578125,2770.678955078125,31.426267623901367,30.48660469055176,-1.76,,-1.06,,-1.94,
2024-05-09,766.927490234375,136.9580078125,152.8798065185547,75.66873931884766,63.60042572021485,184.61526489257807,179.06553649902344,92.01143646240234,26.43749046325684,20.765277862548828,8.186819076538086,76471.5703125,2668.15234375,31.196178436279297,29.81089210510254,1.79,,1.71,,2.35,
2024-05-10,772.708251953125,140.19688415527344,146.194091796875,76.5589599609375,64.39875030517578,184.13072204589844,182.426025390625,92.01143646240234,26.001325607299805,19.95818328857422,8.137321472167969,75991.8203125,2614.424560546875,31.28246116638184,29.90032386779785,-1.65,,-3.89,,-0.6,
2024-05-13,789.08740234375,136.9580078125,147.0855255126953,76.02483367919922,64.75357055664062,180.73883056640625,182.90609741210932,93.5742645263672,25.67420196533203,19.579545974731445,8.058127403259277,75224.2265625,2571.0478515625,31.28246116638184,29.66183853149414,-1.26,,-1.9,,-0.97,
2024-05-14,794.8683471679688,137.88340759277344,147.53123474121094,75.9358139038086,64.04393768310547,177.8314971923828,182.426025390625,93.5742645263672,25.72376823425293,19.54965591430664,8.018528938293457,75128.2734375,2609.98828125,31.339984893798828,30.317676544189453,0.19,,-0.15,,-0.49,
2024-05-16,810.2838745117188,138.8087921142578,149.75979614257812,77.27113342285156,65.2857894897461,177.34693908691406,185.78651428222656,92.30445861816406,25.614727020263672,20.685565948486328,8.048227310180664,75032.3359375,2569.076416015625,32.38496780395508,31.072887420654297,-1.41,,-0.72,,0.49,
2024-05-17,804.5029907226562,140.19688415527344,150.65122985839844,79.05158233642578,63.51171875,177.8314971923828,182.426025390625,93.2812271118164,25.74359130859375,20.74534797668457,8.186819076538086,74264.7265625,2556.260498046875,31.589250564575195,31.828094482421875,0.5,,0.29,,1.72,
2024-05-20,804.5029907226562,140.65957641601562,151.98837280273438,79.14060974121094,63.42301940917969,174.92416381835938,179.54562377929688,93.18355560302734,25.882373809814453,20.864919662475582,8.206616401672363,75703.9609375,2643.99951171875,31.330398559570312,31.629356384277344,0.54,,0.58,,0.24,
2024-05-21,810.2838745117188,142.51036071777344,154.66265869140625,80.47593688964844,62.97949600219727,176.37783813476562,176.18515014648438,91.81607818603516,25.67420196533203,20.396604537963867,8.236315727233887,75224.2265625,2669.138427734375,31.761823654174805,31.89765357971192,-0.8,,-2.24,,0.36,
2024-05-22,832.4439086914062,143.89845275878906,155.10836791992188,80.29788970947266,64.31005096435547,176.86239624023438,180.50575256347656,92.59749603271484,25.80307006835937,21.014381408691406,8.26601505279541,74552.5859375,2660.265625,31.4454402923584,31.5399227142334,0.5,,3.03,,0.36,
2024-05-23,843.0421142578125,149.45079040527344,152.8798065185547,78.51744079589844,63.06820297241211,185.09982299804688,181.4658966064453,92.20677947998048,25.16864776611328,21.24355697631836,8.117522239685059,75128.2734375,2853.981689453125,31.84810256958008,31.22194099426269,-2.46,,1.09,,-1.8,
2024-05-24,835.3342895507812,147.60000610351562,154.21693420410156,78.69548797607422,64.39875030517578,183.1616058349609,178.58547973632812,92.20677947998048,24.316146850585938,20.585922241210938,7.939333438873291,72825.5,2800.25390625,31.244117736816406,29.8903865814209,-3.39,,-3.1,,-2.2,
2024-05-27,837.26123046875,153.15235900878906,155.99978637695312,80.9210433959961,64.75357055664062,186.0689239501953,180.98580932617188,92.40213775634766,24.91091537475586,21.60226821899414,8.117522239685059,74072.84375,2969.32373046875,31.733055114746094,30.526351928710938,2.45,,4.94,,2.24,
2024-05-29,825.6995849609375,150.83888244628906,168.47976684570312,80.74300384521484,65.2857894897461,185.09982299804688,198.74835205078125,94.0626449584961,24.990217208862305,23.236387252807617,7.959131717681885,72153.859375,3096.989013671875,32.078182220458984,30.86421012878418,0.24,,4.62,,-1.35,
2024-05-30,807.3934326171875,146.67462158203125,166.25120544433594,80.47593688964844,65.55191040039062,181.7079315185547,194.42774963378903,93.5742645263672,25.852632522583008,23.6748104095459,8.097723960876465,70522.7109375,3056.570068359375,31.18659210205078,29.94007110595703,3.45,,1.89,,1.74,
2024-05-31,791.014404296875,145.28652954101562,158.674072265625,78.51744079589844,64.39875030517578,176.86239624023438,187.706787109375,92.30445861816406,25.74359130859375,22.88763999938965,8.097723960876465,70522.7109375,3121.634521484375,31.292049407958984,29.99969482421875,-0.42,,-3.32,,0.0,
2024-06-03,815.101318359375,148.98809814453125,162.2397918701172,80.74300384521484,64.8422622680664,182.6770477294922,189.14698791503903,91.5230484008789,26.606006622314453,23.415740966796875,8.167019844055176,72633.6015625,3095.017333984375,31.244117736816406,30.65553474426269,3.35,,2.31,,0.86,
2024-06-04,808.35693359375,147.60000610351562,163.57691955566406,80.65397644042969,67.23727416992188,181.7079315185547,189.14698791503903,92.10911560058594,26.615922927856445,22.937463760375977,8.087823867797852,72249.8046875,3113.25537109375,30.98526382446289,30.099063873291016,0.04,,-2.04,,-0.97,
2024-06-05,822.80908203125,145.28652954101562,164.0226287841797,79.40766906738281,66.52764129638672,179.76971435546875,183.3861541748047,90.83931732177734,26.98269462585449,22.61861038208008,8.157119750976562,74264.7265625,3162.546875,30.33078956604004,29.8407039642334,1.38,,-1.39,,0.86,
2024-06-07,846.8960571289062,147.60000610351562,160.9026336669922,79.14060974121094,67.23727416992188,178.31605529785156,186.74664306640625,91.13233947753906,27.508075714111328,24.19294548034668,8.107623100280762,74168.7890625,3104.87548828125,31.68587112426757,30.22824478149414,-0.72,,2.97,,0.99,
2024-06-11,850.7498779296875,148.0626983642578,167.58834838867188,77.80528259277344,66.70504760742188,176.86239624023438,183.3861541748047,89.862548828125,28.380401611328125,24.123193740844727,8.404605865478516,72153.859375,3074.8076171875,32.82952880859375,30.71515464782715,3.17,,-0.29,,3.66,
2024-06-12,875.8004150390625,150.37619018554688,168.9254913330078,78.07233428955078,67.59207916259766,179.76971435546875,183.3861541748047,88.69043731689453,28.588573455810547,24.30255126953125,8.285812377929688,73401.1953125,3069.3857421875,32.733421325683594,30.7250919342041,0.73,,0.74,,-1.41,
2024-06-13,888.8572998046875,151.76426696777344,168.9254913330078,84.30387878417969,66.97116088867188,178.31605529785156,186.26657104492188,88.5927505493164,28.86613273620605,23.415740966796875,8.256114959716797,75416.1328125,3110.2978515625,34.2326545715332,30.56610107421875,0.97,,-3.65,,-0.36,
2024-06-14,891.7589721679688,153.6150665283203,169.81692504882812,85.37214660644531,66.26152801513672,176.86239624023438,186.26657104492188,90.44860076904295,28.796741485595703,23.136743545532227,8.176918983459473,76375.609375,3194.09326171875,33.71369552612305,30.26799201965332,-0.24,,-1.19,,-0.96,
2024-06-17,890.7918090820312,154.5404510498047,168.0340576171875,88.57694244384766,66.4389419555664,178.31605529785156,187.706787109375,89.862548828125,31.00730323791504,23.87409019470215,8.404605865478516,74936.3828125,3268.03076171875,33.50226211547852,30.258056640625,7.68,,3.19,,2.78,
2024-06-18,912.0701904296876,158.2420196533203,169.81692504882812,93.02804565429688,66.70504760742188,184.13072204589844,188.6669158935547,90.74163818359376,31.12625312805176,23.84419822692871,8.355108261108398,76567.5078125,3324.222900390625,35.24176406860352,30.784713745117188,0.38,,-0.13,,-0.59,
2024-06-19,948.8237915039062,165.6451416015625,176.05690002441406,97.0340347290039,66.70504760742188,183.1616058349609,190.5872039794922,90.15557861328124,31.473201751708984,24.69115447998047,8.414505004882812,77910.8203125,3371.543212890625,38.528564453125,30.436920166015625,1.11,,3.55,,0.71,
2024-06-21,938.1845703125,161.48089599609375,167.58834838867188,99.7046890258789,67.4146728515625,181.223388671875,188.6669158935547,92.01143646240234,30.7297420501709,23.71466445922852,8.327164649963379,76759.4140625,3348.375732421875,37.84621810913086,30.426984786987305,-0.26,,-1.2,,0.84,
2024-06-24,909.1686401367188,159.63011169433594,168.0340576171875,102.37535858154295,66.52764129638672,180.2542724609375,183.86624145507807,92.30445861816406,30.71982765197754,22.75810813903809,7.999636173248291,77335.109375,3273.945556640625,36.86594009399414,30.894020080566406,-0.03,,-4.03,,-3.93,
2024-06-25,914.0045166015624,156.3912353515625,167.58834838867188,104.60091400146484,67.4146728515625,174.43960571289062,179.54562377929688,90.83931732177734,29.73845863342285,21.882797241210938,7.682032108306885,77527.015625,3235.990966796875,35.77995300292969,30.37729835510254,-3.19,,-3.9,,-3.97,
2024-06-26,928.5125732421876,159.63011169433594,168.47976684570312,105.0460205078125,65.99542236328125,174.43960571289062,180.50575256347656,90.3509292602539,31.05686378479004,22.490928649902344,8.108811378479004,78006.7578125,3336.546142578125,37.64439010620117,30.546226501464844,4.43,,2.78,,5.56,
2024-06-27,928.5125732421876,159.16741943359375,169.37120056152344,106.8264617919922,64.8422622680664,172.98594665527344,179.06553649902344,89.66719818115234,31.255754470825195,22.002429962158203,8.029410362243652,78643.8125,3216.767578125,37.567508697509766,30.347488403320312,0.32,,-2.17,,-0.98,
2024-06-28,934.3157348632812,155.9285430908203,167.58834838867188,105.93624114990234,63.634613037109375,174.43960571289062,178.58547973632812,90.25325775146484,31.53420066833496,22.32144927978516,8.088960647583008,78547.4453125,3227.611572265625,37.346466064453125,30.397172927856445,0.89,,1.45,,0.74,
2024-07-01,936.2501220703124,157.07656860351562,166.69691467285156,103.71068572998048,64.47068786621094,173.95506286621094,175.2250213623047,92.20677947998048,31.196088790893555,22.500896453857425,8.059185981750488,78836.5703125,3215.28857421875,38.46128845214844,30.774776458740234,-1.07,,0.8,,-0.37,
2024-07-02,928.5125732421876,151.82476806640625,159.5655059814453,99.25958251953124,63.91330337524414,172.98594665527344,171.38446044921875,92.30445861816406,30.53974723815918,22.13203239440918,8.029410362243652,78836.5703125,3188.671142578125,38.6727180480957,30.645597457885746,-2.1,,-1.64,,-0.37,
2024-07-03,946.8893432617188,153.257080078125,170.2626190185547,104.60091400146484,64.1919937133789,177.34693908691406,173.78480529785156,92.8905258178711,32.20048904418945,22.58065223693848,8.128661155700684,78836.5703125,3312.39306640625,38.65349960327149,30.874147415161133,5.44,,2.03,,1.24,
2024-07-04,972.0365600585938,158.50888061523438,167.58834838867188,106.38134765625,64.2848892211914,175.89328002929688,176.18515014648438,89.00931549072266,31.67342758178711,21.96255111694336,8.019485473632812,81535.1171875,3255.21484375,38.73038101196289,31.033138275146484,-1.64,,-2.74,,-1.34,
2024-07-08,1001.0526733398438,164.71554565429688,176.50262451171875,118.39933013916016,62.984336853027344,175.4087371826172,176.6652069091797,93.15387725830078,31.046918869018555,20.82604217529297,7.840834140777588,84233.703125,3272.467041015625,38.499732971191406,31.818159103393555,-1.98,,-1.46,,-1.5,
2024-07-09,1005.8886108398438,171.87709045410156,177.83975219726562,117.06400299072266,62.24114990234375,171.53228759765625,171.86453247070312,93.54859924316406,32.92644119262695,22.74016189575196,8.366865158081055,84619.2109375,3373.021728515625,39.1628532409668,33.77574157714844,6.05,,9.19,near_up,6.71,
2024-07-10,1010.7247314453124,171.399658203125,176.50262451171875,120.17977142333984,61.59087371826172,170.07862854003906,169.4641876220703,98.08787536621094,32.598270416259766,22.87973594665528,8.43634033203125,84619.2109375,3354.290771484375,40.3065071105957,34.3719596862793,-1.0,,0.61,,0.83,
2024-07-11,1044.5767822265625,184.7678680419922,173.3826141357422,116.61888122558594,62.05535888671875,186.81491088867188,179.06553649902344,107.56114959716795,33.52311325073242,23.25857162475586,8.575292587280273,84426.4453125,3391.75244140625,41.72885894775391,34.65019226074219,2.84,,1.66,,1.65,
2024-07-12,1005.8886108398438,169.4899139404297,172.93690490722656,113.50312042236328,62.61274337768555,187.30783081054688,181.4658966064453,117.92254638671876,33.38389205932617,23.32835578918457,8.605067253112793,81342.375,3321.758544921875,40.3065071105957,33.2888298034668,-0.42,,0.3,,0.35,
2024-07-16,1020.3966674804688,170.92221069335938,175.61119079589844,117.7712631225586,63.634613037109375,195.1944580078125,181.50942993164065,118.41594696044922,35.83024978637695,23.687255859375,8.853195190429688,84522.8359375,3357.24853515625,41.25795364379883,34.242774963378906,3.68,,1.11,,2.29,
2024-07-17,996.216552734375,174.26426696777344,175.16546630859375,116.40184020996094,63.82040023803711,212.44650268554688,193.37924194335932,130.25753784179688,34.47779083251953,23.009336471557617,8.744019508361816,83559.0546875,3436.11474609375,42.939788818359375,34.12353515625,-3.77,,-2.86,,-1.23,
2024-07-18,972.0365600585938,168.05760192871094,173.82833862304688,108.64171600341795,63.17012786865234,202.09527587890625,188.9280548095703,123.34994506835938,35.10429763793945,22.7800407409668,8.684468269348145,83751.8046875,3305.985107421875,39.61455154418945,34.242774963378906,1.82,,-1.0,,-0.68,
2024-07-19,938.1845703125,163.28323364257812,167.14263916015625,109.0981903076172,61.31217956542969,189.7723999023437,181.0148468017578,115.94894409179688,34.91535186767578,23.627439498901367,8.773794174194336,81342.375,3325.701904296875,39.79715347290039,34.65019226074219,-0.54,,3.72,,1.03,
2024-07-22,908.201416015625,156.59912109375,165.35977172851562,102.2510223388672,59.082645416259766,187.8007354736328,174.58535766601562,113.97534942626952,35.55180740356445,23.5078067779541,8.76386833190918,79993.09375,3203.95166015625,38.22101974487305,32.7721061706543,1.82,,-0.51,,-0.11,
2024-07-23,946.8893432617188,164.71554565429688,164.0226287841797,102.70750427246094,59.26844024658203,191.7440490722656,179.53111267089844,117.42914581298828,33.493282318115234,22.351356506347656,8.456191062927246,80860.4921875,3197.051025390625,39.58571243286133,33.15964889526367,-5.79,,-4.92,,-3.51,
2024-07-26,893.6934204101562,148.4827117919922,168.47976684570312,99.05567932128906,60.29030990600586,188.2936553955078,176.069091796875,118.41594696044922,32.021488189697266,21.842918395996094,8.198137283325195,77969.15625,2814.54833984375,36.69295120239258,30.90395736694336,0.34,,1.39,,0.61,
2024-07-29,913.0372314453124,146.57296752929688,154.66265869140625,96.31681060791016,58.8968505859375,178.4353485107422,171.61790466308594,117.42914581298828,32.36954498291016,21.63356208801269,8.128661155700684,78258.3125,2912.638671875,36.66411972045898,31.152381896972656,1.09,,-0.96,,-0.85,
2024-07-30,909.1686401367188,148.4827117919922,150.65122985839844,97.22976684570312,59.26844024658203,180.89991760253903,168.15586853027344,109.53475189208984,32.63805389404297,22.10212135314941,8.217988014221191,78065.5546875,2899.329833984375,36.13554000854492,30.63566017150879,0.83,,2.17,,1.1,
2024-07-31,903.3653564453124,143.2309112548828,145.74838256835938,95.86033630371094,59.4542350769043,176.95660400390625,164.19924926757812,105.09415435791016,33.20488739013672,22.68034744262696,8.585216522216797,80860.4921875,2880.106201171875,29.321683883666992,29.94007110595703,1.74,,2.62,,4.47,
2024-08-01,928.5125732421876,146.57296752929688,142.9544677734375,103.16398620605467,60.19741439819336,180.4069976806641,167.66128540039062,109.53475189208984,33.73195266723633,22.65043830871582,8.70431900024414,80089.46875,2781.030029296875,31.38794708251953,30.546226501464844,1.59,,-0.13,,1.39,
2024-08-02,873.3821411132812,137.0242462158203,132.71018981933594,94.49089813232422,61.12638854980469,163.64788818359375,154.3077392578125,103.12055206298828,32.041378021240234,21.71331596374512,8.446266174316406,76716.2578125,2494.64599609375,28.84115982055664,28.866878509521484,-5.01,,-4.14,,-2.96,
2024-08-05,788.2684326171875,124.13345336914062,123.3971939086914,85.54393768310547,55.08806228637695,147.38168334960938,138.97589111328125,95.71955871582033,29.624849319458008,20.696439743041992,8.069110870361328,68813.328125,2108.693115234375,27.514911651611328,21.3445987701416,-7.54,,-4.68,,-4.47,
2024-08-06,851.136474609375,131.29501342773438,122.000244140625,88.921875,55.552547454833984,138.5092010498047,138.97589111328125,89.60140228271484,29.883405685424805,20.985551834106445,7.910309314727783,69873.484375,2299.451416015625,26.99594497680664,19.98323440551757,0.87,,1.4,,-1.97,
2024-08-07,889.824462890625,138.93399047851562,128.5193328857422,93.57794952392578,57.87498092651367,146.39585876464844,141.44874572753906,98.48259735107422,29.40606689453125,20.62665367126465,7.900384426116943,71993.796875,2355.64404296875,27.47646713256836,19.70499992370605,-1.6,,-1.71,,-0.13,
2024-08-08,866.6117553710938,131.77244567871094,123.8628387451172,94.49089813232422,57.41049575805664,141.95960998535156,136.99757385253906,100.65355682373048,29.96296119689941,20.67650032043457,7.940084934234619,70740.8828125,2215.16259765625,27.418806076049805,18.989999771118164,1.89,,0.24,,0.5,
2024-08-09,903.3653564453124,138.93399047851562,128.05368041992188,103.62045288085938,59.3613395690918,145.90293884277344,139.96502685546875,103.61395263671876,30.678970336914062,20.59674453735352,7.940084934234619,71993.796875,2190.024169921875,29.20635986328125,20.489999771118164,2.39,,-0.39,,0.0,
2024-08-13,910.1357421875,142.2760467529297,131.7788848876953,106.81580352783205,60.29030990600586,155.26832580566406,143.42706298828125,105.5875473022461,31.21597671508789,20.71637916564941,7.959935665130615,73343.0625,2365.00927734375,30.215465545654297,19.36000061035156,1.65,,1.42,,1.65,
2024-08-14,916.9061279296876,148.96014404296875,133.6414794921875,109.0981903076172,60.66189956665039,157.23997497558594,146.8890838623047,104.10735321044922,30.84803009033203,20.53693008422852,7.811058521270752,74403.21875,2504.50439453125,30.90741920471192,20.46999931335449,-1.18,,-0.87,,-1.87,
2024-08-16,937.2173461914062,146.57296752929688,135.9697265625,111.38057708740234,60.66189956665039,157.23997497558594,146.8890838623047,104.10735321044922,30.450244903564453,20.58677673339844,7.8805341720581055,77294.53125,2633.1552734375,31.58976173400879,20.690000534057617,-0.1,,-0.24,,-0.25,
2024-08-19,941.0862426757812,147.05039978027344,136.90103149414062,112.75001525878906,61.49797058105469,156.254150390625,146.39451599121094,103.12055206298828,30.688915252685547,20.87588882446289,7.959935665130615,75463.359375,2563.654296875,31.29184341430664,20.8700008392334,0.78,,1.4,,1.01,
2024-08-20,941.0862426757812,148.00527954101562,136.90103149414062,111.38057708740234,61.40507507324219,155.76123046875,146.8890838623047,104.10735321044922,30.191686630249023,20.247817993164062,7.741582870483398,76041.6171875,2636.11279296875,31.78197479248047,21.520000457763672,-1.62,,-3.01,,-2.74,
2024-08-21,926.5783081054688,145.6180877685547,135.03843688964844,109.5546646118164,61.31217956542969,150.83209228515625,145.89993286132812,101.64035034179688,30.41046714782715,19.39045143127441,7.672107219696045,75463.359375,2597.172607421875,31.138078689575195,20.989999771118164,0.72,,-4.23,,-0.9,
2024-08-22,919.8078002929688,143.2309112548828,133.1758270263672,109.5546646118164,61.68377304077149,159.21165466308594,148.86740112304688,111.5083465576172,29.992795944213867,19.11130714416504,7.592706203460693,75463.359375,2564.639892578125,31.897300720214844,21.40999984741211,-1.37,,-1.44,,-1.03,
2024-08-23,917.8733520507812,143.70834350585938,132.71018981933594,112.29354095458984,62.05535888671875,160.19747924804688,145.40536499023438,111.01494598388672,30.400524139404297,19.181093215942383,7.751507759094238,74885.1015625,2592.736328125,30.90741920471192,20.100000381469727,1.36,,0.37,,2.09,
2024-08-26,918.840576171875,141.3211669921875,133.1758270263672,110.4676284790039,62.51984786987305,158.225830078125,147.3836669921875,108.5479507446289,31.08669853210449,19.220972061157227,7.801133632659912,73343.0625,2560.2041015625,32.07029724121094,20.540000915527344,2.26,,0.21,,0.64,
2024-08-27,911.10302734375,140.36630249023438,134.1071319580078,109.0981903076172,62.42694091796875,157.73289489746094,145.40536499023438,108.5479507446289,29.9331283569336,18.78231811523437,7.572855949401855,73053.9453125,2558.232421875,31.67626571655273,20.1299991607666,-3.71,,-2.28,,-2.93,
2024-08-28,932.3814086914062,145.14065551757812,133.1758270263672,110.01113891601562,63.91330337524414,156.7470703125,143.921630859375,111.5083465576172,29.982851028442383,19.021583557128903,7.503379821777344,73632.203125,2557.246337890625,31.753143310546875,20.06999969482422,0.17,,1.27,,-0.92,
2024-08-29,912.0701904296876,145.14065551757812,135.03843688964844,110.01113891601562,63.355918884277344,162.1691436767578,145.40536499023438,116.9357452392578,30.74858283996582,19.250877380371094,7.721733093261719,71319.1484375,2527.67138671875,31.359113693237305,19.61000061035156,2.55,,1.21,,2.91,
2024-08-30,913.0372314453124,146.57296752929688,135.5040740966797,110.4676284790039,64.37779235839844,161.18331909179688,145.40536499023438,116.9357452392578,32.468994140625,19.839073181152344,7.910309314727783,71608.265625,2489.716796875,31.455219268798828,20.1299991607666,5.6,,3.06,,2.44,
2024-09-02,916.9061279296876,146.0955352783203,135.03843688964844,110.4676284790039,64.0062026977539,160.19747924804688,144.91078186035156,112.9885482788086,30.85797500610352,18.93185806274414,7.721733093261719,71704.6484375,2538.515625,31.61859893798828,22.040000915527344,-4.96,,-4.57,,-2.38,
2024-09-04,859.84130859375,137.0242462158203,128.05368041992188,104.53341674804688,59.4542350769043,140.97378540039062,128.58978271484375,102.6271514892578,30.311023712158203,18.90195083618164,7.741582870483398,67464.0625,2299.451416015625,28.51559829711914,20.100000381469727,-1.71,,-0.99,,-0.64,
2024-09-05,872.4148559570312,137.0242462158203,129.4506378173828,102.2510223388672,59.082645416259766,139.98794555664062,126.6114730834961,102.13375091552734,30.281190872192383,19.001644134521484,7.741582870483398,66500.28125,2172.772216796875,28.6023063659668,19.43000030517578,-0.1,,0.53,,0.0,
2024-09-06,887.89013671875,135.114501953125,128.05368041992188,101.79454040527344,59.17554473876953,140.48086547851562,126.1168975830078,102.13375091552734,29.604957580566406,18.40348052978516,7.562930583953857,66403.90625,2108.693115234375,28.4867000579834,19.39999961853028,-2.23,,-3.15,,-2.31,
2024-09-09,869.5133666992188,135.59193420410156,124.7941436767578,103.16398620605467,59.082645416259766,139.98794555664062,124.13858795166016,101.1469497680664,29.256898880004883,18.443359375,7.453754901885986,65054.6328125,2054.472412109375,27.46553611755371,18.88999938964844,-1.18,,0.22,,-1.44,
2024-09-10,874.349365234375,137.97911071777344,123.8628387451172,100.881591796875,57.689186096191406,137.52337646484375,120.67656707763672,97.10107421875,29.425954818725582,18.63277816772461,7.43390417098999,63801.73046875,2064.330810546875,27.629308700561523,19.06999969482422,0.58,,1.03,,-0.27,
2024-09-11,871.44775390625,135.59193420410156,127.12239074707033,102.70750427246094,57.31760025024414,136.0446319580078,121.66571807861328,97.98919677734376,29.157453536987305,18.443359375,7.483529567718506,62548.81640625,1993.84375,27.7834415435791,18.979999542236328,-0.91,,-1.02,,0.67,
2024-09-12,913.2230224609376,140.84373474121094,130.38194274902344,107.728759765625,58.80395126342773,143.9312744140625,126.1168975830078,106.08094787597656,28.898895263671875,18.42341995239257,7.394203662872314,63898.09375,2159.956298828125,29.01655006408692,19.63999938964844,-0.89,,-0.11,,-1.19,
2024-09-13,920.0235595703124,140.36630249023438,129.91629028320312,104.9898910522461,57.78208541870117,145.41001892089844,132.54638671875,107.56114959716795,28.799448013305664,18.184154510498047,7.275102615356445,62066.93359375,2134.8173828125,28.72754096984864,19.36000061035156,-0.34,,-1.3,,-1.61,
2024-09-19,932.6531982421876,145.14065551757812,127.58804321289062,100.881591796875,56.85311126708984,144.91709899902344,133.53553771972656,104.10735321044922,27.71549415588379,18.40348052978516,7.374353408813477,60814.02734375,2171.7861328125,29.13215446472168,20.770000457763672,0.32,,0.87,,1.64,
2024-09-20,945.2828979492188,147.52783203125,128.05368041992188,100.42510986328124,56.10993576049805,144.91709899902344,135.51385498046875,103.12055206298828,27.904438018798828,18.21406364440918,7.334652900695801,60717.65234375,2265.43994140625,30.49049949645996,21.13999938964844,0.68,,-1.03,,-0.54,
2024-09-24,958.8840942382812,149.91502380371094,127.12239074707033,97.68624877929688,56.10993576049805,142.9454345703125,136.5030059814453,102.13375091552734,28.8392276763916,18.991674423217773,7.632406711578369,60910.40234375,2178.1943359375,29.88357925415039,22.559999465942383,4.35,,4.44,,3.64,
2024-09-25,976.3712768554688,151.3473358154297,129.4506378173828,102.70750427246094,57.03890609741211,144.42417907714844,137.49215698242188,105.09415435791016,29.634790420532227,19.031553268432617,7.672107219696045,59946.62890625,2190.516845703125,29.286296844482425,22.809999465942383,2.76,,0.21,,0.52,
2024-09-26,986.0864868164062,155.1668243408203,130.8475799560547,102.70750427246094,56.20283126831055,144.42417907714844,136.99757385253906,106.08094787597656,30.450244903564453,19.799196243286133,7.930159568786621,62356.06640625,2226.007080078125,29.61383628845215,23.540000915527344,2.75,,4.03,,3.36,
2024-09-27,971.5137939453124,151.82476806640625,131.313232421875,107.27227783203124,56.38862609863281,146.88876342773438,140.9541778564453,110.52154541015624,31.941930770874023,20.836009979248047,8.42641544342041,62221.33984375,2278.48828125,30.74097442626953,23.920000076293945,4.9,,5.24,,6.26,
2024-09-30,929.7387084960938,144.185791015625,127.58804321289062,102.70750427246094,55.92414093017578,141.95960998535156,140.9541778564453,108.5479507446289,35.13413619995117,22.819917678833008,9.270049095153809,59604.55859375,2190.8544921875,29.75834083557129,23.90999984741211,9.99,up_limit,9.52,near_up,10.01,up_limit
2024-10-08,981.2289428710938,146.0955352783203,124.3284912109375,103.62045288085938,54.251991271972656,135.05880737304688,135.01927185058594,104.60075378417967,38.64456558227539,25.102907180786133,10.19308376312256,58441.546875,2351.26953125,28.97801399230957,22.3799991607666,9.99,up_limit,10.0,up_limit,9.96,up_limit
2024-10-11,1015.2319946289062,148.00527954101562,124.3284912109375,114.575927734375,54.53068161010742,139.0021209716797,133.0409698486328,104.10735321044922,36.34737014770508,22.301511764526367,9.409000396728516,57472.359375,2291.8564453125,29.11288833618164,23.21999931335449,-4.24,,-5.77,,-5.2,
2024-10-15,1039.519775390625,160.89605712890625,125.72543334960938,116.85831451416016,54.53068161010742,142.9454345703125,135.51385498046875,104.10735321044922,37.65010833740234,21.653499603271484,9.657127380371094,59119.97265625,2432.962158203125,30.451963424682617,23.440000534057617,1.12,,-2.6,,0.31,
2024-10-16,1015.2319946289062,157.5540008544922,123.3971939086914,121.87957763671876,53.78750228881836,140.48086547851562,134.03012084960938,101.1469497680664,36.973876953125,21.29460334777832,9.776229858398438,57666.1953125,2371.07373046875,28.881681442260746,22.65999984741211,-1.8,,-1.66,,1.23,
2024-10-17,1005.516845703125,158.03143310546875,127.58804321289062,122.79253387451172,53.32301712036133,144.91709899902344,135.01927185058594,104.10735321044922,36.79487609863281,21.264694213867188,9.915180206298828,57860.03125,2408.701904296875,29.36336326599121,22.309999465942383,-0.48,,-0.14,,1.42,
2024-10-18,1054.0924072265625,156.12168884277344,124.7941436767578,116.40184020996094,53.04432678222656,142.45252990722656,132.05181884765625,103.61395263671876,39.80807495117188,22.84982681274414,10.441211700439451,57375.4453125,2416.623779296875,29.816144943237305,22.440000534057617,8.19,up_touch,7.45,up_touch,5.31,
2024-10-21,1054.0924072265625,154.21194458007812,127.12239074707033,119.59717559814452,53.78750228881836,149.3533477783203,136.5030059814453,113.97534942626952,39.72851943969727,23.477895736694336,11.126044273376465,57181.609375,2451.7763671875,29.41153144836425,22.770000457763672,-0.2,,2.75,,6.56,
2024-10-22,1044.3773193359375,156.59912109375,127.58804321289062,124.16194915771484,55.645450592041016,161.18331909179688,138.97589111328125,114.46875,38.76390075683594,23.7171630859375,10.659564018249512,55921.6796875,2367.11279296875,29.189956665039062,22.84000015258789,-2.43,,1.02,,-4.19,
2024-10-23,1029.8046875,154.21194458007812,125.72543334960938,122.79253387451172,54.90227127075195,165.1266326904297,138.97589111328125,113.48194885253906,38.44567108154297,23.198755264282227,10.600013732910156,57278.52734375,2331.960205078125,28.872045516967773,22.39999961853028,-0.82,,-2.19,,-0.56,
2024-10-24,1029.8046875,151.82476806640625,123.3971939086914,118.6842269897461,54.251991271972656,159.21165466308594,135.51385498046875,111.5083465576172,38.43572998046875,23.21869468688965,10.55038833618164,54855.578125,2335.921142578125,28.39999389648437,21.979999542236328,-0.03,,0.09,,-0.47,
2024-10-25,1034.662353515625,154.6893768310547,125.72543334960938,119.14070129394533,53.78750228881836,163.64788818359375,134.52468872070312,113.97534942626952,38.873291015625,23.457958221435547,10.77866554260254,54177.15234375,2353.74462890625,28.29402732849121,22.34000015258789,1.14,,1.03,,2.16,
2024-10-28,1020.0894775390624,153.73451232910156,122.9315414428711,117.31478881835938,52.208251953125,163.64788818359375,134.52468872070312,111.01494598388672,38.306453704833984,23.39814186096192,11.652073860168455,56309.3515625,2428.010986328125,28.785343170166016,22.68000030517578,-1.46,,-0.25,,8.1,
2024-10-29,1010.3743286132812,151.3473358154297,117.34375,114.575927734375,51.093482971191406,161.18331909179688,128.58978271484375,104.10735321044922,38.4058952331543,23.27851104736328,12.813311576843262,57763.11328125,2438.408447265625,28.448165893554688,22.920000076293945,0.26,,-0.51,,9.97,up_limit
2024-10-30,1000.6591796875,149.91502380371094,117.80939483642578,114.575927734375,50.35030364990234,159.21165466308594,131.55723571777344,106.08094787597656,38.04788589477539,24.484804153442383,12.71406078338623,57278.52734375,2475.04638671875,26.954952239990234,22.89999961853028,-0.93,,5.18,,-0.77,
2024-11-01,995.8016357421876,147.05039978027344,117.80939483642578,116.40184020996094,52.39404678344727,163.64788818359375,130.07350158691406,106.57434844970705,38.37606048583984,29.62900733947754,12.267430305480955,56503.18359375,2311.165771484375,24.517641067504883,21.520000457763672,-3.33,,9.99,up_limit,-9.98,down_limit
2024-11-05,1020.0894775390624,143.2309112548828,116.41244506835938,118.6842269897461,51.92955780029297,162.6620635986328,126.1168975830078,104.60075378417967,40.842315673828125,31.47334289550781,12.72398567199707,55824.76171875,2567.136474609375,25.06675720214844,22.520000457763672,5.71,,10.0,up_limit,1.75,
2024-11-06,1029.8046875,145.14065551757812,118.74069213867188,125.07491302490234,53.23011779785156,163.64788818359375,123.14944458007812,104.60075378417967,43.31851196289063,34.6236686706543,13.160691261291504,55534.0,2574.5634765625,25.365398406982425,23.31999969482422,6.06,up_touch,10.01,up_limit,3.43,
2024-11-07,1034.662353515625,148.96014404296875,120.6032943725586,126.90081787109376,53.32301712036133,173.99911499023438,130.56808471679688,106.57434844970705,43.58700942993164,33.73639297485352,13.041589736938477,55534.0,2625.559326171875,26.367298126220703,25.049999237060547,0.62,,-2.56,,-0.9,
2024-11-08,1058.9500732421875,148.4827117919922,118.74069213867188,127.35730743408205,52.115352630615234,171.53453063964844,128.09519958496094,103.61395263671876,43.36823654174805,33.4173698425293,13.101140022277832,55243.24609375,2637.44189453125,26.733379364013672,26.229999542236328,-0.5,,-0.95,,0.46,
2024-11-11,1054.0924072265625,150.3924560546875,119.2063446044922,121.87957763671876,52.579837799072266,168.08412170410156,127.60062408447266,102.13375091552734,46.29193115234375,36.75711441040039,14.15320110321045,53304.890625,2644.86865234375,26.35766220092773,26.200000762939453,6.74,up_touch,9.99,up_limit,8.03,up_touch
2024-11-12,1020.0894775390624,145.6180877685547,116.41244506835938,118.6842269897461,51.37217712402344,165.1266326904297,122.65486907958984,99.66675567626952,45.844425201416016,36.48794174194336,13.62717056274414,51366.53125,2570.602294921875,26.1071891784668,25.049999237060547,-0.97,,-0.73,,-3.72,
2024-11-13,1005.516845703125,149.91502380371094,116.41244506835938,117.31478881835938,51.92955780029297,167.09829711914062,122.65486907958984,97.79183959960938,44.09418487548828,33.80617904663086,13.52791976928711,49040.49609375,2496.831298828125,25.50990104675293,24.15999984741211,-3.82,,-7.35,,-0.73,
2024-11-14,1005.516845703125,147.05039978027344,115.48114776611328,115.03240203857422,50.90768814086914,163.64788818359375,119.68740844726562,95.91690826416016,42.85111618041992,34.48409652709961,12.823236465454102,48362.07421875,2396.8193359375,25.028223037719727,24.920000076293945,-2.82,,2.01,,-5.21,
2024-11-15,1005.516845703125,148.00527954101562,117.80939483642578,113.20648956298828,51.55796813964844,161.18331909179688,120.1819839477539,97.2984390258789,42.95055770874024,31.064599990844727,12.317056655883787,51851.12109375,2381.470947265625,25.06675720214844,25.030000686645508,0.23,,-9.92,down_limit,-3.95,
2024-11-18,995.8016357421876,144.66322326660156,114.5498504638672,110.92411041259766,51.093482971191406,156.7470703125,122.65486907958984,96.21295166015624,40.53403091430664,29.60906982421875,11.830726623535156,54952.49609375,2288.8857421875,24.26716041564941,24.350000381469727,-5.63,,-4.69,,-3.95,
2024-11-19,1010.3743286132812,147.52783203125,116.41244506835938,115.94535064697266,51.37217712402344,157.23997497558594,125.12774658203124,97.0023956298828,41.74726486206055,31.03468894958496,12.197955131530762,54564.82421875,2303.243896484375,24.4598331451416,24.84000015258789,2.99,,4.81,,3.1,
2024-11-20,995.8016357421876,148.00527954101562,115.48114776611328,115.48888397216795,51.000587463378906,155.26832580566406,124.63317108154295,94.2393569946289,41.399208068847656,31.39358711242676,12.277356147766112,53595.65234375,2316.11669921875,24.440570831298828,24.200000762939453,-0.83,,1.16,,0.65,
2024-11-21,981.2289428710938,146.57296752929688,115.48114776611328,115.48888397216795,50.25740432739258,158.225830078125,125.12774658203124,95.22615814208984,40.82241821289063,31.79236221313477,12.237655639648438,54661.7421875,2358.200927734375,24.430932998657227,24.01000022888184,-1.39,,1.27,,-0.32,
2024-11-22,1010.3743286132812,149.43759155273438,116.41244506835938,118.6842269897461,50.628997802734375,158.71873474121094,123.64401245117188,94.73275756835938,38.70423126220703,29.56918907165528,11.671924591064451,54274.0703125,2420.08935546875,25.38466453552246,24.440000534057617,-5.19,,-6.99,,-4.62,
2024-11-25,1000.6591796875,148.96014404296875,117.80939483642578,116.85831451416016,51.8366584777832,156.7470703125,125.62232208251952,95.8182373046875,37.51088333129883,29.32992553710937,11.572673797607422,56115.51171875,2346.318359375,25.567705154418945,24.5,-3.08,,-0.81,,-0.85,
2024-11-26,981.2289428710938,148.00527954101562,117.80939483642578,114.575927734375,52.39404678344727,156.254150390625,126.6114730834961,95.71955871582033,37.36171340942383,28.901243209838867,11.52304744720459,56503.18359375,2229.47265625,25.90488052368164,24.8700008392334,-0.4,,-1.46,,-0.43,
2024-11-27,971.5137939453124,143.70834350585938,115.48114776611328,112.29354095458984,50.44320297241211,147.87460327148438,119.19283294677734,91.3776397705078,37.94844818115234,29.67885398864746,11.721550941467283,54564.82421875,2217.094970703125,25.317232131958008,24.049999237060547,1.57,,2.69,,1.72,
2024-11-28,976.3712768554688,140.36630249023438,113.15289306640624,112.75001525878906,49.97871398925781,144.91709899902344,115.73079681396484,91.27896118164062,38.15727996826172,29.539281845092773,11.612374305725098,53789.48046875,2216.104736328125,25.06675720214844,23.64999961853028,0.55,,-0.47,,-0.93,
2024-12-02,1005.516845703125,147.52783203125,115.01549530029295,115.94535064697266,49.97871398925781,146.39585876464844,112.26876831054688,92.4631118774414,39.96718978881836,31.38361930847168,11.989527702331545,51948.0390625,2150.750732421875,25.47136878967285,24.049999237060547,3.1,,4.97,,2.03,
2024-12-03,1024.947021484375,148.00527954101562,114.08419799804688,116.40184020996094,50.44320297241211,146.88876342773438,114.2470703125,92.7591552734375,39.509742736816406,30.715669631958008,11.929977416992188,51948.0390625,2187.388427734375,26.28059768676757,23.93000030517578,-1.14,,-2.13,,-0.5,
2024-12-04,1039.519775390625,150.86988830566406,114.5498504638672,115.03240203857422,51.27928161621094,147.87460327148438,115.73079681396484,94.63407135009766,39.082122802734375,30.76551628112793,11.880352020263672,51463.453125,2102.72509765625,25.991586685180664,22.46999931335449,-1.08,,0.16,,-0.42,
2024-12-05,1044.3773193359375,150.3924560546875,113.15289306640624,115.48888397216795,51.37217712402344,151.3249969482422,113.25791931152344,95.12747192382812,39.092071533203125,30.436527252197266,11.830726623535156,52044.953125,2089.852294921875,26.03867721557617,21.959999084472656,0.03,,-1.07,,-0.42,
2024-12-06,1034.662353515625,152.3022003173828,113.15289306640624,114.575927734375,50.53610229492188,149.3533477783203,112.76335144042967,94.43671417236328,39.3406867980957,30.27701759338379,11.929977416992188,52432.62890625,2039.3511962890625,25.518688201904297,20.799999237060547,0.64,,-0.52,,0.84,
2024-12-09,1044.3773193359375,152.77963256835938,112.22159576416016,110.4676284790039,50.53610229492188,146.39585876464844,110.78504180908205,93.0551986694336,38.41584014892578,29.39971160888672,11.76125144958496,51754.19921875,2045.2926025390625,25.783592224121094,20.920000076293945,-2.35,,-2.9,,-1.41,
2024-12-10,1034.662353515625,150.86988830566406,111.29029083251952,107.27227783203124,50.25740432739258,145.90293884277344,110.78504180908205,97.69315338134766,38.33628082275391,29.39971160888672,11.860501289367676,52335.7109375,2039.3511962890625,26.283960342407227,20.809999465942383,-0.21,,0.0,,0.84,
2024-12-11,1015.2319946289062,148.96014404296875,109.89334869384766,106.81580352783205,50.628997802734375,145.90293884277344,109.3013153076172,100.16015625,38.24678421020508,29.70876121520996,11.979602813720703,52335.7109375,2075.494140625,25.5677433013916,20.15999984741211,-0.23,,1.05,,1.0,
2024-12-12,1033.7613525390625,149.91502380371094,109.89334869384766,105.90284729003906,50.53610229492188,144.91709899902344,107.8175811767578,98.28523254394533,38.366119384765625,29.698793411254883,11.979602813720703,54177.15234375,2101.239501953125,26.18584632873535,20.1200008392334,0.31,,-0.03,,0.0,
2024-12-13,1038.6375732421875,151.3473358154297,109.42769622802734,108.64171600341795,49.88581848144531,139.4950408935547,103.86096954345705,97.0023956298828,37.78933334350586,29.060752868652344,11.860501289367676,54370.9921875,2074.50390625,25.88169860839844,20.780000686645508,-1.5,,-2.15,,-0.99,
2024-12-16,1058.142333984375,153.257080078125,107.09944915771484,101.79454040527344,46.72731018066406,135.5517120361328,105.83927917480467,93.0551986694336,37.630218505859375,28.412742614746094,11.711625099182127,53886.40234375,2043.3121337890625,26.03867721557617,20.34000015258789,-0.42,,-2.23,,-1.26,
2024-12-17,1048.389892578125,150.86988830566406,107.56509399414062,99.96863555908205,47.09890365600586,139.4950408935547,107.8175811767578,91.96971130371094,37.5307731628418,28.17347717285156,11.592524528503418,52529.546875,2065.0966796875,26.470367431640625,20.82999992370605,-0.26,,-0.84,,-1.02,
2024-12-18,1058.142333984375,153.73451232910156,111.75594329833984,105.44636535644533,49.97871398925781,140.97378540039062,108.8067398071289,91.57500457763672,37.978275299072266,28.711822509765625,11.80095100402832,53207.96875,2161.64306640625,26.117168426513672,20.440000534057617,1.19,,1.91,,1.8,
2024-12-19,1043.513671875,153.73451232910156,112.68724060058594,105.90284729003906,51.18637847900391,139.4950408935547,107.32300567626952,92.56179809570312,38.65450668334961,29.25016975402832,11.929977416992188,51463.453125,2138.372802734375,25.06737518310547,19.299999237060547,1.78,,1.88,,1.09,
2024-12-20,1009.380126953125,150.3924560546875,113.15289306640624,106.35932159423828,50.44320297241211,139.0021209716797,109.79589080810548,90.78556060791016,39.75835418701172,30.08759880065918,12.10862922668457,51366.53125,2160.157470703125,24.655311584472656,19.059999465942383,2.86,,2.86,,1.5,
2024-12-23,1053.2662353515625,153.257080078125,115.9468002319336,105.44636535644533,51.27928161621094,143.4383544921875,116.22537231445312,99.66675567626952,38.813621520996094,29.33989524841309,11.840651512145996,51851.12109375,2246.306396484375,24.792665481567383,19.520000457763672,-2.38,,-2.49,,-2.21,
2024-12-24,1053.2662353515625,157.07656860351562,116.41244506835938,104.07693481445312,51.27928161621094,143.4383544921875,118.69825744628906,100.16015625,39.022457122802734,29.778549194335938,11.9994535446167,52723.37890625,2222.046142578125,25.773780822753903,20.200000762939453,0.54,,1.5,,1.34,
2024-12-27,1063.0186767578125,157.5540008544922,115.9468002319336,105.44636535644533,50.35030364990234,142.9454345703125,123.14944458007812,102.6271514892578,40.22574996948242,30.705699920654297,12.257506370544434,52399.828125,2277.498291015625,25.90132141113281,20.440000534057617,1.3,,-0.32,,-1.83,
2024-12-30,1063.0186767578125,156.12168884277344,109.89334869384766,100.42510986328124,48.39945983886719,139.4950408935547,121.171142578125,100.65355682373048,42.731781005859375,31.573036193847656,12.257506370544434,51911.94140625,2364.14208984375,25.5677433013916,20.299999237060547,6.23,,2.82,,0.0,
2025-01-06,1097.15234375,158.50888061523438,113.61853790283205,106.35932159423828,53.50880813598633,149.3533477783203,137.49215698242188,108.05455017089844,35.462303161621094,26.339111328125,10.470986366271973,54546.5625,2398.3046875,26.028865814208984,20.559999465942383,-1.93,,0.88,,0.0,
2025-01-07,1102.0284423828125,167.10272216796875,114.5498504638672,109.0981903076172,52.9514274597168,151.8179168701172,134.03012084960938,108.05455017089844,37.16282653808594,27.336050033569336,10.798516273498535,54058.671875,2554.7587890625,26.22508811950684,19.8700008392334,4.8,,3.79,,3.13,
2025-01-08,1077.647216796875,163.7606658935547,114.5498504638672,108.64171600341795,53.601707458496094,150.83209228515625,130.56808471679688,105.09415435791016,36.75509643554688,27.066875457763672,10.699264526367188,55912.6640625,2479.50244140625,26.05830192565918,20.01000022888184,-1.1,,-0.98,,-0.92,
2025-01-09,1072.7708740234375,158.50888061523438,111.29029083251952,108.18522644042967,52.3011474609375,143.4383544921875,126.6114730834961,101.1469497680664,37.48105239868164,27.4556827545166,10.7687406539917,54741.72265625,2436.427978515625,25.528499603271484,19.8799991607666,1.98,,1.44,,0.65,
2025-01-14,1063.0186767578125,153.73451232910156,108.03074645996094,101.79454040527344,60.1045150756836,138.5092010498047,124.63317108154295,97.1997528076172,40.37491989135742,28.61212921142578,11.17566967010498,52594.984375,2246.8017578125,24.939836502075195,19.200000762939453,4.37,,5.55,,4.65,
2025-01-15,1038.6375732421875,154.21194458007812,108.03074645996094,98.1427230834961,60.1045150756836,136.5375518798828,129.0843505859375,95.32483673095705,39.76830291748047,28.18344688415528,11.126044273376465,52399.828125,2211.64892578125,24.8319091796875,19.200000762939453,-1.5,,-1.5,,-0.44,
2025-01-16,1077.647216796875,157.5540008544922,108.49639892578124,99.5121612548828,60.19741439819336,139.98794555664062,136.5030059814453,96.41030883789062,39.86774444580078,28.37286376953125,11.086343765258787,52985.3046875,2225.511962890625,24.80248069763184,19.71999931335449,0.25,,0.67,,-0.36,
2025-01-17,1092.276123046875,158.50888061523438,108.03074645996094,101.33807373046876,57.596290588378906,139.98794555664062,131.55723571777344,96.50900268554688,40.16608047485352,28.632068634033203,11.16574478149414,52399.828125,2214.619384765625,24.979080200195312,19.670000076293945,0.75,,0.91,,0.72,
2025-01-20,1092.276123046875,164.2381134033203,108.49639892578124,104.07693481445312,58.52526092529297,139.0021209716797,130.56808471679688,96.41030883789062,41.38926315307617,28.79157829284668,11.304696083068848,52107.08984375,2349.783935546875,25.420578002929688,21.489999771118164,3.05,,0.56,,1.24,
2025-01-22,1106.90478515625,169.01246643066406,108.96204376220705,103.62045288085938,64.0062026977539,137.03045654296875,134.52468872070312,96.80503845214844,40.5837516784668,28.7816104888916,11.344396591186523,52985.3046875,2499.802001953125,26.21527671813965,21.770000457763672,-1.16,,0.17,,0.0,
2025-02-05,1082.523681640625,154.21194458007812,103.37425231933594,92.66498565673828,65.6783447265625,121.25716400146484,125.62232208251952,93.84463500976562,39.370513916015625,28.88130187988281,11.294771194458008,51619.19921875,1881.4114990234373,23.801746368408203,19.290000915527344,1.96,,2.37,,1.07,
2025-02-06,1087.39990234375,153.73451232910156,104.30554962158205,97.22976684570312,71.995361328125,121.75008392333984,133.53553771972656,96.31163787841795,42.04560470581055,29.81842422485352,11.582598686218262,52692.56640625,1821.5035400390625,24.429658889770508,19.64999961853028,6.79,,3.24,,2.55,
2025-02-07,1097.15234375,157.07656860351562,105.70249938964844,99.05567932128906,71.34508514404297,123.22883605957033,134.52468872070312,95.22615814208984,41.687599182128906,30.26704978942871,11.652073860168455,52399.828125,1849.2294921875,24.13532447814941,19.3799991607666,-0.85,,1.5,,0.6,
2025-02-10,1077.647216796875,158.98631286621094,108.03074645996094,98.1427230834961,72.64563751220703,121.75008392333984,135.51385498046875,94.43671417236328,41.29976272583008,30.037750244140625,11.68185043334961,54253.83203125,1838.337158203125,23.870424270629883,19.100000381469727,-0.93,,-0.76,,0.26,
2025-02-12,1072.7708740234375,158.03143310546875,108.03074645996094,98.59920501708984,69.67292785644531,120.2713394165039,126.1168975830078,91.77235412597656,41.23015213012695,30.40662002563477,11.711625099182127,54448.98828125,1807.640380859375,21.19199180603028,20.96999931335449,2.12,,3.64,,2.25,
2025-02-13,1063.0186767578125,162.80580139160156,110.82464599609376,99.96863555908205,69.76582336425781,126.1863250732422,131.55723571777344,95.42350769042967,39.88763427734375,29.559221267700195,11.46349811553955,54448.98828125,1887.8480224609373,21.43726921081543,22.479999542236328,-3.26,,-2.79,,-2.12,
2025-02-14,1033.7613525390625,167.10272216796875,110.35899353027344,102.2510223388672,71.995361328125,124.70758056640624,131.0626678466797,95.6208724975586,40.03680038452149,30.74557876586914,11.52304744720459,54644.14453125,1849.7247314453125,21.77084732055664,24.1299991607666,0.37,,4.01,,0.52,
2025-02-17,1058.142333984375,169.96734619140625,119.2063446044922,104.07693481445312,70.7876968383789,123.22883605957033,131.0626678466797,98.6799545288086,40.2854118347168,30.54619026184082,11.49327278137207,54644.14453125,1813.086669921875,22.084800720214844,23.600000381469727,0.62,,-0.65,,-0.26,
2025-02-19,1063.0186767578125,175.21914672851562,122.46588897705078,104.9898910522461,71.15928649902344,128.15797424316406,142.43789672851562,104.60075378417967,39.84785842895508,30.336833953857425,11.3840970993042,57278.7734375,1836.356689453125,22.457624435424805,27.38999938964844,2.48,,2.87,,2.96,
2025-02-20,1053.2662353515625,171.399658203125,122.9315414428711,102.2510223388672,69.76582336425781,125.6934051513672,142.93247985839844,105.5875473022461,39.12190246582031,29.788516998291016,11.433722496032717,56986.03515625,1794.2724609375,22.29083251953125,25.71999931335449,-1.82,,-1.81,,0.44,
2025-02-21,1067.8948974609375,172.8319549560547,123.8628387451172,105.44636535644533,69.02265167236328,129.63671875,142.93247985839844,105.5875473022461,40.43458557128906,30.78545379638672,11.671924591064451,56790.87890625,1896.2647705078125,22.575359344482425,26.09000015258789,3.36,,3.35,,2.08,
2025-02-25,1028.885009765625,168.5350341796875,122.9315414428711,101.33807373046876,68.27947235107422,127.66506958007812,141.94332885742188,103.61395263671876,39.95724487304688,30.905088424682617,11.612374305725098,55815.0859375,1809.6209716796875,21.535381317138672,24.270000457763672,-1.59,,-1.96,,-0.85,
2025-02-26,1033.7613525390625,167.58016967773438,121.06893920898438,101.33807373046876,66.88601684570312,123.72174835205078,139.470458984375,102.6271514892578,39.85780334472656,31.094507217407227,11.652073860168455,55229.61328125,1852.2003173828125,21.30972480773925,22.989999771118164,-0.25,,0.61,,0.34,
2025-02-27,1014.2562866210938,163.28323364257812,119.2063446044922,98.1427230834961,66.97891235351562,116.32801055908205,134.52468872070312,99.66675567626952,38.88323211669922,30.286985397338867,11.423797607421877,54936.87890625,1973.996826171875,21.721792221069336,23.520000457763672,-2.45,,-2.6,,-1.96,
2025-03-04,975.2464599609376,156.59912109375,117.34375,94.9473876953125,69.02265167236328,111.89177703857422,133.53553771972656,96.21295166015624,37.59043884277344,28.901243209838867,11.05656909942627,53180.45703125,2038.3609619140625,19.887115478515625,22.739999771118164,1.42,,1.97,,1.46,
2025-03-05,994.7513427734376,158.50888061523438,118.2750473022461,94.9473876953125,71.34508514404297,114.35635375976562,135.51385498046875,103.12055206298828,37.51088333129883,28.79157829284668,11.046643257141112,52692.56640625,2075.494140625,20.014657974243164,21.32999992370605,-0.21,,-0.38,,-0.09,
2025-03-06,980.1226196289062,158.50888061523438,118.2750473022461,93.57794952392578,68.74395751953125,111.89177703857422,133.53553771972656,100.16015625,38.1672248840332,29.280078887939453,11.17566967010498,52985.3046875,2071.0380859375,20.32861328125,20.809999465942383,1.75,,1.7,,1.17,
2025-03-07,980.1226196289062,155.1668243408203,118.2750473022461,93.12147521972656,68.37236785888672,110.41303253173828,132.05181884765625,98.08787536621094,37.490997314453125,28.721792221069336,10.997017860412598,52399.828125,2063.1162109375,19.57316017150879,20.75,-1.77,,-1.91,,-1.6,
2025-03-10,973.2958374023438,153.73451232910156,115.9468002319336,94.9473876953125,68.37236785888672,111.39886474609376,131.0626678466797,96.50900268554688,37.19266128540039,28.61212921142578,10.957317352294922,52399.828125,2155.701904296875,20.34823608398437,20.63999938964844,-0.8,,-0.38,,-0.36,
2025-03-11,946.9642944335938,148.96014404296875,115.01549530029295,93.12147521972656,69.02265167236328,107.94845581054688,128.09519958496094,96.9037094116211,37.24238204956055,28.462587356567383,10.957317352294922,52302.25,2066.58203125,19.445613861083984,19.93000030517578,0.13,,-0.52,,0.0,
2025-03-12,963.54345703125,151.82476806640625,117.34375,93.12147521972656,69.30133819580078,110.41303253173828,127.10604858398438,96.9037094116211,37.22249221801758,28.55231285095215,10.967242240905762,53570.7734375,2066.58203125,18.866758346557617,19.780000686645508,-0.05,,0.32,,0.09,
2025-03-13,941.1128540039062,150.3924560546875,114.5498504638672,91.75203704833984,67.81498718261719,105.97679901123048,125.62232208251952,94.73275756835938,36.52637100219727,27.704917907714844,10.729040145874023,53375.6171875,2132.431396484375,19.05316734313965,20.68000030517578,-1.87,,-2.97,,-2.17,
2025-03-14,935.2612915039062,148.00527954101562,114.08419799804688,91.02166748046876,66.97891235351562,104.49805450439452,127.60062408447266,95.42350769042967,37.19266128540039,28.51243782043457,10.957317352294922,53375.6171875,2173.525390625,18.711265563964844,23.700000762939453,1.82,,2.91,,2.13,
2025-03-17,945.9890747070312,150.3924560546875,122.000244140625,90.83908081054688,67.25760650634766,105.97679901123048,127.60062408447266,95.42350769042967,37.11310195922852,28.49249839782715,11.05656909942627,56205.40625,2165.108642578125,19.32216453552246,24.049999237060547,-0.21,,-0.07,,0.91,
2025-03-18,951.3779907226562,153.257080078125,120.13764190673828,91.02166748046876,68.55816650390625,106.46971130371094,127.60062408447266,95.32483673095705,37.30204391479492,28.61212921142578,11.07641887664795,56205.40625,2223.036376953125,19.30245590209961,25.690000534057617,0.51,,0.42,,0.18,
2025-03-19,932.7619018554688,150.86988830566406,119.6719970703125,89.83483123779297,66.5144271850586,103.01930236816406,127.10604858398438,93.9433135986328,36.96393203735352,28.27317237854004,10.977168083190918,57083.61328125,2200.75634765625,19.26304244995117,25.920000076293945,-0.91,,-1.18,,-0.9,
2025-03-21,952.3577880859376,153.73451232910156,125.72543334960938,91.75203704833984,69.20844268798828,108.44136810302734,129.0843505859375,95.32483673095705,36.05897521972656,27.31611061096192,10.7687406539917,60206.13671875,2107.180908203125,19.134950637817383,23.959999084472656,-2.03,,-2.42,,-1.81,
2025-03-24,952.3577880859376,153.257080078125,123.3971939086914,90.01741790771484,67.90788269042969,104.990966796875,125.62232208251952,94.2393569946289,36.3970947265625,27.50552749633789,10.77866554260254,59035.1875,2139.858154296875,19.134950637817383,24.26000022888184,0.94,,0.69,,0.09,
2025-03-25,969.9940795898438,153.257080078125,123.3971939086914,89.19577026367188,67.90788269042969,104.49805450439452,124.63317108154295,93.84463500976562,35.81036376953125,27.05690574645996,10.679414749145508,58352.13671875,2188.378662109375,19.58820152282715,24.21999931335449,-1.61,,-1.63,,-0.92,
2025-03-26,960.196044921875,154.21194458007812,122.9315414428711,89.46964263916016,67.35050201416016,105.48387908935548,123.64401245117188,93.74595642089844,35.72086334228516,26.997089385986328,10.659564018249512,59913.40234375,2209.17333984375,19.400989532470703,24.200000762939453,-0.25,,-0.22,,-0.19,
2025-03-27,938.6406860351562,149.43759155273438,121.06893920898438,86.82207489013672,66.6073226928711,103.01930236816406,118.20368194580078,91.57500457763672,35.85014343261719,27.186508178710938,10.719115257263184,60303.71484375,2129.4609375,19.075834274291992,23.420000076293945,0.36,,0.7,,0.56,
2025-03-28,932.7619018554688,143.70834350585938,120.13764190673828,84.26580047607422,66.97891235351562,97.59722900390624,110.78504180908205,88.7132797241211,35.70097732543945,26.947242736816406,10.600013732910156,59091.45703125,2036.4429931640625,18.05109596252441,23.6200008392334,-0.42,,-0.88,,-1.11,
2025-03-31,891.6106567382812,136.5467987060547,113.61853790283205,80.06620025634766,68.55816650390625,91.1893310546875,99.90436553955078,79.9307632446289,34.8159065246582,26.68803977966309,10.520612716674805,56735.65234375,1984.2137451171875,18.031391143798828,22.709999084472656,-2.48,,-0.96,,-0.75,
2025-04-01,924.9234619140624,142.75347900390625,117.34375,82.89636993408203,68.46526336669922,94.04824829101562,102.3772430419922,81.90436553955078,34.80596160888672,26.74785614013672,10.530536651611328,57717.2421875,2017.541015625,17.7949161529541,22.709999084472656,-0.03,,0.22,,0.09,
2025-04-02,922.9639892578124,142.2760467529297,118.74069213867188,84.08321380615234,68.74395751953125,95.03407287597656,103.86096954345705,82.5951156616211,35.03468704223633,26.797700881958008,10.510686874389648,57717.2421875,2041.4171142578125,17.844181060791016,22.049999237060547,0.66,,0.19,,-0.19,
2025-04-07,830.863525390625,128.43038940429688,107.09944915771484,75.68401336669922,61.86956405639648,85.57009887695312,93.4748764038086,74.4046859741211,30.758527755737305,23.816856384277344,9.329599380493164,52220.35546875,1479.8284912109375,14.661590576171877,19.850000381469727,-10.01,down_limit,-9.98,down_limit,-9.96,down_limit
2025-04-08,799.5101928710938,121.74626922607422,98.25210571289062,68.19778442382812,55.73834609985352,77.09195709228516,84.17684936523438,67.0036849975586,29.833683013916016,22.71025657653809,9.002071380615234,52514.8359375,1680.289306640625,15.144396781921388,19.56999969482422,-3.01,,-4.65,,-3.51,
2025-04-09,769.1365966796875,109.81036376953124,92.19865417480467,65.55020904541016,51.8366584777832,69.40248107910156,75.76905822753906,60.39213180541992,30.907695770263672,23.408111572265625,9.220423698425291,52024.0390625,1571.8515625,14.70100212097168,18.1299991607666,3.6,,3.07,,2.43,
2025-04-10,845.5603637695312,120.79139709472656,101.04600524902344,72.0322036743164,56.94600677490234,76.30329132080078,83.28660583496094,66.41161346435547,31.78281784057617,23.97636604309082,9.458625793457031,55361.4296875,1813.100830078125,17.716087341308594,21.530000686645508,2.83,,2.43,,2.58,
2025-04-11,871.0349731445312,128.43038940429688,101.97730255126952,75.77531433105469,62.61274337768555,77.19054412841797,82.79203033447266,64.63536834716797,33.16511154174805,26.17959976196289,9.96480655670166,54183.52734375,1794.6962890625,15.755297660827637,19.8799991607666,4.35,,9.19,up_touch,5.35,
2025-04-14,847.5199584960938,126.52063751220705,105.70249938964844,77.78382110595703,65.02806854248047,83.4998550415039,87.63887786865234,66.90501403808594,33.16511154174805,26.02009010314941,10.024356842041016,55165.11328125,1801.66015625,16.297224044799805,19.739999771118164,0.0,,-0.61,,0.6,
2025-04-15,859.2774658203125,129.38525390625,107.09944915771484,78.87935638427734,67.81498718261719,87.54176330566406,91.3976593017578,70.65484619140625,32.66788101196289,25.71104049682617,9.895330429077148,55557.74609375,1838.966796875,16.730764389038086,20.309999465942383,-1.5,,-1.19,,-1.29,
2025-04-16,837.7220458984375,127.47550201416016,103.37425231933594,76.68827056884766,66.88601684570312,83.99276733398438,88.23236846923828,68.58256530761719,32.66788101196289,25.69110107421875,9.806004524230955,53692.734375,1746.9437255859375,16.82929801940918,19.850000381469727,0.0,,-0.08,,-0.9,
2025-04-17,829.8837280273438,123.65602111816406,103.83989715576172,74.58847045898438,66.23573303222656,83.4998550415039,87.83671569824219,69.27332305908203,32.61815643310547,25.49171257019043,9.746453285217283,54085.3671875,1804.147216796875,15.912946701049805,19.229999542236328,-0.15,,-0.78,,-0.61,
2025-04-18,832.8231201171875,123.17858123779295,102.90859985351562,75.59271240234375,66.14282989501953,83.99276733398438,88.33129119873047,68.48388671875,32.61815643310547,25.27238845825196,9.706753730773926,54281.69140625,1766.3431396484375,15.735591888427734,18.93000030517578,0.0,,-0.86,,-0.41,
2025-04-22,799.5101928710938,121.74626922607422,101.97730255126952,72.39737701416016,62.24114990234375,79.85228729248047,83.68226623535156,66.70764923095703,32.58832931518555,25.541561126708984,9.845705032348633,53987.2109375,1716.1036376953125,15.656765937805176,18.84000015258789,-1.15,,-0.08,,-0.4,
2025-04-23,855.3582763671875,131.29501342773438,108.49639892578124,75.9579086303711,65.02806854248047,87.54176330566406,91.99114990234376,70.85221099853516,32.92644119262695,25.77085494995117,9.855630874633787,54674.3203125,1776.7890625,15.725737571716309,19.51000022888184,1.04,,0.9,,0.1,
2025-04-24,846.5401611328125,126.52063751220705,106.16814422607422,74.86235809326172,68.74395751953125,85.27435302734375,95.15643310546876,70.65484619140625,32.62810516357422,25.122846603393555,9.696828842163086,54674.3203125,1879.2579345703125,16.159278869628906,20.59000015258789,-0.91,,-2.51,,-1.61,
2025-04-25,870.05517578125,131.29501342773438,103.83989715576172,77.14474487304688,67.16471099853516,91.28791809082033,95.15643310546876,73.1218490600586,32.81705093383789,25.35214233398437,9.76630401611328,54674.3203125,1932.9793701171875,17.134750366210938,21.489999771118164,0.58,,0.91,,0.72,
2025-04-28,878.8733520507812,130.81756591796875,103.83989715576172,80.340087890625,67.81498718261719,93.9496612548828,96.54125213623048,75.09544372558594,32.538604736328125,25.072998046875,9.726603507995604,54772.48046875,1931.4871826171875,17.292400360107422,20.049999237060547,-0.85,,-1.1,,-0.41,
2025-04-30,889.651123046875,129.38525390625,101.04600524902344,79.24454498291016,69.11554718017578,92.56949615478516,97.72823333740234,74.20732116699219,33.24467086791992,25.541561126708984,9.210497856140137,54478.00390625,1965.8092041015625,16.77018165588379,20.34000015258789,1.24,,0.99,,-5.31,
2025-05-07,909.246826171875,129.38525390625,100.1147003173828,79.51842498779297,69.39423370361328,89.61200714111328,97.03582763671876,74.50336456298828,34.04023361206055,25.880517959594727,9.498139381408691,53594.578125,1989.6854248046875,17.223426818847656,19.940000534057617,-0.26,,-0.92,,-0.63,
2025-05-08,899.4489135742188,131.29501342773438,103.37425231933594,81.52693176269531,70.5090103149414,91.28791809082033,99.4097900390625,75.6875228881836,34.08000946044922,26.21947860717773,9.558064460754396,53594.578125,2051.36572265625,17.361373901367188,20.309999465942383,0.12,,1.31,,0.63,
2025-05-09,929.8225708007812,131.29501342773438,106.16814422607422,81.98341369628906,70.97349548339844,92.56949615478516,99.90436553955078,76.37828063964844,33.50322723388672,25.61134529113769,9.378289222717283,53790.8984375,2399.560546875,17.735794067382812,21.0,-1.69,,-2.32,,-1.88,
2025-05-12,937.6608276367188,135.59193420410156,106.63379669189452,85.63523864746094,75.33966064453125,99.5688934326172,105.83927917480467,80.226806640625,33.96067810058594,25.980213165283203,9.51811408996582,56539.33203125,2470.194580078125,17.89344596862793,21.420000076293945,1.37,,1.44,,1.49,
2025-05-13,949.4183349609376,138.45654296875,107.09944915771484,83.6267318725586,73.01722717285156,98.38590240478516,103.86096954345705,80.91756439208984,33.88111877441406,25.76088523864746,9.378289222717283,55852.22265625,2455.769287109375,19.34186744689941,22.18000030517578,-0.23,,-0.84,,-1.47,
2025-05-14,978.8120727539062,143.2309112548828,111.75594329833984,91.75203704833984,73.38882446289062,101.04763793945312,104.85012817382812,81.41096496582031,34.04023361206055,25.860580444335938,9.428226470947266,56343.015625,2540.828125,19.755704879760746,22.559999465942383,0.47,,0.39,,0.53,
2025-05-15,972.933349609375,143.70834350585938,111.29029083251952,89.65223693847656,69.95162963867188,99.5688934326172,104.35555267333984,81.80567932128906,33.284446716308594,25.122846603393555,9.218487739562988,56244.86328125,2540.330810546875,19.79511833190918,21.520000457763672,-2.22,,-2.85,,-2.22,
2025-05-16,977.832275390625,140.36630249023438,110.35899353027344,89.28705596923828,70.13742065429688,100.55472564697266,103.86096954345705,82.29907989501953,33.493282318115234,25.122846603393555,9.138587951660156,55754.0703125,2519.439208984375,19.62761116027832,21.549999237060547,0.63,,0.0,,-0.87,
2025-05-19,964.115234375,135.59193420410156,108.03074645996094,87.27855682373047,69.67292785644531,97.59722900390624,100.89352416992188,80.0294418334961,33.27450180053711,24.24553871154785,9.12860107421875,54772.48046875,2515.957275390625,19.440401077270508,21.65999984741211,-0.65,,-3.49,,-0.11,
2025-05-20,958.2365112304688,137.50167846679688,108.49639892578124,87.3698501586914,69.67292785644531,99.07598114013672,102.87181854248048,80.0294418334961,33.15516662597656,24.434959411621094,9.208501815795898,54870.63671875,2614.944091796875,18.977298736572266,21.3799991607666,-0.36,,0.78,,0.88,
2025-05-21,969.9940795898438,137.97911071777344,110.35899353027344,89.28705596923828,70.04452514648438,101.04763793945312,105.83927917480467,81.5096435546875,32.88666534423828,24.19569396972656,9.118613243103027,54674.3203125,2597.037109375,19.095537185668945,21.270000457763672,-0.81,,-0.98,,-0.98,
2025-05-22,962.1557006835938,138.45654296875,109.89334869384766,88.64798736572266,69.58003234863281,100.55472564697266,102.3772430419922,80.32547760009766,32.707664489746094,23.966398239135746,8.998763084411621,53692.734375,2585.098876953125,18.47478485107422,20.690000534057617,-0.54,,-0.95,,-1.31,
2025-05-23,964.115234375,136.06936645507812,111.29029083251952,88.37409973144531,70.5090103149414,104.49805450439452,104.35555267333984,80.81887817382812,32.449100494384766,23.477895736694336,8.888899803161621,53201.9453125,2586.591064453125,18.435375213623047,20.549999237060547,-0.79,,-2.04,,-1.22,
2025-05-26,956.2769165039062,137.50167846679688,110.35899353027344,87.46115112304688,70.7876968383789,102.52638244628906,103.36639404296876,81.90436553955078,32.60821533203125,23.856733322143555,8.908875465393066,53692.734375,2680.106201171875,18.001832962036133,20.049999237060547,0.49,,1.61,,0.22,
2025-05-28,947.458740234375,135.59193420410156,108.96204376220705,87.0046615600586,69.11554718017578,107.94845581054688,105.3447036743164,80.62152099609375,31.882265090942383,23.23863220214844,8.67916202545166,54870.63671875,2877.58251953125,18.622583389282227,20.549999237060547,-0.9,,-1.1,,-0.91,
2025-05-29,947.458740234375,131.77244567871094,108.96204376220705,88.55668640136719,70.88059997558594,104.49805450439452,103.86096954345705,80.62152099609375,32.508766174316406,23.83679580688477,8.928850173950195,55066.95703125,2959.15966796875,18.208749771118164,20.3700008392334,1.97,,2.57,,2.88,
2025-06-04,969.9940795898438,133.68218994140625,110.35899353027344,89.28705596923828,70.5090103149414,101.54055786132812,103.86096954345705,80.226806640625,32.250213623046875,23.43802070617676,8.779037475585938,56735.65234375,2954.185302734375,18.5930233001709,20.290000915527344,1.25,,1.07,,1.15,
2025-06-05,977.832275390625,133.2047576904297,111.75594329833984,90.65648651123048,70.7876968383789,101.54055786132812,104.85012817382812,80.12812042236328,32.83694076538086,23.8966121673584,8.918863296508789,58011.7109375,2875.5927734375,18.79008674621582,20.25,1.82,,1.96,,1.59,
2025-06-09,984.6908569335938,133.68218994140625,117.34375,93.12147521972656,70.88059997558594,98.58306884765624,102.87181854248048,79.53604125976562,32.77727127075195,23.90658187866211,8.928850173950195,58698.82421875,2855.198486328125,19.060258865356445,20.059999465942383,0.06,,0.46,,0.0,
2025-06-10,1023.8825073242188,136.06936645507812,120.13764190673828,94.49089813232422,74.59648895263672,105.48387908935548,107.8175811767578,82.10171508789062,32.20048904418945,23.428050994873047,8.779037475585938,58109.87109375,2848.732177734375,19.66393280029297,20.479999542236328,-1.76,,-2.0,,-1.68,
2025-06-11,1043.4783935546875,138.93399047851562,121.06893920898438,90.83908081054688,75.43255615234375,107.45553588867188,110.29046630859376,90.29216003417967,32.120933532714844,23.46792793273925,8.818987846374512,58796.984375,2936.2783203125,20.237916946411133,22.07999992370605,-0.25,,0.17,,0.46,
2025-06-12,1028.227294921875,138.45654296875,121.06893920898438,91.2955551147461,75.24676513671875,105.48387908935548,108.8067398071289,89.9961166381836,31.941930770874023,23.25857162475586,8.809000015258789,58404.34765625,2867.63427734375,20.109264373779297,20.68000030517578,-0.56,,-0.89,,-0.11,
2025-06-13,1013.4678955078124,137.0242462158203,120.6032943725586,92.66498565673828,73.48171997070312,101.04763793945312,105.3447036743164,86.34496307373047,31.7231502532959,23.02927589416504,8.72909927368164,57226.4453125,2864.15234375,20.17853736877441,20.770000457763672,-0.68,,-0.99,,-0.91,
2025-06-16,1008.5481567382812,138.45654296875,122.9315414428711,93.57794952392578,74.31779479980469,101.54055786132812,108.8067398071289,86.24627685546875,31.762928009033203,23.228662490844727,8.749074935913086,56146.703125,2965.626220703125,19.68372344970703,20.13999938964844,0.13,,0.87,,0.23,
2025-06-17,1028.227294921875,141.3211669921875,122.9315414428711,94.034423828125,73.85330963134766,100.0618133544922,106.82843017578124,83.97663879394531,31.71320343017578,23.583261489868164,8.878912925720215,57030.125,3030.291015625,20.237916946411133,20.739999771118164,-0.16,,1.33,,1.48,
2025-06-18,1038.0665283203125,141.3211669921875,123.8628387451172,93.57794952392578,73.66751861572266,102.0334701538086,107.8175811767578,83.97663879394531,32.13087844848633,24.042739868164062,8.94882583618164,58698.82421875,3092.468505859375,20.109264373779297,20.799999237060547,1.32,,1.95,,0.79,
2025-06-19,1018.3877563476562,139.4114227294922,121.06893920898438,91.75203704833984,71.995361328125,99.07598114013672,105.3447036743164,82.79248046875,31.772872924804688,23.77304458618164,8.83896255493164,58109.87109375,3078.540771484375,20.14885139465332,21.489999771118164,-1.11,,-1.12,,-1.23,
2025-06-23,1003.6284790039062,140.36630249023438,119.6719970703125,92.2085189819336,70.6948013305664,108.44136810302734,106.33385467529295,82.00304412841797,32.44166946411133,24.41232109069824,8.898887634277344,56931.97265625,2899.966552734375,19.950925827026367,21.07999992370605,3.04,,3.6,,1.71,
2025-06-24,1033.1468505859375,142.75347900390625,123.8628387451172,95.40386199951172,75.40125274658203,109.92011260986328,110.78504180908205,83.68060302734375,32.8409538269043,24.672027587890625,9.068675994873049,59385.9296875,2955.677734375,20.04988670349121,21.190000534057617,1.23,,1.06,,1.91,
2025-06-25,1052.825927734375,146.0955352783203,122.9315414428711,95.40386199951172,77.46031951904297,112.38469696044922,111.27961730957033,84.3713607788086,33.16038131713867,24.96169662475586,9.138587951660156,60171.20703125,3060.13623046875,20.74262809753418,22.549999237060547,0.97,,1.17,,0.77,
2025-06-26,1057.7457275390625,145.6180877685547,122.46588897705078,93.57794952392578,75.40125274658203,112.38469696044922,111.7741928100586,83.68060302734375,32.900840759277344,24.672027587890625,9.038713455200195,59091.45703125,3115.847412109375,20.7921085357666,22.200000762939453,-0.78,,-1.16,,-1.09,
2025-06-27,1062.6654052734375,143.2309112548828,122.9315414428711,95.86033630371094,75.40125274658203,111.39886474609376,111.27961730957033,84.0753173828125,33.539695739746094,25.331279754638672,9.94757843017578,60046.47265625,3176.035400390625,20.960344314575195,22.5,1.94,,2.67,,10.06,up_limit
2025-06-30,1042.986572265625,140.84373474121094,122.46588897705078,93.12147521972656,74.32269287109375,112.38469696044922,110.78504180908205,82.5951156616211,33.62953186035156,25.590984344482425,10.087404251098633,59058.8671875,3157.13330078125,20.93065643310547,22.690000534057617,0.27,,1.03,,1.41,
2025-07-01,1067.5850830078125,138.93399047851562,122.46588897705078,94.034423828125,73.34217834472656,110.41303253173828,110.29046630859376,82.69380950927734,33.909034729003906,25.87066650390625,10.766554832458496,59453.91015625,3181.009521484375,20.77231407165528,22.39999961853028,0.83,,1.09,,6.73,up_touch
2025-07-02,1067.5850830078125,140.21835327148438,123.3971939086914,94.49089813232422,76.2837142944336,110.41303253173828,112.76335144042967,82.89115905761719,33.25021743774414,25.2613582611084,10.09739112854004,60046.47265625,3067.597412109375,21.257232666015625,22.850000381469727,-1.94,,-2.36,,-6.22,
2025-07-03,1072.5050048828125,142.69570922851562,127.12239074707033,98.1427230834961,77.46031951904297,115.3421859741211,123.74031066894533,88.04926300048828,33.46982192993164,25.36124420166016,10.07741641998291,63009.296875,3153.6513671875,22.06872940063477,21.8799991607666,0.66,,0.4,,-0.2,
2025-07-04,1067.5850830078125,145.66854858398438,125.2597885131836,97.68624877929688,76.77397155761719,116.32801055908205,125.73612213134766,88.04926300048828,33.17036056518555,25.06158447265625,9.877665519714355,62515.4921875,3162.107421875,21.99945640563965,22.489999771118164,-0.89,,-1.18,,-1.98,
2025-07-08,1062.6654052734375,141.70477294921875,124.7941436767578,94.9473876953125,74.02853393554688,114.35635375976562,126.23507690429688,87.05097198486328,33.489784240722656,25.201425552368164,9.907628059387209,60639.0390625,3284.970703125,21.217649459838867,22.0,1.82,,1.24,,0.81,
2025-07-09,1072.5050048828125,145.17308044433594,127.12239074707033,96.7732925415039,75.89151000976562,120.76425170898438,138.70889282226562,90.54499053955078,33.12044906616211,24.931730270385746,9.747827529907228,59651.43359375,3200.90625,21.87080383300781,23.59000015258789,-1.1,,-1.07,,-1.61,
2025-07-10,1082.34423828125,148.64137268066406,126.19108581542967,96.29891204833984,74.2246322631836,125.24354553222656,139.70680236816406,90.2455062866211,33.0206298828125,24.88178825378418,9.75781536102295,60243.9921875,3146.6875,21.831218719482425,23.440000534057617,-0.3,,-0.2,,0.1,
2025-07-11,1082.34423828125,148.64137268066406,126.65673828125,97.72205352783205,74.51879119873047,123.7466049194336,144.19737243652344,90.14568328857422,33.44985580444336,25.451141357421875,9.91761589050293,61824.16796875,3091.97119140625,21.662981033325195,23.81999969482422,1.3,,2.29,,1.64,
2025-07-14,1077.4246826171875,147.1549530029297,127.12239074707033,94.40139770507812,74.6168441772461,119.7547836303711,143.19947814941406,90.04584503173828,33.340057373046875,25.730825424194336,9.867677688598633,61725.40625,3084.01220703125,21.6332950592041,23.43000030517578,-0.33,,1.1,,-0.5,
2025-07-15,1092.1839599609375,149.1368408203125,127.12239074707033,98.19642639160156,74.42073822021484,131.73025512695312,157.17015075683594,99.03046417236328,33.57962417602539,25.580995559692383,9.777790069580078,62910.53515625,3200.408935546875,21.09889411926269,23.299999237060547,0.72,,-0.58,,-0.91,
2025-07-16,1111.86279296875,149.63230895996094,128.9849853515625,103.88897705078124,73.24412536621094,135.22311401367188,172.6376953125,102.3248291015625,33.52971649169922,25.88065528869629,9.877665519714355,63898.14453125,3168.07666015625,21.33640480041504,22.920000076293945,-0.15,,1.17,,1.02,
2025-07-17,1111.86279296875,150.12779235839844,129.91629028320312,105.78649139404295,74.42073822021484,133.22718811035156,169.64398193359375,101.3265380859375,33.8990478515625,26.020496368408203,9.907628059387209,65873.3515625,3182.00439453125,21.009824752807617,22.690000534057617,1.1,,0.54,,0.3,
2025-07-18,1136.4615478515625,152.6051483154297,128.9849853515625,103.88897705078124,75.40125274658203,132.72821044921875,170.64187622070312,100.827392578125,33.869102478027344,25.93059730529785,9.977540969848633,66268.390625,3131.267578125,21.41557502746582,22.799999237060547,-0.09,,-0.35,,0.71,
2025-07-22,1111.86279296875,149.63230895996094,127.58804321289062,105.31211853027344,73.6363296508789,128.23741149902344,162.65863037109375,100.3282470703125,34.18852996826172,25.97055435180664,9.98752784729004,65182.03125,3108.385986328125,21.72236061096192,23.26000022888184,0.53,,0.62,,0.1,
2025-07-23,1126.6220703125,152.1096649169922,129.4506378173828,105.78649139404295,74.1265869140625,131.2312774658203,171.14083862304688,102.823974609375,33.95894241333008,25.85068893432617,10.267178535461426,65577.0703125,3056.15673828125,21.286924362182617,23.239999771118164,-0.67,,-0.46,,2.8,
2025-07-24,1126.6220703125,154.091552734375,129.4506378173828,108.6327667236328,74.2246322631836,132.22923278808594,174.6334991455078,102.823974609375,34.63772201538086,26.350122451782227,10.287154197692873,65182.03125,3109.878173828125,21.29682159423828,23.489999771118164,2.0,,1.93,,0.19,
2025-07-25,1126.6220703125,152.1096649169922,130.38194274902344,106.26087188720705,73.6363296508789,130.7322998046875,180.12197875976562,99.8291015625,34.75750732421875,26.539907455444336,10.377041816711426,65083.2734375,3117.837158203125,20.92076110839844,22.6299991607666,0.35,,0.72,,0.87,
2025-07-28,1126.6220703125,153.10061645507812,131.313232421875,109.10714721679688,73.6363296508789,132.72821044921875,184.1136016845703,99.8291015625,34.94716262817383,27.468854904174805,10.327104568481444,69527.4921875,3163.599853515625,20.940553665161133,20.700000762939453,0.55,,3.5,,-0.48,
2025-07-29,1116.78271484375,152.1096649169922,129.4506378173828,109.10714721679688,73.24412536621094,139.7139129638672,176.6293182373047,105.81884765625,35.73574447631836,27.818458557128903,10.197266578674316,69725.0234375,3099.432373046875,21.009824752807617,20.68000030517578,2.26,,1.27,,-1.26,
2025-07-30,1136.4615478515625,150.62326049804688,129.4506378173828,108.6327667236328,73.34217834472656,141.70982360839844,179.62303161621094,104.820556640625,35.47621536254883,27.84842300415039,10.087404251098633,71700.234375,3152.158935546875,24.81989860534668,20.40999984741211,-0.73,,0.11,,-1.08,
2025-07-31,1141.38134765625,151.1187286376953,123.56652069091795,111.9534149169922,74.02853393554688,137.21902465820312,177.12826538085938,102.823974609375,35.007057189941406,28.088153839111328,10.007503509521484,70515.1015625,3213.342041015625,23.691722869873047,20.34000015258789,-1.32,,0.86,,-0.79,
2025-08-04,1116.78271484375,146.1640167236328,120.13411712646484,111.47904205322266,74.02853393554688,134.72413635253906,176.13035583496094,101.3265380859375,34.657684326171875,27.07929801940918,10.07741641998291,68836.171875,3262.586669921875,21.52443504333496,19.309999465942383,0.52,,-0.07,,1.82,
2025-08-05,1131.5419921875,145.17308044433594,120.13411712646484,112.42779541015624,73.04802703857422,135.22311401367188,177.12826538085938,101.3265380859375,34.67765426635742,27.199159622192383,10.157316207885742,69033.6953125,3423.25390625,22.11821174621582,19.5,0.06,,0.44,,0.79,
2025-08-06,1106.9429931640625,143.68666076660156,117.68240356445312,110.05590057373048,70.59674835205078,133.72616577148438,173.63558959960938,100.827392578125,34.89725112915039,27.69859313964844,10.167304039001465,67947.328125,3370.527099609375,21.94007873535156,20.190000534057617,0.63,,1.84,,0.1,
2025-08-07,1161.060302734375,146.65948486328125,119.6437759399414,115.2740707397461,70.98895263671875,135.7220916748047,172.13873291015625,101.3265380859375,35.11685943603516,27.518796920776367,10.217241287231444,69626.2578125,3320.784912109375,21.979665756225582,20.40999984741211,0.63,,-0.65,,0.49,
2025-08-08,1156.1405029296875,147.6504364013672,119.6437759399414,126.65916442871094,71.67530822753906,136.7200469970703,168.14710998535156,101.3265380859375,34.537899017333984,26.7696475982666,9.997515678405762,70910.1484375,3284.970703125,22.63282012939453,19.770000457763672,-1.65,,-2.72,,-2.15,
2025-08-12,1161.060302734375,146.65948486328125,119.15342712402344,133.7748565673828,71.87141418457031,138.21697998046875,176.6293182373047,103.3231201171875,35.03700256347656,28.667495727539062,10.177290916442873,70218.8203125,3318.2978515625,22.90991401672364,20.64999961853028,0.95,,4.55,,0.99,
2025-08-13,1180.7392578125,147.1549530029297,120.62445831298828,132.82608032226562,71.2831039428711,137.71800231933594,172.13873291015625,102.823974609375,35.506160736083984,28.557621002197266,10.197266578674316,71008.90625,3301.8828125,24.10736656188965,21.809999465942383,1.34,,-0.38,,0.2,
2025-08-14,1156.1405029296875,146.65948486328125,121.11479949951172,132.35171508789062,71.87141418457031,137.71800231933594,170.64187622070312,102.823974609375,35.21668243408203,28.51766586303711,10.09739112854004,70712.6328125,3307.3544921875,24.701143264770508,22.21999931335449,-0.82,,-0.14,,-0.98,
2025-08-18,1161.060302734375,149.1368408203125,119.6437759399414,133.7748565673828,73.34217834472656,141.70982360839844,182.6167449951172,111.3094482421875,36.833778381347656,29.51653289794922,10.656692504882812,69132.453125,3466.031982421875,23.51358985900879,24.559999465942383,2.9,,3.11,,3.29,
2025-08-19,1165.9801025390625,147.1549530029297,117.68240356445312,129.97982788085938,72.16556549072266,138.71595764160156,179.62303161621094,108.3145751953125,36.26479721069336,28.76738166809082,10.796518325805664,69132.453125,3489.410888671875,23.800580978393555,23.65999984741211,-1.54,,-2.54,,1.31,
2025-08-20,1116.78271484375,143.68666076660156,114.25,120.96662139892578,69.12598419189453,133.22718811035156,166.65025329589844,102.3248291015625,37.63233947753906,29.266815185546875,10.876419067382812,69626.2578125,3348.640625,23.493797302246094,25.309999465942383,3.77,,1.74,,0.74,
2025-08-21,1131.5419921875,142.69570922851562,117.19205474853516,126.18478393554688,70.20454406738281,133.22718811035156,168.6460723876953,104.820556640625,36.514347076416016,28.837305068969727,10.77654266357422,69725.0234375,3382.962646484375,22.76147079467773,23.540000915527344,-2.97,,-1.47,,-0.92,
2025-08-22,1116.78271484375,142.2002410888672,114.74034118652344,124.76165008544922,70.0084457397461,134.72413635253906,172.13873291015625,104.820556640625,38.770294189453125,30.195762634277344,11.255945205688477,70515.1015625,3510.7998046875,22.96929168701172,23.5,6.18,,4.71,,4.45,
2025-08-25,1151.220703125,147.1549530029297,116.21137237548828,128.5566864013672,69.91039276123047,139.7139129638672,185.6104736328125,107.3162841796875,38.93000411987305,29.98600196838379,11.385782241821287,70613.859375,3591.382080078125,23.84016799926757,24.799999237060547,0.41,,-0.69,,1.15,
2025-08-26,1156.1405029296875,147.6504364013672,116.21137237548828,132.35171508789062,69.81233978271484,141.70982360839844,186.60836791992188,113.80517578125,38.92002487182617,29.85614776611328,11.665432929992676,69428.734375,3680.91796875,23.89954376220703,24.549999237060547,-0.03,,-0.43,,2.46,
2025-08-27,1170.89990234375,149.1368408203125,117.19205474853516,131.87733459472656,72.9499740600586,151.68939208984375,205.0696258544922,114.3043212890625,38.530723571777344,29.466588973999023,11.355819702148438,69725.0234375,3648.585693359375,24.10736656188965,24.350000381469727,-1.0,,-1.3,,-2.65,
2025-08-28,1141.38134765625,146.1640167236328,116.21137237548828,134.72360229492188,72.55776977539062,149.6934814453125,225.52670288085932,113.3060302734375,40.107887268066406,30.04593276977539,11.585533142089844,68737.4140625,3723.198974609375,24.325084686279297,24.850000381469727,4.09,,1.97,,2.02,
2025-08-29,1141.38134765625,149.63230895996094,116.70171356201172,148.00621032714844,72.8519287109375,144.2047119140625,219.5392608642578,113.3060302734375,39.82838821411133,33.05252456665039,11.825233459472656,68836.171875,3602.325439453125,24.40425491333008,24.93000030517578,-0.7,,10.01,up_limit,2.07,
2025-09-01,1146.3011474609375,154.58702087402344,116.70171356201172,150.37811279296875,71.57726287841797,134.22515869140625,200.5790557861328,105.3197021484375,41.076148986816406,34.84049606323242,11.88515853881836,66762.1953125,3486.923583984375,23.93913078308105,24.350000381469727,3.13,,5.41,,0.51,
2025-09-03,1141.38134765625,155.57797241210938,117.19205474853516,145.6343231201172,73.04802703857422,132.22923278808594,190.10104370117188,103.822265625,38.28116607666016,35.31995391845703,11.026230812072754,68934.9375,3471.006103515625,23.652137756347656,24.209999084472656,-1.72,,3.57,,-1.95,
2025-09-04,1141.38134765625,152.6051483154297,117.68240356445312,143.26242065429688,73.24412536621094,133.22718811035156,185.11151123046875,102.823974609375,36.184940338134766,31.78396224975586,10.626730918884276,69231.2109375,3466.031982421875,23.63525390625,24.0,-5.48,,-10.01,down_limit,-3.62,
2025-09-05,1161.060302734375,154.58702087402344,118.17274475097656,151.80123901367188,79.12718963623047,133.72616577148438,187.1073303222656,102.823974609375,37.1132698059082,32.173519134521484,10.946331024169922,68638.6484375,3588.3974609375,24.121864318847656,24.61000061035156,2.57,,1.23,,3.01,
2025-09-08,1161.060302734375,169.94664001464844,124.0568618774414,160.34005737304688,81.67652130126953,133.22718811035156,185.6104736328125,103.3231201171875,37.56246566772461,32.93266296386719,10.946331024169922,69231.2109375,3614.7607421875,24.46944046020508,24.489999771118164,1.21,,2.36,,0.0,
2025-09-09,1180.7392578125,165.48739624023438,123.56652069091795,161.76319885253906,84.22584533691406,134.72413635253906,183.6146545410156,103.822265625,36.54429626464844,31.17465209960937,10.686655044555664,70613.859375,3580.43896484375,24.658126831054688,24.479999542236328,-2.71,,-5.34,,-2.37,
2025-09-10,1205.3380126953125,167.4692840576172,124.54720306396484,163.6607208251953,85.59856414794922,141.21084594726562,184.6125640869141,105.81884765625,36.5343132019043,31.3944034576416,10.64670467376709,71700.234375,3889.8349609375,24.69784927368164,24.440000534057617,-0.03,,0.7,,-0.37,
2025-09-11,1220.0972900390625,164.99192810058594,126.9989242553711,157.49380493164062,83.53948211669922,142.20880126953125,179.12408447265625,104.3214111328125,37.98170852661133,32.86273956298828,11.07616901397705,72490.3125,4209.67724609375,24.6184024810791,24.770000457763672,3.96,,4.68,,4.03,
2025-09-12,1239.7762451171875,165.48739624023438,139.25750732421875,157.49380493164062,82.75508117675781,144.2047119140625,183.6146545410156,105.3197021484375,37.81201553344727,33.07250213623047,11.186031341552734,74465.53125,4171.873046875,25.204317092895508,24.61000061035156,-0.45,,0.64,,0.99,
2025-09-16,1264.4930419921875,167.96475219726562,145.63197326660156,157.49380493164062,83.73558807373047,151.68939208984375,196.0884704589844,110.3111572265625,38.63054275512695,33.42210388183594,11.235969543457031,78415.953125,4181.8212890625,25.502243041992188,24.770000457763672,2.33,,1.55,,1.53,
2025-09-17,1249.6749267578125,167.4692840576172,142.19956970214844,156.54502868652344,81.87261962890625,147.19859313964844,193.09475708007807,107.8154296875,38.700416564941406,33.71177673339844,11.176043510437012,77230.8203125,3948.53076171875,26.852828979492188,25.270000457763672,0.18,,0.87,,-0.53,
2025-09-18,1269.4326171875,168.46022033691406,146.61265563964844,158.9169158935547,83.14728546142578,148.19654846191406,199.5811462402344,109.81201171875,39.05976867675781,34.800540924072266,11.255945205688477,79304.796875,3960.46875,26.43573570251465,24.89999961853028,0.93,,3.23,,0.71,
2025-09-22,1279.311279296875,170.9375762939453,148.08367919921875,162.23757934570312,86.08881378173828,158.1761016845703,235.00680541992188,113.3060302734375,39.58881759643555,34.920406341552734,11.395770072937012,82465.140625,4489.72509765625,28.1140365600586,29.57999992370605,2.4,,1.69,,1.42,
2025-09-24,1323.7664794921875,170.44210815429688,148.08367919921875,157.49380493164062,84.71610260009766,156.67916870117188,220.0382080078125,110.3111572265625,41.12605667114258,37.67728042602539,11.765308380126951,84341.5859375,4388.25146484375,29.375244140625,29.34000015258789,5.1,,10.0,up_limit,4.16,
2025-09-25,1304.008544921875,170.44210815429688,147.5933380126953,157.49380493164062,83.3433837890625,156.67916870117188,228.5204162597656,110.810302734375,42.74314498901367,38.75605773925781,11.765308380126951,85032.9140625,4556.37939453125,29.156768798828125,31.21999931335449,3.93,,2.86,,0.0,
2025-09-26,1284.2508544921875,164.0009765625,137.29612731933594,147.53184509277344,83.2453384399414,148.69552612304688,218.54135131835932,104.820556640625,41.28474807739258,37.66728973388672,11.765308380126951,82267.6171875,4455.40283203125,28.958152770996094,33.9900016784668,-3.48,,-2.81,,0.0,
2025-09-30,1289.1903076171875,162.5145721435547,143.1802520751953,155.59628295898438,83.3433837890625,151.19041442871094,225.52670288085932,107.3162841796875,44.041725158691406,40.12450408935547,11.765308380126951,83229.875,4483.8515625,28.322582244873047,34.47999954223633,7.83,up_touch,5.21,,0.0,
2025-10-14,1407.7364501953125,167.96475219726562,144.65127563476562,153.22438049316406,75.79345703125,145.70164489746094,255.4638671875,122.2906494140625,40.745338439941406,42.23211288452149,11.765308380126951,90868.375,4880.13134765625,30.24915313720703,37.220001220703125,-6.47,,-9.99,down_limit,0.0,
2025-10-15,1447.251953125,176.38775634765625,147.10299682617188,157.49380493164062,78.53887939453125,158.1761016845703,280.91046142578125,134.2701416015625,41.87409973144531,42.431888580322266,11.765308380126951,94241.21875,5095.7392578125,29.70296096801757,35.630001068115234,2.77,,0.47,,0.0,
2025-10-16,1467.009765625,189.76548767089844,152.98712158203125,171.2507781982422,80.69600677490234,165.16180419921875,280.91046142578125,147.2479248046875,41.67432022094727,42.77150344848633,11.765308380126951,96919.65625,5215.52197265625,31.06347846984864,37.150001525878906,-0.48,,0.8,,0.0,
2025-10-17,1432.43359375,194.2247314453125,150.535400390625,166.03262329101562,79.81355285644531,160.17202758789062,279.9125671386719,150.741943359375,39.45674896240234,38.72609329223633,12.94383716583252,97118.0546875,5020.87548828125,31.28195571899414,36.84000015258789,-5.32,,-9.46,near_down,10.02,up_limit
2025-10-20,1462.0701904296875,198.18849182128903,152.98712158203125,168.87887573242188,82.95117950439453,159.67303466796875,276.9188537597656,150.741943359375,39.54664993286133,39.22552490234375,12.634222984313965,97316.453125,5093.244140625,31.07340812683105,37.0099983215332,0.23,,1.29,,-2.39,
2025-10-21,1462.0701904296875,193.23377990722656,149.0643768310547,174.57144165039062,82.46092224121094,159.67303466796875,272.9272155761719,149.74365234375,40.45565414428711,40.54402923583984,13.073675155639648,96721.2421875,4990.93017578125,32.05655670166016,38.09999847412109,2.3,,3.36,,3.48,
2025-10-22,1442.3125,191.2518920898437,148.57403564453125,167.45574951171875,82.75508117675781,158.67507934570312,274.92303466796875,146.2496337890625,39.88628005981445,40.32427978515625,12.254697799682615,97812.4609375,5073.2802734375,31.92745780944824,38.119998931884766,-1.41,,-0.54,,-6.26,
2025-10-23,1432.43359375,194.2247314453125,147.10299682617188,166.03262329101562,82.26482391357422,155.68121337890625,271.9293212890625,144.752197265625,39.78639221191406,39.66502380371094,11.755321502685549,95729.2421875,4823.73388671875,30.55701065063477,36.91999816894531,-0.25,,-1.63,,-4.07,
2025-10-27,1462.0701904296875,200.6658477783203,157.40020751953125,178.36647033691406,84.42194366455078,163.1658935546875,277.916748046875,148.2462158203125,42.04391479492188,43.890235900878906,12.454447746276855,101185.3046875,5417.654296875,32.54316329956055,38.27999877929688,2.78,,4.92,,4.53,
2025-10-28,1457.1307373046875,201.16131591796875,173.09120178222656,178.84083557128906,85.99076080322266,162.16793823242188,275.4219970703125,137.2650146484375,41.84413146972656,44.09000778198242,12.544336318969728,98705.2734375,6306.0400390625,32.95032501220703,39.540000915527344,-0.48,,0.46,,0.72,
2025-10-29,1486.767333984375,218.998291015625,178.48497009277344,196.39285278320312,87.06932830810547,165.66078186035156,289.8916015625,138.762451171875,41.75423049926758,44.54948806762695,12.62423610687256,99697.2890625,6775.1875,31.937387466430664,41.52999877929688,-0.21,,1.04,,0.64,
2025-10-30,1486.767333984375,222.9620513916016,173.58154296875,192.5978240966797,86.6771240234375,159.67303466796875,281.409423828125,137.2650146484375,41.55445098876953,44.62939834594727,12.254697799682615,103268.53125,6785.16943359375,32.46371841430664,41.34000015258789,-0.48,,0.18,,-2.93,
2025-10-31,1481.827880859375,245.25827026367188,169.65879821777344,205.8804473876953,91.67772674560548,163.1658935546875,289.8916015625,136.2667236328125,39.97618103027344,42.40192413330078,12.044960021972656,106641.375,7294.244140625,31.69904899597168,40.15999984741211,-3.8,,-4.99,,-1.71,
2025-11-04,1486.767333984375,236.8352508544922,170.6394805908203,203.0341644287109,91.08941650390624,168.15567016601562,279.4136047363281,134.2701416015625,39.776397705078125,40.83370208740234,11.99502182006836,104062.140625,7164.47998046875,37.57807159423828,39.5,0.94,,-2.06,,-1.96,
2025-11-05,1442.3125,232.87147521972656,169.16845703125,209.2010955810547,90.30500793457033,162.40084838867188,271.43035888671875,132.2735595703125,38.83742904663086,40.11451721191406,11.825233459472656,99796.4921875,6737.75537109375,35.00599670410156,37.02999877929688,-2.36,,-1.76,,-1.42,
2025-11-06,1447.251953125,231.8805389404297,166.71673583984375,206.3548126220703,89.81475067138672,163.88623046875,272.4282531738281,129.77783203125,39.64654159545898,41.57286071777344,11.945083618164062,98407.671875,6914.93359375,36.2969970703125,38.380001068115234,2.08,,3.64,,1.01,
2025-11-07,1442.3125,226.43035888671875,166.71673583984375,202.55978393554688,86.7751693725586,159.92523193359375,272.4282531738281,127.78125,38.877384185791016,40.13449478149414,12.184783935546877,97118.0546875,6398.3720703125,34.90668869018555,37.2400016784668,-1.94,,-3.46,,2.01,
2025-11-10,1457.1307373046875,226.43035888671875,168.6781005859375,205.8804473876953,87.75568389892578,162.89598083496094,289.8916015625,127.78125,39.14708709716797,40.094539642333984,12.084909439086914,99796.4921875,6505.67724609375,34.539249420166016,38.130001068115234,0.69,,-0.1,,-0.82,
2025-11-11,1447.251953125,225.9348907470703,166.2263946533203,202.08541870117188,87.85372924804688,164.87648010253906,288.3947448730469,127.78125,38.47782516479492,38.75605773925781,11.905134201049805,102673.328125,6675.36865234375,34.966270446777344,38.45000076293945,-1.71,,-3.34,,-1.49,
2025-11-12,1457.1307373046875,224.9439392089844,164.75535583496094,199.7135162353516,87.55958557128906,165.86671447753906,283.9041748046875,131.2752685546875,37.64873123168945,38.78602600097656,11.685407638549805,102276.5234375,6840.0693359375,34.022850036621094,37.880001068115234,-2.15,,0.08,,-1.85,
2025-11-13,1442.3125,229.40318298339844,166.71673583984375,204.45730590820312,88.83424377441406,176.7594757080078,291.38848876953125,144.2530517578125,38.1981315612793,39.255489349365234,11.805257797241213,101978.921875,6797.646484375,34.23139572143555,37.88999938964844,1.46,,1.21,,1.03,
2025-11-14,1412.676025390625,220.4846954345703,157.40020751953125,197.8159942626953,86.7751693725586,171.1495361328125,281.9083557128906,136.765869140625,37.00942993164063,37.73720932006836,11.395770072937012,96423.6484375,6221.1943359375,31.72884178161621,35.90999984741211,-3.11,,-3.87,,-3.47,
2025-11-17,1427.494140625,218.00733947753903,161.3229522705078,202.55978393554688,85.69660949707031,167.15771484375,271.9293212890625,141.2581787109375,37.03940200805664,37.50747299194336,11.375795364379885,99796.4921875,6620.46875,31.46071052551269,35.52000045776367,0.08,,-0.61,,-0.18,
2025-11-18,1387.9788818359375,213.05262756347656,157.40020751953125,187.85403442382807,86.1868667602539,169.65260314941406,264.9439697265625,145.2513427734375,37.12929916381836,37.7472038269043,11.285906791687012,97018.8515625,6058.98876953125,30.676177978515625,34.709999084472656,0.24,,0.64,,-0.79,
2025-11-19,1378.099853515625,207.6024475097656,151.02574157714844,186.430892944336,85.59856414794922,160.17202758789062,250.47433471679688,134.2701416015625,36.5499382019043,37.26774597167969,11.09614372253418,95729.2421875,5809.4423828125,30.477563858032227,34.33000183105469,-1.56,,-1.27,,-1.68,
2025-11-20,1437.373046875,220.4846954345703,155.4388427734375,200.6622772216797,89.42254638671875,171.1495361328125,268.4366455078125,139.2615966796875,36.080448150634766,36.71836471557617,11.016243934631348,99796.4921875,6256.130859375,31.212438583374023,35.11000061035156,-1.28,,-1.47,,-0.72,
2025-11-21,1368.22119140625,207.1069793701172,148.08367919921875,194.02096557617188,84.5199966430664,159.67303466796875,249.4764404296875,128.779541015625,34.81184005737305,35.210079193115234,10.606755256652832,94042.8203125,5654.7236328125,29.98102378845215,33.619998931884766,-3.52,,-4.11,,-3.72,
2025-11-25,1397.857666015625,210.07980346679688,149.0643768310547,194.495346069336,85.40245819091797,175.64035034179688,249.4764404296875,137.2650146484375,35.47111892700195,35.92926406860352,10.816493034362791,98506.8671875,5654.7236328125,32.91060256958008,35.790000915527344,1.31,,1.87,,0.74,
2025-11-26,1422.5548095703125,215.5299835205078,151.51608276367188,201.1366424560547,86.7751693725586,178.13523864746094,256.4617614746094,137.76416015625,35.760799407958984,36.08908081054688,10.73659324645996,101978.921875,5442.60888671875,33.56603240966797,35.83000183105469,0.82,,0.44,,-0.74,
2025-11-27,1417.615478515625,228.4122467041016,152.4967803955078,210.62423706054688,89.91280364990234,186.6178741455078,259.9544372558594,140.759033203125,35.71085739135742,36.31882095336914,10.856443405151367,102673.328125,5714.61474609375,34.678279876708984,36.810001373291016,-0.14,,0.64,,1.12,
2025-12-01,1392.918212890625,222.46658325195312,150.535400390625,206.3548126220703,85.89270782470703,196.5974273681641,265.9418640136719,141.2581787109375,37.05937576293945,37.44754409790039,11.245957374572754,99994.890625,5649.73291015625,36.13810348510742,40.560001373291016,3.31,,2.4,,3.21,
2025-12-02,1412.676025390625,226.43035888671875,152.4967803955078,214.8936309814453,84.81414794921875,195.59947204589844,261.4512939453125,140.759033203125,36.42007827758789,36.72835540771485,11.156068801879885,102574.125,5574.86865234375,37.478763580322266,40.0099983215332,-1.73,,-1.92,,-0.8,
2025-12-03,1432.43359375,226.9258270263672,155.4388427734375,214.4192657470703,85.89270782470703,196.09844970703125,268.4366455078125,147.7470703125,36.569915771484375,36.37874984741211,11.026230812072754,103665.34375,5891.79296875,40.36862182617188,43.470001220703125,0.41,,-0.95,,-1.16,
2025-12-04,1427.494140625,225.9348907470703,152.98712158203125,209.2010955810547,84.91220092773438,198.0943756103516,257.9586181640625,147.7470703125,36.949501037597656,36.708377838134766,11.106131553649902,104260.5390625,5934.2158203125,43.716251373291016,43.7599983215332,1.04,,0.91,,0.72,
2025-12-05,1442.3125,228.90771484375,153.96780395507812,210.1498413085937,87.4615249633789,214.56065368652344,269.4345397949219,156.731689453125,36.69977188110352,36.548561096191406,11.09614372253418,107534.1875,6340.9765625,42.96989822387695,40.5,-0.68,,-0.44,,-0.09,
2025-12-08,1476.888427734375,235.3488311767578,156.9098663330078,216.3167724609375,90.01085662841797,220.0494079589844,269.4345397949219,155.7333984375,37.23917770385742,37.58738327026367,11.186031341552734,108625.3984375,6358.44482421875,43.0196533203125,41.40999984741211,1.47,,2.84,,0.81,
2025-12-09,1462.0701904296875,237.82620239257807,157.40020751953125,216.7911529541016,90.20695495605467,225.5381774902344,283.4052124023437,159.2274169921875,36.85960006713867,37.60736083984375,11.036218643188477,107534.1875,6453.2724609375,44.49245834350586,40.29999923706055,-1.02,,0.05,,-1.34,
2025-12-10,1486.767333984375,242.28543090820312,155.92918395996094,217.2655334472656,92.4621353149414,227.0351104736328,279.4136047363281,152.2393798828125,37.14927673339844,37.577392578125,11.026230812072754,107137.375,6293.5625,44.3929443359375,40.5,0.79,,-0.08,,-0.09,
2025-12-11,1457.031982421875,242.28543090820312,158.87124633789062,210.1498413085937,92.85433197021484,224.54022216796875,277.41778564453125,151.2410888671875,36.37013244628906,36.66842269897461,10.846455574035645,106442.96875,6328.4990234375,46.62204360961914,40.77999877929688,-2.1,,-2.42,,-1.63,
2025-12-12,1466.9437255859375,241.29449462890625,158.87124633789062,218.2142944335937,92.56018829345705,224.54022216796875,270.931396484375,151.2410888671875,36.77968597412109,37.13789367675781,10.99626922607422,108030.1953125,6365.93115234375,46.81112289428711,39.5099983215332,1.13,,1.28,,1.38,
2025-12-15,1437.2083740234375,231.8805389404297,155.92918395996094,210.1498413085937,91.08941650390624,221.04736328125,265.44293212890625,145.75048828125,36.00053787231445,36.39872741699219,10.77654266357422,103962.9453125,5934.2158203125,44.09440231323242,37.810001373291016,-2.12,,-1.99,,-2.0,
2025-12-16,1422.3408203125,226.9258270263672,152.4967803955078,204.93167114257807,87.85372924804688,213.5626983642578,248.47853088378903,138.2633056640625,35.34126281738281,35.25003433227539,10.526854515075684,101978.921875,5677.1826171875,43.69634628295898,37.5099983215332,-1.83,,-3.16,,-2.32,
2025-12-17,1417.3848876953125,226.43035888671875,158.87124633789062,203.98292541503903,88.93228912353516,211.56678771972656,242.99005126953125,135.767578125,35.89065933227539,36.2489013671875,10.716617584228516,107038.1796875,5819.42431640625,40.08401107788086,37.310001373291016,1.55,,2.83,,1.8,
2025-12-18,1417.3848876953125,219.98922729492188,158.38088989257812,197.8159942626953,87.26542663574219,206.57699584960932,234.00889587402344,131.7744140625,35.630943298339844,35.709510803222656,10.67666721343994,106740.578125,5567.38232421875,38.68087005615234,36.04999923706055,-0.72,,-1.49,,-0.37,
2025-12-19,1417.3848876953125,227.4212951660156,155.92918395996094,204.45730590820312,88.73619079589844,214.56065368652344,238.99842834472656,134.769287109375,35.72084426879883,35.729488372802734,10.686655044555664,105450.9609375,5814.43359375,39.10877990722656,36.27999877929688,0.25,,0.06,,0.09,
2025-12-22,1452.0760498046875,229.89865112304688,168.6781005859375,209.67547607421875,90.7952651977539,220.0494079589844,243.488998413086,143.75390625,36.74971771240234,37.14788055419922,10.896392822265623,109617.4140625,6113.88916015625,40.193477630615234,36.81999969482422,2.88,,3.97,,1.96,
2025-12-23,1476.85546875,232.37600708007807,160.83261108398438,208.7266998291016,89.03034973144531,215.05963134765625,238.4994659423828,142.2564697265625,36.58989334106445,37.42756652832031,10.926355361938477,110609.4296875,6276.09423828125,40.59152603149414,36.369998931884766,-0.43,,0.75,,0.27,
2025-12-24,1481.8114013671875,232.37600708007807,161.3229522705078,207.7779541015625,91.28551483154295,216.5565643310547,238.4994659423828,143.75390625,37.07935333251953,37.6872673034668,11.106131553649902,110212.625,6622.9638671875,40.66119003295898,36.34999847412109,1.34,,0.69,,1.65,
2025-12-29,1516.502685546875,248.7265625,173.09120178222656,232.44564819335932,109.81716918945312,220.0494079589844,239.996322631836,150.2427978515625,36.57990264892578,37.357643127441406,11.016243934631348,119121.796875,6613.98046875,40.39250564575195,36.20000076293945,-0.49,,-0.29,,-0.54,
2025-12-30,1506.5908203125,246.7446746826172,171.6201629638672,231.0225067138672,111.28793334960938,219.05145263671875,239.996322631836,147.7470703125,37.05937576293945,38.24663543701172,11.036218643188477,119520.53125,6718.7900390625,39.89493560791016,36.68000030517578,1.31,,2.38,,0.18,
2026-01-05,1655.267578125,261.11334228515625,197.60836791992188,249.52330017089844,123.0540542602539,229.52999877929688,240.9942321777344,167.712890625,38.317996978759766,39.49522018432617,11.225981712341309,137662.9375,7145.01513671875,42.71116638183594,39.380001068115234,4.3,,4.88,,2.46,
2026-01-06,1689.9588623046875,269.0408935546875,200.06007385253903,253.31832885742188,123.5443115234375,230.0289764404297,243.98794555664065,169.2103271484375,38.397911071777344,39.92473220825195,11.355819702148438,138460.390625,6999.2802734375,47.89581680297852,39.369998931884766,0.21,,1.09,,1.16,
2026-01-07,1660.2235107421875,272.5091857910156,201.53111267089844,252.8439483642578,124.52482604980467,225.5381774902344,240.9942321777344,174.700927734375,39.03721237182617,40.034610748291016,11.43571949005127,140553.75,7208.8994140625,51.04043960571289,40.040000915527344,1.66,,0.28,,0.7,
2026-01-08,1670.1353759765625,271.02276611328125,199.0793914794922,249.52330017089844,118.64176177978516,227.0351104736328,236.503662109375,165.71630859375,38.93732070922852,39.95469665527344,11.495645523071287,138360.71875,6838.572265625,52.46348571777344,42.630001068115234,-0.26,,-0.2,,0.52,
2026-01-09,1665.1793212890625,269.5363464355469,196.1373291015625,249.99766540527344,122.56380462646484,225.0391998291016,239.996322631836,168.2120361328125,41.134910583496094,41.78262710571289,11.695395469665527,138560.078125,6701.82080078125,50.75185012817383,41.11000061035156,5.64,,4.58,,1.74,
2026-01-13,1694.914794921875,286.8778381347656,237.326171875,256.63897705078125,127.95661163330078,253.48095703125,267.438720703125,176.1983642578125,42.15379333496094,40.27433395385742,11.665432929992676,137164.515625,7256.81201171875,51.32903289794922,44.060001373291016,-3.39,,-4.59,,-3.79,
2026-01-14,1694.914794921875,291.8325500488281,246.6427001953125,256.63897705078125,138.25196838378906,249.4891357421875,260.9523620605469,171.7060546875,41.93403244018555,40.873653411865234,11.675419807434082,139855.96875,7422.51123046875,51.697227478027344,47.290000915527344,-0.52,,1.49,,0.09,
2026-01-15,1675.0911865234375,295.7963256835937,252.5268096923828,253.792709350586,137.27145385742188,248.9901428222656,262.9481506347656,174.700927734375,43.94183349609375,42.55175018310547,11.905134201049805,143444.578125,7468.427734375,48.43318557739258,48.720001220703125,4.79,,4.11,,1.97,
2026-01-16,1724.6500244140625,300.75103759765625,257.92059326171875,259.4852600097656,138.74221801757812,273.4400939941406,288.8937072753906,192.1710205078125,48.33701705932617,46.80693054199219,12.684161186218262,148428.75,7820.787109375,48.96061325073242,48.31999969482422,10.0,up_limit,10.0,up_limit,6.54,
2026-01-19,1744.4735107421875,296.29180908203125,257.43023681640625,257.5877380371094,151.48886108398438,300.3849182128906,317.3340148925781,204.1226501464844,48.77653503417969,48.13542175292969,12.684161186218262,148827.484375,7816.79443359375,47.76644515991211,46.959999084472656,0.91,,2.84,,0.0,
2026-01-21,1724.6500244140625,288.3642578125,234.8744506835937,253.31832885742188,145.6057891845703,320.34405517578125,360.24395751953125,193.02377319335932,52.55239486694336,56.04645156860352,14.162315368652344,149026.859375,8301.9130859375,48.81134033203125,48.560001373291016,6.3,,10.0,up_limit,10.01,up_limit
2026-01-22,1744.4735107421875,295.3008728027344,252.5268096923828,260.4339904785156,148.54733276367188,326.331787109375,369.72406005859375,198.3319396972656,49.34591293334961,55.93657684326172,13.832727432250977,151817.984375,8530.4970703125,53.19987869262695,54.25,-6.1,,-0.2,,-2.33,
2026-01-23,1754.3853759765625,304.7148132324219,241.7392578125,271.8191223144531,148.05706787109375,338.3072509765625,381.1999816894531,206.5354461669922,48.96632766723633,56.27619171142578,14.262189865112305,151618.609375,8268.97265625,52.19479751586914,54.31999969482422,-0.77,,0.61,,3.1,
2026-01-26,1739.517822265625,309.1740417480469,252.5268096923828,282.2554626464844,157.37191772460938,332.31951904296875,369.2251281738281,207.64453125,47.25820159912109,51.7413330078125,13.31337547302246,151618.609375,7906.63134765625,49.46812438964844,45.06999969482422,-3.49,,-8.06,,-6.65,
2026-01-27,1764.2972412109375,303.723876953125,258.41094970703125,284.6273498535156,159.33294677734375,353.276611328125,394.1727600097656,228.1094970703125,48.14722442626953,53.18969345092773,14.641716003417969,158995.203125,7985.48779296875,50.14481735229492,42.4900016784668,1.88,,2.8,,9.98,up_limit
2026-01-28,1803.9443359375,311.15594482421875,256.4495544433594,295.0636901855469,162.7647247314453,366.7490234375,395.170654296875,243.0838623046875,49.99519729614258,54.0487174987793,15.181042671203612,161886.015625,8235.0341796875,50.49311828613281,43.93000030517578,3.84,,1.62,,3.68,
2026-01-29,1789.0767822265625,307.1921691894531,250.56544494628903,289.3711242675781,153.9401397705078,343.7960205078125,373.21673583984375,229.1077880859375,48.926368713378906,51.41170883178711,14.78154182434082,160191.40625,8242.021484375,50.71204376220703,48.77999877929688,-2.14,,-4.88,,-2.63,
2026-01-30,1759.3414306640625,294.3099060058594,249.0944061279297,280.8323059082031,156.39141845703125,377.7265319824219,387.6863708496094,251.5693359375,49.42582321166992,52.00104141235352,15.151080131530762,159992.03125,8214.072265625,49.7567138671875,48.65999984741211,1.02,,1.15,,2.5,
2026-02-02,1749.429443359375,289.3551940917969,239.77789306640625,270.3959655761719,150.5083465576172,364.2541198730469,367.2293090820313,239.0906982421875,46.28926086425781,48.82464218139648,14.052452087402344,149924.0,7715.9775390625,48.094844818115234,46.470001220703125,-6.35,,-6.11,,-7.25,
2026-02-03,1784.120849609375,299.2646179199219,252.03646850585932,278.4604187011719,151.48886108398438,384.2132568359375,393.6737976074219,245.57958984375,47.63777923583984,50.83236312866211,14.701642036437988,166969.890625,8375.7783203125,47.96547317504883,48.810001373291016,2.91,,4.11,,4.62,
2026-02-04,1769.2530517578125,299.7601013183594,247.62338256835932,281.78106689453125,150.99859619140625,387.2071228027344,409.141357421875,270.0377197265625,45.81977462768555,48.99444961547852,14.272177696228027,168564.828125,7186.93896484375,46.0150146484375,49.25,-3.82,,-3.62,,-2.92,
2026-02-05,1749.429443359375,281.4276733398437,239.2875518798828,266.1265563964844,145.11553955078125,364.7531127929688,396.6675415039063,263.0496826171875,44.61109924316406,47.66595458984375,13.892651557922363,158795.84375,7102.09326171875,43.65653991699219,48.59999847412109,-2.64,,-2.71,,-2.66,
2026-02-06,1764.2972412109375,301.7419738769531,234.8744506835937,268.97283935546875,140.21298217773438,339.3052062988281,378.2062683105469,242.0855712890625,44.011756896972656,46.84688568115234,13.49315071105957,158098.046875,7072.14794921875,44.05459976196289,48.2400016784668,-1.34,,-1.72,,-2.88,
2026-02-09,1798.9884033203125,324.0381774902344,238.30685424804688,276.5628967285156,148.05706787109375,346.7898864746094,415.6277465820313,254.564208984375,46.708797454833984,48.78468704223633,14.072427749633787,165873.359375,7779.86181640625,49.11983489990234,50.59000015258789,6.13,,4.14,,4.29,
2026-02-10,1863.4150390625,340.8842163085937,235.36480712890625,286.5248413085937,156.8816680908203,370.7408447265625,408.6423950195313,253.0667724609375,46.18937301635742,48.1054573059082,13.832727432250977,165275.265625,7903.63671875,52.26445388793945,50.2400016784668,-1.11,,-1.39,,-1.7,
2026-02-24,1947.6651611328125,378.0445556640625,252.5268096923828,309.2950439453125,154.92063903808594,445.0885925292969,501.9465942382813,320.451416015625,46.68882369995117,49.10432434082031,14.621742248535156,199367.015625,9866.0703125,46.84097290039063,43.630001068115234,1.32,,1.34,,2.02,
2026-02-25,1997.22412109375,385.47662353515625,253.0171661376953,303.6024780273437,152.95962524414062,457.5630493164063,551.8418579101562,324.9437255859375,46.86862182617188,50.46278381347656,14.661691665649414,202855.953125,9634.4912109375,48.29386520385742,46.119998931884766,0.39,,2.77,,0.27,
2026-02-26,1977.4005126953125,383.9902038574219,253.0171661376953,310.2437744140625,154.43038940429688,480.51605224609375,553.8377075195312,313.9625244140625,48.66665649414063,52.2108039855957,15.10114288330078,217310.046875,9282.1318359375,50.692142486572266,46.880001068115234,3.84,,3.46,,3.0,
2026-03-03,1917.9298095703125,356.24383544921875,226.5386199951172,289.3711242675781,139.23248291015625,462.0538635253906,498.952880859375,308.471923828125,47.517913818359375,47.98559188842773,14.112377166748049,194482.53125,8602.3671875,47.57737350463867,45.5,1.71,,-5.62,,-3.94,
2026-03-04,1848.54736328125,324.5336608886719,212.8090057373047,263.7546691894531,136.29095458984375,416.1478576660156,449.0575866699219,284.0137939453125,47.80759811401367,48.13542175292969,14.082415580749512,171655.0,7935.57861328125,44.373043060302734,43.09999847412109,0.61,,0.31,,-0.21,
2026-03-05,1883.2386474609373,350.29815673828125,220.1641540527344,279.883544921875,138.74221801757812,449.0804443359375,460.0345458984375,296.9915771484375,48.64667892456055,48.78468704223633,14.222240447998049,190993.609375,8084.30859375,45.54729843139648,45.58000183105469,1.76,,1.35,,0.99,
2026-03-06,1873.3267822265625,338.9023132324219,220.6544952392578,269.9216003417969,140.21298217773438,431.1172180175781,468.5167541503906,291.0018310546875,46.98849487304688,47.87571716308594,13.99252700805664,187604.359375,7865.70556640625,44.34318923950195,45.95000076293945,-3.41,,-1.86,,-1.62,
2026-03-09,1794.032470703125,317.1015930175781,198.58905029296875,258.0621032714844,130.4078826904297,388.205078125,422.1141357421875,264.0479736328125,44.95072937011719,46.697052001953125,13.742838859558104,172950.90625,7224.8701171875,41.40753936767578,43.41999816894531,-4.34,,-2.46,,-1.78,
2026-03-10,1833.6796875,332.4612121582031,210.35728454589844,277.98602294921875,143.15452575683594,423.1335754394531,427.1036376953125,273.53173828125,45.94963455200195,47.85573959350586,14.15232753753662,187305.3125,7818.791015625,43.00970458984375,45.58000183105469,2.22,,2.48,,2.98,
2026-03-11,1922.8856201171875,342.3706359863281,211.3379821777344,290.3198547363281,150.99859619140625,465.0477294921875,469.5146484375,290.0035400390625,46.75874710083008,47.03666687011719,14.062439918518066,189398.671875,7782.85595703125,43.72620391845703,46.77999877929688,1.76,,-1.71,,-0.64,
2026-03-12,1868.370849609375,331.9657287597656,200.5504302978516,284.6273498535156,149.03758239746094,479.0191345214844,467.5188293457031,288.506103515625,45.67992782592773,46.277530670166016,13.892651557922363,187305.3125,7652.09375,43.706298828125,47.97999954223633,-2.31,,-1.61,,-1.21,
2026-03-13,1848.54736328125,338.4068603515625,197.11802673339844,280.35791015625,148.05706787109375,506.9619140625,513.9214477539062,316.9573974609375,45.43020248413086,45.80806350708008,13.632975578308104,182919.25,7839.7529296875,41.147891998291016,45.25,-0.55,,-1.01,,-1.87,
2026-03-16,1828.7237548828125,334.4430847167969,200.06007385253903,273.24224853515625,148.05706787109375,547.8781127929688,564.8146362304688,336.424072265625,45.69990539550781,46.74699783325195,14.032477378845217,188102.78125,8134.2177734375,42.8628044128418,45.77000045776367,0.59,,2.05,,2.93,
2026-03-17,1859.550537109375,338.9023132324219,198.58905029296875,278.9347839355469,153.9401397705078,541.890380859375,542.8607177734375,340.9163818359375,43.70209503173828,45.1987533569336,13.473175048828123,193286.328125,8483.5830078125,44.49795150756836,45.7599983215332,-4.37,,-3.31,,-3.99,
2026-03-18,1894.35498046875,354.2619323730469,206.9248809814453,306.4487609863281,152.46937561035156,578.8147583007812,565.8125610351562,364.8753662109375,45.71988677978516,47.346317291259766,13.912627220153809,207840.125,8465.615234375,46.2028923034668,44.060001373291016,4.62,,4.75,,3.26,
2026-03-19,1839.662353515625,343.8570251464844,201.53111267089844,299.8074645996094,150.99859619140625,579.812744140625,559.8251342773438,382.8446044921875,44.1416130065918,45.8979606628418,13.523113250732422,199865.4375,8253.001953125,46.7313232421875,45.02999877929688,-3.45,,-3.06,,-2.8,
2026-03-23,1799.8857421875,326.5155334472656,188.29183959960932,271.3447265625,142.17401123046875,497.9802856445313,532.8816528320312,345.40869140625,39.03721237182617,41.53290939331055,12.174797058105469,185710.375,7526.322265625,45.674461364746094,43.869998931884766,-7.02,,-6.22,,-6.23,
2026-03-24,1799.8857421875,329.4883728027344,188.29183959960932,264.2290344238281,142.6642608642578,459.05999755859375,489.9717102050781,319.9522705078125,39.40680694580078,42.032344818115234,12.324609756469728,189099.625,7820.787109375,45.983543395996094,44.0099983215332,0.95,,1.2,,1.23,
2026-03-25,1834.6903076171875,348.811767578125,199.5697326660156,273.71661376953125,151.48886108398438,504.9660034179688,538.8690795898438,350.8992919921875,40.59550094604492,43.47071075439453,12.644210815429688,188401.84375,8462.62109375,50.111289978027344,44.060001373291016,3.02,,3.42,,2.59,
2026-03-26,1829.7181396484373,355.74835205078125,194.6663055419922,273.24224853515625,147.07656860351562,500.9741821289063,567.808349609375,350.8992919921875,39.38682556152344,42.711570739746094,12.214746475219728,179530.0,8444.6533203125,49.78226852416992,47.18000030517578,-2.98,,-1.75,,-3.4,
2026-03-27,1809.8299560546875,350.29815673828125,191.23390197753903,264.2290344238281,154.92063903808594,503.9680480957031,559.8251342773438,351.3984375,39.48671722412109,42.40192413330078,12.234722137451172,179530.0,8254.0,45.00644302368164,44.09999847412109,0.25,,-0.72,,0.16,
2026-03-30,1770.053466796875,350.29815673828125,192.214584350586,258.0621032714844,158.84268188476562,492.4915466308594,578.7853393554688,345.9078369140625,39.79637908935547,42.45186614990234,12.184783935546877,176105.78125,7776.0,44.318485260009766,43.130001068115234,0.78,,0.12,,-0.41,
2026-03-31,1750.165283203125,325.52459716796875,183.388412475586,247.6257781982422,152.46937561035156,443.5916748046875,520.9067993164062,312.465087890625,38.70757293701172,41.28319549560547,11.625483512878418,167015.8125,7372.0,41.1279525756836,41.18999862670898,-2.74,,-2.75,,-4.59,
2026-04-01,1844.63427734375,357.730224609375,191.23390197753903,266.1265563964844,162.7647247314453,487.5017700195313,572.7979125976562,331.4326171875,39.44676208496094,42.36196899414063,11.915122032165527,189441.078125,8070.0,44.896766662597656,44.130001068115234,1.91,,2.61,,2.49,
2026-04-02,1799.8857421875,357.730224609375,198.0987091064453,245.728271484375,157.8621826171875,517.939453125,566.8104248046875,335.42578125,38.4378662109375,40.72382736206055,11.535594940185549,178203.46875,7775.0,46.35245132446289,48.02999877929688,-2.56,,-3.87,,-3.19,
2026-04-07,1849.6064453125,348.811767578125,188.29183959960932,254.26708984375,152.95962524414062,562.8474731445312,622.6931762695312,357.8873291015625,38.77749252319336,41.143348693847656,11.445707321166992,196283.53125,8718.0,46.89085006713867,50.77999877929688,1.38,,1.9,,0.88,
2026-04-08,1939.103515625,379.5309753417969,206.9248809814453,265.65216064453125,161.29396057128906,618.7330322265625,635.6659545898438,393.32666015625,41.93403244018555,44.59943389892578,12.144834518432615,210268.109375,9794.0,47.479103088378906,52.90999984741211,8.14,,8.4,,6.11,
2026-04-09,1944.0755615234373,388.449462890625,205.453857421875,260.90838623046875,176.9821319580078,623.7228393554688,667.5989379882812,386.338623046875,41.86411285400391,44.6893310546875,12.114871978759766,203775.265625,9810.0,52.26490020751953,58.95000076293945,-0.17,,0.2,,-0.25,
2026-04-10,1988.8240966796875,389.4403991699219,210.35728454589844,263.2802734375,185.31646728515625,636.6962280273438,665.6031494140625,380.348876953125,42.97289657592773,45.17877578735352,12.22473430633545,205773.0625,9888.0,54.97685241699219,61.720001220703125,2.65,,1.1,,0.91,
2026-04-13,1978.880126953125,413.7184753417969,214.280029296875,279.883544921875,187.7677459716797,624.7207641601562,653.6282348632812,365.8736572265625,42.80308151245117,45.59830093383789,12.344584465026855,200778.578125,9386.0,57.78850936889648,62.380001068115234,-0.4,,0.93,,0.98,
2026-04-14,2043.5167236328125,420.15960693359375,213.29934692382807,285.5760803222656,183.3554534912109,595.780029296875,644.6470947265625,370.365966796875,44.29145050048828,46.697052001953125,12.67417335510254,206272.515625,9915.0,60.261173248291016,65.18000030517578,3.48,,2.41,,2.67,
2026-04-15,2068.377197265625,442.455810546875,205.94419860839844,276.0885009765625,183.3554534912109,616.7371215820312,654.6261596679688,382.8446044921875,43.54227066040039,46.93678283691406,12.444459915161133,210767.5625,9380.0,61.13857269287109,63.810001373291016,-1.69,,0.51,,-1.81,
2026-04-16,2073.34912109375,446.4195861816406,208.3959197998047,268.97283935546875,171.58932495117188,643.6819458007812,719.4900512695312,392.8275146484375,43.6821174621582,47.965614318847656,12.52436065673828,217260.40625,9572.0,59.543304443359375,64.94000244140625,0.32,,2.19,,0.64,
2026-04-17,2018.656494140625,437.99658203125,203.4924774169922,260.90838623046875,168.64779663085938,641.68603515625,722.4837646484375,390.8309326171875,43.93184280395508,48.12543487548828,12.72411060333252,215762.046875,9235.0,62.713897705078125,68.5,0.57,,0.33,,1.59,
2026-04-20,2013.6844482421875,457.3199462890625,203.9828186035156,257.1133728027344,183.845703125,676.614501953125,794.3329467773438,429.7642822265625,44.441287994384766,48.43508529663086,12.744086265563965,214263.703125,9575.0,67.1706771850586,68.5,1.16,,0.64,,0.16,
2026-04-21,2038.5447998046875,467.724853515625,208.88626098632807,266.6009521484375,201.98513793945312,708.5491333007812,787.3475952148438,472.6907958984375,43.98178863525391,47.17650985717773,12.534348487854004,218758.75,10560.0,69.23454284667969,65.69999694824219,-1.03,,-2.6,,-1.65,
2026-04-22,2038.5447998046875,460.7882385253906,214.280029296875,272.7678527832031,205.9071807861328,714.536865234375,801.3182983398438,490.6600341796875,45.46016693115234,48.83462905883789,12.794024467468262,217260.40625,11200.0,70.00226593017578,66.26000213623047,3.36,,3.51,,2.07,
2026-04-23,2068.377197265625,460.2927856445313,203.00213623046875,263.2802734375,193.6508026123047,726.5123291015625,793.3350830078125,478.181396484375,44.36137390136719,47.186500549316406,12.454447746276855,224252.6875,11135.0,72.0362319946289,65.2699966430664,-2.42,,-3.37,,-2.65,
2026-04-24,2172.79052734375,491.5074768066406,205.94419860839844,271.3447265625,205.9071807861328,788.3856201171875,872.1696166992188,525.10107421875,44.84084701538086,48.36516189575195,12.434473037719728,219258.203125,12540.0,72.69428253173828,66.77999877929688,1.08,,2.5,,-0.16,
2026-04-27,2252.34326171875,491.0119934082031,212.8090057373047,268.97283935546875,190.21902465820312,837.2855224609375,911.0879516601562,514.119873046875,46.26928329467773,51.14201354980469,12.873924255371094,224252.6875,12670.0,77.8689193725586,82.54000091552734,3.19,,5.74,,3.53,
2026-04-28,2202.622802734375,491.0119934082031,214.280029296875,268.97283935546875,194.63131713867188,823.3141479492188,930.0481567382812,507.1318359375,45.05061721801758,50.19308853149414,12.634222984313965,221755.4375,12560.0,75.3962631225586,84.98999786376953,-2.63,,-1.86,,-1.86,
2026-04-30,2123.06982421875,473.6705017089844,199.0793914794922,286.9992370605469,191.19952392578125,881.1956176757812,1002.895263671875,527.09765625,45.51011657714844,51.711368560791016,13.09364891052246,220257.09375,13480.0,70.40108489990234,94.75,2.71,,4.59,,2.66,
2026-05-07,2297.091796875,535.1089477539062,226.0482788085937,321.62890625,243.65684509277344,894.1690673828125,945.0167236328124,491.6583251953125,48.70660781860352,59.013092041015625,13.922614097595217,271200.90625,16375.0,76.99152374267578,113.01000213623048,1.16,,3.74,,2.35,
2026-05-08,2277.20361328125,511.3263244628906,217.71243286132807,295.0636901855469,219.63433837890625,816.3284301757812,852.2114868164062,457.21728515625,50.69443130493164,57.09526443481445,13.722864151000977,268204.21875,15515.0,72.05616760253906,109.62000274658205,4.08,,-3.25,,-1.43,
2026-05-11,2222.5107421875,532.1361083984375,221.14483642578125,284.1529541015625,221.1051025390625,859.2405395507812,906.098388671875,502.140380859375,55.76887130737305,61.150665283203125,14.721616744995115,285185.5,15655.0,76.38333129882812,124.91999816894533,10.01,up_limit,7.1,,7.28,
2026-05-12,2242.399169921875,549.9730834960938,222.1255340576172,285.5760803222656,224.046630859375,873.2119750976562,898.1151733398438,493.15576171875,55.17951583862305,59.412635803222656,14.41200351715088,278692.65625,16550.0,76.46309661865234,129.44000244140625,-1.06,,-2.84,,-2.1,
2026-05-13,2207.5947265625,543.0364990234375,227.5193023681641,289.3711242675781,225.51739501953125,890.1771850585938,878.1570434570312,496.6497802734375,57.42705535888672,60.79107284545898,14.611754417419434,283687.15625,17060.0,73.23268127441406,120.61000061035156,4.07,,2.32,,1.39,
2026-05-14,2257.3154296875,543.0364990234375,224.5772399902344,280.8323059082031,224.5368804931641,879.19970703125,845.2261352539062,521.10791015625,54.25053405761719,57.334991455078125,14.242215156555176,295673.9375,16960.0,74.38924407958984,120.29000091552734,-5.53,,-5.69,,-2.53,
2026-05-15,2252.34326171875,542.0455322265625,243.21029663085932,284.1529541015625,221.5953521728516,819.3223266601562,784.3538818359375,485.16943359375,57.9864387512207,56.95542144775391,14.28216552734375,270202.0,15660.0,71.87670135498047,115.93000030517578,6.89,up_touch,-0.66,,0.28,
2026-05-18,2227.48291015625,505.3806762695313,245.17166137695312,279.883544921875,225.51739501953125,814.33251953125,789.3434448242188,504.136962890625,58.26613235473633,58.00423431396485,14.67167854309082,280690.4375,15635.0,70.14185333251953,108.7699966430664,0.48,,1.84,,2.73,
2026-05-19,2192.678466796875,467.724853515625,222.61587524414065,274.1910095214844,210.31948852539065,816.3284301757812,796.3287963867188,512.123291015625,60.7434196472168,58.793338775634766,15.28091812133789,275196.5,15320.0,65.8446044921875,108.16999816894533,4.25,,1.36,,4.15,
2026-05-20,2172.79052734375,471.6886291503906,229.9710235595703,263.2802734375,202.47540283203125,821.3182373046875,827.2638549804688,503.138671875,66.14749145507812,62.20946502685547,15.86019515991211,275695.96875,15640.0,65.34608459472656,110.8000030517578,8.9,up_touch,5.81,,3.79,
2026-05-21,2217.5390625,505.3806762695313,252.5268096923828,271.3447265625,214.73178100585932,903.150634765625,870.173828125,553.05322265625,66.76680755615234,61.6900520324707,15.17105484008789,299170.0625,17875.0,68.287353515625,118.95999908447266,0.94,,-0.83,,-4.35,
2026-05-22,2242.399169921875,555.918701171875,277.5343322753906,280.8323059082031,217.1830596923828,968.017822265625,932.0439453125,607.959228515625,72.80020141601562,63.36814880371094,15.41075611114502,292177.78125,19250.0,65.70502471923828,118.5,9.04,near_up,2.72,,1.58,
2026-05-27,2287.147705078125,636.18505859375,333.9237976074219,299.3330993652344,225.0271453857422,1077.7930908203125,903.1046752929688,700.80029296875,86.06566619873047,71.43899536132812,20.124868392944336,306661.8125,20425.0,73.24264526367188,123.5199966430664,-2.3,,-5.13,,7.93,up_touch
2026-05-28,2282.175537109375,621.3209228515625,350.5954895019531,303.6024780273437,230.9102020263672,1022.9054565429688,848.2198486328125,679.836181640625,84.64720916748047,69.30000305175781,21.463197708129883,299170.0625,19740.0,71.97640991210938,121.7699966430664,-1.65,,-3.1,,6.65,
2026-05-29,2341.840576171875,605.4658813476562,371.6802368164063,311.6669311523437,238.75428771972656,1052.8441162109375,846.2240600585938,727.754150390625,81.96016693115234,66.0,19.315879821777344,316650.78125,23000.0,70.37117767333984,120.88999938964844,-3.17,,-4.76,,-10.0,down_limit
2026-06-01,2341.840576171875,595.5564575195312,358.9313049316406,301.7049865722656,218.65382385253903,1047.8543701171875,903.1046752929688,772.67724609375,75.56716918945312,61.38999938964844,18.40701484680176,348615.53125,21795.0,69.35418701171875,114.68000030517578,-7.8,,-6.98,,-4.71,
2026-06-02,2366.70068359375,584.6560668945312,340.2982788085937,290.79425048828125,210.31948852539065,973.0076293945312,860.1947631835938,741.730224609375,75.26749420166016,63.84000015258789,18.307138442993164,360102.875,21135.0,72.53475189208984,109.33000183105467,-0.4,,3.99,,-0.54,
2026-06-04,2371.6728515625,587.62890625,347.1630859375,305.5,231.8907165527344,969.0157470703124,876.1612548828125,690.8173828125,79.99231719970703,71.0999984741211,19.235979080200195,351112.78125,20155.0,75.06185913085938,112.70999908447266,-0.06,,1.25,,0.52,
2026-06-05,2351.78466796875,571.7738037109375,331.4721069335937,293.6405334472656,224.046630859375,931.0934448242188,843.2303466796875,710.783203125,75.56716918945312,66.83999633789062,18.057451248168945,328637.5625,18760.0,73.68440246582031,111.77999877929688,-5.53,,-5.99,,-6.13,
2026-06-08,2282.175537109375,535.1089477539062,303.0321655273437,273.71661376953125,206.8876953125,909.1383666992188,829.2596435546875,696.80712890625,70.22303009033203,62.2599983215332,16.7790470123291,295174.46875,17060.0,64.8306884765625,99.16999816894533,-7.07,,-6.85,,-7.08,
2026-06-09,2292.119873046875,563.8462524414062,314.8004150390625,276.0885009765625,212.280502319336,967.0198364257812,912.0858154296876,712.77978515625,75.20756530761719,64.43000030517578,17.618000030517578,321645.28125,18595.0,68.16455841064453,110.2699966430664,7.1,,3.49,,5.0,
2026-06-10,2242.399169921875,534.1179809570312,297.1480712890625,258.0621032714844,207.37794494628903,882.1935424804688,845.2261352539062,658.8720703125,73.96892547607422,61.43999862670898,17.110000610351562,302166.75,17400.0,70.77974700927734,107.91999816894533,-1.65,,-4.64,,-3.0,
2026-06-11,2243.396240234375,539.0726928710938,326.56866455078125,258.0621032714844,210.8097381591797,852.2548828125,805.3099365234375,617.942138671875,71.8712158203125,60.09000015258789,16.75,298670.625,18210.0,69.48213195800781,107.04000091552734,-2.84,,-2.2,,-2.1,
2026-06-12,2303.22021484375,584.6560668945312,340.7886047363281,267.5497131347656,223.0661163330078,900.1567993164062,817.2847900390625,608.95751953125,68.84453582763672,57.220001220703125,16.059999465942383,322144.71875,19105.0,76.01012420654297,116.95999908447266,-4.21,,-4.78,,-4.12,
2026-06-15,2368.029296875,584.6560668945312,320.6845397949219,266.6009521484375,223.556381225586,958.0382690429688,858.1989135742188,658.8720703125,74.2386245727539,61.540000915527344,17.1299991607666,336628.75,22750.0,82.62793731689453,124.56999969482422,7.84,,7.55,,6.66,
2026-06-16,2392.9560546875,586.637939453125,339.80792236328125,263.7546691894531,215.71229553222656,978.995361328125,900.1109619140625,640.90283203125,76.84576416015625,62.93000030517578,17.81999969482422,342622.15625,22445.0,85.2830581665039,127.86000061035156,3.51,,2.26,,4.03,
2026-06-17,2378.0,589.6107788085938,338.3369140625,266.1265563964844,207.37794494628903,985.9810180664062,883.1465454101562,704.79345703125,81.67047882080078,67.22000122070312,19.049999237060547,346118.28125,24000.0,86.39102172851562,117.0500030517578,6.28,,6.82,,6.9,
2026-06-18,2402.9267578125,607.44775390625,356.4796142578125,292.6917724609375,227.9686737060547,966.0219116210938,872.1696166992188,722.7626953125,82.9390869140625,68.2699966430664,19.61000061035156,362100.65625,25715.0,86.271240234375,121.0999984741211,1.55,,1.56,,2.94,
2026-06-23,2482.69189453125,656.00390625,337.356201171875,312.6156616210937,228.94918823242188,972.0096435546876,907.0963134765624,725.757568359375,86.08999633789062,68.41999816894531,19.540000915527344,309658.5,24385.0,93.37815856933594,140.94000244140625,-5.74,,-3.97,,-4.4,
2026-06-24,2382.9853515625,647.08544921875,331.4721069335937,316.4107360839844,229.9296875,929.0975341796876,953.0,737.737060546875,94.6999969482422,74.63999938964844,20.979999542236328,340124.90625,24785.0,86.56070709228516,132.27999877929688,10.0,up_limit,9.09,near_up,7.37,
2026-06-25,2382.9853515625,635.1941528320312,319.703857421875,317.3594970703125,223.556381225586,1017.9156494140624,1045.0,810.6123046875,104.16999816894533,77.80999755859375,22.39999961853028,358105.0625,26370.0,82.60797882080078,131.64999389648438,10.0,up_limit,4.25,,6.77,
2026-06-26,2333.132080078125,626.275634765625,307.93560791015625,292.2174072265625,210.31948852539065,973.0076293945312,1125.0,795.637939453125,100.88999938964844,71.5999984741211,22.559999465942383,339126.0,24000.0,85.46273040771484,132.8699951171875,-3.15,,-7.98,,0.71,
2026-06-29,2363.044189453125,621.3209228515625,304.9935607910156,292.6917724609375,211.29998779296875,974.0055541992188,1080.0,808.61572265625,103.25,72.58000183105469,21.920000076293945,323000.0,23700.0,78.57540130615234,128.32000732421875,2.34,,1.37,,-2.84,
2026-06-30,2402.9267578125,673.8408813476562,330.98175048828125,320.20574951171875,222.0,1067.8134765625,1185.0,889.477294921875,103.5500030517578,75.87000274658203,22.309999465942383,334000.0,23815.0,82.1887435913086,131.72000122070312,0.29,,4.53,,1.78,
2026-07-01,2497.64794921875,696.632568359375,329.0203857421875,314.038818359375,232.0,1037.874755859375,1175.0,886.482421875,106.63999938964844,73.91000366210938,21.86000061035156,314500.0,25785.0,86.07160949707031,139.6300048828125,2.98,,-2.58,,-2.02,
2026-07-02,2457.76513671875,720.4151611328125,327.0589904785156,329.6933288574219,249.0,976.9994506835938,1145.0,830.0,95.9800033569336,67.37000274658203,20.270000457763672,286000.0,23420.0,79.84306335449219,127.0199966430664,-10.0,down_limit,-8.85,down_touch,-7.27,down_touch
2026-07-03,2437.823974609375,682.0,331.4721069335937,317.8338317871094,247.0,967.0198364257812,1185.0,833.0,90.87999725341795,64.80000305175781,19.51000022888184,309500.0,23345.0,69.52206420898438,120.3499984741211,-5.31,,-3.81,,-3.75,
2026-07-07,2432.838623046875,651.0,317.25213623046875,300.7562255859375,231.5,840.0,1030.0,687.0,100.98999786376952,68.20999908447266,21.93000030517578,296000.0,19895.0,69.75163269042969,122.1999969482422,6.2,,3.07,,9.98,up_limit
2026-07-08,2457.76513671875,625.0,311.8583679199219,289.84552001953125,232.0,863.0,1105.0,755.0,94.11000061035156,65.61000061035156,21.56999969482422,277500.0,19100.0,65.20999908447266,110.38999938964844,-6.81,down_touch,-3.81,,-1.64,
2026-07-09,2407.912109375,677.0,313.8197326660156,292.6917724609375,235.0,875.0,1215.0,795.0,103.5199966430664,72.16999816894531,23.729999542236328,278000.0,19520.0,66.78709411621094,110.23999786376952,10.0,up_limit,10.0,up_limit,10.01,up_limit
2026-07-10,2407.912109375,677.0,313.8197326660156,292.6917724609375,235.0,875.0,1215.0,795.0,101.11000061035156,70.94999694824219,25.309999465942383,285000.0,20300.0,72.02745056152344,112.54000091552734,-2.33,up_touch,-1.69,,6.66,up_touch
2026-07-13,2432.838623046875,670.0,306.4645690917969,291.2686462402344,225.0,903.0,1270.0,819.0,99.0500030517578,73.56999969482422,24.1299991607666,254500.0,18690.0,70.3405532836914,109.83999633789062,-2.04,,3.69,,-4.66,
2026-07-14,2412.897216796875,641.0,298.1287536621094,276.5628967285156,217.5,874.0,1290.0,805.0,102.6999969482422,77.87000274658203,25.68000030517578,263000.0,17980.0,65.93865203857422,103.12000274658205,3.69,,5.84,,6.42,
2026-07-15,2432.838623046875,683.0,307.93560791015625,291.2686462402344,224.5,936.0,1415.0,845.0,92.45999908447266,78.70999908447266,23.11000061035156,279500.0,19340.0,70.071044921875,107.76000213623048,-9.97,down_limit,1.08,,-10.01,down_limit
2026-07-16,2462.75048828125,682.0,310.3873291015625,301.7049865722656,237.5,882.0,1275.0,770.0,83.20999908447266,75.94999694824219,20.799999237060547,255000.0,17405.0,67.51575469970703,102.98999786376952,-10.0,down_limit,-3.51,down_touch,-10.0,down_limit
2026-07-21,2402.9267578125,633.0,266.74676513671875,264.70343017578125,210.0,825.0,1190.0,746.0,84.69000244140625,69.30000305175781,18.350000381469727,259000.0,17415.0,62.44508361816406,97.05999755859376,10.0,up_limit,10.0,up_limit,8.9,down_touch
2026-07-22,2392.9560546875,656.0,288.3218688964844,279.883544921875,217.0,907.0,1305.0,796.0,85.77999877929688,74.9000015258789,18.420000076293945,260500.0,18250.0,66.60742950439453,105.4499969482422,1.29,,8.08,up_touch,0.38,
2026-07-23,2397.94140625,649.0,288.3218688964844,271.3447265625,218.0,896.0,1230.0,785.0,80.80999755859375,69.81999969482422,17.690000534057617,270000.0,18075.0,66.84698486328125,102.62000274658205,-5.79,,-6.78,,-3.96,
2026-07-24,2343.102783203125,613.0,274.1019287109375,257.1133728027344,209.5,839.0,1110.0,711.0,82.9000015258789,76.63999938964844,18.59000015258789,249500.0,17370.0,65.20999908447266,100.2300033569336,2.59,,9.77,up_touch,5.09,
2026-07-27,2343.102783203125,608.0,273.611572265625,261.8571472167969,206.0,848.0,1075.0,710.0,82.3499984741211,76.66999816894531,18.59000015258789,254000.0,16700.0,64.8406753540039,92.31999969482422,-0.66,,0.04,,0.0,
2026-07-28,2273.30810546875,554.0,246.6427001953125,236.0,185.5,764.0,976.0,639.0,76.83000183105469,69.0,17.469999313354492,220000.0,14855.0,60.598480224609375,91.66999816894533,-6.7,,-10.0,down_limit,-6.02,
2026-07-29,2193.54296875,499.0,228.5,212.5,167.0,688.0,879.0,576.0,71.68000030517578,62.09999847412109,16.56999969482422,208500.0,13470.0,45.60607147216797,86.30000305175781,-6.7,,-10.0,down_limit,-5.15,
2026-07-30,2198.5283203125,505.0,214.5,203.5,161.0,716.0,837.0,578.0,64.51000213623047,55.88999938964844,14.90999984741211,207000.0,13650.0,42.65150833129883,81.87999725341797,-10.0,down_limit,-10.0,down_limit,-10.02,down_limit
2026-07-31,2417.882568359375,555.0,235.5,223.5,177.0,787.0,920.0,635.0,65.70999908447266,56.72999954223633,15.470000267028809,262500.0,16650.0,48.171348571777344,91.12999725341795,1.86,,1.5,,3.76,
2026-08-03,2363.044189453125,610.0,238.5,233.5,187.5,865.0,953.0,698.0,61.0,51.34000015258789,14.770000457763672,239500.0,15535.0,49.77839279174805,90.1999969482422,-7.17,,-9.5,near_down,-4.52,
2026-08-04,2313.19091796875,585.0,256.5,245.5,193.5,924.0,1045.0,767.0,65.41000366210938,55.59999847412109,15.529999732971191,240000.0,16330.0,50.746612548828125,91.0,7.23,,8.3,,5.15,
2026-08-05,2397.94140625,593.0,256.5,247.0,202.0,969.0,1060.0,828.0,68.97000122070312,58.0,16.59000015258789,246000.0,20330.0,55.767372131347656,100.86000061035156,5.44,,4.32,,6.83,
2026-08-06,2358.058837890625,595.0,269.5,249.0,211.5,973.0,1105.0,853.0,75.87000274658203,60.959999084472656,17.260000228881836,230500.0,19010.0,53.76106643676758,101.05999755859376,10.0,up_limit,5.1,,4.04,
2026-08-07,2363.044189453125,585.0,262.5,242.0,207.5,955.0,1080.0,823.0,77.75,64.72000122070312,17.979999542236328,231000.0,19110.0,54.06051254272461,99.80999755859376,2.48,,6.17,,4.17,
2026-08-10,2373.0146484375,630.0,288.5,248.5,222.5,992.0,1130.0,836.0,78.5199966430664,63.20000076293945,18.059999465942383,230000.0,19880.0,55.16847610473633,101.6500015258789,0.99,,-2.35,,0.44,
2026-08-12,2407.912109375,621.0,281.5,259.0,216.5,1000.0,1265.0,858.0,78.18000030517578,62.86000061035156,18.299999237060547,255500.0,20480.0,54.20025634765625,97.70999908447266,0.66,,1.29,,2.06,
2026-08-13,2427.853271484375,626.0,283.0,253.5,230.5,1000.0,1215.0,851.0,77.81999969482422,62.220001220703125,17.8799991607666,268000.0,21560.0,55.48788833618164,100.9499969482422,-0.46,,-1.02,,-2.3,
2026-08-14,2387.970703125,616.0,278.0,247.0,225.5,1020.0,1305.0,862.0,78.70999908447266,62.959999084472656,17.979999542236328,274500.0,20785.0,57.6439208984375,104.55999755859376,1.14,,1.19,,0.56,
2026-08-18,2373.0146484375,599.0,265.5,236.0,210.5,1145.0,1245.0,865.0,85.41999816894531,70.66000366210938,18.700000762939453,268500.0,20875.0,61.18739700317383,103.48999786376952,-0.5,,2.02,,-1.58,
2026-08-19,2343.102783203125,588.0,262.5,235.0,206.5,1130.0,1180.0,849.0,77.73999786376953,63.59000015258789,17.360000610351562,247500.0,19715.0,54.73926544189453,96.69000244140624,-8.99,down_touch,-10.01,down_limit,-7.17,
2026-08-20,2368.029296875,590.0,268.5,235.0,208.5,1140.0,1195.0,851.0,79.4800033569336,63.150001525878906,17.350000381469727,271000.0,19150.0,50.7965202331543,92.8000030517578,2.24,,-0.69,,-0.06,
2026-08-21,2402.9267578125,587.0,267.5,232.0,203.0,1085.0,1135.0,811.0,78.56999969482422,63.880001068115234,17.420000076293945,281500.0,19190.0,50.76657485961914,92.12999725341795,-1.14,,1.16,,0.4,
2026-08-24,2368.029296875,592.0,269.5,239.0,205.5,1075.0,1135.0,794.0,73.80000305175781,61.2400016784668,16.8799991607666,257000.0,18795.0,50.16767501831055,90.06999969482422,-6.07,,-4.13,,-3.1,
2026-08-25,2392.9560546875,591.0,273.5,239.5,213.0,1095.0,1160.0,835.0,74.05000305175781,60.900001525878906,16.84000015258789,257000.0,19980.0,47.81201553344727,87.26000213623047,0.34,,-0.56,,-0.24,
2026-08-26,2407.912109375,592.0,286.0,244.0,217.5,1160.0,1180.0,881.0,73.62000274658203,61.25,16.65999984741211,261500.0,20080.0,48.61054229736328,87.4800033569336,-0.58,,0.57,,-1.07,
2026-08-27,2402.9267578125,605.0,277.0,247.5,219.5,1180.0,1295.0,914.0,76.54000091552734,63.72999954223633,17.18000030517578,266000.0,20545.0,48.31109619140625,88.23999786376953,3.97,,4.05,,3.12,
2026-08-28,2412.897216796875,621.0,287.0,270.0,235.0,1110.0,1240.0,899.0,74.93000030517578,63.75,16.920000076293945,257000.0,20175.0,51.644962310791016,92.08999633789062,-2.1,,0.03,,-1.51,
2026-08-31,2397.94140625,584.0,277.0,257.0,228.0,999.0,1230.0,819.0,75.75,64.55999755859375,17.049999237060547,260000.0,20455.0,47.79204940795898,89.47000122070312,1.09,,1.27,,0.77,
2026-09-01,2432.838623046875,610.0,284.0,279.0,237.5,971.0,1225.0,874.0,73.29000091552734,61.380001068115234,16.520000457763672,261000.0,20545.0,47.21311569213867,89.51000213623047,-3.25,,-4.93,,-3.11,
2026-09-02,2378.0,589.0,278.0,270.5,233.5,973.0,1200.0,847.0,71.30999755859375,59.70000076293945,16.049999237060547,250500.0,20205.0,45.64599990844727,88.97000122070312,-2.7,,-2.74,,-2.85,
2026-09-03,2382.9853515625,589.0,275.0,261.0,226.0,923.0,1080.0,775.0,71.2699966430664,59.52999877929688,16.020000457763672,250000.0,19720.0,47.16999816894531,90.05000305175781,-0.06,,-0.28,,-0.19,
2026-09-04,2402.9267578125,588.0,276.5,262.0,227.0,902.0,1055.0,819.0,67.36000061035156,56.869998931884766,15.56999969482422,255500.0,20475.0,46.93999862670898,91.66999816894533,-5.49,,-4.47,,-2.81,
2026-09-07,2452.780029296875,621.0,280.0,273.0,227.0,949.0,1050.0,813.0,69.0,59.150001525878906,16.079999923706055,270000.0,22200.0,47.77000045776367,95.8000030517578,2.43,,4.01,,3.28,
2026-09-09,2457.76513671875,640.0,281.0,270.0,233.0,993.0,1110.0,812.0,68.63999938964844,58.34999847412109,16.170000076293945,269500.0,21420.0,50.720001220703125,104.47000122070312,0.06,,0.05,,1.25,
2026-09-10,2442.809326171875,650.0,283.5,271.5,240.0,994.0,1070.0,827.0,68.12000274658203,58.34000015258789,16.3799991607666,269000.0,20680.0,51.34999847412109,106.23999786376952,-0.76,,-0.02,,1.3,
