Date,Open,High,Low,Close,Adj Close,Volume,Dividends,Stock Splits
2020-09-01,23.809999465942383,24.079999923706055,23.440000534057617,23.989999771118164,23.779150009155273,14845475,0.0,0.0
2020-09-02,23.950000762939453,23.959999084472656,23.510000228881836,23.799999237060547,23.590816497802734,18352396,0.0,0.0
2020-09-03,23.799999237060547,24.09000015258789,23.43000030517578,23.940000534057617,23.72958755493164,17469835,0.0,0.0
2020-09-04,23.479999542236328,24.5,23.3700008392334,24.209999084472656,23.99721336364746,26461043,0.0,0.0
2020-09-07,23.93000030517578,24.639999389648438,23.780000686645508,23.950000762939453,23.739501953125,25532931,0.0,0.0
2020-09-08,23.979999542236328,24.200000762939453,22.600000381469727,23.010000228881836,22.807762145996094,27027816,0.0,0.0
2020-09-09,22.440000534057617,22.450000762939453,21.3700008392334,21.610000610351562,21.420066833496094,30258176,0.0,0.0
2020-09-10,21.829999923706055,22.010000228881836,21.100000381469727,21.190000534057617,21.003759384155273,18514794,0.0,0.0
2020-09-11,21.170000076293945,21.8700008392334,21.079999923706055,21.829999923706055,21.63813591003418,17511092,0.0,0.0
2020-09-14,22.010000228881836,22.68000030517578,22.0,22.350000381469727,22.153562545776367,19034686,0.0,0.0
2020-09-15,22.200000762939453,22.579999923706055,21.93000030517578,22.270000457763672,22.07426643371582,13335694,0.0,0.0
2020-09-16,22.270000457763672,22.3799991607666,21.8700008392334,22.1299991607666,21.935495376586914,13835288,0.0,0.0
2020-09-17,22.15999984741211,22.65999984741211,21.770000457763672,22.360000610351562,22.163476943969727,18699689,0.0,0.0
2020-09-18,22.360000610351562,22.649999618530273,22.170000076293945,22.6299991607666,22.431100845336914,16362476,0.0,0.0
2020-09-21,23.299999237060547,24.729999542236328,23.229999542236328,24.06999969482422,23.85844612121582,67033410,0.0,0.0
2020-09-22,23.90999984741211,24.18000030517578,22.90999984741211,23.31999969482422,23.11503791809082,42047695,0.0,0.0
2020-09-23,23.149999618530273,23.290000915527344,22.690000534057617,22.93000030517578,22.728466033935547,24045718,0.0,0.0
2020-09-24,22.68000030517578,23.799999237060547,22.530000686645508,23.510000228881836,23.303367614746094,36297638,0.0,0.0
2020-09-25,23.559999465942383,23.690000534057617,22.899999618530273,23.09000015258789,22.88705825805664,20556587,0.0,0.0
2020-09-28,23.0,23.149999618530273,21.920000076293945,21.989999771118164,21.796728134155273,21917684,0.0,0.0
2020-09-29,22.06999969482422,23.200000762939453,22.06999969482422,22.719999313354492,22.52031135559082,25814467,0.0,0.0
2020-09-30,22.729999542236328,23.149999618530273,22.579999923706055,22.8700008392334,22.668991088867188,20075888,0.0,0.0
2020-10-09,23.459999084472656,23.600000381469727,23.170000076293945,23.219999313354492,23.015914916992188,20718625,0.0,0.0
2020-10-12,23.5,24.450000762939453,23.389999389648438,24.420000076293945,24.20536994934082,32191165,0.0,0.0
2020-10-13,25.56999969482422,25.899999618530273,25.010000228881836,25.15999984741211,24.93886375427246,50594962,0.0,0.0
2020-10-14,25.5,25.6299991607666,24.540000915527344,24.850000381469727,24.631591796875,34629078,0.0,0.0
2020-10-15,24.799999237060547,25.190000534057617,24.670000076293945,24.8799991607666,24.66132354736328,22219209,0.0,0.0
2020-10-16,24.809999465942383,24.979999542236328,24.399999618530273,24.450000762939453,24.235105514526367,20414993,0.0,0.0
2020-10-19,24.700000762939453,24.81999969482422,24.290000915527344,24.3700008392334,24.15580940246582,17432079,0.0,0.0
2020-10-20,24.209999084472656,24.65999984741211,24.079999923706055,24.639999389648438,24.423433303833008,14461926,0.0,0.0
2020-10-21,24.65999984741211,24.709999084472656,24.030000686645508,24.290000915527344,24.076513290405273,14486001,0.0,0.0
2020-10-22,24.06999969482422,24.579999923706055,23.799999237060547,24.200000762939453,23.987302780151367,11579093,0.0,0.0
2020-10-23,24.18000030517578,24.979999542236328,24.100000381469727,24.25,24.036861419677734,15042023,0.0,0.0
2020-10-26,24.110000610351562,24.979999542236328,23.8799991607666,24.93000030517578,24.71088981628418,21298780,0.0,0.0
2020-10-27,24.799999237060547,25.239999771118164,24.610000610351562,25.100000381469727,24.879392623901367,19082367,0.0,0.0
2020-10-28,24.969999313354492,25.1200008392334,24.25,24.75,24.532468795776367,18700727,0.0,0.0
2020-10-29,24.299999237060547,24.59000015258789,24.059999465942383,24.3700008392334,24.15580940246582,18808401,0.0,0.0
2020-10-30,24.420000076293945,25.59000015258789,24.34000015258789,24.90999984741211,24.691062927246094,38212391,0.0,0.0
2020-11-02,25.239999771118164,25.850000381469727,24.719999313354492,25.739999771118164,25.513769149780273,44254188,0.0,0.0
2020-11-03,25.899999618530273,26.280000686645508,25.43000030517578,25.579999923706055,25.355173110961914,41257142,0.0,0.0
2020-11-04,25.59000015258789,26.479999542236328,25.450000762939453,26.229999542236328,25.999460220336914,39149440,0.0,0.0
2020-11-05,26.600000381469727,26.75,25.979999542236328,26.290000915527344,26.058937072753906,33313736,0.0,0.0
2020-11-06,26.100000381469727,26.850000381469727,25.450000762939453,26.84000015258789,26.604101181030273,44344489,0.0,0.0
2020-11-09,27.200000762939453,28.6200008392334,27.0,28.09000015258789,27.843114852905273,79308164,0.0,0.0
2020-11-10,27.579999923706055,27.790000915527344,26.899999618530273,26.920000076293945,26.68339729309082,43563408,0.0,0.0
2020-11-11,26.68000030517578,26.75,25.260000228881836,25.360000610351562,25.137109756469727,37553554,0.0,0.0
2020-11-12,25.6200008392334,25.75,25.010000228881836,25.149999618530273,24.928951263427734,18701515,0.0,0.0
2020-11-13,25.100000381469727,25.6200008392334,24.799999237060547,25.479999542236328,25.256053924560547,18779678,0.0,0.0
2020-11-16,25.469999313354492,25.549999237060547,24.770000457763672,24.940000534057617,24.720800399780273,17833365,0.0,0.0
2020-11-17,25.040000915527344,25.200000762939453,23.510000228881836,25.200000762939453,24.978513717651367,33089365,0.0,0.0
2020-11-18,24.829999923706055,25.40999984741211,24.739999771118164,24.90999984741211,24.691062927246094,18508344,0.0,0.0
2020-11-19,24.670000076293945,25.280000686645508,24.520000457763672,24.8700008392334,24.65141487121582,13864709,0.0,0.0
2020-11-20,24.81999969482422,25.09000015258789,24.719999313354492,24.940000534057617,24.720800399780273,10643747,0.0,0.0
2020-11-23,24.940000534057617,25.059999465942383,24.31999969482422,24.649999618530273,24.433345794677734,21248163,0.0,0.0
2020-11-24,24.850000381469727,27.1200008392334,24.829999923706055,26.100000381469727,25.870603561401367,63925780,0.0,0.0
2020-11-25,25.799999237060547,26.68000030517578,25.729999542236328,26.290000915527344,26.058937072753906,45591555,0.0,0.0
2020-11-26,26.290000915527344,27.280000686645508,26.09000015258789,26.829999923706055,26.594188690185547,50397435,0.0,0.0
2020-11-27,26.770000457763672,27.1299991607666,26.3700008392334,26.8799991607666,26.64374542236328,30983219,0.0,0.0
2020-11-30,27.450000762939453,27.700000762939453,26.450000762939453,26.450000762939453,26.217529296875,48068543,0.0,0.0
2020-12-01,26.31999969482422,27.079999923706055,26.18000030517578,27.06999969482422,26.832077026367188,36517680,0.0,0.0
2020-12-02,27.489999771118164,27.959999084472656,27.010000228881836,27.84000015258789,27.595308303833008,62065545,0.0,0.0
2020-12-03,27.8700008392334,30.299999237060547,27.549999237060547,28.709999084472656,28.45766258239746,91840475,0.0,0.0
2020-12-04,28.450000762939453,30.0,28.18000030517578,29.510000228881836,29.25063133239746,73818086,0.0,0.0
2020-12-07,30.100000381469727,30.5,28.5,28.649999618530273,28.398191452026367,60893783,0.0,0.0
2020-12-08,29.0,29.770000457763672,28.540000915527344,29.329999923706055,29.072216033935547,55897268,0.0,0.0
2020-12-09,29.0,29.020000457763672,27.31999969482422,27.350000381469727,27.109617233276367,60761435,0.0,0.0
2020-12-10,27.350000381469727,27.790000915527344,27.200000762939453,27.3700008392334,27.129444122314453,32697670,0.0,0.0
2020-12-11,27.3799991607666,27.399999618530273,26.34000015258789,26.739999771118164,26.504980087280273,44274639,0.0,0.0
2020-12-14,26.989999771118164,27.229999542236328,26.280000686645508,26.889999389648438,26.653657913208008,34539085,0.0,0.0
2020-12-15,26.56999969482422,26.93000030517578,25.860000610351562,26.190000534057617,25.959814071655273,33273691,0.0,0.0
2020-12-16,26.25,26.280000686645508,25.549999237060547,25.700000762939453,25.474119186401367,23442405,0.0,0.0
2020-12-17,25.56999969482422,26.200000762939453,25.459999084472656,26.06999969482422,25.84086799621582,28711946,0.0,0.0
2020-12-18,26.459999084472656,26.559999465942383,25.209999084472656,25.479999542236328,25.256053924560547,39632252,0.0,0.0
2020-12-21,25.329999923706055,26.440000534057617,25.149999618530273,26.0,25.771482467651367,35355845,0.0,0.0
2020-12-22,25.75,26.0,24.760000228881836,24.790000915527344,24.572120666503906,39911085,0.0,0.0
2020-12-23,24.68000030517578,25.8799991607666,24.520000457763672,25.739999771118164,25.513769149780273,47842931,0.0,0.0
2020-12-24,25.600000381469727,25.8700008392334,24.729999542236328,24.989999771118164,24.77035903930664,29656001,0.0,0.0
2020-12-25,24.889999389648438,25.270000457763672,24.56999969482422,24.959999084472656,24.74062156677246,20545146,0.0,0.0
2020-12-28,25.020000457763672,25.020000457763672,23.780000686645508,23.829999923706055,23.620555877685547,31102335,0.0,0.0
2020-12-29,23.670000076293945,24.479999542236328,23.649999618530273,23.979999542236328,23.769237518310547,24656582,0.0,0.0
2020-12-30,23.959999084472656,24.899999618530273,23.65999984741211,24.809999465942383,24.591941833496094,32829140,0.0,0.0
2020-12-31,24.81999969482422,25.34000015258789,24.670000076293945,25.239999771118164,25.01816177368164,29320563,0.0,0.0
2021-01-04,25.329999923706055,25.639999389648438,24.93000030517578,25.43000030517578,25.206493377685547,32942859,0.0,0.0
2021-01-05,25.200000762939453,27.600000381469727,25.09000015258789,27.040000915527344,26.80234146118164,61880589,0.0,0.0
2021-01-06,27.049999237060547,27.350000381469727,26.209999084472656,27.049999237060547,26.812252044677734,50842452,0.0,0.0
2021-01-07,27.399999618530273,27.43000030517578,26.399999618530273,27.06999969482422,26.832077026367188,39594923,0.0,0.0
2021-01-08,26.780000686645508,27.65999984741211,26.68000030517578,26.90999984741211,26.673484802246094,38150065,0.0,0.0
2021-01-11,27.030000686645508,27.670000076293945,26.850000381469727,27.40999984741211,27.169090270996094,47104437,0.0,0.0
2021-01-12,27.399999618530273,27.399999618530273,26.40999984741211,27.299999237060547,27.060054779052734,41155178,0.0,0.0
2021-01-13,27.420000076293945,28.860000610351562,27.3799991607666,28.299999237060547,28.051265716552734,69208584,0.0,0.0
2021-01-14,28.700000762939453,29.690000534057617,27.65999984741211,29.1200008392334,28.86406135559082,82234886,0.0,0.0
2021-01-15,28.979999542236328,29.1299991607666,26.860000610351562,26.8799991607666,26.64374542236328,63418465,0.0,0.0
2021-01-18,27.31999969482422,29.56999969482422,27.1299991607666,29.56999969482422,29.31010627746582,64527120,0.0,0.0
2021-01-19,30.299999237060547,31.100000381469727,29.18000030517578,29.3799991607666,29.121774673461914,110307510,0.0,0.0
2021-01-20,29.579999923706055,30.110000610351562,28.579999923706055,30.079999923706055,29.815624237060547,66326365,0.0,0.0
2021-01-21,29.56999969482422,30.18000030517578,29.020000457763672,29.649999618530273,29.389402389526367,61298141,0.0,0.0
2021-01-22,29.780000686645508,30.1299991607666,28.18000030517578,28.799999237060547,28.546871185302734,58269886,0.0,0.0
2021-01-25,28.3700008392334,29.850000381469727,27.530000686645508,29.200000762939453,28.943357467651367,61398002,0.0,0.0
2021-01-26,28.799999237060547,29.68000030517578,28.100000381469727,28.280000686645508,28.03144645690918,43106737,0.0,0.0
2021-01-27,28.280000686645508,28.649999618530273,26.850000381469727,27.1200008392334,26.88163948059082,51496450,0.0,0.0
2021-01-28,26.899999618530273,27.700000762939453,26.360000610351562,26.600000381469727,26.3662109375,58434790,0.0,0.0
2021-01-29,27.079999923706055,27.479999542236328,25.729999542236328,27.450000762939453,27.208740234375,51206724,0.0,0.0
2021-02-01,27.0,29.1299991607666,26.84000015258789,28.899999618530273,28.645992279052734,55066297,0.0,0.0
2021-02-02,28.6299991607666,29.110000610351562,28.200000762939453,28.899999618530273,28.645992279052734,40012586,0.0,0.0
2021-02-03,28.690000534057617,28.920000076293945,26.049999237060547,26.329999923706055,26.098581314086914,67707018,0.0,0.0
2021-02-04,25.90999984741211,26.969999313354492,24.389999389648438,26.549999237060547,26.316648483276367,67524617,0.0,0.0
2021-02-05,26.0,26.219999313354492,24.90999984741211,24.979999542236328,24.760446548461914,35967009,0.0,0.0
2021-02-08,25.280000686645508,26.049999237060547,25.1299991607666,25.56999969482422,25.34526252746582,27157938,0.0,0.0
2021-02-09,25.579999923706055,26.3700008392334,25.31999969482422,26.18000030517578,25.949901580810547,26994145,0.0,0.0
2021-02-10,26.25,26.25,25.610000610351562,26.020000457763672,25.79130744934082,26814221,0.0,0.0
2021-02-18,26.600000381469727,27.18000030517578,26.18000030517578,26.440000534057617,26.207616806030273,32970205,0.0,0.0
2021-02-19,26.399999618530273,26.59000015258789,25.739999771118164,26.520000457763672,26.28691291809082,32965410,0.0,0.0
2021-02-22,26.510000228881836,26.530000686645508,25.56999969482422,25.610000610351562,25.384910583496094,46992983,0.0,0.0
2021-02-23,25.100000381469727,25.479999542236328,24.90999984741211,25.1299991607666,24.909128189086914,25760373,0.0,0.0
2021-02-24,25.1299991607666,25.8700008392334,25.030000686645508,25.299999237060547,25.077632904052734,28066954,0.0,0.0
2021-02-25,25.360000610351562,25.5,24.440000534057617,24.459999084472656,24.24501609802246,26706751,0.0,0.0
2021-02-26,24.0,24.43000030517578,23.860000610351562,24.200000762939453,23.987302780151367,21405294,0.0,0.0
2021-03-01,24.469999313354492,25.110000610351562,24.209999084472656,25.079999923706055,24.859567642211914,24777067,0.0,0.0
2021-03-02,25.170000076293945,25.18000030517578,24.59000015258789,24.799999237060547,24.582029342651367,23679180,0.0,0.0
2021-03-03,24.709999084472656,24.90999984741211,24.25,24.8799991607666,24.66132354736328,20298005,0.0,0.0
2021-03-04,24.700000762939453,25.139999389648438,24.399999618530273,24.600000381469727,24.383787155151367,20114788,0.0,0.0
2021-03-05,24.280000686645508,24.899999618530273,24.200000762939453,24.8700008392334,24.65141487121582,17273847,0.0,0.0
2021-03-08,24.940000534057617,25.059999465942383,24.190000534057617,24.209999084472656,23.99721336364746,21297710,0.0,0.0
2021-03-09,24.149999618530273,24.270000457763672,21.860000610351562,22.0,21.806638717651367,38990507,0.0,0.0
2021-03-10,22.389999389648438,22.440000534057617,20.8799991607666,20.959999084472656,20.77577781677246,34158659,0.0,0.0
2021-03-11,20.959999084472656,21.829999923706055,20.40999984741211,21.729999542236328,21.539011001586914,28847604,0.0,0.0
2021-03-12,21.729999542236328,21.729999542236328,20.979999542236328,21.15999984741211,20.974021911621094,23175258,0.0,0.0
2021-03-15,20.799999237060547,20.899999618530273,20.209999084472656,20.420000076293945,20.240524291992188,21551086,0.0,0.0
2021-03-16,20.610000610351562,20.709999084472656,19.920000076293945,20.18000030517578,20.002635955810547,24204620,0.0,0.0
2021-03-17,20.520000457763672,20.700000762939453,20.18000030517578,20.520000457763672,20.33964729309082,20276638,0.0,0.0
2021-03-18,20.3799991607666,20.579999923706055,20.110000610351562,20.260000228881836,20.081932067871094,18750914,0.0,0.0
2021-03-19,19.8799991607666,20.280000686645508,19.709999084472656,19.920000076293945,19.74492073059082,22978191,0.0,0.0
2021-03-22,20.020000457763672,20.049999237060547,19.3799991607666,19.84000015258789,19.665624618530273,27470646,0.0,0.0
2021-03-23,19.8700008392334,20.270000457763672,19.489999771118164,19.600000381469727,19.427732467651367,30730423,0.0,0.0
2021-03-24,19.600000381469727,19.6200008392334,19.1200008392334,19.200000762939453,19.03125,18820103,0.0,0.0
2021-03-25,19.139999389648438,19.40999984741211,19.030000686645508,19.15999984741211,18.99159812927246,14670972,0.0,0.0
2021-03-26,19.280000686645508,19.65999984741211,19.18000030517578,19.549999237060547,19.378170013427734,17812041,0.0,0.0
2021-03-29,19.75,20.100000381469727,19.549999237060547,19.8700008392334,19.695358276367188,25187985,0.0,0.0
2021-03-30,19.860000610351562,20.040000915527344,19.610000610351562,20.0,19.824216842651367,22587813,0.0,0.0
2021-03-31,19.700000762939453,19.729999542236328,19.059999465942383,19.479999542236328,19.30878448486328,28352195,0.0,0.0
2021-04-01,19.700000762939453,20.450000762939453,19.610000610351562,20.170000076293945,19.992725372314453,37687842,0.0,0.0
2021-04-02,20.479999542236328,21.799999237060547,20.280000686645508,21.56999969482422,21.380416870117188,60019124,0.0,0.0
2021-04-06,21.670000076293945,21.8700008392334,21.18000030517578,21.530000686645508,21.34077262878418,33851734,0.0,0.0
2021-04-07,21.350000381469727,21.639999389648438,21.1200008392334,21.610000610351562,21.420066833496094,25236285,0.0,0.0
2021-04-08,21.510000228881836,21.84000015258789,21.309999465942383,21.360000610351562,21.172264099121094,22250850,0.0,0.0
2021-04-09,21.850000381469727,22.110000610351562,21.209999084472656,21.309999465942383,21.122703552246094,26603026,0.0,0.0
2021-04-12,21.399999618530273,21.81999969482422,20.8799991607666,20.940000534057617,20.75595474243164,23368749,0.0,0.0
2021-04-13,20.899999618530273,21.260000228881836,20.559999465942383,20.780000686645508,20.597362518310547,18160675,0.0,0.0
2021-04-14,21.049999237060547,21.260000228881836,20.670000076293945,20.770000457763672,20.587451934814453,17138911,0.0,0.0
2021-04-15,20.670000076293945,20.670000076293945,19.90999984741211,20.540000915527344,20.35947036743164,23893829,0.0,0.0
2021-04-16,20.510000228881836,20.600000381469727,20.09000015258789,20.399999618530273,20.220701217651367,15952015,0.0,0.0
2021-04-19,20.329999923706055,20.899999618530273,20.149999618530273,20.899999618530273,20.716306686401367,23008244,0.0,0.0
2021-04-20,20.610000610351562,20.709999084472656,20.149999618530273,20.209999084472656,20.032371520996094,29089693,0.0,0.0
2021-04-21,20.010000228881836,20.399999618530273,19.729999542236328,20.18000030517578,20.002635955810547,21251748,0.0,0.0
2021-04-22,20.260000228881836,20.8799991607666,20.219999313354492,20.350000381469727,20.171140670776367,26266204,0.0,0.0
2021-04-23,20.350000381469727,20.65999984741211,20.079999923706055,20.5,20.319822311401367,20439200,0.0,0.0
2021-04-26,20.610000610351562,21.100000381469727,20.510000228881836,20.600000381469727,20.4189453125,31950411,0.0,0.0
2021-04-27,20.40999984741211,20.450000762939453,19.719999313354492,19.790000915527344,19.61606216430664,28181192,0.0,0.0
2021-04-28,19.790000915527344,20.899999618530273,19.399999618530273,20.59000015258789,20.40903091430664,33697115,0.0,0.0
2021-04-29,20.5,21.079999923706055,20.389999389648438,20.549999237060547,20.369380950927734,37109964,0.0,0.0
2021-04-30,20.559999465942383,21.43000030517578,20.450000762939453,21.3700008392334,21.18217658996582,47110926,0.0,0.0
2021-05-06,21.219999313354492,21.440000534057617,20.850000381469727,20.969999313354492,20.785690307617188,31173835,0.0,0.0
2021-05-07,20.90999984741211,21.31999969482422,20.110000610351562,20.1299991607666,19.953073501586914,32564836,0.0,0.0
2021-05-10,19.75,19.989999771118164,19.299999237060547,19.399999618530273,19.229490280151367,29902303,0.0,0.0
2021-05-11,19.200000762939453,19.530000686645508,18.770000457763672,19.239999771118164,19.07089614868164,27133872,0.0,0.0
2021-05-12,19.149999618530273,19.6299991607666,18.809999465942383,19.56999969482422,19.39799690246582,24177080,0.0,0.0
2021-05-13,19.25,20.280000686645508,19.149999618530273,19.68000030517578,19.507030487060547,25193923,0.0,0.0
2021-05-14,20.0,20.149999618530273,19.559999465942383,19.920000076293945,19.74492073059082,20917122,0.0,0.0
2021-05-17,20.049999237060547,20.31999969482422,19.700000762939453,19.770000457763672,19.596240997314453,25280199,0.0,0.0
2021-05-18,19.34000015258789,19.489999771118164,19.110000610351562,19.389999389648438,19.219575881958008,20165324,0.0,0.0
2021-05-19,19.389999389648438,19.559999465942383,19.260000228881836,19.309999465942383,19.140281677246094,15150724,0.0,0.0
2021-05-20,18.510000228881836,18.559999465942383,17.700000762939453,17.84000015258789,17.683202743530273,51858287,0.0,0.0
2021-05-21,17.700000762939453,18.09000015258789,17.700000762939453,17.729999542236328,17.574169158935547,20875747,0.0,0.0
2021-05-24,17.690000534057617,18.360000610351562,17.200000762939453,18.290000915527344,18.129247665405273,38419215,0.0,0.0
2021-05-25,18.290000915527344,18.75,18.18000030517578,18.700000762939453,18.53564453125,38185057,0.0,0.0
2021-05-26,18.799999237060547,19.079999923706055,18.6299991607666,18.709999084472656,18.545555114746094,31336600,0.0,0.0
2021-05-27,18.610000610351562,19.889999389648438,18.559999465942383,19.440000534057617,19.269140243530273,52087285,0.0,0.0
2021-05-28,19.59000015258789,19.700000762939453,19.31999969482422,19.469999313354492,19.298871994018555,32602401,0.0,0.0
2021-05-31,19.690000534057617,20.100000381469727,19.450000762939453,19.59000015258789,19.41781997680664,27453195,0.0,0.0
2021-06-01,19.59000015258789,20.200000762939453,19.25,19.84000015258789,19.665624618530273,36782230,0.0,0.0
2021-06-02,19.989999771118164,20.329999923706055,19.690000534057617,19.829999923706055,19.655712127685547,32807973,0.0,0.0
2021-06-03,19.709999084472656,20.049999237060547,19.510000228881836,19.56999969482422,19.39799690246582,25247742,0.0,0.0
2021-06-04,19.450000762939453,20.149999618530273,19.40999984741211,19.969999313354492,19.79448127746582,30445535,0.0,0.0
2021-06-07,21.0,21.969999313354492,20.809999465942383,21.969999313354492,21.776901245117188,106034533,0.0,0.0
2021-06-08,22.450000762939453,22.450000762939453,21.510000228881836,21.65999984741211,21.469629287719727,91509194,0.0,0.0
2021-06-09,21.75,22.100000381469727,21.139999389648438,21.3799991607666,21.192087173461914,54204272,0.0,0.0
2021-06-10,21.3799991607666,21.739999771118164,21.190000534057617,21.56999969482422,21.380416870117188,61175784,0.0,0.0
2021-06-11,21.600000381469727,21.6299991607666,20.299999237060547,20.31999969482422,20.14140510559082,67030117,0.0,0.0
2021-06-15,20.209999084472656,20.93000030517578,20.209999084472656,20.479999542236328,20.299999237060547,43202555,0.0,0.0
2021-06-16,20.479999542236328,21.420000076293945,20.450000762939453,20.600000381469727,20.4189453125,46704966,0.0,0.0
2021-06-17,20.65999984741211,22.299999237060547,20.65999984741211,22.0,21.806638717651367,82564057,0.0,0.0
2021-06-18,21.989999771118164,22.360000610351562,21.59000015258789,22.079999923706055,21.885936737060547,67919355,0.0,0.0
2021-06-21,22.06999969482422,22.06999969482422,21.399999618530273,21.690000534057617,21.499364852905273,53585994,0.0,0.0
2021-06-22,21.739999771118164,21.81999969482422,20.799999237060547,21.299999237060547,21.112791061401367,50775864,0.0,0.0
2021-06-23,21.329999923706055,22.68000030517578,21.229999542236328,22.6200008392334,22.448593139648438,90025723,0.026,0.0
2021-06-24,22.510000228881836,22.510000228881836,21.829999923706055,21.899999618530273,21.734046936035156,58015834,0.0,0.0
2021-06-25,21.84000015258789,23.389999389648438,21.709999084472656,23.030000686645508,22.855485916137695,98838490,0.0,0.0
2021-06-28,23.209999084472656,23.719999313354492,22.75,23.709999084472656,23.530332565307617,79991711,0.0,0.0
2021-06-29,23.799999237060547,24.3799991607666,23.329999923706055,23.520000457763672,23.341772079467773,79181729,0.0,0.0
2021-06-30,24.600000381469727,25.68000030517578,24.0,24.040000915527344,23.857831954956055,110242604,0.0,0.0
2021-07-01,24.219999313354492,25.200000762939453,23.790000915527344,23.920000076293945,23.738740921020508,86053451,0.0,0.0
2021-07-02,24.049999237060547,24.549999237060547,23.389999389648438,23.469999313354492,23.292150497436523,70210164,0.0,0.0
2021-07-05,23.81999969482422,24.200000762939453,23.100000381469727,24.170000076293945,23.986845016479492,70553670,0.0,0.0
2021-07-06,23.989999771118164,24.450000762939453,23.25,23.969999313354492,23.788362503051758,66581372,0.0,0.0
2021-07-07,23.5,23.950000762939453,22.829999923706055,23.700000762939453,23.520408630371094,58834092,0.0,0.0
2021-07-08,23.68000030517578,24.549999237060547,23.360000610351562,24.3799991607666,24.195255279541016,77789111,0.0,0.0
2021-07-09,24.0,24.190000534057617,23.3799991607666,23.940000534057617,23.758586883544922,52494940,0.0,0.0
2021-07-12,24.0,24.229999542236328,23.40999984741211,24.100000381469727,23.917377471923828,57695495,0.0,0.0
2021-07-13,23.959999084472656,23.969999313354492,23.010000228881836,23.030000686645508,22.855485916137695,60212040,0.0,0.0
2021-07-14,22.860000610351562,23.190000534057617,22.329999923706055,22.34000015258789,22.170713424682617,47106954,0.0,0.0
2021-07-15,22.219999313354492,22.59000015258789,21.719999313354492,22.100000381469727,21.932533264160156,38788124,0.0,0.0
2021-07-16,22.1299991607666,22.540000915527344,21.950000762939453,21.969999313354492,21.803516387939453,32765113,0.0,0.0
2021-07-19,21.670000076293945,22.09000015258789,21.43000030517578,21.81999969482422,21.65465545654297,26915944,0.0,0.0
2021-07-20,21.639999389648438,22.329999923706055,21.549999237060547,22.299999237060547,22.13101577758789,31091546,0.0,0.0
2021-07-21,22.200000762939453,22.829999923706055,22.0,22.309999465942383,22.140939712524414,52115226,0.0,0.0
2021-07-22,22.31999969482422,22.790000915527344,21.8799991607666,22.719999313354492,22.547834396362305,53005625,0.0,0.0
2021-07-23,22.739999771118164,22.780000686645508,21.649999618530273,21.65999984741211,21.495868682861328,48608957,0.0,0.0
2021-07-26,21.549999237060547,22.360000610351562,21.209999084472656,22.350000381469727,22.18063735961914,52242581,0.0,0.0
2021-07-27,22.299999237060547,23.799999237060547,22.149999618530273,22.84000015258789,22.66692543029785,93890953,0.0,0.0
2021-07-28,22.350000381469727,22.540000915527344,20.559999465942383,21.219999313354492,21.0591983795166,57062986,0.0,0.0
2021-07-29,21.600000381469727,23.34000015258789,21.450000762939453,23.049999237060547,22.87533187866211,97651014,0.0,0.0
2021-07-30,23.34000015258789,23.459999084472656,22.799999237060547,23.229999542236328,23.053966522216797,77923502,0.0,0.0
2021-08-02,23.270000457763672,23.729999542236328,22.56999969482422,23.200000762939453,23.024198532104492,66312094,0.0,0.0
2021-08-03,22.889999389648438,23.020000457763672,21.68000030517578,21.829999923706055,21.664579391479492,60630933,0.0,0.0
2021-08-04,21.780000686645508,22.3799991607666,21.709999084472656,22.170000076293945,22.00200080871582,37078308,0.0,0.0
2021-08-05,22.020000457763672,22.389999389648438,21.709999084472656,21.899999618530273,21.734046936035156,34182528,0.0,0.0
2021-08-06,22.139999389648438,23.200000762939453,21.809999465942383,22.559999465942383,22.38904571533203,55146834,0.0,0.0
2021-08-09,22.200000762939453,22.200000762939453,21.549999237060547,22.010000228881836,21.843212127685547,38575566,0.0,0.0
2021-08-10,21.850000381469727,22.139999389648438,21.65999984741211,21.90999984741211,21.74397087097168,32403341,0.0,0.0
2021-08-11,21.850000381469727,21.969999313354492,21.5,21.690000534057617,21.5256404876709,31545498,0.0,0.0
2021-08-12,21.59000015258789,22.149999618530273,21.56999969482422,21.709999084472656,21.545486450195312,31025199,0.0,0.0
2021-08-13,21.479999542236328,21.479999542236328,20.690000534057617,20.760000228881836,20.602685928344727,47650945,0.0,0.0
2021-08-16,20.770000457763672,21.09000015258789,20.389999389648438,20.75,20.592761993408203,26821113,0.0,0.0
2021-08-17,20.700000762939453,20.790000915527344,19.8700008392334,19.950000762939453,19.798824310302734,35446866,0.0,0.0
2021-08-18,20.100000381469727,20.15999984741211,19.690000534057617,19.889999389648438,19.73927879333496,23146476,0.0,0.0
2021-08-19,19.899999618530273,20.1299991607666,19.799999237060547,20.049999237060547,19.8980655670166,20513145,0.0,0.0
2021-08-20,20.350000381469727,20.790000915527344,20.270000457763672,20.450000762939453,20.29503631591797,33360429,0.0,0.0
2021-08-23,20.549999237060547,20.739999771118164,20.350000381469727,20.549999237060547,20.394275665283203,24106062,0.0,0.0
2021-08-24,20.549999237060547,20.770000457763672,20.31999969482422,20.479999542236328,20.32480812072754,23132154,0.0,0.0
2021-08-25,20.600000381469727,20.600000381469727,20.139999389648438,20.209999084472656,20.056854248046875,19609534,0.0,0.0
2021-08-26,20.3799991607666,20.549999237060547,19.920000076293945,19.969999313354492,19.81867218017578,22394039,0.0,0.0
2021-08-27,19.899999618530273,20.3799991607666,19.75,20.360000610351562,20.205718994140625,23464985,0.0,0.0
2021-08-30,20.65999984741211,20.729999542236328,20.239999771118164,20.299999237060547,20.14617156982422,26935926,0.0,0.0
2021-08-31,20.299999237060547,20.579999923706055,19.8700008392334,20.579999923706055,20.424049377441406,27275171,0.0,0.0
2021-09-01,20.440000534057617,20.549999237060547,20.020000457763672,20.440000534057617,20.285112380981445,23145711,0.0,0.0
2021-09-02,20.399999618530273,20.399999618530273,19.969999313354492,20.040000915527344,19.88814353942871,24946108,0.0,0.0
2021-09-03,20.040000915527344,20.389999389648438,19.8799991607666,20.110000610351562,19.957611083984375,23111300,0.0,0.0
2021-09-06,20.079999923706055,20.360000610351562,19.709999084472656,20.299999237060547,20.14617156982422,24717441,0.0,0.0
2021-09-07,20.329999923706055,20.450000762939453,20.149999618530273,20.31999969482422,20.1660213470459,20675525,0.0,0.0
2021-09-08,20.329999923706055,20.610000610351562,20.239999771118164,20.600000381469727,20.443899154663086,27419930,0.0,0.0
2021-09-09,20.600000381469727,20.649999618530273,20.059999465942383,20.190000534057617,20.037004470825195,24012772,0.0,0.0
2021-09-10,20.06999969482422,20.709999084472656,20.020000457763672,20.549999237060547,20.394275665283203,35962132,0.0,0.0
2021-09-13,20.549999237060547,20.559999465942383,20.18000030517578,20.239999771118164,20.086627960205078,22394318,0.0,0.0
2021-09-14,20.239999771118164,20.440000534057617,19.90999984741211,19.969999313354492,19.81867218017578,21547348,0.0,0.0
2021-09-15,20.0,20.049999237060547,19.709999084472656,19.739999771118164,19.59041404724121,19124653,0.0,0.0
2021-09-16,19.709999084472656,19.860000610351562,18.959999084472656,18.959999084472656,18.816326141357422,26393201,0.0,0.0
2021-09-17,18.899999618530273,19.18000030517578,18.690000534057617,19.09000015258789,18.945341110229492,16059270,0.0,0.0
2021-09-22,18.90999984741211,19.079999923706055,18.780000686645508,18.989999771118164,18.846097946166992,11797979,0.0,0.0
2021-09-23,18.969999313354492,19.489999771118164,18.969999313354492,19.3700008392334,19.223222732543945,16675853,0.0,0.0
2021-09-24,19.3700008392334,19.489999771118164,19.15999984741211,19.200000762939453,19.054508209228516,11706391,0.0,0.0
2021-09-27,19.350000381469727,19.450000762939453,18.920000076293945,18.950000762939453,18.80640411376953,14882555,0.0,0.0
2021-09-28,18.5,19.110000610351562,17.899999618530273,18.959999084472656,18.816326141357422,21087638,0.0,0.0
2021-09-29,18.780000686645508,18.959999084472656,18.600000381469727,18.799999237060547,18.65753746032715,14107858,0.0,0.0
2021-09-30,19.0,19.280000686645508,18.850000381469727,18.969999313354492,18.826250076293945,13295710,0.0,0.0
2021-10-08,19.299999237060547,19.3799991607666,19.09000015258789,19.290000915527344,19.14382553100586,13256817,0.0,0.0
2021-10-11,19.200000762939453,19.459999084472656,19.1200008392334,19.299999237060547,19.153749465942383,11815620,0.0,0.0
2021-10-12,19.649999618530273,19.899999618530273,19.290000915527344,19.469999313354492,19.322458267211914,21640767,0.0,0.0
2021-10-13,19.459999084472656,20.200000762939453,19.399999618530273,20.139999389648438,19.987382888793945,32168326,0.0,0.0
2021-10-14,20.0,20.1299991607666,19.799999237060547,19.979999542236328,19.828596115112305,17761017,0.0,0.0
2021-10-15,20.0,20.65999984741211,19.90999984741211,20.489999771118164,20.334733963012695,36754789,0.0,0.0
2021-10-18,20.290000915527344,20.540000915527344,20.079999923706055,20.479999542236328,20.32480812072754,18447581,0.0,0.0
2021-10-19,20.43000030517578,20.600000381469727,20.100000381469727,20.209999084472656,20.056854248046875,18753508,0.0,0.0
2021-10-20,20.309999465942383,20.360000610351562,19.770000457763672,19.920000076293945,19.769052505493164,22893134,0.0,0.0
2021-10-21,19.860000610351562,20.079999923706055,19.540000915527344,19.649999618530273,19.5010986328125,15779253,0.0,0.0
2021-10-22,19.729999542236328,20.1200008392334,19.649999618530273,19.8799991607666,19.729351043701172,17208926,0.0,0.0
2021-10-25,19.850000381469727,19.969999313354492,19.479999542236328,19.959999084472656,19.808746337890625,16162933,0.0,0.0
2021-10-26,19.889999389648438,20.25,19.8700008392334,20.09000015258789,19.93776512145996,18807054,0.0,0.0
2021-10-27,19.920000076293945,19.959999084472656,19.639999389648438,19.729999542236328,19.580490112304688,14424117,0.0,0.0
2021-10-28,19.719999313354492,20.200000762939453,19.200000762939453,19.260000228881836,19.11405372619629,19405240,0.0,0.0
2021-10-29,19.260000228881836,20.170000076293945,19.260000228881836,20.020000457763672,19.8682918548584,24753033,0.0,0.0
2021-11-01,20.020000457763672,20.690000534057617,20.020000457763672,20.6299991607666,20.473669052124023,39158641,0.0,0.0
2021-11-02,20.540000915527344,21.0,20.520000457763672,20.709999084472656,20.55306625366211,42007247,0.0,0.0
2021-11-03,20.799999237060547,20.989999771118164,20.479999542236328,20.770000457763672,20.61260986328125,28592239,0.0,0.0
2021-11-04,20.969999313354492,20.979999542236328,20.559999465942383,20.6299991607666,20.473669052124023,29700458,0.0,0.0
2021-11-05,21.079999923706055,21.209999084472656,20.43000030517578,20.43000030517578,20.275184631347656,36321768,0.0,0.0
2021-11-08,20.219999313354492,20.3799991607666,19.75,20.049999237060547,19.8980655670166,26430623,0.0,0.0
2021-11-09,20.170000076293945,21.229999542236328,20.040000915527344,20.8700008392334,20.711854934692383,44901031,0.0,0.0
2021-11-10,20.739999771118164,21.209999084472656,20.600000381469727,21.059999465942383,20.900409698486328,37001286,0.0,0.0
2021-11-11,20.8700008392334,21.34000015258789,20.75,21.239999771118164,21.07904815673828,37437686,0.0,0.0
2021-11-12,21.079999923706055,21.420000076293945,21.030000686645508,21.110000610351562,20.950035095214844,26581265,0.0,0.0
2021-11-15,21.1299991607666,21.420000076293945,20.850000381469727,20.899999618530273,20.741622924804688,26943994,0.0,0.0
2021-11-16,20.8799991607666,21.299999237060547,20.670000076293945,20.709999084472656,20.55306625366211,25060194,0.0,0.0
2021-11-17,20.729999542236328,21.06999969482422,20.479999542236328,20.899999618530273,20.741622924804688,21934606,0.0,0.0
2021-11-18,20.799999237060547,21.1200008392334,20.600000381469727,20.6200008392334,20.463747024536133,18158061,0.0,0.0
2021-11-19,20.6200008392334,20.860000610351562,20.209999084472656,20.790000915527344,20.632461547851562,24772084,0.0,0.0
2021-11-22,20.780000686645508,21.420000076293945,20.770000457763672,21.399999618530273,21.237836837768555,44031245,0.0,0.0
2021-11-23,21.309999465942383,21.59000015258789,21.1299991607666,21.200000762939453,21.039352416992188,31377549,0.0,0.0
2021-11-24,21.209999084472656,21.389999389648438,20.93000030517578,21.079999923706055,20.92026138305664,25751109,0.0,0.0
2021-11-25,21.149999618530273,21.540000915527344,20.899999618530273,21.31999969482422,21.1584415435791,29666129,0.0,0.0
2021-11-26,21.170000076293945,21.200000762939453,20.3799991607666,20.420000076293945,20.265260696411133,37869785,0.0,0.0
2021-11-29,19.989999771118164,20.34000015258789,19.8799991607666,20.040000915527344,19.88814353942871,19607399,0.0,0.0
2021-11-30,20.209999084472656,22.0,20.200000762939453,21.790000915527344,21.624879837036133,89957383,0.0,0.0
2021-12-01,21.709999084472656,21.889999389648438,21.209999084472656,21.25,21.088973999023438,46701462,0.0,0.0
2021-12-02,21.190000534057617,21.399999618530273,20.81999969482422,20.850000381469727,20.692005157470703,27076044,0.0,0.0
2021-12-03,21.040000915527344,21.450000762939453,20.950000762939453,21.100000381469727,20.940109252929688,29228616,0.0,0.0
2021-12-06,20.969999313354492,21.229999542236328,20.68000030517578,20.729999542236328,20.572914123535156,22330526,0.0,0.0
2021-12-07,20.790000915527344,20.93000030517578,20.010000228881836,20.15999984741211,20.007232666015625,27391625,0.0,0.0
2021-12-08,20.219999313354492,20.40999984741211,20.06999969482422,20.309999465942383,20.156095504760742,28490287,0.0,0.0
2021-12-09,20.15999984741211,20.3700008392334,19.950000762939453,20.299999237060547,20.14617156982422,28397096,0.0,0.0
2021-12-10,20.18000030517578,20.440000534057617,20.059999465942383,20.34000015258789,20.185867309570312,25872018,0.0,0.0
2021-12-13,20.399999618530273,20.649999618530273,20.18000030517578,20.450000762939453,20.29503631591797,23419756,0.0,0.0
2021-12-14,20.309999465942383,20.56999969482422,20.299999237060547,20.350000381469727,20.19579315185547,15500256,0.0,0.0
2021-12-15,20.350000381469727,20.59000015258789,20.079999923706055,20.09000015258789,19.93776512145996,19108452,0.0,0.0
2021-12-16,20.170000076293945,20.270000457763672,19.920000076293945,20.0,19.84844398498535,20186618,0.0,0.0
2021-12-17,19.899999618530273,19.93000030517578,19.399999618530273,19.450000762939453,19.302614212036133,26007052,0.0,0.0
2021-12-20,19.329999923706055,19.479999542236328,19.1200008392334,19.139999389648438,18.994962692260742,15734355,0.0,0.0
2021-12-21,19.139999389648438,19.329999923706055,19.139999389648438,19.31999969482422,19.173595428466797,11687232,0.0,0.0
2021-12-22,19.389999389648438,19.639999389648438,19.299999237060547,19.440000534057617,19.292688369750977,14820809,0.0,0.0
2021-12-23,19.420000076293945,19.450000762939453,19.270000457763672,19.329999923706055,19.183521270751953,12135382,0.0,0.0
2021-12-24,19.399999618530273,19.40999984741211,19.100000381469727,19.209999084472656,19.064430236816406,9591022,0.0,0.0
2021-12-27,19.200000762939453,19.450000762939453,19.139999389648438,19.329999923706055,19.183521270751953,9348763,0.0,0.0
2021-12-28,19.34000015258789,19.5,19.219999313354492,19.420000076293945,19.27284049987793,9792473,0.0,0.0
2021-12-29,19.479999542236328,19.479999542236328,19.25,19.309999465942383,19.163671493530273,8765251,0.0,0.0
2021-12-30,19.270000457763672,19.530000686645508,19.260000228881836,19.43000030517578,19.282764434814453,12885156,0.0,0.0
2021-12-31,19.389999389648438,19.489999771118164,19.360000610351562,19.43000030517578,19.282764434814453,9256798,0.0,0.0
2022-01-04,19.5,19.600000381469727,19.31999969482422,19.540000915527344,19.39193344116211,14073683,0.0,0.0
2022-01-05,19.5,19.549999237060547,18.950000762939453,19.290000915527344,19.14382553100586,20415541,0.0,0.0
2022-01-06,19.1299991607666,19.290000915527344,18.989999771118164,19.139999389648438,18.994962692260742,12215283,0.0,0.0
2022-01-07,19.139999389648438,19.229999542236328,18.969999313354492,19.0,18.856021881103516,13767544,0.0,0.0
2022-01-10,19.0,19.040000915527344,18.489999771118164,19.0,18.856021881103516,14473952,0.0,0.0
2022-01-11,18.889999389648438,19.100000381469727,18.8799991607666,18.950000762939453,18.80640411376953,8729650,0.0,0.0
2022-01-12,18.979999542236328,19.18000030517578,18.959999084472656,19.18000030517578,19.034658432006836,10459078,0.0,0.0
2022-01-13,19.110000610351562,19.229999542236328,18.829999923706055,18.8799991607666,18.73693084716797,10453997,0.0,0.0
2022-01-14,18.75,19.020000457763672,18.739999771118164,18.81999969482422,18.67738914489746,8996907,0.0,0.0
2022-01-17,18.760000228881836,19.110000610351562,18.760000228881836,19.030000686645508,18.88579559326172,10255846,0.0,0.0
2022-01-18,19.040000915527344,19.350000381469727,19.030000686645508,19.200000762939453,19.054508209228516,14994408,0.0,0.0
2022-01-19,19.09000015258789,19.1299991607666,18.81999969482422,18.889999389648438,18.746854782104492,10852910,0.0,0.0
2022-01-20,18.889999389648438,18.989999771118164,18.25,18.290000915527344,18.151403427124023,16106208,0.0,0.0
2022-01-21,18.290000915527344,18.43000030517578,18.010000228881836,18.200000762939453,18.06208610534668,11781407,0.0,0.0
2022-01-24,18.030000686645508,18.299999237060547,18.030000686645508,18.18000030517578,18.042238235473633,6894869,0.0,0.0
2022-01-25,18.170000076293945,18.280000686645508,17.600000381469727,17.65999984741211,17.52617645263672,12132448,0.0,0.0
2022-01-26,17.75,17.84000015258789,17.389999389648438,17.56999969482422,17.436857223510742,8587259,0.0,0.0
2022-01-27,17.56999969482422,17.639999389648438,16.850000381469727,16.8799991607666,16.752086639404297,13995830,0.0,0.0
2022-01-28,17.309999465942383,17.670000076293945,17.110000610351562,17.40999984741211,17.2780704498291,15564921,0.0,0.0
2022-02-07,17.8700008392334,18.030000686645508,17.610000610351562,17.65999984741211,17.52617645263672,12059637,0.0,0.0
2022-02-08,17.549999237060547,17.780000686645508,17.450000762939453,17.780000686645508,17.6452693939209,10366216,0.0,0.0
2022-02-09,17.68000030517578,18.010000228881836,17.68000030517578,17.979999542236328,17.84375,9703254,0.0,0.0
2022-02-10,18.020000457763672,18.1299991607666,17.84000015258789,17.93000030517578,17.794132232666016,9453584,0.0,0.0
2022-02-11,17.780000686645508,17.959999084472656,17.65999984741211,17.719999313354492,17.585721969604492,8449078,0.0,0.0
2022-02-14,17.559999465942383,17.81999969482422,17.299999237060547,17.809999465942383,17.675039291381836,7614960,0.0,0.0
2022-02-15,17.729999542236328,17.959999084472656,17.709999084472656,17.950000762939453,17.813980102539062,8333057,0.0,0.0
2022-02-16,18.030000686645508,18.1299991607666,17.8700008392334,17.920000076293945,17.784208297729492,7875477,0.0,0.0
2022-02-17,17.90999984741211,18.059999465942383,17.780000686645508,17.889999389648438,17.75443458557129,7255191,0.0,0.0
2022-02-18,17.739999771118164,17.950000762939453,17.670000076293945,17.93000030517578,17.794132232666016,5669780,0.0,0.0
2022-02-21,17.93000030517578,18.290000915527344,17.850000381469727,18.190000534057617,18.052162170410156,11511737,0.0,0.0
2022-02-22,18.049999237060547,18.260000228881836,17.959999084472656,18.110000610351562,17.972766876220703,8713200,0.0,0.0
2022-02-23,18.110000610351562,18.6299991607666,18.100000381469727,18.549999237060547,18.409433364868164,18358370,0.0,0.0
2022-02-24,18.350000381469727,18.559999465942383,18.020000457763672,18.200000762939453,18.06208610534668,18633719,0.0,0.0
2022-02-25,18.450000762939453,18.559999465942383,18.149999618530273,18.260000228881836,18.12162971496582,11431650,0.0,0.0
2022-02-28,18.270000457763672,18.280000686645508,18.0,18.100000381469727,17.96284294128418,8872696,0.0,0.0
2022-03-01,18.1200008392334,18.190000534057617,17.940000534057617,18.040000915527344,17.90329933166504,9389983,0.0,0.0
2022-03-02,17.90999984741211,18.079999923706055,17.8799991607666,17.940000534057617,17.80405616760254,7421690,0.0,0.0
2022-03-03,18.010000228881836,18.280000686645508,17.799999237060547,17.850000381469727,17.714736938476562,10749505,0.0,0.0
2022-03-04,17.799999237060547,18.25,17.709999084472656,17.93000030517578,17.794132232666016,10825161,0.0,0.0
2022-03-07,17.8799991607666,17.920000076293945,17.309999465942383,17.399999618530273,17.268146514892578,11271066,0.0,0.0
2022-03-08,17.440000534057617,17.56999969482422,16.8799991607666,17.100000381469727,16.970420837402344,12483770,0.0,0.0
2022-03-09,17.25,17.389999389648438,16.209999084472656,16.920000076293945,16.791784286499023,14487744,0.0,0.0
2022-03-10,17.25,17.56999969482422,17.040000915527344,17.25,17.11928367614746,14375613,0.0,0.0
2022-03-11,16.899999618530273,17.440000534057617,16.899999618530273,17.420000076293945,17.287994384765625,11997615,0.0,0.0
2022-03-14,17.170000076293945,17.899999618530273,17.100000381469727,17.200000762939453,17.069664001464844,10310352,0.0,0.0
2022-03-15,17.15999984741211,17.34000015258789,16.329999923706055,16.360000610351562,16.23602867126465,14113684,0.0,0.0
2022-03-16,16.649999618530273,16.899999618530273,15.90999984741211,16.81999969482422,16.692543029785156,16188244,0.0,0.0
2022-03-17,16.989999771118164,17.450000762939453,16.989999771118164,17.229999542236328,17.099435806274414,15234422,0.0,0.0
2022-03-18,17.209999084472656,17.5,17.1200008392334,17.459999084472656,17.327693939208984,11664241,0.0,0.0
2022-03-21,17.479999542236328,17.649999618530273,17.40999984741211,17.59000015258789,17.456707000732422,11818299,0.0,0.0
2022-03-22,17.549999237060547,17.81999969482422,17.5,17.600000381469727,17.46663475036621,8646312,0.0,0.0
2022-03-23,17.6299991607666,17.739999771118164,17.530000686645508,17.6299991607666,17.49640464782715,7580052,0.0,0.0
2022-03-24,17.530000686645508,17.600000381469727,17.350000381469727,17.3700008392334,17.23837661743164,7595790,0.0,0.0
2022-03-25,17.479999542236328,17.760000228881836,17.3799991607666,17.3799991607666,17.24829864501953,8199034,0.0,0.0
2022-03-28,17.219999313354492,17.559999465942383,17.190000534057617,17.479999542236328,17.34754180908203,6481020,0.0,0.0
2022-03-29,17.549999237060547,17.600000381469727,17.010000228881836,17.09000015258789,16.96049690246582,7950139,0.0,0.0
2022-03-30,17.209999084472656,17.299999237060547,16.889999389648438,17.229999542236328,17.099435806274414,10971480,0.0,0.0
2022-03-31,17.170000076293945,17.18000030517578,16.510000228881836,16.579999923706055,16.454362869262695,14554698,0.0,0.0
2022-04-01,16.489999771118164,16.780000686645508,16.360000610351562,16.610000610351562,16.484132766723633,10357473,0.0,0.0
2022-04-06,16.510000228881836,16.520000457763672,16.149999618530273,16.260000228881836,16.13678741455078,11229884,0.0,0.0
2022-04-07,16.149999618530273,16.350000381469727,15.699999809265137,15.729999542236328,15.610801696777344,13814787,0.0,0.0
2022-04-08,15.8100004196167,15.8100004196167,15.289999961853027,15.539999961853027,15.422243118286133,12380780,0.0,0.0
2022-04-11,15.550000190734863,15.5600004196167,14.670000076293945,14.8100004196167,14.697774887084961,14467471,0.0,0.0
2022-04-12,14.8100004196167,15.300000190734863,14.65999984741211,15.229999542236328,15.11458969116211,11902191,0.0,0.0
2022-04-13,15.229999542236328,15.229999542236328,14.890000343322754,14.90999984741211,14.797016143798828,8232725,0.0,0.0
2022-04-14,15.020000457763672,15.300000190734863,14.960000038146973,15.210000038146973,15.094742774963379,8447989,0.0,0.0
2022-04-15,15.0600004196167,15.140000343322754,14.729999542236328,14.90999984741211,14.797016143798828,9032300,0.0,0.0
2022-04-18,14.8100004196167,15.289999961853027,14.680000305175781,15.229999542236328,15.11458969116211,11724818,0.0,0.0
2022-04-19,15.180000305175781,15.390000343322754,15.09000015258789,15.199999809265137,15.084817886352539,8261343,0.0,0.0
2022-04-20,15.239999771118164,15.3100004196167,14.899999618530273,14.960000038146973,14.846636772155762,7599464,0.0,0.0
2022-04-21,14.9399995803833,15.140000343322754,14.489999771118164,14.5600004196167,14.449667930603027,9515436,0.0,0.0
2022-04-22,14.5,14.640000343322754,13.979999542236328,14.100000381469727,13.993155479431152,13077181,0.0,0.0
2022-04-25,13.859999656677246,13.869999885559082,12.930000305175781,12.989999771118164,12.89156436920166,17627747,0.0,0.0
2022-04-26,13.020000457763672,13.25,12.539999961853027,12.600000381469727,12.504520416259766,15086501,0.0,0.0
2022-04-27,12.489999771118164,13.279999732971191,12.359999656677246,13.229999542236328,13.129746437072754,16195216,0.0,0.0
2022-04-28,12.949999809265137,13.100000381469727,12.6899995803833,12.869999885559082,12.772475242614746,15409820,0.0,0.0
2022-04-29,13.119999885559082,13.350000381469727,12.829999923706055,13.270000457763672,13.169443130493164,17489328,0.0,0.0
2022-05-05,13.319999694824219,13.800000190734863,13.119999885559082,13.479999542236328,13.377851486206055,17506829,0.0,0.0
2022-05-06,12.979999542236328,13.229999542236328,12.930000305175781,12.989999771118164,12.89156436920166,11814067,0.0,0.0
2022-05-09,12.9399995803833,13.170000076293945,12.829999923706055,13.0,12.901490211486816,9208215,0.0,0.0
2022-05-10,12.800000190734863,13.369999885559082,12.729999542236328,13.3100004196167,13.20914077758789,18068998,0.0,0.0
2022-05-11,13.319999694824219,14.050000190734863,13.3100004196167,13.630000114440918,13.526716232299805,27086120,0.0,0.0
2022-05-12,13.59000015258789,13.90999984741211,13.479999542236328,13.729999542236328,13.625957489013672,16625359,0.0,0.0
2022-05-13,13.75,13.829999923706055,13.569999694824219,13.680000305175781,13.576336860656738,10750129,0.0,0.0
2022-05-16,13.770000457763672,13.899999618530273,13.569999694824219,13.619999885559082,13.516791343688965,10787933,0.0,0.0
2022-05-17,13.600000381469727,13.8100004196167,13.510000228881836,13.75,13.645807266235352,11867310,0.0,0.0
2022-05-18,13.819999694824219,13.90999984741211,13.65999984741211,13.75,13.645807266235352,11371729,0.0,0.0
2022-05-19,13.4399995803833,13.970000267028809,13.369999885559082,13.960000038146973,13.854214668273926,16709892,0.0,0.0
2022-05-20,13.899999618530273,14.149999618530273,13.850000381469727,14.119999885559082,14.013002395629883,13882201,0.0,0.0
2022-05-23,14.1899995803833,14.380000114440918,14.100000381469727,14.289999961853027,14.181714057922363,16533191,0.0,0.0
2022-05-24,14.289999961853027,14.380000114440918,13.609999656677246,13.640000343322754,13.536639213562012,18165364,0.0,0.0
2022-05-25,13.5600004196167,13.829999923706055,13.520000457763672,13.739999771118164,13.635881423950195,8983405,0.0,0.0
2022-05-26,13.789999961853027,14.050000190734863,13.479999542236328,13.989999771118164,13.883987426757812,15116469,0.0,0.0
2022-05-27,14.079999923706055,14.149999618530273,13.720000267028809,13.890000343322754,13.784746170043945,12739843,0.0,0.0
2022-05-30,13.869999885559082,14.0,13.65999984741211,13.779999732971191,13.675578117370605,15239168,0.0,0.0
2022-05-31,13.850000381469727,14.010000228881836,13.539999961853027,13.979999542236328,13.874062538146973,17677080,0.0,0.0
2022-06-01,14.170000076293945,14.1899995803833,13.859999656677246,13.9399995803833,13.834365844726562,13876407,0.0,0.0
2022-06-02,13.899999618530273,14.220000267028809,13.829999923706055,14.180000305175781,14.072548866271973,18293562,0.0,0.0
2022-06-06,14.210000038146973,14.6899995803833,14.199999809265137,14.640000343322754,14.529062271118164,25235632,0.0,0.0
2022-06-07,14.640000343322754,14.729999542236328,14.3100004196167,14.40999984741211,14.300804138183594,14374597,0.0,0.0
2022-06-08,14.399999618530273,14.510000228881836,14.130000114440918,14.289999961853027,14.181714057922363,15748316,0.0,0.0
2022-06-09,14.279999732971191,14.289999961853027,13.789999961853027,13.90999984741211,13.804594039916992,15320855,0.0,0.0
2022-06-10,13.829999923706055,14.319999694824219,13.8100004196167,14.300000190734863,14.19163990020752,19368423,0.0,0.0
2022-06-13,14.180000305175781,14.430000305175781,14.130000114440918,14.279999732971191,14.171789169311523,13962077,0.0,0.0
2022-06-14,14.15999984741211,14.239999771118164,13.779999732971191,14.220000267028809,14.112244606018066,15789332,0.0,0.0
2022-06-15,14.350000381469727,14.75,14.25,14.460000038146973,14.35042667388916,24928326,0.0,0.0
2022-06-16,14.479999542236328,14.880000114440918,14.380000114440918,14.600000381469727,14.489365577697754,26398554,0.0,0.0
2022-06-17,14.470000267028809,14.619999885559082,14.260000228881836,14.609999656677246,14.499288558959961,17728059,0.0,0.0
2022-06-20,14.619999885559082,14.819999694824219,14.5,14.75,14.638228416442871,19493388,0.0,0.0
2022-06-21,14.729999542236328,14.869999885559082,14.430000305175781,14.649999618530273,14.538985252380371,16749016,0.0,0.0
2022-06-22,14.649999618530273,14.649999618530273,14.119999885559082,14.119999885559082,14.013002395629883,18557058,0.0,0.0
2022-06-23,14.119999885559082,14.5,14.119999885559082,14.460000038146973,14.35042667388916,15373701,0.0,0.0
2022-06-24,14.520000457763672,14.710000038146973,14.479999542236328,14.630000114440918,14.519137382507324,19260096,0.0,0.0
2022-06-27,14.75,14.899999618530273,14.550000190734863,14.819999694824219,14.707697868347168,22876258,0.0,0.0
2022-06-28,14.800000190734863,15.380000114440918,14.609999656677246,15.270000457763672,15.154288291931152,31233200,0.0,0.0
2022-06-29,15.270000457763672,15.729999542236328,15.069999694824219,15.09000015258789,14.975651741027832,36791114,0.0,0.0
2022-06-30,15.100000381469727,15.470000267028809,15.0,15.399999618530273,15.283303260803223,25665463,0.0,0.0
2022-07-01,15.3100004196167,15.449999809265137,15.09000015258789,15.180000305175781,15.064970970153809,17123282,0.0,0.0
2022-07-04,14.979999542236328,14.979999542236328,14.5600004196167,14.800000190734863,14.687849044799805,22267543,0.0,0.0
2022-07-05,14.920000076293945,15.09000015258789,14.619999885559082,14.880000114440918,14.767243385314941,17559307,0.0,0.0
2022-07-06,14.800000190734863,15.149999618530273,14.710000038146973,14.899999618530273,14.787091255187988,20732134,0.0,0.0
2022-07-07,14.9399995803833,15.210000038146973,14.789999961853027,15.15999984741211,15.045120239257812,18453512,0.0,0.0
2022-07-08,15.180000305175781,15.369999885559082,15.0600004196167,15.0600004196167,14.945879936218262,16834236,0.0,0.0
2022-07-11,15.180000305175781,15.1899995803833,14.850000381469727,15.149999618530273,15.035196304321289,16184965,0.0,0.0
2022-07-12,15.09000015258789,15.270000457763672,14.970000267028809,15.069999694824219,14.955802917480469,12962395,0.0,0.0
2022-07-13,15.0,15.069999694824219,14.739999771118164,14.899999618530273,14.787091255187988,14469597,0.0,0.0
2022-07-14,14.829999923706055,15.140000343322754,14.75,14.90999984741211,14.797016143798828,14844312,0.0,0.0
2022-07-15,14.829999923706055,14.899999618530273,14.40999984741211,14.40999984741211,14.300804138183594,18692203,0.0,0.0
2022-07-18,14.4399995803833,15.850000381469727,14.279999732971191,15.510000228881836,15.392468452453613,63848980,0.0,0.0
2022-07-19,15.680000305175781,16.690000534057617,15.5600004196167,16.399999618530273,16.275724411010742,83916790,0.0,0.0
2022-07-20,16.600000381469727,17.290000915527344,15.850000381469727,16.139999389648438,16.0176944732666,87193280,0.0,0.0
2022-07-21,16.170000076293945,16.43000030517578,15.850000381469727,15.970000267028809,15.848983764648438,39030311,0.0,0.0
2022-07-22,16.190000534057617,16.799999237060547,15.930000305175781,16.049999237060547,15.928376197814941,35809400,0.0,0.0
2022-07-25,16.049999237060547,16.110000610351562,14.829999923706055,14.9399995803833,14.826787948608398,45874675,0.0,0.0
2022-07-26,15.0,15.09000015258789,14.670000076293945,15.039999961853027,14.926031112670898,19560199,0.0,0.0
2022-07-27,14.960000038146973,15.149999618530273,14.869999885559082,15.069999694824219,14.955802917480469,19376814,0.0,0.0
2022-07-28,15.15999984741211,16.579999923706055,15.100000381469727,16.579999923706055,16.454362869262695,51753730,0.0,0.0
2022-07-29,17.06999969482422,17.420000076293945,16.3799991607666,16.489999771118164,16.365041732788086,89460558,0.0,0.0
2022-08-01,16.459999084472656,16.579999923706055,15.869999885559082,16.31999969482422,16.196331024169922,38221065,0.0,0.0
2022-08-02,16.149999618530273,16.559999465942383,15.569999694824219,16.010000228881836,15.888680458068848,44468905,0.0,0.0
2022-08-03,16.31999969482422,16.8799991607666,16.059999465942383,16.6200008392334,16.49405860900879,76230091,0.0,0.0
2022-08-04,16.81999969482422,17.1200008392334,16.43000030517578,17.049999237060547,16.920801162719727,71620792,0.0,0.0
2022-08-05,17.8799991607666,18.760000228881836,17.579999923706055,18.760000228881836,18.617841720581055,107787885,0.0,0.0
2022-08-08,20.639999389648438,20.639999389648438,19.799999237060547,20.639999389648438,20.483596801757812,252182839,0.0,0.0
2022-08-09,20.149999618530273,22.700000762939453,20.149999618530273,22.700000762939453,22.527986526489258,256044629,0.0,0.0
2022-08-10,22.0,24.479999542236328,21.809999465942383,22.600000381469727,22.428741455078125,283977553,0.0,0.0
2022-08-11,23.0,23.540000915527344,22.360000610351562,22.600000381469727,22.428741455078125,199790817,0.0,0.0
2022-08-12,22.06999969482422,24.459999084472656,22.06999969482422,23.09000015258789,22.915029525756836,218040358,0.0,0.0
2022-08-15,23.0,23.479999542236328,21.68000030517578,22.149999618530273,21.982152938842773,171924775,0.0,0.0
2022-08-16,22.149999618530273,22.790000915527344,21.559999465942383,22.559999465942383,22.38904571533203,178091080,0.0,0.0
2022-08-17,22.190000534057617,23.1200008392334,21.90999984741211,22.280000686645508,22.111167907714844,179244979,0.0,0.0
2022-08-18,21.690000534057617,21.799999237060547,20.809999465942383,21.260000228881836,21.09889793395996,168005892,0.0,0.0
2022-08-19,21.020000457763672,21.56999969482422,20.100000381469727,20.18000030517578,20.027080535888672,135432276,0.0,0.0
2022-08-22,20.25,20.489999771118164,19.8799991607666,20.25,20.0965518951416,79335675,0.0,0.0
2022-08-23,19.899999618530273,20.459999084472656,19.889999389648438,20.190000534057617,20.037004470825195,70392077,0.0,0.0
2022-08-24,20.200000762939453,20.290000915527344,18.920000076293945,18.969999313354492,18.826250076293945,99322749,0.0,0.0
2022-08-25,19.329999923706055,19.399999618530273,18.610000610351562,19.09000015258789,18.945341110229492,67708934,0.0,0.0
2022-08-26,19.229999542236328,19.25,18.690000534057617,18.719999313354492,18.578144073486328,51735557,0.0,0.0
2022-08-29,18.399999618530273,18.860000610351562,18.309999465942383,18.59000015258789,18.449129104614258,44532764,0.0,0.0
2022-08-30,18.579999923706055,18.969999313354492,18.200000762939453,18.43000030517578,18.290342330932617,54006626,0.0,0.0
2022-08-31,18.399999618530273,18.780000686645508,17.959999084472656,18.579999923706055,18.439205169677734,69696726,0.0,0.0
2022-09-01,18.559999465942383,18.979999542236328,17.65999984741211,17.739999771118164,17.605571746826172,72305340,0.0,0.0
2022-09-02,17.75,18.329999923706055,17.719999313354492,18.170000076293945,18.032312393188477,56632454,0.0,0.0
2022-09-05,17.90999984741211,18.350000381469727,17.690000534057617,18.09000015258789,17.952919006347656,40985194,0.0,0.0
2022-09-06,18.200000762939453,18.450000762939453,17.979999542236328,18.3799991607666,18.240718841552734,48483818,0.0,0.0
2022-09-07,18.3799991607666,19.329999923706055,18.34000015258789,18.729999542236328,18.58806800842285,100850690,0.0,0.0
2022-09-08,18.399999618530273,18.520000457763672,18.0,18.020000457763672,17.88344955444336,53860663,0.0,0.0
2022-09-09,18.100000381469727,18.420000076293945,17.81999969482422,18.3700008392334,18.230796813964844,38823236,0.0,0.0
2022-09-13,18.299999237060547,18.700000762939453,18.229999542236328,18.290000915527344,18.151403427124023,35999850,0.0,0.0
2022-09-14,17.829999923706055,18.649999618530273,17.760000228881836,18.600000381469727,18.45905303955078,55032393,0.0,0.0
2022-09-15,18.510000228881836,18.59000015258789,17.899999618530273,18.18000030517578,18.042238235473633,45662083,0.0,0.0
2022-09-16,18.020000457763672,18.579999923706055,18.0,18.0,17.863601684570312,38661043,0.0,0.0
2022-09-19,17.950000762939453,18.209999084472656,16.75,16.920000076293945,16.791784286499023,60444383,0.0,0.0
2022-09-20,17.020000457763672,17.18000030517578,16.75,16.90999984741211,16.781862258911133,30644668,0.0,0.0
2022-09-21,16.760000228881836,17.079999923706055,16.450000762939453,16.959999084472656,16.831480026245117,25514223,0.0,0.0
2022-09-22,16.829999923706055,17.110000610351562,16.770000457763672,16.81999969482422,16.692543029785156,20264303,0.0,0.0
2022-09-23,16.81999969482422,16.899999618530273,16.170000076293945,16.360000610351562,16.23602867126465,29836642,0.0,0.0
2022-09-26,16.200000762939453,16.389999389648438,16.010000228881836,16.059999465942383,15.938301086425781,20971695,0.0,0.0
2022-09-27,16.079999923706055,16.420000076293945,16.079999923706055,16.40999984741211,16.285648345947266,26724004,0.0,0.0
2022-09-28,16.360000610351562,16.3700008392334,15.670000076293945,15.670000076293945,15.55125617980957,25717125,0.0,0.0
2022-09-29,15.859999656677246,15.90999984741211,15.4399995803833,15.510000228881836,15.392468452453613,19977179,0.0,0.0
2022-09-30,15.460000038146973,15.600000381469727,15.0600004196167,15.079999923706055,14.965726852416992,19717144,0.0,0.0
2022-10-10,14.8100004196167,14.970000267028809,14.34000015258789,14.399999618530273,14.29088020324707,23576720,0.0,0.0
2022-10-11,14.449999809265137,14.529999732971191,14.0600004196167,14.210000038146973,14.102319717407227,16867477,0.0,0.0
2022-10-12,14.279999732971191,14.770000457763672,14.050000190734863,14.75,14.638228416442871,33159412,0.0,0.0
2022-10-13,14.5,14.949999809265137,14.460000038146973,14.779999732971191,14.668001174926758,28263338,0.0,0.0
2022-10-14,15.020000457763672,15.199999809265137,14.800000190734863,15.149999618530273,15.035196304321289,29877422,0.0,0.0
2022-10-17,14.989999771118164,15.399999618530273,14.930000305175781,15.319999694824219,15.203908920288086,28592345,0.0,0.0
2022-10-18,15.319999694824219,15.380000114440918,14.960000038146973,15.100000381469727,14.985576629638672,24031733,0.0,0.0
2022-10-19,15.100000381469727,15.279999732971191,14.8100004196167,14.819999694824219,14.707697868347168,19724629,0.0,0.0
2022-10-20,14.699999809265137,16.299999237060547,14.649999618530273,16.299999237060547,16.176483154296875,47357798,0.0,0.0
2022-10-21,16.299999237060547,17.1299991607666,15.520000457763672,16.299999237060547,16.176483154296875,133225666,0.0,0.0
2022-10-24,16.100000381469727,16.8799991607666,16.100000381469727,16.530000686645508,16.404739379882812,89588754,0.0,0.0
2022-10-25,16.1299991607666,16.479999542236328,15.720000267028809,15.949999809265137,15.829133987426758,61046996,0.0,0.0
2022-10-26,15.930000305175781,17.549999237060547,15.789999961853027,17.190000534057617,17.05974006652832,127195933,0.0,0.0
2022-10-27,17.450000762939453,18.90999984741211,17.280000686645508,18.559999465942383,18.419357299804688,192974163,0.0,0.0
2022-10-28,17.81999969482422,18.610000610351562,17.510000228881836,17.6200008392334,17.486482620239258,135294294,0.0,0.0
2022-10-31,17.229999542236328,19.049999237060547,17.219999313354492,18.829999923706055,18.68731117248535,120627325,0.0,0.0
2022-11-01,18.399999618530273,19.290000915527344,18.280000686645508,19.139999389648438,18.994962692260742,112410373,0.0,0.0
2022-11-02,19.139999389648438,20.18000030517578,17.920000076293945,17.959999084472656,17.823902130126953,136245956,0.0,0.0
2022-11-03,17.719999313354492,19.299999237060547,17.719999313354492,18.84000015258789,18.697235107421875,117193932,0.0,0.0
2022-11-04,18.549999237060547,19.1299991607666,18.200000762939453,18.84000015258789,18.697235107421875,91860917,0.0,0.0
2022-11-07,18.729999542236328,19.420000076293945,18.540000915527344,18.68000030517578,18.538448333740234,73910571,0.0,0.0
2022-11-08,18.600000381469727,18.81999969482422,18.209999084472656,18.40999984741211,18.27049446105957,50534179,0.0,0.0
2022-11-09,18.299999237060547,19.139999389648438,18.079999923706055,18.979999542236328,18.8361759185791,75816315,0.0,0.0
2022-11-10,18.6200008392334,19.030000686645508,17.719999313354492,17.719999313354492,17.585721969604492,79368563,0.0,0.0
2022-11-11,18.200000762939453,18.549999237060547,17.84000015258789,18.0,17.863601684570312,71836388,0.0,0.0
2022-11-14,17.829999923706055,18.719999313354492,17.549999237060547,18.3799991607666,18.240718841552734,57283455,0.0,0.0
2022-11-15,18.219999313354492,19.59000015258789,18.1299991607666,19.260000228881836,19.11405372619629,104517625,0.0,0.0
2022-11-16,19.200000762939453,19.700000762939453,18.829999923706055,19.110000610351562,18.965190887451172,79706624,0.0,0.0
2022-11-17,19.010000228881836,19.670000076293945,18.459999084472656,19.479999542236328,19.33238410949707,81774449,0.0,0.0
2022-11-18,19.290000915527344,19.540000915527344,18.600000381469727,18.899999618530273,18.75678253173828,54847203,0.0,0.0
2022-11-21,18.5,19.049999237060547,18.5,18.770000457763672,18.627765655517578,31293535,0.0,0.0
2022-11-22,18.649999618530273,19.239999771118164,18.190000534057617,18.270000457763672,18.131555557250977,49367783,0.0,0.0
2022-11-23,18.15999984741211,18.15999984741211,17.260000228881836,17.700000762939453,17.565874099731445,50518805,0.0,0.0
2022-11-24,17.700000762939453,17.940000534057617,17.510000228881836,17.6200008392334,17.486482620239258,25917873,0.0,0.0
2022-11-25,17.670000076293945,17.93000030517578,17.260000228881836,17.280000686645508,17.14905548095703,27685958,0.0,0.0
2022-11-28,16.700000762939453,17.440000534057617,16.600000381469727,17.34000015258789,17.208602905273438,26570472,0.0,0.0
2022-11-29,17.309999465942383,17.68000030517578,17.209999084472656,17.559999465942383,17.42693328857422,27109861,0.0,0.0
2022-11-30,17.5,17.729999542236328,17.229999542236328,17.329999923706055,17.198678970336914,29437473,0.0,0.0
2022-12-01,17.540000915527344,17.729999542236328,17.399999618530273,17.510000228881836,17.3773136138916,29072234,0.0,0.0
2022-12-02,17.43000030517578,17.579999923706055,17.06999969482422,17.1299991607666,17.000192642211914,31973458,0.0,0.0
2022-12-05,17.190000534057617,17.360000610351562,16.950000762939453,17.149999618530273,17.02004051208496,28479567,0.0,0.0
2022-12-06,17.079999923706055,17.799999237060547,17.049999237060547,17.559999465942383,17.42693328857422,46559414,0.0,0.0
2022-12-07,17.3700008392334,17.420000076293945,17.15999984741211,17.200000762939453,17.069664001464844,23903504,0.0,0.0
2022-12-08,17.200000762939453,17.239999771118164,16.459999084472656,16.469999313354492,16.34519386291504,40561619,0.0,0.0
2022-12-09,16.450000762939453,16.889999389648438,16.40999984741211,16.5,16.374969482421875,31918395,0.0,0.0
2022-12-12,16.40999984741211,17.049999237060547,16.190000534057617,16.770000457763672,16.64292335510254,32271037,0.0,0.0
2022-12-13,16.700000762939453,16.850000381469727,16.549999237060547,16.610000610351562,16.484132766723633,17237272,0.0,0.0
2022-12-14,17.299999237060547,17.829999923706055,17.139999389648438,17.260000228881836,17.129207611083984,71148816,0.0,0.0
2022-12-15,17.030000686645508,18.989999771118164,16.899999618530273,18.770000457763672,18.627765655517578,133245362,0.0,0.0
2022-12-16,18.43000030517578,18.479999542236328,17.950000762939453,18.25,18.111705780029297,80366392,0.0,0.0
2022-12-19,18.030000686645508,18.34000015258789,17.84000015258789,17.920000076293945,17.784208297729492,44310020,0.0,0.0
2022-12-20,17.739999771118164,18.34000015258789,17.649999618530273,18.15999984741211,18.022388458251953,50880455,0.0,0.0
2022-12-21,17.969999313354492,18.649999618530273,17.59000015258789,18.549999237060547,18.409433364868164,61541968,0.0,0.0
2022-12-22,18.360000610351562,18.729999542236328,18.170000076293945,18.350000381469727,18.210948944091797,53514444,0.0,0.0
2022-12-23,18.020000457763672,18.579999923706055,16.93000030517578,17.290000915527344,17.158981323242188,68071254,0.0,0.0
2022-12-26,17.1299991607666,18.18000030517578,17.059999465942383,17.739999771118164,17.605571746826172,46675301,0.0,0.0
2022-12-27,17.75,18.06999969482422,17.600000381469727,17.829999923706055,17.694887161254883,37763291,0.0,0.0
2022-12-28,17.690000534057617,17.84000015258789,17.260000228881836,17.309999465942383,17.178829193115234,34683573,0.0,0.0
2022-12-29,17.09000015258789,17.290000915527344,16.729999542236328,16.75,16.62307357788086,38424226,0.0,0.0
2022-12-30,16.920000076293945,17.030000686645508,16.399999618530273,16.479999542236328,16.355117797851562,25788961,0.0,0.0
2023-01-03,16.489999771118164,16.850000381469727,16.290000915527344,16.75,16.62307357788086,34189517,0.0,0.0
2023-01-04,16.899999618530273,18.360000610351562,16.889999389648438,17.389999389648438,17.258222579956055,59312555,0.0,0.0
2023-01-05,17.110000610351562,17.450000762939453,17.010000228881836,17.25,17.11928367614746,36457840,0.0,0.0
2023-01-06,17.1200008392334,17.549999237060547,17.079999923706055,17.190000534057617,17.05974006652832,37219116,0.0,0.0
2023-01-09,17.25,17.559999465942383,17.15999984741211,17.299999237060547,17.168903350830078,29452457,0.0,0.0
2023-01-10,17.34000015258789,17.850000381469727,17.34000015258789,17.709999084472656,17.575796127319336,51173161,0.0,0.0
2023-01-11,17.579999923706055,18.450000762939453,17.510000228881836,17.770000457763672,17.635345458984375,62092170,0.0,0.0
2023-01-12,17.600000381469727,17.639999389648438,17.25,17.43000030517578,17.29791831970215,31741395,0.0,0.0
2023-01-13,17.690000534057617,17.690000534057617,17.25,17.389999389648438,17.258222579956055,23266489,0.0,0.0
2023-01-16,17.18000030517578,17.75,17.1299991607666,17.56999969482422,17.436857223510742,29184932,0.0,0.0
2023-01-17,17.56999969482422,18.15999984741211,17.549999237060547,17.790000915527344,17.655193328857422,38226207,0.0,0.0
2023-01-18,17.75,17.889999389648438,17.6299991607666,17.790000915527344,17.655193328857422,22532031,0.0,0.0
2023-01-19,17.670000076293945,18.31999969482422,17.649999618530273,18.280000686645508,18.1414794921875,43022563,0.0,0.0
2023-01-20,18.209999084472656,18.510000228881836,18.1299991607666,18.350000381469727,18.210948944091797,33233327,0.0,0.0
2023-01-30,18.899999618530273,18.979999542236328,18.399999618530273,18.59000015258789,18.449129104614258,49767994,0.0,0.0
2023-01-31,18.600000381469727,18.65999984741211,18.149999618530273,18.31999969482422,18.181177139282227,37251984,0.0,0.0
2023-02-01,18.34000015258789,19.850000381469727,18.31999969482422,19.290000915527344,19.14382553100586,88053983,0.0,0.0
2023-02-02,19.600000381469727,19.68000030517578,19.219999313354492,19.31999969482422,19.173595428466797,67133335,0.0,0.0
2023-02-03,19.209999084472656,19.579999923706055,19.020000457763672,19.5,19.352235794067383,44155081,0.0,0.0
2023-02-06,19.299999237060547,19.559999465942383,19.020000457763672,19.209999084472656,19.064430236816406,35094124,0.0,0.0
2023-02-07,19.1299991607666,19.200000762939453,18.850000381469727,19.040000915527344,18.895721435546875,31660157,0.0,0.0
2023-02-08,19.040000915527344,19.420000076293945,18.600000381469727,18.68000030517578,18.538448333740234,35608645,0.0,0.0
2023-02-09,18.530000686645508,20.079999923706055,18.450000762939453,19.799999237060547,19.649959564208984,89115451,0.0,0.0
2023-02-10,19.809999465942383,20.399999618530273,19.649999618530273,19.739999771118164,19.59041404724121,70617178,0.0,0.0
2023-02-13,19.8700008392334,21.350000381469727,19.719999313354492,21.15999984741211,20.99965476989746,106108733,0.0,0.0
2023-02-14,21.700000762939453,23.280000686645508,21.65999984741211,22.110000610351562,21.94245719909668,187926110,0.0,0.0
2023-02-15,22.549999237060547,22.93000030517578,21.700000762939453,22.739999771118164,22.56768035888672,130317301,0.0,0.0
2023-02-16,22.5,23.100000381469727,21.329999923706055,21.530000686645508,21.366853713989258,129986066,0.0,0.0
2023-02-17,21.899999618530273,21.959999084472656,20.56999969482422,20.6299991607666,20.473669052124023,80311295,0.0,0.0
2023-02-20,20.8799991607666,22.690000534057617,20.469999313354492,22.690000534057617,22.518062591552734,103151219,0.0,0.0
2023-02-21,22.399999618530273,22.809999465942383,21.90999984741211,22.299999237060547,22.13101577758789,82722818,0.0,0.0
2023-02-22,21.989999771118164,23.190000534057617,21.65999984741211,22.639999389648438,22.46843910217285,80716075,0.0,0.0
2023-02-23,22.459999084472656,23.18000030517578,22.270000457763672,22.549999237060547,22.379121780395508,75535566,0.0,0.0
2023-02-24,22.850000381469727,24.200000762939453,22.479999542236328,23.68000030517578,23.500560760498047,133172080,0.0,0.0
2023-02-27,23.219999313354492,23.75,22.260000228881836,22.6200008392334,22.448593139648438,96466107,0.0,0.0
2023-02-28,22.40999984741211,22.93000030517578,21.899999618530273,22.350000381469727,22.18063735961914,65227514,0.0,0.0
2023-03-01,22.059999465942383,23.3799991607666,21.989999771118164,23.079999923706055,22.905105590820312,76509105,0.0,0.0
2023-03-02,22.8700008392334,23.1200008392334,21.959999084472656,22.030000686645508,21.863061904907227,60420327,0.0,0.0
2023-03-03,23.190000534057617,24.229999542236328,23.190000534057617,24.229999542236328,24.046390533447266,172109330,0.0,0.0
2023-03-06,23.989999771118164,23.989999771118164,23.040000915527344,23.299999237060547,23.123437881469727,123078127,0.0,0.0
2023-03-07,23.0,23.079999923706055,22.09000015258789,22.209999084472656,22.041698455810547,98610360,0.0,0.0
2023-03-08,22.010000228881836,22.690000534057617,21.600000381469727,22.559999465942383,22.38904571533203,87222346,0.0,0.0
2023-03-09,22.40999984741211,23.149999618530273,22.1200008392334,22.489999771118164,22.319576263427734,74397383,0.0,0.0
2023-03-10,22.0,22.65999984741211,21.670000076293945,21.68000030517578,21.515716552734375,63543194,0.0,0.0
2023-03-13,21.5,22.399999618530273,21.420000076293945,22.350000381469727,22.18063735961914,54906121,0.0,0.0
2023-03-14,22.15999984741211,23.59000015258789,21.790000915527344,23.299999237060547,23.123437881469727,99689906,0.0,0.0
2023-03-15,23.059999465942383,23.75,22.739999771118164,23.0,22.825712203979492,76565816,0.0,0.0
2023-03-16,22.65999984741211,23.68000030517578,22.600000381469727,22.950000762939453,22.776092529296875,71966484,0.0,0.0
2023-03-17,23.34000015258789,23.65999984741211,22.600000381469727,23.3799991607666,23.202829360961914,82713513,0.0,0.0
2023-03-20,23.1200008392334,24.5,22.950000762939453,23.850000381469727,23.66927146911621,104234193,0.0,0.0
2023-03-21,23.56999969482422,23.729999542236328,23.079999923706055,23.469999313354492,23.292150497436523,59108757,0.0,0.0
2023-03-22,23.549999237060547,23.700000762939453,23.049999237060547,23.700000762939453,23.520408630371094,54851701,0.0,0.0
2023-03-23,23.600000381469727,25.809999465942383,23.489999771118164,25.219999313354492,25.028888702392578,138132530,0.0,0.0
2023-03-24,24.850000381469727,25.18000030517578,24.239999771118164,24.790000915527344,24.602149963378906,88863788,0.0,0.0
2023-03-27,24.65999984741211,25.260000228881836,24.309999465942383,24.5,24.31434440612793,86612036,0.0,0.0
2023-03-28,24.399999618530273,24.760000228881836,23.43000030517578,23.540000915527344,23.36161994934082,68033269,0.0,0.0
2023-03-29,23.309999465942383,23.530000686645508,21.860000610351562,22.549999237060547,22.379121780395508,116958361,0.0,0.0
2023-03-30,22.40999984741211,22.780000686645508,21.5,21.84000015258789,21.674503326416016,85066033,0.0,0.0
2023-03-31,21.969999313354492,22.34000015258789,21.780000686645508,22.200000762939453,22.031774520874023,55724401,0.0,0.0
2023-04-03,22.209999084472656,22.899999618530273,21.979999542236328,22.770000457763672,22.597455978393555,92095433,0.0,0.0
2023-04-04,22.540000915527344,23.799999237060547,22.469999313354492,22.950000762939453,22.776092529296875,96262892,0.0,0.0
2023-04-06,22.5,24.709999084472656,22.479999542236328,23.8799991607666,23.69904327392578,129828579,0.0,0.0
2023-04-07,23.989999771118164,24.799999237060547,23.790000915527344,24.5,24.31434440612793,107793646,0.0,0.0
2023-04-10,24.399999618530273,24.520000457763672,22.920000076293945,22.989999771118164,22.815786361694336,92805896,0.0,0.0
2023-04-11,23.360000610351562,23.389999389648438,22.329999923706055,22.700000762939453,22.527986526489258,61257616,0.0,0.0
2023-04-12,22.6200008392334,23.1200008392334,22.18000030517578,22.899999618530273,22.726469039916992,61655472,0.0,0.0
2023-04-13,22.610000610351562,22.639999389648438,21.690000534057617,21.799999237060547,21.63480567932129,72737293,0.0,0.0
2023-04-14,21.940000534057617,22.760000228881836,21.399999618530273,22.559999465942383,22.38904571533203,83815919,0.0,0.0
2023-04-17,22.700000762939453,22.8799991607666,22.239999771118164,22.690000534057617,22.518062591552734,61237834,0.0,0.0
2023-04-18,22.510000228881836,22.530000686645508,21.559999465942383,21.75,21.58518409729004,63491835,0.0,0.0
2023-04-19,21.760000228881836,22.049999237060547,21.0,21.079999923706055,20.92026138305664,71618792,0.0,0.0
2023-04-20,20.670000076293945,21.56999969482422,20.670000076293945,21.350000381469727,21.188215255737305,58423860,0.0,0.0
2023-04-21,21.200000762939453,21.200000762939453,19.899999618530273,19.90999984741211,19.75912857055664,68142093,0.0,0.0
2023-04-24,19.899999618530273,20.299999237060547,19.40999984741211,19.579999923706055,19.43162727355957,42009520,0.0,0.0
2023-04-25,19.579999923706055,19.709999084472656,18.829999923706055,19.06999969482422,18.925491333007812,37018786,0.0,0.0
2023-04-26,18.520000457763672,19.030000686645508,18.0,18.25,18.111705780029297,51102792,0.0,0.0
2023-04-27,17.65999984741211,18.5,17.510000228881836,17.790000915527344,17.655193328857422,49883390,0.0,0.0
2023-04-28,17.610000610351562,18.100000381469727,17.559999465942383,17.889999389648438,17.75443458557129,38056656,0.0,0.0
2023-05-04,17.700000762939453,17.940000534057617,17.389999389648438,17.729999542236328,17.595645904541016,37162588,0.0,0.0
2023-05-05,18.799999237060547,19.06999969482422,18.1299991607666,18.149999618530273,18.01246452331543,68624292,0.0,0.0
2023-05-08,17.799999237060547,18.510000228881836,17.579999923706055,18.149999618530273,18.01246452331543,37788281,0.0,0.0
2023-05-09,18.149999618530273,18.889999389648438,18.079999923706055,18.510000228881836,18.369735717773438,53750059,0.0,0.0
2023-05-10,18.25,18.489999771118164,17.790000915527344,18.3799991607666,18.240718841552734,41673088,0.0,0.0
2023-05-11,18.479999542236328,18.729999542236328,18.200000762939453,18.270000457763672,18.131555557250977,25488288,0.0,0.0
2023-05-12,18.25,19.549999237060547,18.239999771118164,19.09000015258789,18.945341110229492,78265291,0.0,0.0
2023-05-15,18.780000686645508,19.420000076293945,18.709999084472656,19.3799991607666,19.233144760131836,57031583,0.0,0.0
2023-05-16,19.219999313354492,19.93000030517578,19.200000762939453,19.700000762939453,19.55072021484375,55222838,0.0,0.0
2023-05-17,19.6299991607666,20.100000381469727,19.309999465942383,19.479999542236328,19.33238410949707,45894661,0.0,0.0
2023-05-18,19.5,20.209999084472656,19.459999084472656,19.639999389648438,19.491172790527344,40548596,0.0,0.0
2023-05-19,19.780000686645508,21.170000076293945,19.780000686645508,20.860000610351562,20.701929092407227,98202087,0.0,0.0
2023-05-22,20.899999618530273,21.670000076293945,20.149999618530273,20.290000915527344,20.136247634887695,62487178,0.0,0.0
2023-05-23,20.5,20.600000381469727,19.850000381469727,20.280000686645508,20.126323699951172,42190855,0.0,0.0
2023-05-24,20.079999923706055,21.06999969482422,19.829999923706055,20.670000076293945,20.51336669921875,48975918,0.0,0.0
2023-05-25,21.100000381469727,21.770000457763672,20.790000915527344,21.219999313354492,21.0591983795166,55528348,0.0,0.0
2023-05-26,21.149999618530273,22.5,21.059999465942383,22.010000228881836,21.843212127685547,86344212,0.0,0.0
2023-05-29,23.5,24.209999084472656,23.5,24.209999084472656,24.026540756225586,191314462,0.0,0.0
2023-05-30,24.170000076293945,25.329999923706055,23.899999618530273,25.149999618530273,25.059823989868164,168151683,0.097,0.0
2023-05-31,25.219999313354492,25.420000076293945,23.989999771118164,24.770000457763672,24.681188583374023,125481791,0.0,0.0
2023-06-01,23.799999237060547,24.6200008392334,23.510000228881836,24.3799991607666,24.292587280273438,83218746,0.0,0.0
2023-06-02,24.649999618530273,25.209999084472656,24.239999771118164,24.420000076293945,24.332443237304688,64831326,0.0,0.0
2023-06-05,24.729999542236328,25.610000610351562,24.729999542236328,25.059999465942383,24.97014808654785,80322975,0.0,0.0
2023-06-06,24.799999237060547,25.25,24.329999923706055,24.5,24.412155151367188,53249397,0.0,0.0
2023-06-07,25.25,25.649999618530273,24.5,24.799999237060547,24.711078643798828,86324410,0.0,0.0
2023-06-08,24.15999984741211,24.559999465942383,23.799999237060547,24.1299991607666,24.043481826782227,63791029,0.0,0.0
2023-06-09,24.5,25.799999237060547,23.920000076293945,25.600000381469727,25.50821304321289,100176671,0.0,0.0
2023-06-12,26.299999237060547,28.0,25.81999969482422,27.309999465942383,27.212080001831055,128960193,0.0,0.0
2023-06-13,27.5,27.5,26.780000686645508,27.350000381469727,27.251935958862305,90259851,0.0,0.0
2023-06-14,25.799999237060547,25.989999771118164,24.6299991607666,25.299999237060547,25.209285736083984,146028825,0.0,0.0
2023-06-15,25.5,25.899999618530273,24.559999465942383,24.860000610351562,24.77086639404297,74938079,0.0,0.0
2023-06-16,24.219999313354492,25.100000381469727,24.200000762939453,24.84000015258789,24.75093650817871,57471308,0.0,0.0
2023-06-19,24.5,25.149999618530273,24.170000076293945,24.84000015258789,24.75093650817871,63750988,0.0,0.0
2023-06-20,24.75,24.93000030517578,24.200000762939453,24.579999923706055,24.49186897277832,57744416,0.0,0.0
2023-06-21,24.5,24.579999923706055,23.270000457763672,23.389999389648438,23.306135177612305,74518942,0.0,0.0
2023-06-26,23.010000228881836,23.229999542236328,22.420000076293945,22.579999923706055,22.499038696289062,48660735,0.0,0.0
2023-06-27,22.43000030517578,22.729999542236328,22.15999984741211,22.600000381469727,22.518966674804688,43372964,0.0,0.0
2023-06-28,22.59000015258789,22.68000030517578,21.68000030517578,22.15999984741211,22.08054542541504,46435070,0.0,0.0
2023-06-29,22.299999237060547,22.649999618530273,22.15999984741211,22.399999618530273,22.319684982299805,42534684,0.0,0.0
2023-06-30,22.309999465942383,22.75,22.239999771118164,22.600000381469727,22.518966674804688,37991120,0.0,0.0
2023-07-03,22.690000534057617,23.260000228881836,22.309999465942383,22.90999984741211,22.827856063842773,60333030,0.0,0.0
2023-07-04,22.770000457763672,23.299999237060547,22.5,22.90999984741211,22.827856063842773,39593912,0.0,0.0
2023-07-05,22.809999465942383,23.229999542236328,22.510000228881836,22.600000381469727,22.518966674804688,36404694,0.0,0.0
2023-07-06,22.5,23.049999237060547,22.260000228881836,22.719999313354492,22.638538360595703,27217697,0.0,0.0
2023-07-07,22.65999984741211,22.899999618530273,22.0,22.440000534057617,22.359540939331055,28393369,0.0,0.0
2023-07-10,22.420000076293945,22.75,22.299999237060547,22.360000610351562,22.279829025268555,16056885,0.0,0.0
2023-07-11,22.329999923706055,22.81999969482422,22.1299991607666,22.559999465942383,22.479110717773438,28093325,0.0,0.0
2023-07-12,22.399999618530273,22.6299991607666,21.0,21.100000381469727,21.02434539794922,76336224,0.0,0.0
2023-07-13,21.350000381469727,22.200000762939453,21.31999969482422,22.079999923706055,22.00083351135254,55233046,0.0,0.0
2023-07-14,22.5,23.399999618530273,22.270000457763672,22.549999237060547,22.469146728515625,62501720,0.0,0.0
2023-07-17,22.100000381469727,22.530000686645508,21.81999969482422,22.389999389648438,22.309720993041992,33314985,0.0,0.0
2023-07-18,23.239999771118164,24.6299991607666,23.239999771118164,23.649999618530273,23.565202713012695,144547132,0.0,0.0
2023-07-19,23.5,24.8799991607666,23.059999465942383,24.239999771118164,24.153087615966797,135206238,0.0,0.0
2023-07-20,23.90999984741211,24.239999771118164,22.959999084472656,23.079999923706055,22.99724769592285,90975924,0.0,0.0
2023-07-21,23.239999771118164,25.079999923706055,22.829999923706055,24.5,24.412155151367188,135241969,0.0,0.0
2023-07-24,24.010000228881836,24.729999542236328,23.719999313354492,23.90999984741211,23.82427215576172,86812537,0.0,0.0
2023-07-25,24.190000534057617,24.5,23.610000610351562,24.100000381469727,24.013591766357422,80446977,0.0,0.0
2023-07-26,24.0,24.0,23.09000015258789,23.360000610351562,23.2762451171875,60777263,0.0,0.0
2023-07-27,23.0,23.219999313354492,22.15999984741211,22.25,22.170223236083984,71506849,0.0,0.0
2023-07-28,22.25,22.479999542236328,21.709999084472656,21.889999389648438,21.811511993408203,50639043,0.0,0.0
2023-07-31,21.299999237060547,21.989999771118164,21.260000228881836,21.719999313354492,21.642122268676758,43463062,0.0,0.0
2023-08-01,21.75,22.100000381469727,21.520000457763672,21.829999923706055,21.75172996520996,44333386,0.0,0.0
2023-08-02,21.940000534057617,22.65999984741211,21.940000534057617,22.309999465942383,22.23000717163086,64447255,0.0,0.0
2023-08-03,21.700000762939453,22.270000457763672,21.489999771118164,22.1299991607666,22.0506534576416,35826964,0.0,0.0
2023-08-04,22.15999984741211,22.59000015258789,21.809999465942383,22.239999771118164,22.160259246826172,43598417,0.0,0.0
2023-08-07,22.200000762939453,22.579999923706055,21.989999771118164,22.09000015258789,22.01079750061035,40106582,0.0,0.0
2023-08-08,22.06999969482422,22.799999237060547,22.020000457763672,22.1200008392334,22.04068946838379,35324351,0.0,0.0
2023-08-09,21.989999771118164,22.0,20.81999969482422,21.059999465942383,20.984487533569336,54343693,0.0,0.0
2023-08-10,20.889999389648438,21.229999542236328,20.81999969482422,20.93000030517578,20.854955673217773,22881929,0.0,0.0
2023-08-11,20.93000030517578,20.93000030517578,20.209999084472656,20.229999542236328,20.1574649810791,36724175,0.0,0.0
2023-08-14,19.809999465942383,20.3700008392334,19.739999771118164,20.34000015258789,20.267070770263672,24083988,0.0,0.0
2023-08-15,20.56999969482422,20.649999618530273,19.8700008392334,19.989999771118164,19.918325424194336,21348000,0.0,0.0
2023-08-16,19.850000381469727,20.0,19.479999542236328,19.530000686645508,19.459978103637695,27909772,0.0,0.0
2023-08-17,19.420000076293945,19.600000381469727,19.18000030517578,19.31999969482422,19.2507266998291,30522169,0.0,0.0
2023-08-18,19.31999969482422,19.600000381469727,18.8700008392334,18.8700008392334,18.802343368530273,26113525,0.0,0.0
2023-08-21,18.950000762939453,19.1299991607666,18.770000457763672,18.780000686645508,18.712665557861328,18854351,0.0,0.0
2023-08-22,18.959999084472656,19.209999084472656,18.610000610351562,19.15999984741211,19.09130096435547,28420666,0.0,0.0
2023-08-23,19.190000534057617,19.190000534057617,18.610000610351562,18.6299991607666,18.563201904296875,20652405,0.0,0.0
2023-08-24,18.860000610351562,19.34000015258789,18.760000228881836,19.149999618530273,19.081336975097656,35862069,0.0,0.0
2023-08-25,18.799999237060547,18.799999237060547,18.149999618530273,18.299999237060547,18.234384536743164,33103297,0.0,0.0
2023-08-28,19.290000915527344,19.450000762939453,18.239999771118164,18.31999969482422,18.254314422607422,30107049,0.0,0.0
2023-08-29,18.100000381469727,19.110000610351562,18.049999237060547,19.100000381469727,19.031518936157227,38940092,0.0,0.0
2023-08-30,19.5,20.6299991607666,19.40999984741211,19.899999618530273,19.828649520874023,81552362,0.0,0.0
2023-08-31,19.709999084472656,20.700000762939453,19.579999923706055,20.389999389648438,20.316890716552734,68621321,0.0,0.0
2023-09-01,20.200000762939453,20.5,19.829999923706055,20.020000457763672,19.948217391967773,39349566,0.0,0.0
2023-09-04,20.15999984741211,20.600000381469727,20.030000686645508,20.600000381469727,20.526140213012695,43555271,0.0,0.0
2023-09-05,21.0,21.100000381469727,20.530000686645508,20.6299991607666,20.5560302734375,55933748,0.0,0.0
2023-09-06,20.309999465942383,21.459999084472656,20.25,21.329999923706055,21.253520965576172,62946237,0.0,0.0
2023-09-07,21.0,21.0,20.280000686645508,20.290000915527344,20.21725082397461,50535720,0.0,0.0
2023-09-08,20.1200008392334,20.690000534057617,20.110000610351562,20.3700008392334,20.296964645385742,29549489,0.0,0.0
2023-09-11,20.3700008392334,20.600000381469727,20.200000762939453,20.219999313354492,20.14750099182129,33175251,0.0,0.0
2023-09-12,20.950000762939453,21.09000015258789,20.229999542236328,20.280000686645508,20.207286834716797,44840666,0.0,0.0
2023-09-13,19.989999771118164,20.329999923706055,19.600000381469727,19.799999237060547,19.729005813598633,36261968,0.0,0.0
2023-09-14,19.729999542236328,19.850000381469727,19.34000015258789,19.459999084472656,19.390226364135742,26518418,0.0,0.0
2023-09-15,19.510000228881836,20.030000686645508,19.3799991607666,19.6299991607666,19.559616088867188,30426232,0.0,0.0
2023-09-18,19.3799991607666,19.540000915527344,19.0,19.049999237060547,18.9816951751709,31973935,0.0,0.0
2023-09-19,18.959999084472656,19.299999237060547,18.709999084472656,19.020000457763672,18.951805114746094,23832505,0.0,0.0
2023-09-20,18.90999984741211,19.260000228881836,18.829999923706055,18.899999618530273,18.83223533630371,16980116,0.0,0.0
2023-09-21,18.75,19.229999542236328,18.649999618530273,18.940000534057617,18.872093200683594,23535324,0.0,0.0
2023-09-22,18.829999923706055,19.399999618530273,18.799999237060547,19.3700008392334,19.300552368164062,29431038,0.0,0.0
2023-09-25,19.399999618530273,19.5,19.1200008392334,19.239999771118164,19.1710147857666,22197311,0.0,0.0
2023-09-26,19.110000610351562,19.270000457763672,18.899999618530273,18.989999771118164,18.921911239624023,21600635,0.0,0.0
2023-09-27,18.90999984741211,19.149999618530273,18.809999465942383,18.809999465942383,18.742557525634766,18128590,0.0,0.0
2023-09-28,18.899999618530273,19.260000228881836,18.899999618530273,19.170000076293945,19.10126495361328,25459580,0.0,0.0
2023-10-09,19.170000076293945,19.3700008392334,18.979999542236328,19.219999313354492,19.15108871459961,23408537,0.0,0.0
2023-10-10,19.270000457763672,19.56999969482422,19.25,19.399999618530273,19.330440521240234,29127511,0.0,0.0
2023-10-11,19.350000381469727,19.790000915527344,19.260000228881836,19.780000686645508,19.709081649780273,38331621,0.0,0.0
2023-10-12,19.670000076293945,19.670000076293945,19.190000534057617,19.3799991607666,19.310514450073242,35157893,0.0,0.0
2023-10-13,19.229999542236328,19.540000915527344,19.079999923706055,19.389999389648438,19.320476531982422,30116142,0.0,0.0
2023-10-16,19.25,19.350000381469727,18.579999923706055,18.739999771118164,18.672809600830078,28380597,0.0,0.0
2023-10-17,18.790000915527344,19.100000381469727,18.549999237060547,18.799999237060547,18.73259162902832,20671329,0.0,0.0
2023-10-18,18.809999465942383,19.889999389648438,18.780000686645508,19.360000610351562,19.290586471557617,55578617,0.0,0.0
2023-10-19,19.030000686645508,20.440000534057617,18.959999084472656,19.979999542236328,19.908361434936523,77724680,0.0,0.0
2023-10-20,19.68000030517578,19.90999984741211,19.290000915527344,19.3799991607666,19.310514450073242,43181917,0.0,0.0
2023-10-23,19.06999969482422,19.139999389648438,17.979999542236328,18.079999923706055,18.015174865722656,42246832,0.0,0.0
2023-10-24,18.1200008392334,18.479999542236328,17.110000610351562,18.010000228881836,17.94542694091797,44047897,0.0,0.0
2023-10-25,18.100000381469727,18.65999984741211,18.100000381469727,18.420000076293945,18.35395622253418,30227009,0.0,0.0
2023-10-26,18.6200008392334,19.790000915527344,18.579999923706055,19.299999237060547,19.23080062866211,60402640,0.0,0.0
2023-10-27,19.200000762939453,19.93000030517578,19.100000381469727,19.780000686645508,19.709081649780273,45660436,0.0,0.0
2023-10-30,19.5,20.5,19.399999618530273,20.3799991607666,20.306926727294922,56704010,0.0,0.0
2023-10-31,20.600000381469727,20.799999237060547,20.200000762939453,20.450000762939453,20.376678466796875,33996801,0.0,0.0
2023-11-01,20.260000228881836,20.739999771118164,20.260000228881836,20.399999618530273,20.32685661315918,28695771,0.0,0.0
2023-11-02,21.18000030517578,21.329999923706055,20.350000381469727,20.360000610351562,20.28700065612793,55750426,0.0,0.0
2023-11-03,20.1200008392334,21.34000015258789,20.110000610351562,21.229999542236328,21.153879165649414,49370797,0.0,0.0
2023-11-06,21.649999618530273,21.860000610351562,21.31999969482422,21.75,21.672016143798828,55034480,0.0,0.0
2023-11-07,21.5,22.229999542236328,21.469999313354492,21.8799991607666,21.80154800415039,40406884,0.0,0.0
2023-11-08,21.530000686645508,22.0,21.3799991607666,21.579999923706055,21.502626419067383,33183109,0.0,0.0
2023-11-09,21.649999618530273,21.81999969482422,21.239999771118164,21.34000015258789,21.263484954833984,27613788,0.0,0.0
2023-11-10,21.1299991607666,21.489999771118164,20.899999618530273,20.979999542236328,20.904775619506836,26344013,0.0,0.0
2023-11-13,21.309999465942383,22.0,21.219999313354492,21.450000762939453,21.373092651367188,43543335,0.0,0.0
2023-11-14,21.510000228881836,21.600000381469727,21.229999542236328,21.540000915527344,21.462770462036133,24431716,0.0,0.0
2023-11-15,21.799999237060547,21.799999237060547,21.1299991607666,21.270000457763672,21.19373893737793,25458466,0.0,0.0
2023-11-16,21.600000381469727,21.600000381469727,20.8799991607666,20.889999389648438,20.815099716186523,19227103,0.0,0.0
2023-11-17,20.889999389648438,21.229999542236328,20.809999465942383,21.09000015258789,21.014381408691406,16628042,0.0,0.0
2023-11-20,21.399999618530273,21.540000915527344,20.979999542236328,21.31999969482422,21.24355697631836,28514804,0.0,0.0
2023-11-21,21.329999923706055,22.899999618530273,21.329999923706055,22.350000381469727,22.269865036010742,97103350,0.0,0.0
2023-11-22,22.020000457763672,23.0,21.639999389648438,22.6299991607666,22.548860549926758,74022516,0.0,0.0
2023-11-23,22.3799991607666,22.43000030517578,21.690000534057617,22.280000686645508,22.200115203857422,50255975,0.0,0.0
2023-11-24,22.299999237060547,22.559999465942383,21.940000534057617,22.5,22.419326782226562,46129516,0.0,0.0
2023-11-27,22.350000381469727,23.100000381469727,22.170000076293945,23.0,22.91753387451172,53151149,0.0,0.0
2023-11-28,22.709999084472656,22.8700008392334,22.110000610351562,22.579999923706055,22.499038696289062,41544527,0.0,0.0
2023-11-29,22.420000076293945,23.5,22.350000381469727,22.610000610351562,22.528934478759766,46175952,0.0,0.0
2023-11-30,22.600000381469727,23.309999465942383,22.270000457763672,22.700000762939453,22.618610382080078,37849941,0.0,0.0
2023-12-01,22.549999237060547,23.06999969482422,22.18000030517578,22.459999084472656,22.37946891784668,27767861,0.0,0.0
2023-12-04,22.649999618530273,24.229999542236328,22.649999618530273,23.1299991607666,23.04706573486328,55417159,0.0,0.0
2023-12-05,22.850000381469727,22.940000534057617,21.860000610351562,21.8799991607666,21.80154800415039,42046545,0.0,0.0
2023-12-06,21.770000457763672,22.450000762939453,21.6299991607666,22.149999618530273,22.070581436157227,30984233,0.0,0.0
2023-12-07,22.280000686645508,23.440000534057617,22.040000915527344,22.18000030517578,22.100473403930664,47525240,0.0,0.0
2023-12-08,23.280000686645508,24.1200008392334,22.940000534057617,23.440000534057617,23.355958938598633,76698875,0.0,0.0
2023-12-11,23.0,23.459999084472656,22.56999969482422,23.3799991607666,23.29616928100586,47017716,0.0,0.0
2023-12-12,23.579999923706055,24.049999237060547,23.299999237060547,23.459999084472656,23.375883102416992,36859340,0.0,0.0
2023-12-13,23.489999771118164,23.600000381469727,23.0,23.010000228881836,22.92749786376953,18116081,0.0,0.0
2023-12-14,23.020000457763672,23.219999313354492,22.709999084472656,22.729999542236328,22.648500442504883,18073915,0.0,0.0
2023-12-15,22.760000228881836,22.940000534057617,22.43000030517578,22.6200008392334,22.538898468017578,15520170,0.0,0.0
2023-12-18,22.399999618530273,22.670000076293945,22.170000076293945,22.5,22.419326782226562,16340561,0.0,0.0
2023-12-19,22.469999313354492,22.8799991607666,22.350000381469727,22.690000534057617,22.608646392822266,14731843,0.0,0.0
2023-12-20,22.639999389648438,22.940000534057617,22.350000381469727,22.510000228881836,22.429290771484375,17867087,0.0,0.0
2023-12-21,22.18000030517578,22.549999237060547,21.959999084472656,22.3700008392334,22.289794921875,15421113,0.0,0.0
2023-12-22,22.440000534057617,22.6200008392334,21.700000762939453,21.770000457763672,21.691944122314453,17771707,0.0,0.0
2023-12-25,21.6299991607666,22.25,21.559999465942383,22.209999084472656,22.130367279052734,13161900,0.0,0.0
2023-12-26,22.1299991607666,22.209999084472656,21.559999465942383,21.84000015258789,21.761693954467773,15439888,0.0,0.0
2023-12-27,21.860000610351562,23.049999237060547,21.809999465942383,22.979999542236328,22.89760398864746,27263830,0.0,0.0
2023-12-28,22.979999542236328,23.09000015258789,22.600000381469727,22.979999542236328,22.89760398864746,22327491,0.0,0.0
2023-12-29,22.8799991607666,23.299999237060547,22.8700008392334,23.1200008392334,23.037105560302734,20681855,0.0,0.0
2024-01-02,23.110000610351562,23.5,22.979999542236328,23.0,22.91753387451172,16524705,0.0,0.0
2024-01-03,22.760000228881836,22.850000381469727,21.309999465942383,21.700000762939453,21.622196197509766,31121512,0.0,0.0
2024-01-04,21.65999984741211,21.75,21.239999771118164,21.350000381469727,21.27345085144043,16182282,0.0,0.0
2024-01-05,21.399999618530273,21.610000610351562,20.90999984741211,21.049999237060547,20.974525451660156,13936968,0.0,0.0
2024-01-08,20.940000534057617,20.979999542236328,20.290000915527344,20.290000915527344,20.21725082397461,15430206,0.0,0.0
2024-01-09,20.56999969482422,21.18000030517578,20.56999969482422,20.799999237060547,20.725421905517578,22614551,0.0,0.0
2024-01-10,20.889999389648438,20.969999313354492,20.200000762939453,20.649999618530273,20.575960159301758,14652680,0.0,0.0
2024-01-11,20.649999618530273,20.950000762939453,20.40999984741211,20.5,20.426496505737305,20981374,0.0,0.0
2024-01-12,20.469999313354492,20.6200008392334,20.200000762939453,20.219999313354492,20.14750099182129,15147269,0.0,0.0
2024-01-15,20.219999313354492,21.520000457763672,20.219999313354492,21.260000228881836,21.183773040771484,35565723,0.0,0.0
2024-01-16,21.170000076293945,21.260000228881836,20.540000915527344,20.850000381469727,20.775243759155273,14419174,0.0,0.0
2024-01-17,21.450000762939453,21.799999237060547,20.65999984741211,20.65999984741211,20.585922241210938,26437282,0.0,0.0
2024-01-18,20.399999618530273,20.899999618530273,20.030000686645508,20.899999618530273,20.825061798095703,23464562,0.0,0.0
2024-01-19,21.420000076293945,22.950000762939453,21.350000381469727,22.020000457763672,21.94104766845703,54773763,0.0,0.0
2024-01-22,22.399999618530273,23.040000915527344,21.610000610351562,21.899999618530273,21.82147789001465,49632388,0.0,0.0
2024-01-23,21.350000381469727,22.049999237060547,21.270000457763672,21.75,21.672016143798828,31066569,0.0,0.0
2024-01-24,21.68000030517578,21.75,20.200000762939453,20.920000076293945,20.84499168395996,43556302,0.0,0.0
2024-01-25,20.639999389648438,21.600000381469727,20.450000762939453,21.579999923706055,21.502626419067383,30325682,0.0,0.0
2024-01-26,21.049999237060547,21.110000610351562,19.420000076293945,19.450000762939453,19.380264282226562,73351143,0.0,0.0
2024-01-29,19.450000762939453,19.59000015258789,18.40999984741211,18.479999542236328,18.413740158081055,39954825,0.0,0.0
2024-01-30,18.100000381469727,18.549999237060547,17.770000457763672,17.809999465942383,17.74614143371582,31470474,0.0,0.0
2024-01-31,18.0,19.049999237060547,17.81999969482422,18.479999542236328,18.413740158081055,47642473,0.0,0.0
2024-02-01,18.270000457763672,19.239999771118164,18.149999618530273,18.68000030517578,18.61302375793457,33330274,0.0,0.0
2024-02-02,18.559999465942383,18.8799991607666,17.579999923706055,18.1200008392334,18.055030822753906,28611478,0.0,0.0
2024-02-05,17.799999237060547,18.959999084472656,17.200000762939453,18.520000457763672,18.453596115112305,36220347,0.0,0.0
2024-02-06,18.899999618530273,20.020000457763672,18.520000457763672,19.989999771118164,19.918325424194336,39101388,0.0,0.0
2024-02-07,19.81999969482422,20.649999618530273,19.760000228881836,20.440000534057617,20.366714477539062,36169109,0.0,0.0
2024-02-08,20.790000915527344,22.479999542236328,20.610000610351562,21.559999465942383,21.482696533203125,39845130,0.0,0.0
2024-02-19,22.100000381469727,22.149999618530273,20.899999618530273,21.780000686645508,21.701908111572266,37923224,0.0,0.0
2024-02-20,21.450000762939453,21.760000228881836,21.149999618530273,21.6200008392334,21.542482376098633,24938414,0.0,0.0
2024-02-21,21.200000762939453,21.780000686645508,21.100000381469727,21.3700008392334,21.293378829956055,31459068,0.0,0.0
2024-02-22,21.59000015258789,22.0,21.329999923706055,21.649999618530273,21.572372436523438,31530474,0.0,0.0
2024-02-23,21.940000534057617,22.0,21.280000686645508,21.5,21.42291259765625,28429030,0.0,0.0
2024-02-26,21.200000762939453,21.6299991607666,21.030000686645508,21.270000457763672,21.19373893737793,27680153,0.0,0.0
2024-02-27,21.1200008392334,22.360000610351562,21.030000686645508,22.350000381469727,22.269865036010742,41350915,0.0,0.0
2024-02-28,22.110000610351562,22.899999618530273,21.219999313354492,21.239999771118164,21.163843154907227,40957631,0.0,0.0
2024-02-29,21.110000610351562,22.290000915527344,21.110000610351562,22.200000762939453,22.120403289794922,33534550,0.0,0.0
2024-03-01,22.649999618530273,23.1299991607666,22.489999771118164,22.889999389648438,22.80792808532715,49534251,0.0,0.0
2024-03-04,24.100000381469727,25.18000030517578,23.469999313354492,25.18000030517578,25.089717864990234,100343718,0.0,0.0
2024-03-05,24.700000762939453,25.790000915527344,24.5,24.959999084472656,24.87050437927246,122259595,0.0,0.0
2024-03-06,24.59000015258789,24.850000381469727,23.68000030517578,24.34000015258789,24.252729415893555,72368628,0.0,0.0
2024-03-07,24.40999984741211,25.100000381469727,23.600000381469727,23.700000762939453,23.61502456665039,59620674,0.0,0.0
2024-03-08,24.09000015258789,26.06999969482422,23.729999542236328,26.06999969482422,25.976526260375977,132918803,0.0,0.0
2024-03-11,25.350000381469727,25.889999389648438,24.90999984741211,25.790000915527344,25.69753074645996,95069787,0.0,0.0
2024-03-12,25.950000762939453,27.600000381469727,25.690000534057617,25.889999389648438,25.79717254638672,115476803,0.0,0.0
2024-03-13,26.43000030517578,26.729999542236328,25.6299991607666,25.729999542236328,25.637746810913086,81294090,0.0,0.0
2024-03-14,25.219999313354492,25.969999313354492,24.950000762939453,25.389999389648438,25.29896354675293,59860375,0.0,0.0
2024-03-15,25.049999237060547,25.530000686645508,24.75,25.5,25.408571243286133,50787641,0.0,0.0
2024-03-18,25.399999618530273,26.299999237060547,25.360000610351562,26.200000762939453,26.106061935424805,76181611,0.0,0.0
2024-03-19,25.950000762939453,26.1200008392334,25.520000457763672,25.540000915527344,25.448427200317383,51173159,0.0,0.0
2024-03-20,25.479999542236328,25.700000762939453,24.760000228881836,25.15999984741211,25.069787979125977,54486456,0.0,0.0
2024-03-21,25.559999465942383,25.860000610351562,24.8799991607666,25.010000228881836,24.92032814025879,49355502,0.0,0.0
2024-03-22,24.829999923706055,25.760000228881836,24.649999618530273,24.799999237060547,24.711078643798828,51110379,0.0,0.0
2024-03-25,24.600000381469727,24.6299991607666,22.770000457763672,22.84000015258789,22.758108139038086,91286704,0.0,0.0
2024-03-26,23.030000686645508,23.600000381469727,22.850000381469727,22.979999542236328,22.89760398864746,54272700,0.0,0.0
2024-03-27,23.010000228881836,23.149999618530273,21.799999237060547,21.799999237060547,21.72183609008789,50754335,0.0,0.0
2024-03-28,21.799999237060547,22.600000381469727,21.610000610351562,22.170000076293945,22.09050941467285,55084144,0.0,0.0
2024-03-29,22.170000076293945,22.170000076293945,21.75,22.489999771118164,22.40936279296875,19806400,0.0,0.0
2024-04-01,22.299999237060547,22.860000610351562,22.25,22.690000534057617,22.608646392822266,40604932,0.0,0.0
2024-04-02,22.700000762939453,23.0,22.020000457763672,22.209999084472656,22.130367279052734,44174396,0.0,0.0
2024-04-03,22.190000534057617,22.600000381469727,21.700000762939453,22.219999313354492,22.140331268310547,45394876,0.0,0.0
2024-04-08,22.040000915527344,22.06999969482422,21.200000762939453,21.239999771118164,21.163843154907227,41689092,0.0,0.0
2024-04-09,21.200000762939453,21.6299991607666,20.90999984741211,21.559999465942383,21.482696533203125,29136667,0.0,0.0
2024-04-10,21.440000534057617,21.59000015258789,20.670000076293945,20.81999969482422,20.74534797668457,34454528,0.0,0.0
2024-04-11,20.81999969482422,21.549999237060547,20.729999542236328,21.010000228881836,20.934669494628906,33451001,0.0,0.0
2024-04-12,21.149999618530273,21.889999389648438,20.959999084472656,21.34000015258789,21.263484954833984,46524553,0.0,0.0
2024-04-15,20.979999542236328,21.25,20.100000381469727,20.5,20.426496505737305,69778020,0.0,0.0
2024-04-16,20.309999465942383,20.579999923706055,19.549999237060547,19.649999618530273,19.579545974731445,53219718,0.0,0.0
2024-04-17,19.899999618530273,20.670000076293945,19.899999618530273,20.65999984741211,20.585922241210938,48641167,0.0,0.0
2024-04-18,20.329999923706055,20.8799991607666,19.899999618530273,20.450000762939453,20.376678466796875,39953912,0.0,0.0
2024-04-19,20.280000686645508,20.459999084472656,19.639999389648438,19.790000915527344,19.719043731689453,39210731,0.0,0.0
2024-04-22,19.0,19.260000228881836,18.399999618530273,19.1299991607666,19.06140899658203,50422693,0.0,0.0
2024-04-23,19.280000686645508,19.399999618530273,18.68000030517578,18.920000076293945,18.852161407470703,33700519,0.0,0.0
2024-04-24,19.200000762939453,19.829999923706055,18.90999984741211,19.700000762939453,19.62936782836914,46988871,0.0,0.0
2024-04-25,19.479999542236328,20.459999084472656,19.43000030517578,20.010000228881836,19.938255310058594,41746187,0.0,0.0
2024-04-26,20.049999237060547,21.190000534057617,20.049999237060547,21.1200008392334,21.04427719116211,59838211,0.0,0.0
2024-04-29,21.309999465942383,21.469999313354492,20.75,21.219999313354492,21.14391326904297,107669854,0.0,0.0
2024-04-30,21.1299991607666,21.239999771118164,20.670000076293945,20.979999542236328,20.904775619506836,55468082,0.0,0.0
2024-05-06,21.25,21.329999923706055,21.0,21.139999389648438,21.06420135498047,59540219,0.0,0.0
2024-05-07,21.1200008392334,21.149999618530273,20.59000015258789,20.709999084472656,20.635746002197266,59774392,0.0,0.0
2024-05-08,20.700000762939453,21.0,20.459999084472656,20.489999771118164,20.416534423828125,45243206,0.0,0.0
2024-05-09,20.360000610351562,21.139999389648438,20.299999237060547,20.84000015258789,20.765277862548828,59151043,0.0,0.0
2024-05-10,20.75,20.790000915527344,19.899999618530273,20.030000686645508,19.95818328857422,64514219,0.0,0.0
2024-05-13,19.809999465942383,20.059999465942383,19.549999237060547,19.649999618530273,19.579545974731445,42915365,0.0,0.0
2024-05-14,19.739999771118164,20.260000228881836,19.6200008392334,19.6200008392334,19.54965591430664,38928603,0.0,0.0
2024-05-15,19.559999465942383,21.579999923706055,19.43000030517578,20.90999984741211,20.83502769470215,178399537,0.0,0.0
2024-05-16,21.149999618530273,21.3799991607666,20.579999923706055,20.760000228881836,20.685565948486328,130921216,0.0,0.0
2024-05-17,20.5,20.940000534057617,20.25,20.81999969482422,20.74534797668457,85560425,0.0,0.0
2024-05-20,20.700000762939453,21.1299991607666,20.559999465942383,20.940000534057617,20.864919662475586,76468741,0.0,0.0
2024-05-21,20.760000228881836,20.940000534057617,20.420000076293945,20.469999313354492,20.396604537963867,58938228,0.0,0.0
2024-05-22,20.8799991607666,21.149999618530273,20.399999618530273,21.09000015258789,21.014381408691406,101342420,0.0,0.0
2024-05-23,21.09000015258789,21.8799991607666,20.829999923706055,21.31999969482422,21.24355697631836,144784011,0.0,0.0
2024-05-24,21.010000228881836,21.270000457763672,20.600000381469727,20.65999984741211,20.585922241210938,86036016,0.0,0.0
2024-05-27,20.65999984741211,21.68000030517578,19.780000686645508,21.68000030517578,21.60226821899414,132453149,0.0,0.0
2024-05-28,21.850000381469727,23.780000686645508,21.40999984741211,22.290000915527344,22.210081100463867,194177891,0.0,0.0
2024-05-29,22.0,23.350000381469727,21.899999618530273,23.31999969482422,23.236387252807617,177836350,0.0,0.0
2024-05-30,22.950000762939453,24.5,22.729999542236328,23.760000228881836,23.6748104095459,186628378,0.0,0.0
2024-05-31,23.399999618530273,24.200000762939453,22.8700008392334,22.969999313354492,22.88763999938965,152541695,0.0,0.0
2024-06-03,22.899999618530273,23.690000534057617,22.68000030517578,23.5,23.415740966796875,139006047,0.0,0.0
2024-06-04,23.209999084472656,23.350000381469727,22.510000228881836,23.020000457763672,22.937463760375977,120777323,0.0,0.0
2024-06-05,22.899999618530273,23.530000686645508,22.690000534057617,22.700000762939453,22.618610382080078,107946618,0.0,0.0
2024-06-06,23.280000686645508,24.260000228881836,22.790000915527344,23.579999923706055,23.495454788208008,194546344,0.0,0.0
2024-06-07,23.299999237060547,24.65999984741211,23.229999542236328,24.280000686645508,24.19294548034668,182629278,0.0,0.0
2024-06-11,24.059999465942383,24.829999923706055,24.010000228881836,24.209999084472656,24.123193740844727,186218214,0.0,0.0
2024-06-12,23.940000534057617,24.450000762939453,23.68000030517578,24.389999389648438,24.30255126953125,152803346,0.0,0.0
2024-06-13,24.299999237060547,24.56999969482422,23.5,23.5,23.415740966796875,149578710,0.0,0.0
2024-06-14,23.1299991607666,23.399999618530273,22.770000457763672,23.219999313354492,23.136743545532227,117598280,0.0,0.0
2024-06-17,23.200000762939453,24.329999923706055,22.979999542236328,23.959999084472656,23.87409019470215,136834518,0.0,0.0
2024-06-18,24.100000381469727,24.15999984741211,23.700000762939453,23.93000030517578,23.84419822692871,101653722,0.0,0.0
2024-06-19,23.93000030517578,25.010000228881836,23.350000381469727,24.780000686645508,24.69115447998047,192469982,0.0,0.0
2024-06-20,24.31999969482422,24.8700008392334,24.049999237060547,24.09000015258789,24.003623962402344,130674760,0.0,0.0
2024-06-21,23.5,24.079999923706055,23.5,23.799999237060547,23.714664459228516,75213946,0.0,0.0
2024-06-24,23.65999984741211,24.290000915527344,22.510000228881836,22.84000015258789,22.758108139038086,108749351,0.0,0.0
2024-06-25,22.84000015258789,23.049999237060547,21.799999237060547,21.950000762939453,21.882797241210938,113458656,0.012,0.0
2024-06-26,22.059999465942383,22.709999084472656,21.68000030517578,22.559999465942383,22.490928649902344,85417209,0.0,0.0
2024-06-27,22.25,22.84000015258789,22.040000915527344,22.06999969482422,22.002429962158203,78078392,0.0,0.0
2024-06-28,22.0,22.739999771118164,21.899999618530273,22.389999389648438,22.321449279785156,76591352,0.0,0.0
2024-07-01,22.469999313354492,22.700000762939453,22.030000686645508,22.56999969482422,22.500896453857422,59980297,0.0,0.0
2024-07-02,22.549999237060547,22.75,22.149999618530273,22.200000762939453,22.13203239440918,59534655,0.0,0.0
2024-07-03,22.280000686645508,22.84000015258789,21.889999389648438,22.649999618530273,22.580652236938477,80675199,0.0,0.0
2024-07-04,22.31999969482422,22.6299991607666,21.950000762939453,22.030000686645508,21.96255111694336,61268149,0.0,0.0
2024-07-05,22.020000457763672,22.020000457763672,20.770000457763672,21.200000762939453,21.135093688964844,86071765,0.0,0.0
2024-07-08,21.290000915527344,21.530000686645508,20.770000457763672,20.889999389648438,20.82604217529297,59163571,0.0,0.0
2024-07-09,21.030000686645508,22.940000534057617,20.899999618530273,22.809999465942383,22.740161895751953,149688082,0.0,0.0
2024-07-10,22.709999084472656,23.190000534057617,22.68000030517578,22.950000762939453,22.879735946655273,93187923,0.0,0.0
2024-07-11,23.360000610351562,23.649999618530273,22.8799991607666,23.329999923706055,23.25857162475586,99157751,0.0,0.0
2024-07-12,23.030000686645508,23.540000915527344,22.889999389648438,23.399999618530273,23.32835578918457,74123991,0.0,0.0
2024-07-15,23.559999465942383,23.760000228881836,23.229999542236328,23.5,23.428050994873047,90432643,0.0,0.0
2024-07-16,23.309999465942383,23.850000381469727,23.139999389648438,23.760000228881836,23.687255859375,92156425,0.0,0.0
2024-07-17,23.639999389648438,23.93000030517578,23.049999237060547,23.079999923706055,23.009336471557617,87778304,0.0,0.0
2024-07-18,22.510000228881836,23.09000015258789,21.739999771118164,22.850000381469727,22.780040740966797,108692293,0.0,0.0
2024-07-19,22.790000915527344,24.219999313354492,22.700000762939453,23.700000762939453,23.627439498901367,127617976,0.0,0.0
2024-07-22,23.93000030517578,23.959999084472656,23.43000030517578,23.579999923706055,23.5078067779541,80754808,0.0,0.0
2024-07-23,23.59000015258789,23.770000457763672,22.40999984741211,22.420000076293945,22.351356506347656,92579132,0.0,0.0
2024-07-24,22.389999389648438,22.790000915527344,21.81999969482422,21.979999542236328,21.912704467773438,69961496,0.0,0.0
2024-07-25,21.829999923706055,22.030000686645508,21.399999618530273,21.610000610351562,21.543838500976562,55830327,0.0,0.0
2024-07-26,21.709999084472656,22.09000015258789,21.459999084472656,21.90999984741211,21.842918395996094,55210442,0.0,0.0
2024-07-29,21.899999618530273,22.18000030517578,21.65999984741211,21.700000762939453,21.633562088012695,49346755,0.0,0.0
2024-07-30,21.530000686645508,22.170000076293945,20.969999313354492,22.170000076293945,22.102121353149414,71160177,0.0,0.0
2024-07-31,22.190000534057617,22.93000030517578,21.940000534057617,22.75,22.680347442626953,96533312,0.0,0.0
2024-08-01,22.850000381469727,23.06999969482422,22.489999771118164,22.719999313354492,22.65043830871582,83683557,0.0,0.0
2024-08-02,22.139999389648438,22.56999969482422,21.780000686645508,21.780000686645508,21.713315963745117,67646743,0.0,0.0
2024-08-05,21.440000534057617,22.1200008392334,20.760000228881836,20.760000228881836,20.696439743041992,71752631,0.0,0.0
2024-08-06,21.200000762939453,21.350000381469727,20.639999389648438,21.049999237060547,20.985551834106445,44502990,0.0,0.0
2024-08-07,21.040000915527344,21.139999389648438,20.649999618530273,20.690000534057617,20.62665367126465,41118614,0.0,0.0
2024-08-08,20.40999984741211,21.079999923706055,20.100000381469727,20.739999771118164,20.67650032043457,46570376,0.0,0.0
2024-08-09,21.15999984741211,21.280000686645508,20.639999389648438,20.65999984741211,20.596744537353516,39621499,0.0,0.0
2024-08-12,20.450000762939453,20.729999542236328,20.270000457763672,20.489999771118164,20.42726707458496,27338966,0.0,0.0
2024-08-13,20.479999542236328,20.780000686645508,20.389999389648438,20.780000686645508,20.716379165649414,25960926,0.0,0.0
2024-08-14,20.809999465942383,20.889999389648438,20.600000381469727,20.600000381469727,20.536930084228516,27698200,0.0,0.0
2024-08-15,20.450000762939453,20.93000030517578,20.3799991607666,20.700000762939453,20.63662338256836,33134856,0.0,0.0
2024-08-16,20.729999542236328,20.84000015258789,20.610000610351562,20.649999618530273,20.586776733398438,34577230,0.0,0.0
2024-08-19,20.65999984741211,21.020000457763672,20.399999618530273,20.940000534057617,20.87588882446289,40458941,0.0,0.0
2024-08-20,20.90999984741211,20.920000076293945,20.309999465942383,20.309999465942383,20.247817993164062,34496813,0.0,0.0
2024-08-21,20.309999465942383,20.420000076293945,19.350000381469727,19.450000762939453,19.390451431274414,69527312,0.0,0.0
2024-08-22,19.40999984741211,19.5,19.059999465942383,19.170000076293945,19.11130714416504,43644145,0.0,0.0
2024-08-23,19.059999465942383,19.34000015258789,19.059999465942383,19.239999771118164,19.181093215942383,29544500,0.0,0.0
2024-08-26,19.270000457763672,19.6200008392334,19.15999984741211,19.280000686645508,19.220972061157227,28468350,0.0,0.0
2024-08-27,19.149999618530273,19.18000030517578,18.729999542236328,18.84000015258789,18.782318115234375,33944003,0.0,0.0
2024-08-28,18.760000228881836,19.100000381469727,18.75,19.079999923706055,19.021583557128906,26856924,0.0,0.0
2024-08-29,18.920000076293945,19.549999237060547,18.760000228881836,19.309999465942383,19.250877380371094,41911086,0.0,0.0
2024-08-30,19.31999969482422,20.1299991607666,19.25,19.899999618530273,19.839073181152344,59766269,0.0,0.0
2024-09-02,19.889999389648438,19.93000030517578,18.979999542236328,18.989999771118164,18.93185806274414,48232259,0.0,0.0
2024-09-03,19.049999237060547,19.31999969482422,18.989999771118164,19.149999618530273,19.091367721557617,25989038,0.0,0.0
2024-09-04,18.799999237060547,19.18000030517578,18.719999313354492,18.959999084472656,18.90195083618164,26303204,0.0,0.0
2024-09-05,18.969999313354492,19.229999542236328,18.93000030517578,19.059999465942383,19.001644134521484,22494622,0.0,0.0
2024-09-06,19.110000610351562,19.1299991607666,18.399999618530273,18.459999084472656,18.403480529785156,36534606,0.0,0.0
2024-09-09,18.329999923706055,18.610000610351562,18.280000686645508,18.5,18.443359375,21096370,0.0,0.0
2024-09-10,18.549999237060547,18.799999237060547,18.190000534057617,18.690000534057617,18.63277816772461,30379110,0.0,0.0
2024-09-11,18.5,18.690000534057617,18.3700008392334,18.5,18.443359375,20457483,0.0,0.0
2024-09-12,18.670000076293945,18.809999465942383,18.469999313354492,18.479999542236328,18.423419952392578,27930821,0.0,0.0
2024-09-13,18.469999313354492,18.639999389648438,18.219999313354492,18.239999771118164,18.184154510498047,23381981,0.0,0.0
2024-09-18,18.3700008392334,18.43000030517578,17.8799991607666,18.299999237060547,18.24397087097168,22829470,0.0,0.0
2024-09-19,18.40999984741211,18.670000076293945,18.1200008392334,18.459999084472656,18.403480529785156,37666510,0.0,0.0
2024-09-20,18.489999771118164,18.549999237060547,18.1299991607666,18.270000457763672,18.21406364440918,29276508,0.0,0.0
2024-09-23,18.209999084472656,18.639999389648438,18.079999923706055,18.239999771118164,18.184154510498047,28999300,0.0,0.0
2024-09-24,18.350000381469727,19.059999465942383,18.110000610351562,19.049999237060547,18.991674423217773,67824282,0.0,0.0
2024-09-25,19.15999984741211,19.579999923706055,18.989999771118164,19.09000015258789,19.031553268432617,73071748,0.0,0.0
2024-09-26,19.020000457763672,19.8700008392334,18.959999084472656,19.860000610351562,19.799196243286133,69271314,0.0,0.0
2024-09-27,20.059999465942383,21.209999084472656,20.059999465942383,20.899999618530273,20.836009979248047,94567542,0.0,0.0
2024-09-30,21.709999084472656,22.899999618530273,21.18000030517578,22.889999389648438,22.819917678833008,147913899,0.0,0.0
2024-10-08,25.18000030517578,25.18000030517578,23.799999237060547,25.18000030517578,25.102907180786133,185866396,0.0,0.0
2024-10-09,24.799999237060547,27.100000381469727,23.93000030517578,24.899999618530273,24.823762893676758,227120464,0.0,0.0
2024-10-10,24.829999923706055,25.25,23.229999542236328,23.739999771118164,23.667316436767578,127196070,0.0,0.0
2024-10-11,23.31999969482422,23.8799991607666,22.06999969482422,22.3700008392334,22.301511764526367,86396018,0.0,0.0
2024-10-14,21.299999237060547,22.299999237060547,20.700000762939453,22.299999237060547,22.23172378540039,159772094,0.0,0.0
2024-10-15,21.8799991607666,22.639999389648438,21.709999084472656,21.719999313354492,21.653499603271484,100250323,0.0,0.0
2024-10-16,21.1299991607666,21.770000457763672,21.1200008392334,21.360000610351562,21.29460334777832,58888321,0.0,0.0
2024-10-17,21.700000762939453,21.899999618530273,21.299999237060547,21.329999923706055,21.264694213867188,61913727,0.0,0.0
2024-10-18,21.399999618530273,23.450000762939453,21.399999618530273,22.920000076293945,22.84982681274414,147209203,0.0,0.0
2024-10-21,23.260000228881836,24.260000228881836,22.950000762939453,23.549999237060547,23.477895736694336,161971212,0.0,0.0
2024-10-22,23.3700008392334,24.06999969482422,23.06999969482422,23.790000915527344,23.7171630859375,104758278,0.0,0.0
2024-10-23,23.709999084472656,23.790000915527344,23.170000076293945,23.270000457763672,23.198755264282227,79286411,0.0,0.0
2024-10-24,23.43000030517578,23.700000762939453,23.0,23.290000915527344,23.21869468688965,66906397,0.0,0.0
2024-10-25,23.389999389648438,23.850000381469727,23.200000762939453,23.530000686645508,23.457958221435547,70117576,0.0,0.0
2024-10-28,23.540000915527344,23.579999923706055,23.079999923706055,23.469999313354492,23.398141860961914,65010051,0.0,0.0
2024-10-29,23.5,24.0,23.270000457763672,23.350000381469727,23.27851104736328,105168780,0.0,0.0
2024-10-30,23.3799991607666,24.899999618530273,23.309999465942383,24.559999465942383,24.484804153442383,188094576,0.0,0.0
2024-10-31,24.459999084472656,27.020000457763672,23.799999237060547,27.020000457763672,26.937274932861328,195718995,0.0,0.0
2024-11-01,29.719999313354492,29.719999313354492,28.25,29.719999313354492,29.62900733947754,336393481,0.0,0.0
2024-11-04,29.719999313354492,30.8799991607666,27.0,28.700000762939453,28.61212921142578,358167304,0.0,0.0
2024-11-05,29.239999771118164,31.56999969482422,28.610000610351562,31.56999969482422,31.473342895507812,317065803,0.0,0.0
2024-11-06,32.0,34.72999954223633,30.290000915527344,34.72999954223633,34.6236686706543,456531875,0.0,0.0
2024-11-07,32.95000076293945,36.15999984741211,32.0,33.84000015258789,33.736392974853516,337468275,0.0,0.0
2024-11-08,34.72999954223633,36.65999984741211,33.279998779296875,33.52000045776367,33.4173698425293,308131674,0.0,0.0
2024-11-11,35.060001373291016,36.869998931884766,34.400001525878906,36.869998931884766,36.75711441040039,304754735,0.0,0.0
2024-11-12,36.880001068115234,37.79999923706055,35.0,36.599998474121094,36.48794174194336,302805269,0.0,0.0
2024-11-13,35.599998474121094,36.380001068115234,33.88999938964844,33.90999984741211,33.80617904663086,232691252,0.0,0.0
2024-11-14,33.29999923706055,36.5,32.4900016784668,34.59000015258789,34.48409652709961,303945764,0.0,0.0
2024-11-15,33.90999984741211,34.0,31.139999389648438,31.15999984741211,31.064599990844727,245516834,0.0,0.0
2024-11-18,30.65999984741211,31.8799991607666,29.399999618530273,29.700000762939453,29.60906982421875,166902036,0.0,0.0
2024-11-19,29.700000762939453,31.229999542236328,29.510000228881836,31.1299991607666,31.03468894958496,160077635,0.0,0.0
2024-11-20,30.829999923706055,32.25,30.549999237060547,31.489999771118164,31.393587112426758,151401652,0.0,0.0
2024-11-21,31.1200008392334,32.599998474121094,31.040000915527344,31.889999389648438,31.792362213134766,153334027,0.0,0.0
2024-11-22,31.600000381469727,31.979999542236328,29.65999984741211,29.65999984741211,29.569189071655273,150020636,0.0,0.0
2024-11-25,29.709999084472656,30.40999984741211,28.68000030517578,29.420000076293945,29.329925537109375,107792606,0.0,0.0
2024-11-26,29.260000228881836,29.860000610351562,28.93000030517578,28.989999771118164,28.901243209838867,67606898,0.0,0.0
2024-11-27,29.0,29.8799991607666,28.329999923706055,29.770000457763672,29.67885398864746,108124364,0.0,0.0
2024-11-28,29.790000915527344,30.40999984741211,29.299999237060547,29.6299991607666,29.539281845092773,117153200,0.0,0.0
2024-11-29,29.270000457763672,30.600000381469727,28.68000030517578,29.989999771118164,29.89818000793457,131956239,0.0,0.0
2024-12-02,29.799999237060547,31.700000762939453,29.700000762939453,31.479999542236328,31.38361930847168,156383289,0.0,0.0
2024-12-03,31.889999389648438,32.09000015258789,30.399999618530273,30.809999465942383,30.715669631958008,121358205,0.0,0.0
2024-12-04,31.610000610351562,32.70000076293945,30.739999771118164,30.860000610351562,30.76551628112793,136133865,0.0,0.0
2024-12-05,30.489999771118164,31.299999237060547,30.360000610351562,30.530000686645508,30.436527252197266,83845413,0.0,0.0
2024-12-06,30.40999984741211,30.8799991607666,29.709999084472656,30.3700008392334,30.27701759338379,93737689,0.0,0.0
2024-12-09,30.0,30.190000534057617,29.34000015258789,29.489999771118164,29.39971160888672,75721548,0.0,0.0
2024-12-10,30.600000381469727,30.790000915527344,29.459999084472656,29.489999771118164,29.39971160888672,83554869,0.0,0.0
2024-12-11,29.479999542236328,30.299999237060547,29.40999984741211,29.799999237060547,29.70876121520996,64443963,0.0,0.0
2024-12-12,29.649999618530273,30.0,29.299999237060547,29.790000915527344,29.698793411254883,59010079,0.0,0.0
2024-12-13,29.510000228881836,29.8700008392334,28.920000076293945,29.149999618530273,29.060752868652344,72008118,0.0,0.0
2024-12-16,29.15999984741211,29.239999771118164,28.399999618530273,28.5,28.412742614746094,54288852,0.0,0.0
2024-12-17,28.329999923706055,28.959999084472656,28.200000762939453,28.260000228881836,28.173477172851562,50787925,0.0,0.0
2024-12-18,28.329999923706055,29.100000381469727,28.030000686645508,28.799999237060547,28.711822509765625,65870297,0.0,0.0
2024-12-19,28.280000686645508,29.579999923706055,28.200000762939453,29.34000015258789,29.25016975402832,83856413,0.0,0.0
2024-12-20,29.190000534057617,30.809999465942383,28.979999542236328,30.18000030517578,30.08759880065918,128334078,0.0,0.0
2024-12-23,30.0,30.3700008392334,29.25,29.43000030517578,29.339895248413086,75038793,0.0,0.0
2024-12-24,29.440000534057617,29.989999771118164,28.809999465942383,29.8700008392334,29.778549194335938,70370750,0.0,0.0
2024-12-25,29.799999237060547,30.110000610351562,29.270000457763672,29.43000030517578,29.339895248413086,50729701,0.0,0.0
2024-12-26,29.25,31.0,29.149999618530273,30.899999618530273,30.805395126342773,120733204,0.0,0.0
2024-12-27,30.739999771118164,31.979999542236328,30.600000381469727,30.799999237060547,30.705699920654297,133146501,0.0,0.0
2024-12-30,30.799999237060547,32.0,30.6299991607666,31.670000076293945,31.573036193847656,122528886,0.0,0.0
2024-12-31,31.5,31.520000457763672,29.5,29.549999237060547,29.45952796936035,104919974,0.0,0.0
2025-01-02,29.110000610351562,29.139999389648438,27.0,27.459999084472656,27.375925064086914,103669600,0.0,0.0
2025-01-03,27.459999084472656,27.639999389648438,26.149999618530273,26.190000534057617,26.10981559753418,67464276,0.0,0.0
2025-01-06,26.100000381469727,27.260000228881836,25.899999618530273,26.420000076293945,26.339111328125,59782720,0.0,0.0
2025-01-07,26.540000915527344,27.43000030517578,26.309999465942383,27.420000076293945,27.336050033569336,62574362,0.0,0.0
2025-01-08,27.1200008392334,27.719999313354492,26.190000534057617,27.149999618530273,27.066875457763672,66871200,0.0,0.0
2025-01-09,27.0,28.299999237060547,26.920000076293945,27.540000915527344,27.4556827545166,65959085,0.0,0.0
2025-01-10,27.350000381469727,29.280000686645508,27.190000534057617,27.950000762939453,27.86442756652832,123652573,0.0,0.0
2025-01-13,26.979999542236328,27.530000686645508,26.729999542236328,27.190000534057617,27.106752395629883,62297944,0.0,0.0
2025-01-14,27.469999313354492,28.75,26.899999618530273,28.700000762939453,28.61212921142578,88703342,0.0,0.0
2025-01-15,28.510000228881836,28.850000381469727,28.200000762939453,28.270000457763672,28.183446884155273,61388646,0.0,0.0
2025-01-16,28.780000686645508,28.84000015258789,28.100000381469727,28.459999084472656,28.37286376953125,69623096,0.0,0.0
2025-01-17,28.25,29.239999771118164,28.170000076293945,28.719999313354492,28.632068634033203,70947311,0.0,0.0
2025-01-20,28.719999313354492,29.190000534057617,28.510000228881836,28.8799991607666,28.79157829284668,65108438,0.0,0.0
2025-01-21,29.0,29.049999237060547,28.360000610351562,28.81999969482422,28.731761932373047,57262010,0.0,0.0
2025-01-22,28.600000381469727,29.34000015258789,28.520000457763672,28.8700008392334,28.7816104888916,70154220,0.0,0.0
2025-01-23,29.399999618530273,29.690000534057617,28.18000030517578,28.190000534057617,28.10369300842285,79228233,0.0,0.0
2025-01-24,27.989999771118164,28.8799991607666,27.90999984741211,28.8700008392334,28.7816104888916,60669068,0.0,0.0
2025-01-27,29.360000610351562,29.5,28.299999237060547,28.299999237060547,28.21335220336914,55531801,0.0,0.0
2025-02-05,28.790000915527344,29.299999237060547,28.450000762939453,28.969999313354492,28.881301879882812,60441888,0.0,0.0
2025-02-06,28.709999084472656,30.0,28.65999984741211,29.90999984741211,29.818424224853516,93117685,0.0,0.0
2025-02-07,29.950000762939453,31.0,29.559999465942383,30.360000610351562,30.26704978942871,126686372,0.0,0.0
2025-02-10,30.389999389648438,30.549999237060547,29.899999618530273,30.1299991607666,30.037750244140625,83191958,0.0,0.0
2025-02-11,29.979999542236328,30.0,29.209999084472656,29.43000030517578,29.339895248413086,67988929,0.0,0.0
2025-02-12,29.5,30.59000015258789,29.420000076293945,30.5,30.406620025634766,109699844,0.0,0.0
2025-02-13,30.399999618530273,30.600000381469727,29.649999618530273,29.649999618530273,29.559221267700195,75067896,0.0,0.0
2025-02-14,29.799999237060547,31.0,29.100000381469727,30.84000015258789,30.74557876586914,124506943,0.0,0.0
2025-02-17,30.860000610351562,31.079999923706055,30.229999542236328,30.639999389648438,30.54619026184082,90876802,0.0,0.0
2025-02-18,30.350000381469727,30.979999542236328,29.389999389648438,29.579999923706055,29.48943519592285,86052337,0.0,0.0
2025-02-19,29.450000762939453,30.559999465942383,29.43000030517578,30.43000030517578,30.336833953857422,85192831,0.0,0.0
2025-02-20,30.200000762939453,30.239999771118164,29.649999618530273,29.8799991607666,29.788516998291016,65326302,0.0,0.0
2025-02-21,29.940000534057617,31.0,29.719999313354492,30.8799991607666,30.78545379638672,133356703,0.0,0.0
2025-02-24,30.90999984741211,32.5,30.780000686645508,31.6200008392334,31.523191452026367,147793499,0.0,0.0
2025-02-25,30.920000076293945,31.979999542236328,30.809999465942383,31.0,30.905088424682617,99755988,0.0,0.0
2025-02-26,31.0,31.399999618530273,30.3700008392334,31.190000534057617,31.094507217407227,85817097,0.0,0.0
2025-02-27,31.290000915527344,31.34000015258789,29.899999618530273,30.3799991607666,30.286985397338867,81267420,0.0,0.0
2025-02-28,30.040000915527344,30.260000228881836,28.3700008392334,28.510000228881836,28.422712326049805,77297190,0.0,0.0
2025-03-03,28.799999237060547,28.979999542236328,28.170000076293945,28.43000030517578,28.34295654296875,45928055,0.0,0.0
2025-03-04,28.020000457763672,29.139999389648438,27.940000534057617,28.989999771118164,28.901243209838867,48829780,0.0,0.0
2025-03-05,28.989999771118164,29.280000686645508,28.59000015258789,28.8799991607666,28.79157829284668,35260715,0.0,0.0
2025-03-06,29.0,29.549999237060547,29.0,29.3700008392334,29.280078887939453,53795771,0.0,0.0
2025-03-07,29.09000015258789,29.200000762939453,28.700000762939453,28.809999465942383,28.721792221069336,43211222,0.0,0.0
2025-03-10,28.75,28.950000762939453,28.450000762939453,28.700000762939453,28.61212921142578,28775053,0.0,0.0
2025-03-11,28.299999237060547,28.790000915527344,28.190000534057617,28.549999237060547,28.462587356567383,30661190,0.0,0.0
2025-03-12,28.649999618530273,28.950000762939453,28.520000457763672,28.639999389648438,28.55231285095215,34094301,0.0,0.0
2025-03-13,28.639999389648438,28.639999389648438,27.600000381469727,27.790000915527344,27.704917907714844,47064572,0.0,0.0
2025-03-14,27.799999237060547,28.600000381469727,27.68000030517578,28.600000381469727,28.51243782043457,42663504,0.0,0.0
2025-03-17,28.6299991607666,28.780000686645508,28.399999618530273,28.579999923706055,28.49249839782715,27431397,0.0,0.0
2025-03-18,28.649999618530273,28.959999084472656,28.549999237060547,28.700000762939453,28.61212921142578,27815675,0.0,0.0
2025-03-19,28.68000030517578,28.760000228881836,28.280000686645508,28.360000610351562,28.27317237854004,23542224,0.0,0.0
2025-03-20,28.3700008392334,28.459999084472656,28.040000915527344,28.079999923706055,27.994028091430664,23581100,0.0,0.0
2025-03-21,27.940000534057617,28.079999923706055,27.270000457763672,27.399999618530273,27.316110610961914,32316781,0.0,0.0
2025-03-24,27.299999237060547,27.59000015258789,26.850000381469727,27.59000015258789,27.50552749633789,27097980,0.0,0.0
2025-03-25,27.59000015258789,27.610000610351562,27.010000228881836,27.139999389648438,27.05690574645996,21302573,0.0,0.0
2025-03-26,27.139999389648438,27.399999618530273,27.040000915527344,27.079999923706055,26.997089385986328,16130207,0.0,0.0
2025-03-27,27.0,27.639999389648438,26.809999465942383,27.270000457763672,27.186508178710938,25263906,0.0,0.0
2025-03-28,27.260000228881836,27.34000015258789,27.030000686645508,27.030000686645508,26.947242736816406,16600800,0.0,0.0
2025-03-31,26.950000762939453,27.020000457763672,26.40999984741211,26.770000457763672,26.688039779663086,22622543,0.0,0.0
2025-04-01,26.8700008392334,27.15999984741211,26.790000915527344,26.829999923706055,26.74785614013672,17448300,0.0,0.0
2025-04-02,26.81999969482422,27.100000381469727,26.770000457763672,26.8799991607666,26.797700881958008,14371150,0.0,0.0
2025-04-03,26.579999923706055,27.190000534057617,26.280000686645508,26.540000915527344,26.458744049072266,22067881,0.0,0.0
2025-04-07,24.0,25.18000030517578,23.889999389648438,23.889999389648438,23.816856384277344,33680411,0.0,0.0
2025-04-08,23.5,24.110000610351562,22.100000381469727,22.780000686645508,22.710256576538086,57774216,0.0,0.0
2025-04-09,22.200000762939453,23.770000457763672,21.5,23.479999542236328,23.408111572265625,58387985,0.0,0.0
2025-04-10,24.200000762939453,24.600000381469727,23.940000534057617,24.049999237060547,23.97636604309082,46831368,0.0,0.0
2025-04-11,23.84000015258789,26.459999084472656,23.760000228881836,26.260000228881836,26.17959976196289,110971465,0.0,0.0
2025-04-14,26.15999984741211,26.360000610351562,25.950000762939453,26.100000381469727,26.020090103149414,77918169,0.0,0.0
2025-04-15,26.200000762939453,26.280000686645508,25.600000381469727,25.790000915527344,25.711040496826172,38689834,0.0,0.0
2025-04-16,25.75,26.1200008392334,25.350000381469727,25.770000457763672,25.69110107421875,31889844,0.0,0.0
2025-04-17,25.600000381469727,26.190000534057617,25.5,25.56999969482422,25.49171257019043,34971300,0.0,0.0
2025-04-18,25.399999618530273,25.579999923706055,25.18000030517578,25.350000381469727,25.272388458251953,23083814,0.0,0.0
2025-04-21,25.389999389648438,25.68000030517578,25.34000015258789,25.639999389648438,25.561498641967773,21238110,0.0,0.0
2025-04-22,25.600000381469727,25.979999542236328,25.479999542236328,25.6200008392334,25.541561126708984,26562049,0.0,0.0
2025-04-23,25.739999771118164,26.020000457763672,25.6200008392334,25.850000381469727,25.770854949951172,27969878,0.0,0.0
2025-04-24,25.899999618530273,25.899999618530273,25.15999984741211,25.200000762939453,25.122846603393555,25455968,0.0,0.0
2025-04-25,25.299999237060547,25.75,25.18000030517578,25.43000030517578,25.352142333984375,22280521,0.0,0.0
2025-04-28,25.43000030517578,25.579999923706055,25.1299991607666,25.149999618530273,25.072998046875,17922400,0.0,0.0
2025-04-29,25.1200008392334,25.399999618530273,24.959999084472656,25.3700008392334,25.292325973510742,16845646,0.0,0.0
2025-04-30,25.3700008392334,25.75,25.239999771118164,25.6200008392334,25.541561126708984,23336382,0.0,0.0
2025-05-06,25.90999984741211,26.200000762939453,25.770000457763672,26.200000762939453,26.11978530883789,31957703,0.0,0.0
2025-05-07,26.530000686645508,26.579999923706055,25.799999237060547,25.959999084472656,25.880517959594727,31330226,0.0,0.0
2025-05-08,25.8799991607666,26.3799991607666,25.860000610351562,26.299999237060547,26.219478607177734,28716212,0.0,0.0
2025-05-09,26.25,26.25,25.549999237060547,25.690000534057617,25.611345291137695,25138125,0.0,0.0
2025-05-12,25.93000030517578,26.18000030517578,25.81999969482422,26.059999465942383,25.980213165283203,23387534,0.0,0.0
2025-05-13,26.3700008392334,26.3700008392334,25.809999465942383,25.84000015258789,25.76088523864746,21608048,0.0,0.0
2025-05-14,25.860000610351562,26.170000076293945,25.799999237060547,25.940000534057617,25.860580444335938,22328360,0.0,0.0
2025-05-15,26.0,26.010000228881836,25.200000762939453,25.200000762939453,25.122846603393555,22974143,0.0,0.0
2025-05-16,25.100000381469727,25.43000030517578,25.049999237060547,25.200000762939453,25.122846603393555,13466821,0.0,0.0
2025-05-19,24.18000030517578,24.399999618530273,23.799999237060547,24.31999969482422,24.24553871154785,50705436,0.0,0.0
2025-05-20,24.309999465942383,24.6200008392334,24.1200008392334,24.510000228881836,24.434959411621094,21171046,0.0,0.0
2025-05-21,24.510000228881836,24.510000228881836,24.139999389648438,24.270000457763672,24.195693969726562,17227724,0.0,0.0
2025-05-22,24.229999542236328,24.5,24.010000228881836,24.040000915527344,23.966398239135742,17412567,0.0,0.0
2025-05-23,24.040000915527344,24.09000015258789,23.540000915527344,23.549999237060547,23.477895736694336,21658842,0.0,0.0
2025-05-26,23.75,24.3799991607666,23.700000762939453,23.93000030517578,23.856733322143555,17102813,0.0,0.0
2025-05-27,23.829999923706055,23.8700008392334,23.510000228881836,23.56999969482422,23.49783706665039,12507004,0.0,0.0
2025-05-28,23.610000610351562,23.690000534057617,23.299999237060547,23.309999465942383,23.238632202148438,13669648,0.0,0.0
2025-05-29,23.299999237060547,23.940000534057617,23.280000686645508,23.90999984741211,23.836795806884766,22905619,0.0,0.0
2025-05-30,23.75,23.780000686645508,23.40999984741211,23.440000534057617,23.368236541748047,14309000,0.0,0.0
2025-06-03,23.100000381469727,23.510000228881836,23.079999923706055,23.260000228881836,23.188785552978516,13164846,0.0,0.0
2025-06-04,23.260000228881836,23.610000610351562,23.260000228881836,23.510000228881836,23.438020706176758,13999561,0.0,0.0
2025-06-05,23.510000228881836,24.0,23.399999618530273,23.969999313354492,23.8966121673584,23363102,0.0,0.0
2025-06-06,23.979999542236328,24.010000228881836,23.770000457763672,23.8700008392334,23.796918869018555,14421457,0.0,0.0
2025-06-09,23.8700008392334,24.09000015258789,23.81999969482422,23.979999542236328,23.90658187866211,14446962,0.0,0.0
2025-06-10,24.0,24.020000457763672,23.350000381469727,23.5,23.428050994873047,18756799,0.0,0.0
2025-06-11,23.459999084472656,23.790000915527344,23.459999084472656,23.540000915527344,23.467927932739258,14554013,0.0,0.0
2025-06-12,23.440000534057617,23.559999465942383,23.309999465942383,23.329999923706055,23.25857162475586,16520788,0.0,0.0
2025-06-13,23.260000228881836,23.489999771118164,23.030000686645508,23.100000381469727,23.02927589416504,23260534,0.0,0.0
2025-06-16,23.0,23.450000762939453,22.899999618530273,23.299999237060547,23.228662490844727,15094838,0.0,0.0
2025-06-17,23.399999618530273,23.969999313354492,23.31999969482422,23.610000610351562,23.583261489868164,31470084,0.045,0.0
2025-06-18,23.610000610351562,24.350000381469727,23.5,24.06999969482422,24.042739868164062,41319161,0.0,0.0
2025-06-19,23.969999313354492,24.190000534057617,23.700000762939453,23.799999237060547,23.77304458618164,27024800,0.0,0.0
2025-06-20,23.81999969482422,24.200000762939453,23.559999465942383,23.59000015258789,23.563283920288086,19466762,0.0,0.0
2025-06-23,23.299999237060547,24.700000762939453,23.280000686645508,24.440000534057617,24.412321090698242,56701467,0.0,0.0
2025-06-24,24.420000076293945,24.75,24.3799991607666,24.700000762939453,24.672027587890625,35659569,0.0,0.0
2025-06-25,24.860000610351562,25.0,24.610000610351562,24.989999771118164,24.96169662475586,40337997,0.0,0.0
2025-06-26,25.190000534057617,25.239999771118164,24.700000762939453,24.700000762939453,24.672027587890625,37280261,0.0,0.0
2025-06-27,25.09000015258789,25.979999542236328,24.850000381469727,25.360000610351562,25.331279754638672,73559339,0.0,0.0
2025-06-30,25.530000686645508,25.940000534057617,25.389999389648438,25.6200008392334,25.590984344482422,47381371,0.0,0.0
2025-07-01,25.510000228881836,26.5,25.329999923706055,25.899999618530273,25.87066650390625,56965163,0.0,0.0
2025-07-02,25.719999313354492,25.729999542236328,25.149999618530273,25.290000915527344,25.2613582611084,35837408,0.0,0.0
2025-07-03,25.200000762939453,25.479999542236328,25.139999389648438,25.389999389648438,25.361244201660156,23360135,0.0,0.0
2025-07-04,25.389999389648438,25.530000686645508,25.0,25.09000015258789,25.06158447265625,26159767,0.0,0.0
2025-07-07,25.010000228881836,25.190000534057617,24.809999465942383,24.920000076293945,24.89177703857422,16710143,0.0,0.0
2025-07-08,25.049999237060547,25.34000015258789,25.0,25.229999542236328,25.201425552368164,22389390,0.0,0.0
2025-07-09,25.18000030517578,25.280000686645508,24.860000610351562,24.959999084472656,24.931730270385742,20688232,0.0,0.0
2025-07-10,24.860000610351562,25.020000457763672,24.799999237060547,24.90999984741211,24.88178825378418,17998900,0.0,0.0
2025-07-11,24.950000762939453,25.760000228881836,24.760000228881836,25.479999542236328,25.451141357421875,40667078,0.0,0.0
2025-07-14,25.469999313354492,25.969999313354492,25.280000686645508,25.760000228881836,25.730825424194336,34832200,0.0,0.0
2025-07-15,25.729999542236328,25.8700008392334,25.3799991607666,25.610000610351562,25.580995559692383,25891890,0.0,0.0
2025-07-16,25.770000457763672,26.65999984741211,25.760000228881836,25.90999984741211,25.88065528869629,61571523,0.0,0.0
2025-07-17,25.610000610351562,26.049999237060547,25.440000534057617,26.049999237060547,26.020496368408203,39158676,0.0,0.0
2025-07-18,26.049999237060547,26.25,25.84000015258789,25.959999084472656,25.93059730529785,26932956,0.0,0.0
2025-07-21,25.829999923706055,25.979999542236328,25.68000030517578,25.84000015258789,25.81073570251465,23499558,0.0,0.0
2025-07-22,25.799999237060547,26.139999389648438,25.729999542236328,26.0,25.97055435180664,29180096,0.0,0.0
2025-07-23,25.899999618530273,26.15999984741211,25.790000915527344,25.8799991607666,25.850688934326172,27834273,0.0,0.0
2025-07-24,25.860000610351562,26.459999084472656,25.860000610351562,26.3799991607666,26.350122451782227,45129811,0.0,0.0
2025-07-25,26.479999542236328,26.639999389648438,26.1299991607666,26.56999969482422,26.539907455444336,38163073,0.0,0.0
2025-07-28,26.700000762939453,28.200000762939453,26.700000762939453,27.5,27.468854904174805,97899608,0.0,0.0
2025-07-29,27.350000381469727,28.100000381469727,27.299999237060547,27.850000381469727,27.818458557128906,71310082,0.0,0.0
2025-07-30,27.860000610351562,28.1200008392334,27.309999465942383,27.8799991607666,27.84842300415039,58950974,0.0,0.0
2025-07-31,27.809999465942383,28.5,27.700000762939453,28.1200008392334,28.088153839111328,91686864,0.0,0.0
2025-08-01,27.8799991607666,28.110000610351562,27.030000686645508,27.1299991607666,27.099273681640625,61425735,0.0,0.0
2025-08-04,26.81999969482422,27.239999771118164,26.799999237060547,27.110000610351562,27.07929801940918,30041579,0.0,0.0
2025-08-05,27.100000381469727,27.239999771118164,26.8799991607666,27.229999542236328,27.199159622192383,30016144,0.0,0.0
2025-08-06,27.0,27.8799991607666,26.739999771118164,27.729999542236328,27.698593139648438,50460521,0.0,0.0
2025-08-07,27.479999542236328,27.8700008392334,27.329999923706055,27.549999237060547,27.518796920776367,48906554,0.0,0.0
2025-08-08,27.3799991607666,27.3799991607666,26.790000915527344,26.799999237060547,26.7696475982666,40139852,0.0,0.0
2025-08-11,26.81999969482422,27.790000915527344,26.809999465942383,27.450000762939453,27.418912887573242,44498167,0.0,0.0
2025-08-12,27.399999618530273,28.950000762939453,27.1299991607666,28.700000762939453,28.667495727539062,107460238,0.0,0.0
2025-08-13,28.459999084472656,28.670000076293945,28.239999771118164,28.59000015258789,28.557621002197266,59537760,0.0,0.0
2025-08-14,28.940000534057617,29.5,28.0,28.549999237060547,28.51766586303711,107966929,0.0,0.0
2025-08-15,28.40999984741211,28.809999465942383,28.25,28.65999984741211,28.627540588378906,63319840,0.0,0.0
2025-08-18,28.969999313354492,29.65999984741211,28.559999465942383,29.549999237060547,29.51653289794922,101556896,0.0,0.0
2025-08-19,29.540000915527344,29.540000915527344,28.790000915527344,28.799999237060547,28.76738166809082,77045199,0.0,0.0
2025-08-20,28.59000015258789,29.559999465942383,28.31999969482422,29.299999237060547,29.266815185546875,76574137,0.0,0.0
2025-08-21,29.290000915527344,29.940000534057617,28.799999237060547,28.8700008392334,28.837305068969727,66374034,0.0,0.0
2025-08-22,28.8700008392334,30.479999542236328,28.8700008392334,30.229999542236328,30.195762634277344,140909517,0.0,0.0
2025-08-25,30.56999969482422,31.059999465942383,29.639999389648438,30.020000457763672,29.98600196838379,126623901,0.0,0.0
2025-08-26,29.790000915527344,30.479999542236328,29.549999237060547,29.889999389648438,29.85614776611328,80242454,0.0,0.0
2025-08-27,29.90999984741211,30.860000610351562,29.399999618530273,29.5,29.466588973999023,121072874,0.0,0.0
2025-08-28,29.479999542236328,30.09000015258789,29.15999984741211,30.079999923706055,30.04593276977539,86794619,0.0,0.0
2025-08-29,31.729999542236328,33.09000015258789,31.579999923706055,33.09000015258789,33.05252456665039,177962237,0.0,0.0
2025-09-01,35.439998626708984,36.0,33.58000183105469,34.880001068115234,34.84049606323242,327152969,0.0,0.0
2025-09-02,33.9900016784668,36.279998779296875,33.970001220703125,34.13999938964844,34.10133361816406,259145066,0.0,0.0
2025-09-03,33.900001525878906,37.130001068115234,33.25,35.36000061035156,35.31995391845703,258865047,0.0,0.0
2025-09-04,34.650001525878906,34.880001068115234,31.81999969482422,31.81999969482422,31.78396224975586,205140415,0.0,0.0
2025-09-05,31.31999969482422,32.5,30.260000228881836,32.209999084472656,32.173519134521484,171511502,0.0,0.0
2025-09-08,31.850000381469727,33.650001525878906,31.34000015258789,32.970001220703125,32.93266296386719,167266062,0.0,0.0
2025-09-09,32.34000015258789,32.63999938964844,31.200000762939453,31.209999084472656,31.174652099609375,115228411,0.0,0.0
2025-09-10,31.59000015258789,32.41999816894531,31.200000762939453,31.43000030517578,31.3944034576416,92847900,0.0,0.0
2025-09-11,31.229999542236328,32.90999984741211,31.100000381469727,32.900001525878906,32.86273956298828,136054321,0.0,0.0
2025-09-12,32.90999984741211,33.90999984741211,32.52000045776367,33.11000061035156,33.07250213623047,132326571,0.0,0.0
2025-09-15,34.0,34.11000061035156,32.93000030517578,32.95000076293945,32.912681579589844,109341917,0.0,0.0
2025-09-16,33.0,33.880001068115234,32.880001068115234,33.459999084472656,33.42210388183594,99238317,0.0,0.0
2025-09-17,33.349998474121094,34.349998474121094,33.099998474121094,33.75,33.71177673339844,92270927,0.0,0.0
2025-09-18,33.7599983215332,36.65999984741211,33.599998474121094,34.84000015258789,34.800540924072266,200747410,0.0,0.0
2025-09-19,35.0,35.75,34.130001068115234,34.380001068115234,34.341064453125,133066251,0.0,0.0
2025-09-22,34.18000030517578,35.599998474121094,33.900001525878906,34.959999084472656,34.920406341552734,101949039,0.0,0.0
2025-09-23,35.150001525878906,35.29999923706055,33.36000061035156,34.290000915527344,34.25116729736328,108678409,0.0,0.0
2025-09-24,35.130001068115234,37.720001220703125,35.0099983215332,37.720001220703125,37.67728042602539,95661931,0.0,0.0
2025-09-25,39.68000030517578,39.97999954223633,38.400001525878906,38.79999923706055,38.75605773925781,272186216,0.0,0.0
2025-09-26,38.04999923706055,39.0,37.709999084472656,37.709999084472656,37.66728973388672,137459157,0.0,0.0
2025-09-29,37.79999923706055,38.70000076293945,37.560001373291016,38.18000030517578,38.13676071166992,135829592,0.0,0.0
2025-09-30,38.68000030517578,41.060001373291016,38.279998779296875,40.16999816894531,40.12450408935547,192032918,0.0,0.0
2025-10-09,44.189998626708984,44.189998626708984,44.189998626708984,44.189998626708984,44.139949798583984,13079998,0.0,0.0
2025-10-10,45.06999969482422,47.9900016784668,44.619998931884766,45.599998474121094,45.54835510253906,328054360,0.0,0.0
2025-10-13,41.040000915527344,47.529998779296875,41.040000915527344,46.970001220703125,46.916805267333984,263373345,0.0,0.0
2025-10-14,46.13999938964844,46.13999938964844,42.27000045776367,42.279998779296875,42.232112884521484,226357817,0.0,0.0
2025-10-15,41.619998931884766,42.880001068115234,39.72999954223633,42.47999954223633,42.431888580322266,141043771,0.0,0.0
2025-10-16,43.18000030517578,45.029998779296875,42.619998931884766,42.81999969482422,42.77150344848633,167685855,0.0,0.0
2025-10-17,41.18000030517578,41.5,38.68000030517578,38.77000045776367,38.72609329223633,172229890,0.0,0.0
2025-10-20,39.709999084472656,40.5,38.880001068115234,39.27000045776367,39.22552490234375,108457317,0.0,0.0
2025-10-21,39.290000915527344,40.86000061035156,39.279998779296875,40.59000015258789,40.544029235839844,103950090,0.0,0.0
2025-10-22,40.59000015258789,41.0,39.79999923706055,40.369998931884766,40.32427978515625,72790649,0.0,0.0
2025-10-23,39.90999984741211,40.25,38.970001220703125,39.709999084472656,39.66502380371094,68006109,0.0,0.0
2025-10-24,40.290000915527344,41.939998626708984,40.0099983215332,41.880001068115234,41.83256912231445,115700649,0.0,0.0
2025-10-27,43.150001525878906,44.189998626708984,42.65999984741211,43.939998626708984,43.890235900878906,142673361,0.0,0.0
2025-10-28,44.09000015258789,45.45000076293945,43.849998474121094,44.13999938964844,44.09000778198242,149426767,0.0,0.0
2025-10-29,44.13999938964844,45.25,43.75,44.599998474121094,44.54948806762695,111028602,0.0,0.0
2025-10-30,44.939998626708984,46.34000015258789,44.150001525878906,44.68000030517578,44.629398345947266,139426710,0.0,0.0
2025-10-31,43.7599983215332,44.08000183105469,42.40999984741211,42.45000076293945,42.40192413330078,112998448,0.0,0.0
2025-11-03,42.0,42.40999984741211,40.22999954223633,41.7400016784668,41.69272994995117,89585968,0.0,0.0
2025-11-04,41.7400016784668,42.47999954223633,40.56999969482422,40.880001068115234,40.833702087402344,68073834,0.0,0.0
2025-11-05,39.5099983215332,40.400001525878906,39.29999923706055,40.15999984741211,40.11451721191406,67311895,0.0,0.0
2025-11-06,40.70000076293945,42.0,40.369998931884766,41.619998931884766,41.57286071777344,82502783,0.0,0.0
2025-11-07,40.5,40.86000061035156,40.02000045776367,40.18000030517578,40.13449478149414,60431968,0.0,0.0
2025-11-10,40.29999923706055,40.880001068115234,39.5,40.13999938964844,40.094539642333984,55280662,0.0,0.0
2025-11-11,40.560001373291016,40.7599983215332,38.720001220703125,38.79999923706055,38.75605773925781,66916078,0.0,0.0
2025-11-12,38.34000015258789,39.08000183105469,37.5099983215332,38.83000183105469,38.78602600097656,55522752,0.0,0.0
2025-11-13,39.5,40.15999984741211,39.060001373291016,39.29999923706055,39.255489349365234,62037333,0.0,0.0
2025-11-14,38.33000183105469,38.599998474121094,37.779998779296875,37.779998779296875,37.73720932006836,53050792,0.0,0.0
2025-11-17,37.54999923706055,38.22999954223633,37.27000045776367,37.54999923706055,37.50747299194336,36954448,0.0,0.0
2025-11-18,37.470001220703125,38.279998779296875,37.20000076293945,37.790000915527344,37.7472038269043,41455940,0.0,0.0
2025-11-19,37.40999984741211,37.939998626708984,37.119998931884766,37.310001373291016,37.26774597167969,30141908,0.0,0.0
2025-11-20,37.970001220703125,38.09000015258789,36.650001525878906,36.7599983215332,36.71836471557617,34790879,0.0,0.0
2025-11-21,36.0,36.63999938964844,35.099998474121094,35.25,35.210079193115234,50861587,0.0,0.0
2025-11-24,35.41999816894531,35.599998474121094,34.650001525878906,35.310001373291016,35.27001190185547,37941536,0.0,0.0
2025-11-25,35.810001373291016,36.86000061035156,35.68000030517578,35.970001220703125,35.929264068603516,50163930,0.0,0.0
2025-11-26,35.540000915527344,36.65999984741211,35.45000076293945,36.130001068115234,36.089080810546875,40227407,0.0,0.0
2025-11-27,36.36000061035156,37.400001525878906,36.2400016784668,36.36000061035156,36.31882095336914,51583244,0.0,0.0
2025-11-28,36.119998931884766,36.88999938964844,36.119998931884766,36.61000061035156,36.568538665771484,35892343,0.0,0.0
2025-12-01,37.27000045776367,37.4900016784668,36.63999938964844,37.4900016784668,37.44754409790039,46715466,0.0,0.0
2025-12-02,37.27000045776367,37.400001525878906,36.52000045776367,36.77000045776367,36.728355407714844,37180238,0.0,0.0
2025-12-03,36.93000030517578,37.2400016784668,36.099998474121094,36.41999816894531,36.37874984741211,30055929,0.0,0.0
2025-12-04,36.11000061035156,36.939998626708984,35.849998474121094,36.75,36.708377838134766,28146908,0.0,0.0
2025-12-05,36.75,36.779998779296875,36.06999969482422,36.59000015258789,36.548561096191406,30485359,0.0,0.0
2025-12-08,36.79999923706055,38.11000061035156,36.79999923706055,37.630001068115234,37.58738327026367,56267621,0.0,0.0
2025-12-09,37.779998779296875,38.31999969482422,37.47999954223633,37.650001525878906,37.60736083984375,49981064,0.0,0.0
2025-12-10,37.88999938964844,38.43000030517578,36.84000015258789,37.619998931884766,37.577392578125,37583034,0.0,0.0
2025-12-11,37.619998931884766,37.720001220703125,36.68000030517578,36.709999084472656,36.66842269897461,35957760,0.0,0.0
2025-12-12,36.720001220703125,37.400001525878906,36.0099983215332,37.18000030517578,37.13789367675781,43155984,0.0,0.0
2025-12-15,36.5099983215332,36.880001068115234,36.31999969482422,36.439998626708984,36.39872741699219,29689832,0.0,0.0
2025-12-16,36.189998626708984,36.29999923706055,35.0,35.290000915527344,35.25003433227539,35563013,0.0,0.0
2025-12-17,35.36000061035156,36.380001068115234,35.02000045776367,36.290000915527344,36.2489013671875,32443395,0.0,0.0
2025-12-18,35.720001220703125,36.61000061035156,35.599998474121094,35.75,35.709510803222656,25641747,0.0,0.0
2025-12-19,36.18000030517578,36.75,35.77000045776367,35.77000045776367,35.729488372802734,36465128,0.0,0.0
2025-12-22,36.119998931884766,37.36000061035156,36.08000183105469,37.189998626708984,37.14788055419922,53861013,0.0,0.0
2025-12-23,37.130001068115234,37.900001525878906,37.04999923706055,37.470001220703125,37.42756652832031,48238808,0.0,0.0
2025-12-24,37.54999923706055,37.849998474121094,37.310001373291016,37.72999954223633,37.6872673034668,37672539,0.0,0.0
2025-12-25,37.75,37.900001525878906,37.29999923706055,37.619998931884766,37.577392578125,35498923,0.0,0.0
2025-12-26,37.5099983215332,37.959999084472656,37.29999923706055,37.5099983215332,37.4675178527832,33698341,0.0,0.0
2025-12-29,37.7400016784668,38.11000061035156,37.27000045776367,37.400001525878906,37.357643127441406,38561353,0.0,0.0
2025-12-30,37.38999938964844,38.720001220703125,37.38999938964844,38.290000915527344,38.24663543701172,65945508,0.0,0.0
2025-12-31,38.38999938964844,38.59000015258789,37.599998474121094,37.70000076293945,37.65730285644531,43973982,0.0,0.0
2026-01-05,38.130001068115234,39.61000061035156,38.11000061035156,39.540000915527344,39.49522018432617,79855401,0.0,0.0
2026-01-06,39.540000915527344,40.5,39.189998626708984,39.970001220703125,39.92473220825195,78577572,0.0,0.0
2026-01-07,40.63999938964844,40.790000915527344,39.5,40.08000183105469,40.034610748291016,78641574,0.0,0.0
2026-01-08,39.689998626708984,41.0,39.560001373291016,40.0,39.95469665527344,72056153,0.0,0.0
2026-01-09,40.220001220703125,42.869998931884766,40.220001220703125,41.83000183105469,41.78262710571289,103977115,0.0,0.0
2026-01-12,41.900001525878906,43.47999954223633,41.540000915527344,42.2599983215332,42.212135314941406,118102289,0.0,0.0
2026-01-13,42.20000076293945,42.20000076293945,40.119998931884766,40.31999969482422,40.27433395385742,81853023,0.0,0.0
2026-01-14,41.099998474121094,41.93000030517578,40.349998474121094,40.91999816894531,40.873653411865234,76933384,0.0,0.0
2026-01-15,40.5099983215332,42.599998474121094,40.400001525878906,42.599998474121094,42.55175018310547,84101808,0.0,0.0
2026-01-16,43.45000076293945,46.86000061035156,42.75,46.86000061035156,46.80693054199219,177711950,0.0,0.0
2026-01-19,47.5,48.650001525878906,45.93000030517578,48.189998626708984,48.13542175292969,201159480,0.0,0.0
2026-01-20,47.70000076293945,52.79999923706055,47.619998931884766,51.0099983215332,50.95222854614258,200667684,0.0,0.0
2026-01-21,51.0,56.11000061035156,50.0,56.11000061035156,56.046451568603516,142412678,0.0,0.0
2026-01-22,57.95000076293945,59.20000076293945,54.86000061035156,56.0,55.93657684326172,288494283,0.0,0.0
2026-01-23,54.63999938964844,57.34000015258789,53.68000030517578,56.34000015258789,56.27619171142578,237120619,0.0,0.0
2026-01-26,56.040000915527344,56.95000076293945,51.70000076293945,51.79999923706055,51.7413330078125,210196175,0.0,0.0
2026-01-27,51.88999938964844,53.65999984741211,50.33000183105469,53.25,53.189693450927734,199551055,0.0,0.0
2026-01-28,53.790000915527344,55.790000915527344,53.36000061035156,54.11000061035156,54.0487174987793,183681339,0.0,0.0
2026-01-29,54.150001525878906,55.18000030517578,51.279998779296875,51.470001220703125,51.41170883178711,155899153,0.0,0.0
2026-01-30,50.61000061035156,52.70000076293945,49.380001068115234,52.060001373291016,52.001041412353516,121995340,0.0,0.0
2026-02-02,50.560001373291016,50.95000076293945,48.79999923706055,48.880001068115234,48.824642181396484,93390621,0.0,0.0
2026-02-03,50.0,50.95000076293945,48.84000015258789,50.88999938964844,50.83236312866211,95525172,0.0,0.0
2026-02-04,49.79999923706055,49.95000076293945,48.20000076293945,49.04999923706055,48.994449615478516,84173879,0.0,0.0
2026-02-05,47.33000183105469,47.84000015258789,46.209999084472656,47.720001220703125,47.66595458984375,85701117,0.0,0.0
2026-02-06,46.77000045776367,47.560001373291016,46.15999984741211,46.900001525878906,46.846885681152344,57760954,0.0,0.0
2026-02-09,47.90999984741211,49.380001068115234,47.09000015258789,48.84000015258789,48.78468704223633,97578539,0.0,0.0
2026-02-10,48.900001525878906,49.290000915527344,48.08000183105469,48.15999984741211,48.1054573059082,60422645,0.0,0.0
2026-02-11,48.0,48.65999984741211,47.61000061035156,47.77000045776367,47.71590042114258,44519737,0.0,0.0
2026-02-12,48.47999954223633,49.34000015258789,48.060001373291016,49.0,48.94450378417969,81668538,0.0,0.0
2026-02-13,48.20000076293945,49.66999816894531,47.79999923706055,48.5099983215332,48.45505905151367,70797104,0.0,0.0
2026-02-24,49.0,49.79999923706055,48.04999923706055,49.15999984741211,49.10432434082031,82531224,0.0,0.0
2026-02-25,51.13999938964844,52.5,49.380001068115234,50.52000045776367,50.46278381347656,163486193,0.0,0.0
2026-02-26,50.54999923706055,52.83000183105469,50.29999923706055,52.27000045776367,52.2108039855957,144754945,0.0,0.0
2026-02-27,50.5,52.97999954223633,49.599998474121094,52.0099983215332,51.95109558105469,117618750,0.0,0.0
2026-03-02,50.959999084472656,52.849998474121094,50.54999923706055,50.900001525878906,50.84235382080078,115872900,0.0,0.0
2026-03-03,51.099998474121094,52.38999938964844,48.0,48.040000915527344,47.985591888427734,122816220,0.0,0.0
2026-03-04,47.189998626708984,49.779998779296875,47.189998626708984,48.189998626708984,48.13542175292969,80605819,0.0,0.0
2026-03-05,49.599998474121094,50.18000030517578,48.29999923706055,48.84000015258789,48.78468704223633,79835838,0.0,0.0
2026-03-06,48.380001068115234,49.36000061035156,47.709999084472656,47.93000030517578,47.87571716308594,65673292,0.0,0.0
2026-03-09,46.0,47.0,44.5,46.75,46.697052001953125,85844159,0.0,0.0
2026-03-10,47.779998779296875,48.279998779296875,47.22999954223633,47.90999984741211,47.85573959350586,58689095,0.0,0.0
2026-03-11,47.90999984741211,48.65999984741211,46.939998626708984,47.09000015258789,47.03666687011719,62565429,0.0,0.0
2026-03-12,46.900001525878906,48.2599983215332,45.869998931884766,46.33000183105469,46.277530670166016,58428205,0.0,0.0
2026-03-13,45.90999984741211,46.959999084472656,45.70000076293945,45.86000061035156,45.80806350708008,48571797,0.0,0.0
2026-03-16,45.68000030517578,47.13999938964844,44.33000183105469,46.79999923706055,46.74699783325195,72685537,0.0,0.0
2026-03-17,47.20000076293945,47.779998779296875,45.189998626708984,45.25,45.198753356933594,56403241,0.0,0.0
2026-03-18,45.90999984741211,47.5,45.459999084472656,47.400001525878906,47.346317291259766,88155734,0.0,0.0
2026-03-19,46.380001068115234,47.08000183105469,45.720001220703125,45.95000076293945,45.8979606628418,70009647,0.0,0.0
2026-03-20,46.349998474121094,46.47999954223633,44.34000015258789,44.34000015258789,44.2897834777832,63641845,0.0,0.0
2026-03-23,43.34000015258789,43.970001220703125,41.279998779296875,41.58000183105469,41.53290939331055,67403039,0.0,0.0
2026-03-24,42.5,42.5099983215332,40.540000915527344,42.08000183105469,42.032344818115234,49330974,0.0,0.0
2026-03-25,42.5,44.040000915527344,42.29999923706055,43.52000045776367,43.47071075439453,61378662,0.0,0.0
2026-03-26,43.599998474121094,44.380001068115234,42.529998779296875,42.7599983215332,42.711570739746094,39396468,0.0,0.0
2026-03-27,41.9900016784668,43.15999984741211,41.400001525878906,42.45000076293945,42.40192413330078,34881108,0.0,0.0
2026-03-30,41.599998474121094,42.790000915527344,41.369998931884766,42.5,42.451866149902344,33935760,0.0,0.0
2026-03-31,42.380001068115234,42.58000183105469,41.209999084472656,41.33000183105469,41.28319549560547,33875585,0.0,0.0
2026-04-01,42.4900016784668,42.68000030517578,41.849998474121094,42.40999984741211,42.361968994140625,38372246,0.0,0.0
2026-04-02,42.40999984741211,42.40999984741211,40.5,40.77000045776367,40.72382736206055,38441856,0.0,0.0
2026-04-03,41.20000076293945,41.25,40.400001525878906,40.41999816894531,40.37422180175781,28133921,0.0,0.0
2026-04-07,40.7599983215332,41.41999816894531,40.650001525878906,41.189998626708984,41.143348693847656,35382366,0.0,0.0
2026-04-08,42.58000183105469,44.75,42.40999984741211,44.650001525878906,44.59943389892578,73647309,0.0,0.0
2026-04-09,43.689998626708984,45.27000045776367,43.52000045776367,44.7400016784668,44.6893310546875,60585804,0.0,0.0
2026-04-10,45.2400016784668,46.70000076293945,45.06999969482422,45.22999954223633,45.178775787353516,63710246,0.0,0.0
2026-04-13,45.0,46.38999938964844,44.880001068115234,45.650001525878906,45.59830093383789,53593019,0.0,0.0
2026-04-14,46.349998474121094,47.119998931884766,45.81999969482422,46.75,46.697052001953125,71784133,0.0,0.0
2026-04-15,46.849998474121094,48.72999954223633,46.619998931884766,46.9900016784668,46.93678283691406,88574326,0.0,0.0
2026-04-16,47.4900016784668,48.36000061035156,46.45000076293945,48.02000045776367,47.965614318847656,76726874,0.0,0.0
2026-04-17,48.310001373291016,49.16999816894531,47.88999938964844,48.18000030517578,48.12543487548828,95030758,0.0,0.0
2026-04-20,48.22999954223633,49.2400016784668,47.529998779296875,48.4900016784668,48.43508529663086,73121062,0.0,0.0
2026-04-21,48.220001220703125,48.25,46.29999923706055,47.22999954223633,47.176509857177734,75585201,0.0,0.0
2026-04-22,47.79999923706055,48.91999816894531,46.61000061035156,48.88999938964844,48.83462905883789,93017751,0.0,0.0
2026-04-23,49.209999084472656,49.349998474121094,46.88999938964844,47.2400016784668,47.186500549316406,79445856,0.0,0.0
2026-04-24,48.77000045776367,51.18000030517578,48.38999938964844,48.41999816894531,48.36516189575195,124671688,0.0,0.0
2026-04-27,50.86000061035156,52.04999923706055,49.84000015258789,51.20000076293945,51.14201354980469,157788112,0.0,0.0
2026-04-28,50.849998474121094,52.099998474121094,49.709999084472656,50.25,50.19308853149414,115934440,0.0,0.0
2026-04-29,49.29999923706055,49.84000015258789,48.11000061035156,49.5,49.443939208984375,92504640,0.0,0.0
2026-04-30,50.97999954223633,52.88999938964844,50.22999954223633,51.77000045776367,51.711368560791016,132036280,0.0,0.0
2026-05-06,56.95000076293945,56.95000076293945,56.939998626708984,56.95000076293945,56.885501861572266,44978515,0.0,0.0
2026-05-07,60.79999923706055,60.79999923706055,57.599998474121094,59.08000183105469,59.013092041015625,251739664,0.0,0.0
2026-05-08,58.310001373291016,58.599998474121094,56.38999938964844,57.15999984741211,57.09526443481445,162379020,0.0,0.0
2026-05-11,60.0099983215332,62.22999954223633,59.40999984741211,61.220001220703125,61.150665283203125,201583243,0.0,0.0
2026-05-12,61.220001220703125,61.279998779296875,59.0,59.47999954223633,59.412635803222656,137959346,0.0,0.0
2026-05-13,57.88999938964844,61.0,56.93000030517578,60.86000061035156,60.791072845458984,149735805,0.0,0.0
2026-05-14,60.93000030517578,61.20000076293945,57.38999938964844,57.400001525878906,57.334991455078125,130148166,0.0,0.0
2026-05-15,58.0,60.119998931884766,55.2400016784668,57.02000045776367,56.955421447753906,158313119,0.0,0.0
2026-05-18,57.599998474121094,60.11000061035156,57.060001373291016,58.06999969482422,58.004234313964844,134776639,0.0,0.0
2026-05-19,56.880001068115234,59.15999984741211,55.0099983215332,58.86000061035156,58.793338775634766,138211974,0.0,0.0
2026-05-20,58.58000183105469,63.84000015258789,58.54999923706055,62.279998779296875,62.20946502685547,198689180,0.0,0.0
2026-05-21,64.0,66.87999725341797,61.40999984741211,61.7599983215332,61.6900520324707,239668006,0.0,0.0
2026-05-22,61.810001373291016,64.33999633789062,60.130001068115234,63.439998626708984,63.36814880371094,200825154,0.0,0.0
2026-05-25,64.2699966430664,69.77999877929688,62.79999923706055,69.77999877929688,69.70096588134766,227939691,0.0,0.0
2026-05-26,73.0199966430664,76.76000213623047,69.93000030517578,75.38999938964844,75.30461883544922,339104117,0.0,0.0
2026-05-27,72.97000122070312,78.55999755859375,71.43000030517578,71.5199966430664,71.43899536132812,283496432,0.0,0.0
2026-05-28,69.5,70.87999725341797,67.5999984741211,69.30000305175781,69.30000305175781,196069725,0.081,0.0
2026-05-29,70.11000061035156,70.9000015258789,64.62999725341797,66.0,66.0,193985192,0.0,0.0
2026-06-01,65.0,66.0,60.959999084472656,61.38999938964844,61.38999938964844,158786298,0.0,0.0
2026-06-02,61.38999938964844,64.69000244140625,59.400001525878906,63.84000015258789,63.84000015258789,162998142,0.0,0.0
2026-06-03,67.69000244140625,70.22000122070312,66.18000030517578,70.22000122070312,70.22000122070312,176502468,0.0,0.0
2026-06-04,70.01000213623047,72.5,69.19999694824219,71.0999984741211,71.0999984741211,202609151,0.0,0.0
2026-06-05,70.80000305175781,71.01000213623047,66.37000274658203,66.83999633789062,66.83999633789062,147987895,0.0,0.0
2026-06-08,63.0,64.58000183105469,61.08000183105469,62.2599983215332,62.2599983215332,121568182,0.0,0.0
2026-06-09,63.880001068115234,64.80000305175781,61.7599983215332,64.43000030517578,64.43000030517578,128026548,0.0,0.0
2026-06-10,62.0,63.66999816894531,60.15999984741211,61.439998626708984,61.439998626708984,111972871,0.0,0.0
2026-06-11,60.9900016784668,61.4900016784668,59.22999954223633,60.09000015258789,60.09000015258789,91814093,0.0,0.0
2026-06-12,62.689998626708984,62.959999084472656,57.08000183105469,57.220001220703125,57.220001220703125,145541639,0.0,0.0
2026-06-15,58.65999984741211,61.58000183105469,56.68000030517578,61.540000915527344,61.540000915527344,125544435,0.0,0.0
2026-06-16,62.40999984741211,63.5,61.7400016784668,62.93000030517578,62.93000030517578,124742380,0.0,0.0
2026-06-17,62.720001220703125,69.0,62.0099983215332,67.22000122070312,67.22000122070312,179471718,0.0,0.0
2026-06-18,66.98999786376953,69.3499984741211,66.38999938964844,68.2699966430664,68.2699966430664,163341799,0.0,0.0
2026-06-22,69.69999694824219,72.12000274658203,67.7300033569336,71.25,71.25,205216947,0.0,0.0
2026-06-23,70.0,71.30000305175781,67.08000183105469,68.41999816894531,68.41999816894531,142535597,0.0,0.0
2026-06-24,69.01000213623047,74.83000183105469,68.19999694824219,74.63999938964844,74.63999938964844,201596971,0.0,0.0
2026-06-25,76.66999816894531,79.37999725341797,74.0,77.80999755859375,77.80999755859375,210277817,0.0,0.0
2026-06-26,76.0,77.83000183105469,71.55999755859375,71.5999984741211,71.5999984741211,196744650,0.0,0.0
2026-06-29,72.19999694824219,74.94000244140625,67.0,72.58000183105469,72.58000183105469,169901506,0.0,0.0
2026-06-30,71.19000244140625,75.97000122070312,69.80000305175781,75.87000274658203,75.87000274658203,155699067,0.0,0.0
2026-07-01,76.19999694824219,78.58000183105469,72.4000015258789,73.91000366210938,73.91000366210938,158048728,0.0,0.0
2026-07-02,70.0,71.30000305175781,66.5999984741211,67.37000274658203,67.37000274658203,136481252,0.0,0.0
2026-07-03,67.66999816894531,67.98999786376953,63.880001068115234,64.80000305175781,64.80000305175781,104183554,0.0,0.0
2026-07-06,66.6500015258789,68.47000122070312,64.30000305175781,66.18000030517578,66.18000030517578,110819098,0.0,0.0
2026-07-07,65.0,69.80000305175781,64.0,68.20999908447266,68.20999908447266,126055323,0.0,0.0
2026-07-08,67.69999694824219,68.80000305175781,62.41999816894531,65.61000061035156,65.61000061035156,114466768,0.0,0.0
2026-07-09,66.91999816894531,72.16999816894531,65.33000183105469,72.16999816894531,72.16999816894531,163246591,0.0,0.0
2026-07-10,74.0,77.66999816894531,70.77999877929688,70.94999694824219,70.94999694824219,202527658,0.0,0.0
2026-07-13,70.69999694824219,77.66000366210938,70.38999938964844,73.56999969482422,73.56999969482422,213880418,0.0,0.0
2026-07-14,71.48999786376953,77.87000274658203,68.4000015258789,77.87000274658203,77.87000274658203,242989997,0.0,0.0
2026-07-15,84.0999984741211,84.69999694824219,75.80000305175781,78.70999908447266,78.70999908447266,293539875,0.0,0.0
2026-07-16,70.8499984741211,80.80000305175781,70.83999633789062,75.94999694824219,75.94999694824219,240507456,0.0,0.0
2026-07-17,74.97000122070312,75.94000244140625,68.36000061035156,68.36000061035156,68.36000061035156,198089072,0.0,0.0
2026-07-20,70.0199966430664,72.0,61.529998779296875,63.0,63.0,200637694,0.0,0.0
2026-07-21,64.26000213623047,69.30000305175781,57.0,69.30000305175781,69.30000305175781,209291152,0.0,0.0
2026-07-22,71.70999908447266,76.2300033569336,70.87999725341797,74.9000015258789,74.9000015258789,247883768,0.0,0.0
2026-07-23,75.98999786376953,76.77999877929688,69.30000305175781,69.81999969482422,69.81999969482422,205710483,0.0,0.0
2026-07-24,68.02999877929688,76.80000305175781,68.02999877929688,76.63999938964844,76.63999938964844,263409653,0.0,0.0
2026-07-27,72.87999725341797,76.69999694824219,71.0,76.66999816894531,76.66999816894531,232111609,0.0,0.0
2026-07-28,72.06999969482422,73.8499984741211,69.0,69.0,69.0,191701044,0.0,0.0
2026-07-29,65.87999725341797,66.5,62.099998474121094,62.099998474121094,62.099998474121094,198173689,0.0,0.0
2026-07-30,61.06999969482422,61.43000030517578,55.88999938964844,55.88999938964844,55.88999938964844,161022815,0.0,0.0
2026-07-31,59.0,60.47999954223633,56.650001525878906,56.72999954223633,56.72999954223633,182744085,0.0,0.0
2026-08-03,55.060001373291016,55.599998474121094,51.22999954223633,51.34000015258789,51.34000015258789,161512273,0.0,0.0
2026-08-04,52.84000015258789,55.93000030517578,51.65999984741211,55.599998474121094,55.599998474121094,142608554,0.0,0.0
2026-08-05,54.0099983215332,59.45000076293945,54.0099983215332,58.0,58.0,165749296,0.0,0.0
2026-08-06,56.0099983215332,62.810001373291016,56.0099983215332,60.959999084472656,60.959999084472656,159068224,0.0,0.0
2026-08-07,60.939998626708984,65.77999877929688,59.86000061035156,64.72000122070312,64.72000122070312,162724891,0.0,0.0
2026-08-10,64.7300033569336,64.83000183105469,62.0,63.20000076293945,63.20000076293945,102389089,0.0,0.0
2026-08-11,62.4900016784668,64.30000305175781,61.79999923706055,62.060001373291016,62.060001373291016,86614734,0.0,0.0
2026-08-12,62.90999984741211,64.11000061035156,61.81999969482422,62.86000061035156,62.86000061035156,72402417,0.0,0.0
2026-08-13,63.81999969482422,64.61000061035156,62.099998474121094,62.220001220703125,62.220001220703125,92379085,0.0,0.0
2026-08-14,63.02000045776367,63.43000030517578,61.209999084472656,62.959999084472656,62.959999084472656,70711933,0.0,0.0
2026-08-17,63.40999984741211,69.26000213623047,63.400001525878906,69.26000213623047,69.26000213623047,147624304,0.0,0.0
2026-08-18,71.19999694824219,72.55999755859375,69.27999877929688,70.66000366210938,70.66000366210938,183754844,0.0,0.0
2026-08-19,69.0,69.88999938964844,63.59000015258789,63.59000015258789,63.59000015258789,149921189,0.0,0.0
2026-08-20,63.70000076293945,65.13999938964844,61.45000076293945,63.150001525878906,63.150001525878906,122876932,0.0,0.0
2026-08-21,63.81999969482422,65.91999816894531,63.0099983215332,63.880001068115234,63.880001068115234,96905063,0.0,0.0
2026-08-24,63.08000183105469,63.58000183105469,59.56999969482422,61.2400016784668,61.2400016784668,91347419,0.0,0.0
2026-08-25,60.0,62.060001373291016,59.33000183105469,60.900001525878906,60.900001525878906,63592725,0.0,0.0
2026-08-26,61.970001220703125,62.70000076293945,60.38999938964844,61.25,61.25,62420397,0.0,0.0
2026-08-27,61.880001068115234,63.869998931884766,61.13999938964844,63.72999954223633,63.72999954223633,86562956,0.0,0.0
2026-08-28,63.400001525878906,65.9000015258789,63.2400016784668,63.75,63.75,91780541,0.0,0.0
2026-08-31,61.41999816894531,64.62000274658203,61.400001525878906,64.55999755859375,64.55999755859375,78987069,0.0,0.0
2026-09-01,64.58999633789062,64.5999984741211,61.29999923706055,61.380001068115234,61.380001068115234,79538571,0.0,0.0
2026-09-02,60.119998931884766,60.790000915527344,59.540000915527344,59.70000076293945,59.70000076293945,54134014,0.0,0.0
2026-09-03,60.599998474121094,60.79999923706055,58.849998474121094,59.529998779296875,59.529998779296875,45502962,0.0,0.0
2026-09-04,59.970001220703125,60.65999984741211,56.380001068115234,56.869998931884766,56.869998931884766,82164431,0.0,0.0
2026-09-07,57.880001068115234,59.880001068115234,57.650001525878906,59.150001525878906,59.150001525878906,66352479,0.0,0.0
2026-09-08,59.150001525878906,60.040000915527344,57.970001220703125,58.31999969482422,58.31999969482422,61196489,0.0,0.0
2026-09-09,59.220001220703125,59.79999923706055,57.869998931884766,58.349998474121094,58.349998474121094,47574616,0.0,0.0
2026-09-10,57.650001525878906,59.22999954223633,57.5099983215332,58.34000015258789,58.34000015258789,41421512,0.0,0.0
2026-09-11,57.0099983215332,58.400001525878906,56.220001220703125,58.0,58.0,55013059,0.0,0.0
