Date,Open,High,Low,Close,Adj Close,Volume,Dividends,Stock Splits
2020-09-01,41.29999923706055,41.79999923706055,40.79999923706055,41.38999938964844,40.40679168701172,31836056,0.0,0.0
2020-09-02,39.45000076293945,39.45000076293945,37.54999923706055,37.900001525878906,36.99969482421875,114348873,0.0,0.0
2020-09-03,37.79999923706055,38.29999923706055,37.04999923706055,37.810001373291016,36.911834716796875,44710580,0.0,0.0
2020-09-04,37.220001220703125,39.06999969482422,37.099998474121094,38.209999084472656,37.30232620239258,53277075,0.0,0.0
2020-09-07,37.099998474121094,38.209999084472656,36.27000045776367,36.29999923706055,35.43770217895508,59092226,0.0,0.0
2020-09-08,36.540000915527344,36.650001525878906,35.06999969482422,35.369998931884766,34.5297966003418,44531102,0.0,0.0
2020-09-09,34.70000076293945,35.04999923706055,33.599998474121094,33.9900016784668,33.18258285522461,50403261,0.0,0.0
2020-09-10,34.72999954223633,35.33000183105469,34.20000076293945,34.29999923706055,33.48521041870117,44665581,0.0,0.0
2020-09-11,34.349998474121094,36.22999954223633,34.34000015258789,36.150001525878906,35.29126739501953,59763510,0.0,0.0
2020-09-14,36.25,36.47999954223633,35.599998474121094,35.9900016784668,35.135066986083984,44119052,0.0,0.0
2020-09-15,35.75,36.75,35.16999816894531,36.2400016784668,35.37913131713867,45538556,0.0,0.0
2020-09-16,36.02000045776367,36.59000015258789,35.81999969482422,35.88999938964844,35.03744125366211,30535089,0.0,0.0
2020-09-17,35.5099983215332,36.900001525878906,34.849998474121094,36.150001525878906,35.29126739501953,41972402,0.0,0.0
2020-09-18,36.099998474121094,37.0,35.869998931884766,36.9900016784668,36.11130905151367,41479245,0.0,0.0
2020-09-21,37.310001373291016,38.33000183105469,36.810001373291016,37.529998779296875,36.63848114013672,48015330,0.0,0.0
2020-09-22,36.95000076293945,37.279998779296875,36.5099983215332,36.54999923706055,35.6817626953125,27860644,0.0,0.0
2020-09-23,36.77000045776367,37.099998474121094,36.22999954223633,36.70000076293945,35.82820129394531,23701333,0.0,0.0
2020-09-24,36.25,36.75,35.900001525878906,36.310001373291016,35.44746780395508,24144145,0.0,0.0
2020-09-25,36.5099983215332,36.79999923706055,36.0,36.619998931884766,35.75010299682617,21380165,0.0,0.0
2020-09-28,36.0,36.209999084472656,34.83000183105469,34.95000076293945,34.11977005004883,30432283,0.0,0.0
2020-09-29,35.349998474121094,36.189998626708984,35.029998779296875,35.900001525878906,35.047203063964844,29900091,0.0,0.0
2020-09-30,36.209999084472656,36.2599983215332,35.70000076293945,35.790000915527344,34.939823150634766,16692212,0.0,0.0
2020-10-09,36.68000030517578,37.150001525878906,36.29999923706055,36.779998779296875,35.90629959106445,26543772,0.0,0.0
2020-10-12,37.529998779296875,39.2400016784668,37.189998626708984,39.150001525878906,38.220001220703125,56544051,0.0,0.0
2020-10-13,39.310001373291016,39.77000045776367,38.5,39.349998474121094,38.41524887084961,42900734,0.0,0.0
2020-10-14,39.06999969482422,39.099998474121094,38.099998474121094,38.29999923706055,37.390193939208984,30525489,0.0,0.0
2020-10-15,38.29999923706055,39.29999923706055,37.70000076293945,37.81999969482422,36.921592712402344,32193574,0.0,0.0
2020-10-16,38.58000183105469,38.79999923706055,37.720001220703125,38.18000030517578,37.273040771484375,25969665,0.0,0.0
2020-10-19,38.5,38.630001068115234,37.75,37.849998474121094,36.95088195800781,25255433,0.0,0.0
2020-10-20,37.7400016784668,37.77000045776367,36.869998931884766,37.77000045776367,36.87278366088867,26820514,0.0,0.0
2020-10-21,37.880001068115234,37.88999938964844,36.220001220703125,36.56999969482422,35.701290130615234,27223291,0.0,0.0
2020-10-22,36.0,36.380001068115234,35.25,36.029998779296875,35.17411804199219,19623679,0.0,0.0
2020-10-23,36.0,36.529998779296875,35.11000061035156,35.310001373291016,34.471221923828125,18655936,0.0,0.0
2020-10-26,34.779998779296875,35.529998779296875,34.52000045776367,34.970001220703125,34.13929748535156,16014643,0.0,0.0
2020-10-27,34.58000183105469,35.790000915527344,34.58000183105469,35.7599983215332,34.910526275634766,18039633,0.0,0.0
2020-10-28,35.650001525878906,36.16999816894531,34.880001068115234,35.650001525878906,34.80314636230469,19841093,0.0,0.0
2020-10-29,35.060001373291016,36.33000183105469,34.880001068115234,36.16999816894531,35.310791015625,23332155,0.0,0.0
2020-10-30,36.31999969482422,38.119998931884766,36.279998779296875,37.02000045776367,36.14059829711914,53596010,0.0,0.0
2020-11-02,38.38999938964844,38.68000030517578,37.189998626708984,38.5099983215332,37.5952033996582,63551696,0.0,0.0
2020-11-03,38.59000015258789,39.34000015258789,37.939998626708984,38.22999954223633,37.32185363769531,59092828,0.0,0.0
2020-11-04,38.279998779296875,39.11000061035156,37.900001525878906,38.369998931884766,37.45853042602539,38287150,0.0,0.0
2020-11-05,39.369998931884766,39.599998474121094,38.20000076293945,38.7599983215332,37.839263916015625,41336834,0.0,0.0
2020-11-06,39.0099983215332,41.150001525878906,38.09000015258789,41.150001525878906,40.17249298095703,82894128,0.0,0.0
2020-11-09,42.5,45.27000045776367,42.20000076293945,45.27000045776367,44.19462203979492,106249162,0.0,0.0
2020-11-10,45.20000076293945,46.20000076293945,43.29999923706055,44.72999954223633,43.667449951171875,115786986,0.0,0.0
2020-11-11,44.0,44.900001525878906,41.470001220703125,41.720001220703125,40.72895431518555,93169680,0.0,0.0
2020-11-12,42.4900016784668,42.599998474121094,40.95000076293945,41.65999984741211,40.67037582397461,51402403,0.0,0.0
2020-11-13,41.2599983215332,43.65999984741211,41.0099983215332,43.09000015258789,42.06640625,65636582,0.0,0.0
2020-11-16,42.9900016784668,43.150001525878906,41.65999984741211,42.470001220703125,41.46113204956055,42905718,0.0,0.0
2020-11-17,42.099998474121094,44.09000015258789,40.400001525878906,44.09000015258789,43.04265213012695,83591388,0.0,0.0
2020-11-18,43.5,45.20000076293945,43.25,43.5,42.4666633605957,72917682,0.0,0.0
2020-11-19,42.790000915527344,44.18000030517578,42.11000061035156,42.779998779296875,41.76376724243164,51595313,0.0,0.0
2020-11-20,42.599998474121094,43.09000015258789,41.599998474121094,41.970001220703125,40.973018646240234,44909211,0.0,0.0
2020-11-23,42.099998474121094,43.650001525878906,41.400001525878906,42.849998474121094,41.83210754394531,50867632,0.0,0.0
2020-11-24,43.29999923706055,44.849998474121094,43.2599983215332,43.689998626708984,42.65214920043945,80300532,0.0,0.0
2020-11-25,43.75,45.79999923706055,43.20000076293945,44.880001068115234,43.81388473510742,96354290,0.0,0.0
2020-11-26,44.81999969482422,45.790000915527344,43.75,43.75,42.710731506347656,78470595,0.0,0.0
2020-11-27,43.20000076293945,43.5099983215332,42.15999984741211,42.91999816894531,41.90044403076172,68064746,0.0,0.0
2020-11-30,43.61000061035156,44.5,42.869998931884766,44.060001373291016,43.01336669921875,72498351,0.0,0.0
2020-12-01,43.54999923706055,44.9900016784668,43.54999923706055,44.9900016784668,43.9212760925293,61017526,0.0,0.0
2020-12-02,45.439998626708984,46.45000076293945,44.779998779296875,46.11000061035156,45.01466369628906,92759121,0.0,0.0
2020-12-03,46.25,47.88999938964844,44.810001373291016,44.849998474121094,43.784603118896484,105628538,0.0,0.0
2020-12-04,43.869998931884766,45.31999969482422,43.79999923706055,44.439998626708984,43.384342193603516,64426834,0.0,0.0
2020-12-07,45.400001525878906,45.959999084472656,44.29999923706055,44.40999984741211,43.35504913330078,56344327,0.0,0.0
2020-12-08,43.9900016784668,44.959999084472656,43.79999923706055,44.09000015258789,43.04265213012695,40663813,0.0,0.0
2020-12-09,43.849998474121094,43.97999954223633,41.75,41.779998779296875,40.78752517700195,69159007,0.0,0.0
2020-12-10,41.5,42.279998779296875,41.33000183105469,41.810001373291016,40.816810607910156,40089496,0.0,0.0
2020-12-11,41.54999923706055,41.81999969482422,40.06999969482422,40.06999969482422,39.11814880371094,64653542,0.0,0.0
2020-12-14,40.65999984741211,40.70000076293945,39.90999984741211,40.599998474121094,39.63555908203125,36803170,0.0,0.0
2020-12-15,40.599998474121094,41.45000076293945,40.310001373291016,41.029998779296875,40.055335998535156,36324985,0.0,0.0
2020-12-16,40.45000076293945,40.470001220703125,38.11000061035156,38.650001525878906,37.731876373291016,70272007,0.0,0.0
2020-12-17,38.310001373291016,39.310001373291016,37.619998931884766,39.029998779296875,38.10285186767578,52655875,0.0,0.0
2020-12-18,39.560001373291016,39.97999954223633,38.0,38.189998626708984,37.28280258178711,53627205,0.0,0.0
2020-12-21,37.599998474121094,39.790000915527344,37.150001525878906,39.27000045776367,38.3371467590332,52893890,0.0,0.0
2020-12-22,38.900001525878906,39.66999816894531,38.2599983215332,38.400001525878906,37.48781967163086,38559402,0.0,0.0
2020-12-23,38.36000061035156,41.58000183105469,38.20000076293945,41.209999084472656,40.2310676574707,77357034,0.0,0.0
2020-12-24,40.79999923706055,42.099998474121094,40.619998931884766,40.779998779296875,39.811275482177734,49860587,0.0,0.0
2020-12-25,40.849998474121094,41.689998626708984,40.130001068115234,41.06999969482422,40.094390869140625,40384731,0.0,0.0
2020-12-28,40.900001525878906,41.060001373291016,39.400001525878906,39.58000183105469,38.63978958129883,41780116,0.0,0.0
2020-12-29,39.2599983215332,40.66999816894531,39.02000045776367,39.709999084472656,38.766700744628906,39914900,0.0,0.0
2020-12-30,39.41999816894531,41.20000076293945,38.88999938964844,41.119998931884766,40.1431999206543,57056073,0.0,0.0
2020-12-31,41.31999969482422,42.58000183105469,40.900001525878906,42.56999969482422,41.55876159667969,72724975,0.0,0.0
2021-01-04,42.38999938964844,43.029998779296875,41.65999984741211,42.529998779296875,41.51970672607422,67647177,0.0,0.0
2021-01-05,42.25,44.439998626708984,42.09000015258789,44.290000915527344,43.23789978027344,90405338,0.0,0.0
2021-01-06,44.630001068115234,44.630001068115234,42.33000183105469,42.38999938964844,41.383033752441406,72288714,0.0,0.0
2021-01-07,42.66999816894531,42.81999969482422,41.400001525878906,42.150001525878906,41.148738861083984,56662246,0.0,0.0
2021-01-08,42.33000183105469,42.900001525878906,41.5099983215332,42.029998779296875,41.031585693359375,47617412,0.0,0.0
2021-01-11,42.040000915527344,43.79999923706055,42.040000915527344,43.52000045776367,42.48619842529297,78671769,0.0,0.0
2021-01-12,43.650001525878906,44.279998779296875,42.470001220703125,44.220001220703125,43.16956329345703,70922685,0.0,0.0
2021-01-13,44.619998931884766,47.31999969482422,44.619998931884766,46.369998931884766,45.268489837646484,126230244,0.0,0.0
2021-01-14,46.97999954223633,47.9900016784668,44.630001068115234,45.959999084472656,44.86823272705078,125982298,0.0,0.0
2021-01-15,46.18000030517578,47.08000183105469,44.279998779296875,45.0,43.931034088134766,84015866,0.0,0.0
2021-01-18,44.5099983215332,48.97999954223633,44.29999923706055,48.20000076293945,47.05501937866211,108226077,0.0,0.0
2021-01-19,48.29999923706055,48.88999938964844,47.0,47.16999816894531,46.04948806762695,91078183,0.0,0.0
2021-01-20,47.099998474121094,47.95000076293945,45.849998474121094,47.58000183105469,46.44974899291992,70588655,0.0,0.0
2021-01-21,47.36000061035156,47.9900016784668,46.400001525878906,47.380001068115234,46.25450134277344,61993011,0.0,0.0
2021-01-22,47.400001525878906,47.880001068115234,44.0099983215332,44.150001525878906,43.101226806640625,109929247,0.0,0.0
2021-01-25,45.5,48.189998626708984,44.790000915527344,45.95000076293945,44.85847091674805,124089122,0.0,0.0
2021-01-26,45.70000076293945,48.15999984741211,45.279998779296875,46.970001220703125,45.854244232177734,99215665,0.0,0.0
2021-01-27,46.599998474121094,46.959999084472656,43.130001068115234,44.08000183105469,43.03289031982422,103942257,0.0,0.0
2021-01-28,42.79999923706055,43.95000076293945,41.650001525878906,41.77000045776367,40.777767181396484,68831481,0.0,0.0
2021-01-29,42.29999923706055,42.47999954223633,40.099998474121094,40.7599983215332,39.7917594909668,63432077,0.0,0.0
2021-02-01,40.70000076293945,41.58000183105469,40.0099983215332,41.54999923706055,40.56298828125,48056632,0.0,0.0
2021-02-02,41.59000015258789,41.59000015258789,40.36000061035156,41.209999084472656,40.2310676574707,43926404,0.0,0.0
2021-02-03,41.0,41.09000015258789,38.939998626708984,38.97999954223633,38.054039001464844,61885582,0.0,0.0
2021-02-04,38.7599983215332,41.56999969482422,37.95000076293945,41.38999938964844,40.40679168701172,81045679,0.0,0.0
2021-02-05,40.869998931884766,41.09000015258789,39.900001525878906,40.060001373291016,39.10838317871094,47228727,0.0,0.0
2021-02-08,40.29999923706055,41.54999923706055,39.65999984741211,40.790000915527344,39.821041107177734,44814073,0.0,0.0
2021-02-09,40.790000915527344,41.880001068115234,40.29999923706055,41.77000045776367,40.777767181396484,45512767,0.0,0.0
2021-02-10,42.130001068115234,42.20000076293945,41.36000061035156,41.88999938964844,40.89491271972656,39174452,0.0,0.0
2021-02-18,42.52000045776367,43.9900016784668,42.25,42.93000030517578,41.91020965576172,55877648,0.0,0.0
2021-02-19,42.29999923706055,43.29999923706055,41.599998474121094,43.099998474121094,42.076171875,42853537,0.0,0.0
2021-02-22,43.20000076293945,44.29999923706055,41.810001373291016,41.810001373291016,40.816810607910156,56210023,0.0,0.0
2021-02-23,40.849998474121094,41.619998931884766,40.310001373291016,40.68000030517578,39.71365737915039,37797185,0.0,0.0
2021-02-24,40.9900016784668,42.189998626708984,40.68000030517578,40.95000076293945,39.97724151611328,42785982,0.0,0.0
2021-02-25,41.0099983215332,41.290000915527344,39.599998474121094,39.599998474121094,38.659305572509766,43293051,0.0,0.0
2021-02-26,38.630001068115234,39.560001373291016,38.5099983215332,39.560001373291016,38.620262145996094,39827391,0.0,0.0
2021-03-01,39.709999084472656,40.59000015258789,39.150001525878906,40.470001220703125,39.508644104003906,38259086,0.0,0.0
2021-03-02,41.16999816894531,41.2599983215332,39.900001525878906,40.29999923706055,39.342681884765625,33498478,0.0,0.0
2021-03-03,40.20000076293945,40.91999816894531,39.380001068115234,40.79999923706055,39.830810546875,32577458,0.0,0.0
2021-03-04,40.599998474121094,41.7400016784668,40.15999984741211,40.529998779296875,39.56721878051758,40872082,0.0,0.0
2021-03-05,39.56999969482422,40.59000015258789,39.20000076293945,40.099998474121094,39.14743423461914,26556529,0.0,0.0
2021-03-08,40.279998779296875,40.45000076293945,38.310001373291016,38.349998474121094,37.439002990722656,33420789,0.0,0.0
2021-03-09,38.0099983215332,38.41999816894531,35.349998474121094,35.84000015258789,34.98862838745117,47866038,0.0,0.0
2021-03-10,36.36000061035156,36.52000045776367,35.27000045776367,35.310001373291016,34.471221923828125,29764179,0.0,0.0
2021-03-11,35.470001220703125,37.220001220703125,34.79999923706055,36.95000076293945,36.072261810302734,41249718,0.0,0.0
2021-03-12,36.79999923706055,36.79999923706055,35.95000076293945,36.11000061035156,35.252220153808594,25710292,0.0,0.0
2021-03-15,35.41999816894531,35.4900016784668,33.959999084472656,34.060001373291016,33.25091552734375,37376958,0.0,0.0
2021-03-16,34.790000915527344,34.79999923706055,33.150001525878906,33.61000061035156,32.81160354614258,32341422,0.0,0.0
2021-03-17,33.84000015258789,34.38999938964844,33.41999816894531,33.9900016784668,33.18258285522461,26176203,0.0,0.0
2021-03-18,34.130001068115234,34.22999954223633,33.540000915527344,33.83000183105469,33.02637481689453,23080674,0.0,0.0
2021-03-19,33.18000030517578,34.150001525878906,32.810001373291016,33.91999816894531,33.11424255371094,28386925,0.0,0.0
2021-03-22,33.91999816894531,34.45000076293945,33.529998779296875,34.08000183105469,33.27043533325195,24768172,0.0,0.0
2021-03-23,34.20000076293945,35.13999938964844,33.95000076293945,34.029998779296875,33.221622467041016,28259259,0.0,0.0
2021-03-24,33.83000183105469,33.84000015258789,33.099998474121094,33.16999816894531,32.38205337524414,20347840,0.0,0.0
2021-03-25,32.75,33.529998779296875,32.68000030517578,32.95000076293945,32.16728210449219,15272506,0.0,0.0
2021-03-26,33.189998626708984,34.08000183105469,32.880001068115234,33.90999984741211,33.10447692871094,23650222,0.0,0.0
2021-03-29,34.31999969482422,34.56999969482422,33.880001068115234,33.95000076293945,33.143531799316406,22358584,0.0,0.0
2021-03-30,33.9900016784668,34.5,33.65999984741211,34.380001068115234,33.56331253051758,21405621,0.0,0.0
2021-03-31,34.34000015258789,34.56999969482422,33.7599983215332,34.189998626708984,33.37782287597656,17266737,0.0,0.0
2021-04-01,34.7599983215332,36.099998474121094,34.61000061035156,35.2400016784668,34.40288162231445,44569318,0.0,0.0
2021-04-02,35.810001373291016,38.65999984741211,35.810001373291016,38.18000030517578,37.273040771484375,81981069,0.0,0.0
2021-04-06,38.58000183105469,39.18000030517578,37.61000061035156,38.599998474121094,37.683067321777344,49883566,0.0,0.0
2021-04-07,38.439998626708984,38.77000045776367,37.66999816894531,38.65999984741211,37.741641998291016,37363105,0.0,0.0
2021-04-08,38.0,38.849998474121094,37.84000015258789,37.849998474121094,36.95088195800781,29124557,0.0,0.0
2021-04-09,37.79999923706055,38.400001525878906,36.88999938964844,37.2599983215332,36.37489700317383,36552934,0.0,0.0
2021-04-12,37.36000061035156,37.59000015258789,35.72999954223633,35.95000076293945,35.096012115478516,36197147,0.0,0.0
2021-04-13,36.099998474121094,36.439998626708984,35.41999816894531,35.880001068115234,35.027679443359375,23903108,0.0,0.0
2021-04-14,36.25,36.560001373291016,35.65999984741211,36.150001525878906,35.29126739501953,27582779,0.0,0.0
2021-04-15,36.0,36.0,34.5,35.650001525878906,34.80314636230469,34405556,0.0,0.0
2021-04-16,35.599998474121094,35.689998626708984,34.869998931884766,35.43000030517578,34.5883674621582,20130391,0.0,0.0
2021-04-19,35.04999923706055,36.20000076293945,34.720001220703125,36.09000015258789,35.23269271850586,33945366,0.0,0.0
2021-04-20,35.79999923706055,35.79999923706055,35.06999969482422,35.29999923706055,34.461456298828125,29979922,0.0,0.0
2021-04-21,34.900001525878906,35.36000061035156,34.5,35.060001373291016,34.2271614074707,24120645,0.0,0.0
2021-04-22,35.400001525878906,36.439998626708984,35.400001525878906,36.099998474121094,35.242454528808594,43574731,0.0,0.0
2021-04-23,35.810001373291016,36.939998626708984,35.599998474121094,36.880001068115234,36.00392532348633,43431824,0.0,0.0
2021-04-26,37.2599983215332,37.599998474121094,36.18000030517578,36.2599983215332,35.39864730834961,45522406,0.0,0.0
2021-04-27,36.060001373291016,36.45000076293945,34.880001068115234,35.439998626708984,34.5981330871582,33717687,0.0,0.0
2021-04-28,35.439998626708984,37.29999923706055,35.2599983215332,37.290000915527344,36.40418243408203,46501843,0.0,0.0
2021-04-29,36.08000183105469,36.849998474121094,35.880001068115234,36.16999816894531,35.310791015625,51739666,0.0,0.0
2021-04-30,36.22999954223633,37.099998474121094,36.060001373291016,36.79999923706055,35.92582321166992,41874550,0.0,0.0
2021-05-06,36.5,36.97999954223633,36.130001068115234,36.209999084472656,35.34983825683594,30314012,0.0,0.0
2021-05-07,36.36000061035156,36.77000045776367,34.560001373291016,34.630001068115234,33.807373046875,42015029,0.0,0.0
2021-05-10,34.20000076293945,34.40999984741211,33.15999984741211,33.4900016784668,32.694454193115234,34469022,0.0,0.0
2021-05-11,33.0099983215332,33.93000030517578,33.0099983215332,33.86000061035156,33.055667877197266,21088748,0.0,0.0
2021-05-12,33.81999969482422,35.20000076293945,33.279998779296875,34.7599983215332,33.93428421020508,27058873,0.0,0.0
2021-05-13,34.099998474121094,35.439998626708984,33.93000030517578,34.380001068115234,33.56331253051758,24231928,0.0,0.0
2021-05-14,35.29999923706055,35.40999984741211,34.52000045776367,34.90999984741211,34.08071517944336,23939213,0.0,0.0
2021-05-17,35.5,36.20000076293945,35.0,35.25,34.41263961791992,39813873,0.0,0.0
2021-05-18,32.9900016784668,33.880001068115234,32.95000076293945,33.47999954223633,32.68468475341797,56798461,0.0,0.0
2021-05-19,33.22999954223633,33.709999084472656,33.15999984741211,33.40999984741211,32.61635208129883,26204500,0.0,0.0
2021-05-20,33.20000076293945,33.31999969482422,32.0,32.060001373291016,31.298423767089844,56105918,0.0,0.0
2021-05-21,32.18000030517578,32.5,31.719999313354492,31.850000381469727,31.09341049194336,28827993,0.0,0.0
2021-05-24,31.690000534057617,32.43000030517578,31.18000030517578,32.36000061035156,31.591297149658203,31468194,0.0,0.0
2021-05-25,32.400001525878906,33.40999984741211,32.209999084472656,33.27000045776367,32.47968292236328,42818341,0.0,0.0
2021-05-26,33.31999969482422,33.91999816894531,32.90999984741211,32.970001220703125,32.186805725097656,31283241,0.0,0.0
2021-05-27,32.81999969482422,35.25,32.720001220703125,34.900001525878906,34.070960998535156,71564934,0.0,0.0
2021-05-28,34.79999923706055,34.880001068115234,34.150001525878906,34.25,33.4364013671875,40132509,0.0,0.0
2021-05-31,34.650001525878906,35.150001525878906,34.369998931884766,34.650001525878906,33.826900482177734,31474790,0.0,0.0
2021-06-01,34.58000183105469,35.779998779296875,34.099998474121094,35.34000015258789,34.50050735473633,48909290,0.0,0.0
2021-06-02,35.540000915527344,35.959999084472656,34.66999816894531,34.93000030517578,34.10024642944336,35334570,0.0,0.0
2021-06-03,34.849998474121094,35.25,34.380001068115234,34.439998626708984,33.621883392333984,28650099,0.0,0.0
2021-06-04,34.060001373291016,35.20000076293945,34.0099983215332,34.790000915527344,33.96357345581055,38181377,0.0,0.0
2021-06-07,36.4900016784668,37.70000076293945,35.900001525878906,36.959999084472656,36.08202362060547,87805461,0.0,0.0
2021-06-08,37.220001220703125,37.45000076293945,35.79999923706055,35.849998474121094,34.998390197753906,62716090,0.0,0.0
2021-06-09,36.0,36.63999938964844,35.220001220703125,35.40999984741211,34.56884765625,46798024,0.0,0.0
2021-06-10,35.52000045776367,35.83000183105469,35.20000076293945,35.619998931884766,34.77385711669922,44517250,0.0,0.0
2021-06-11,35.650001525878906,35.779998779296875,33.84000015258789,33.880001068115234,33.075191497802734,63649395,0.0,0.0
2021-06-15,33.54999923706055,34.45000076293945,33.5,33.900001525878906,33.0947151184082,35936810,0.0,0.0
2021-06-16,33.79999923706055,34.90999984741211,33.5099983215332,33.540000915527344,32.743263244628906,34067292,0.0,0.0
2021-06-17,33.400001525878906,36.20000076293945,33.400001525878906,35.790000915527344,34.939823150634766,83711094,0.0,0.0
2021-06-18,35.900001525878906,36.060001373291016,35.099998474121094,35.849998474121094,34.998390197753906,67826801,0.0,0.0
2021-06-21,35.45000076293945,35.650001525878906,34.849998474121094,35.2599983215332,34.42240524291992,55099987,0.0,0.0
2021-06-22,35.5,35.63999938964844,34.40999984741211,34.7599983215332,33.93428421020508,46845591,0.0,0.0
2021-06-23,34.7599983215332,37.099998474121094,34.650001525878906,37.0099983215332,36.13084030151367,116345425,0.0,0.0
2021-06-24,36.97999954223633,37.0,35.95000076293945,36.060001373291016,35.20340347290039,70074761,0.0,0.0
2021-06-25,35.79999923706055,37.79999923706055,35.58000183105469,37.34000015258789,36.4529914855957,122275886,0.0,0.0
2021-06-28,37.849998474121094,38.189998626708984,36.90999984741211,37.31999969482422,36.4334716796875,84946769,0.0,0.0
2021-06-29,37.0,37.11000061035156,35.900001525878906,36.25,35.388893127441406,65986436,0.0,0.0
2021-06-30,37.0,37.9900016784668,36.689998626708984,37.68000030517578,36.7849235534668,100225381,0.0,0.0
2021-07-01,37.29999923706055,38.849998474121094,36.91999816894531,37.59000015258789,36.69705581665039,108436094,0.0,0.0
2021-07-02,38.70000076293945,40.400001525878906,38.29999923706055,39.09000015258789,38.16143035888672,145009502,0.0,0.0
2021-07-05,39.54999923706055,40.13999938964844,38.06999969482422,40.13999938964844,39.186485290527344,117843656,0.0,0.0
2021-07-06,40.13999938964844,41.58000183105469,39.45000076293945,40.400001525878906,39.440303802490234,113121583,0.0,0.0
2021-07-07,39.619998931884766,40.91999816894531,39.209999084472656,40.52000045776367,39.55746078491211,77821023,0.0,0.0
2021-07-08,40.560001373291016,43.0,40.0,42.349998474121094,41.3439826965332,117502124,0.0,0.0
2021-07-09,41.79999923706055,42.400001525878906,41.0,41.93000030517578,40.933963775634766,79275097,0.0,0.0
2021-07-12,41.91999816894531,42.099998474121094,40.52000045776367,41.41999816894531,40.43607711791992,86090521,0.0,0.0
2021-07-13,40.95000076293945,40.95000076293945,38.5099983215332,38.560001373291016,37.644012451171875,121920869,0.0,0.0
2021-07-14,38.349998474121094,39.38999938964844,38.209999084472656,38.599998474121094,37.683067321777344,61586706,0.0,0.0
2021-07-15,38.58000183105469,38.84000015258789,37.61000061035156,38.15999984741211,37.253517150878906,55117386,0.0,0.0
2021-07-16,38.119998931884766,38.470001220703125,37.400001525878906,37.40999984741211,36.569252014160156,51632446,0.05,0.0
2021-07-19,37.0,37.5,36.5099983215332,37.15999984741211,36.32487106323242,39863744,0.0,0.0
2021-07-20,36.77000045776367,38.25,36.630001068115234,38.22999954223633,37.370819091796875,52371515,0.0,0.0
2021-07-21,38.290000915527344,39.18000030517578,37.29999923706055,37.45000076293945,36.60835266113281,96439297,0.0,0.0
2021-07-22,37.29999923706055,37.880001068115234,36.310001373291016,36.970001220703125,36.13914108276367,98088276,0.0,0.0
2021-07-23,37.150001525878906,37.439998626708984,35.869998931884766,35.880001068115234,35.073638916015625,75854712,0.0,0.0
2021-07-26,35.75,36.95000076293945,34.5099983215332,36.86000061035156,36.031612396240234,82933222,0.0,0.0
2021-07-27,36.689998626708984,40.150001525878906,36.5,38.08000183105469,37.22419357299805,158585491,0.0,0.0
2021-07-28,37.380001068115234,37.7599983215332,34.5099983215332,36.189998626708984,35.37666702270508,79936431,0.0,0.0
2021-07-29,36.599998474121094,38.47999954223633,36.459999084472656,37.900001525878906,37.04823684692383,94279898,0.0,0.0
2021-07-30,38.20000076293945,39.47999954223633,37.599998474121094,39.18000030517578,38.299468994140625,106541491,0.0,0.0
2021-08-02,39.5,40.130001068115234,38.02000045776367,39.16999816894531,38.289695739746094,102468623,0.0,0.0
2021-08-03,38.41999816894531,38.77000045776367,36.060001373291016,36.630001068115234,35.80677795410156,100457920,0.0,0.0
2021-08-04,36.150001525878906,37.650001525878906,36.130001068115234,37.31999969482422,36.48126983642578,65716585,0.0,0.0
2021-08-05,37.099998474121094,37.869998931884766,36.58000183105469,36.91999816894531,36.09025955200195,50053673,0.0,0.0
2021-08-06,37.81999969482422,40.29999923706055,37.33000183105469,38.779998779296875,37.9084587097168,138015409,0.0,0.0
2021-08-09,38.029998779296875,38.290000915527344,36.599998474121094,37.54999923706055,36.70610046386719,85833437,0.0,0.0
2021-08-10,37.22999954223633,37.59000015258789,36.630001068115234,37.040000915527344,36.20756912231445,61130325,0.0,0.0
2021-08-11,36.869998931884766,37.25,36.630001068115234,36.9900016784668,36.158695220947266,46522902,0.0,0.0
2021-08-12,37.029998779296875,37.79999923706055,36.90999984741211,37.040000915527344,36.20756912231445,52559965,0.0,0.0
2021-08-13,36.65999984741211,36.66999816894531,35.040000915527344,35.13999938964844,34.35026550292969,91314451,0.0,0.0
2021-08-16,34.900001525878906,35.5,34.5099983215332,34.9900016784668,34.20363998413086,38858487,0.0,0.0
2021-08-17,35.0099983215332,35.290000915527344,33.630001068115234,33.70000076293945,32.942630767822266,53687435,0.0,0.0
2021-08-18,33.849998474121094,33.959999084472656,33.5099983215332,33.900001525878906,33.13813781738281,29626466,0.0,0.0
2021-08-19,33.900001525878906,34.599998474121094,33.7599983215332,34.349998474121094,33.57802200317383,31901244,0.0,0.0
2021-08-20,34.79999923706055,35.34000015258789,34.33000183105469,34.90999984741211,34.12543487548828,42872153,0.0,0.0
2021-08-23,35.880001068115234,35.91999816894531,34.95000076293945,35.0099983215332,34.22318649291992,46552177,0.0,0.0
2021-08-24,35.029998779296875,35.68000030517578,34.70000076293945,35.11000061035156,34.32094192504883,46670450,0.0,0.0
2021-08-25,35.43000030517578,35.5,34.5099983215332,34.61000061035156,33.832176208496094,39961762,0.0,0.0
2021-08-26,34.47999954223633,34.79999923706055,33.7400016784668,33.7599983215332,33.00127410888672,42627868,0.0,0.0
2021-08-27,33.68000030517578,33.83000183105469,33.040000915527344,33.40999984741211,32.659149169921875,35885510,0.0,0.0
2021-08-30,33.41999816894531,34.02000045776367,33.04999923706055,33.209999084472656,32.463645935058594,36010555,0.0,0.0
2021-08-31,33.06999969482422,34.18000030517578,32.029998779296875,34.150001525878906,33.38251876831055,58066587,0.0,0.0
2021-09-01,33.79999923706055,33.939998626708984,33.04999923706055,33.54999923706055,32.79600143432617,38801682,0.0,0.0
2021-09-02,33.290000915527344,33.290000915527344,32.79999923706055,32.90999984741211,32.17039108276367,31831182,0.0,0.0
2021-09-03,32.779998779296875,33.720001220703125,32.52000045776367,33.31999969482422,32.571170806884766,36795603,0.0,0.0
2021-09-06,33.099998474121094,33.849998474121094,32.90999984741211,33.70000076293945,32.942630767822266,29076980,0.0,0.0
2021-09-07,33.70000076293945,33.95000076293945,33.5099983215332,33.84000015258789,33.0794792175293,27826186,0.0,0.0
2021-09-08,33.84000015258789,34.18000030517578,33.7400016784668,33.88999938964844,33.12836456298828,31178389,0.0,0.0
2021-09-09,33.70000076293945,33.869998931884766,33.099998474121094,33.310001373291016,32.561397552490234,29516881,0.0,0.0
2021-09-10,33.209999084472656,34.630001068115234,33.13999938964844,34.33000183105469,33.5584716796875,52589469,0.0,0.0
2021-09-13,34.29999923706055,34.29999923706055,33.650001525878906,33.86000061035156,33.09903335571289,29652774,0.0,0.0
2021-09-14,33.939998626708984,34.18000030517578,33.0099983215332,33.20000076293945,32.45386505126953,35602513,0.0,0.0
2021-09-15,33.0,33.16999816894531,32.619998931884766,32.68000030517578,31.9455509185791,25839862,0.0,0.0
2021-09-16,32.599998474121094,32.79999923706055,32.0,32.02000045776367,31.30038833618164,28839379,0.0,0.0
2021-09-17,32.02000045776367,32.34000015258789,31.399999618530273,32.119998931884766,31.39813804626465,23892996,0.0,0.0
2021-09-22,31.68000030517578,32.4900016784668,31.56999969482422,32.18000030517578,31.456787109375,16373172,0.0,0.0
2021-09-23,32.20000076293945,32.95000076293945,32.11000061035156,32.650001525878906,31.916229248046875,24801581,0.0,0.0
2021-09-24,32.65999984741211,32.72999954223633,32.0,32.0,31.280834197998047,18674227,0.0,0.0
2021-09-27,32.099998474121094,32.599998474121094,32.099998474121094,32.27000045776367,31.544767379760742,21083659,0.0,0.0
2021-09-28,32.099998474121094,32.5,31.65999984741211,31.979999542236328,31.261281967163086,16861924,0.0,0.0
2021-09-29,31.700000762939453,32.4900016784668,31.610000610351562,32.09000015258789,31.368810653686523,25803944,0.0,0.0
2021-09-30,32.20000076293945,32.41999816894531,31.969999313354492,32.06999969482422,31.349260330200195,18596580,0.0,0.0
2021-10-08,32.369998931884766,32.70000076293945,32.209999084472656,32.40999984741211,31.681621551513672,19613256,0.0,0.0
2021-10-11,32.40999984741211,32.66999816894531,32.29999923706055,32.5099983215332,31.779369354248047,17014494,0.0,0.0
2021-10-12,32.54999923706055,32.84000015258789,31.739999771118164,31.920000076293945,31.202632904052734,21273559,0.0,0.0
2021-10-13,31.8700008392334,32.779998779296875,31.829999923706055,32.65999984741211,31.92600440979004,23999736,0.0,0.0
2021-10-14,32.599998474121094,32.599998474121094,32.150001525878906,32.349998474121094,31.622966766357422,17369567,0.0,0.0
2021-10-15,32.34000015258789,33.4900016784668,32.15999984741211,33.25,32.50273895263672,43541362,0.0,0.0
2021-10-18,32.709999084472656,32.880001068115234,32.11000061035156,32.54999923706055,31.81847381591797,28391139,0.0,0.0
2021-10-19,32.400001525878906,32.599998474121094,32.0,32.09000015258789,31.368810653686523,26563087,0.0,0.0
2021-10-20,32.13999938964844,32.2400016784668,31.68000030517578,31.709999084472656,30.997350692749023,23343055,0.0,0.0
2021-10-21,31.600000381469727,31.600000381469727,30.899999618530273,30.979999542236328,30.283756256103516,31477355,0.0,0.0
2021-10-22,31.040000915527344,31.649999618530273,31.030000686645508,31.190000534057617,30.489038467407227,24771974,0.0,0.0
2021-10-25,31.200000762939453,31.56999969482422,30.520000457763672,31.530000686645508,30.821399688720703,22187448,0.0,0.0
2021-10-26,31.489999771118164,32.599998474121094,31.270000457763672,32.290000915527344,31.564315795898438,44555589,0.0,0.0
2021-10-27,32.20000076293945,32.20000076293945,30.709999084472656,31.040000915527344,30.342409133911133,71341517,0.0,0.0
2021-10-28,31.0,31.600000381469727,30.09000015258789,30.170000076293945,29.49196434020996,46981849,0.0,0.0
2021-10-29,30.299999237060547,31.290000915527344,30.170000076293945,30.90999984741211,30.21533203125,49335478,0.0,0.0
2021-11-01,30.84000015258789,31.600000381469727,30.700000762939453,31.030000686645508,30.33263397216797,44963841,0.0,0.0
2021-11-02,31.06999969482422,33.15999984741211,31.06999969482422,32.29999923706055,31.574092864990234,102957735,0.0,0.0
2021-11-03,32.380001068115234,32.58000183105469,31.8700008392334,32.22999954223633,31.505664825439453,43804461,0.0,0.0
2021-11-04,32.400001525878906,32.66999816894531,31.979999542236328,32.41999816894531,31.691394805908203,51507531,0.0,0.0
2021-11-05,32.97999954223633,33.25,32.20000076293945,32.220001220703125,31.495891571044922,60569738,0.0,0.0
2021-11-08,31.6299991607666,31.6299991607666,30.6299991607666,31.09000015258789,30.391284942626953,46238528,0.0,0.0
2021-11-09,31.200000762939453,32.4900016784668,30.920000076293945,32.08000183105469,31.35903549194336,59871996,0.0,0.0
2021-11-10,31.760000228881836,32.849998474121094,31.700000762939453,32.439998626708984,31.71094512939453,62264903,0.0,0.0
2021-11-11,32.209999084472656,33.22999954223633,32.15999984741211,32.7400016784668,32.004207611083984,67980944,0.0,0.0
2021-11-12,32.349998474121094,33.029998779296875,32.290000915527344,32.369998931884766,31.642515182495117,53700989,0.0,0.0
2021-11-15,32.2400016784668,32.70000076293945,32.060001373291016,32.099998474121094,31.378585815429688,37309514,0.0,0.0
2021-11-16,32.45000076293945,32.900001525878906,31.719999313354492,31.790000915527344,31.07555389404297,53470303,0.0,0.0
2021-11-17,31.780000686645508,32.16999816894531,31.030000686645508,32.16999816894531,31.447011947631836,46620535,0.0,0.0
2021-11-18,31.899999618530273,32.33000183105469,31.3799991607666,31.43000030517578,30.723644256591797,36963926,0.0,0.0
2021-11-19,31.450000762939453,31.770000457763672,31.1299991607666,31.68000030517578,30.968027114868164,31207272,0.0,0.0
2021-11-22,31.68000030517578,32.970001220703125,31.65999984741211,32.880001068115234,32.14105987548828,86379895,0.0,0.0
2021-11-23,33.0,33.970001220703125,32.900001525878906,33.369998931884766,32.62004470825195,97641944,0.0,0.0
2021-11-24,33.41999816894531,33.900001525878906,33.20000076293945,33.279998779296875,32.532066345214844,56593834,0.0,0.0
2021-11-25,33.22999954223633,34.33000183105469,33.08000183105469,33.65999984741211,32.90353012084961,74247891,0.0,0.0
2021-11-26,33.599998474121094,33.599998474121094,32.83000183105469,33.130001068115234,32.385440826416016,48995513,0.0,0.0
2021-11-29,32.599998474121094,32.97999954223633,32.349998474121094,32.43000030517578,31.701169967651367,51154826,0.0,0.0
2021-11-30,32.72999954223633,33.47999954223633,32.619998931884766,33.20000076293945,32.45386505126953,58937749,0.0,0.0
2021-12-01,32.9900016784668,33.66999816894531,32.90999984741211,33.349998474121094,32.600494384765625,40732673,0.0,0.0
2021-12-02,33.34000015258789,33.56999969482422,32.790000915527344,32.880001068115234,32.14105987548828,35196647,0.0,0.0
2021-12-03,33.0,33.83000183105469,32.959999084472656,33.650001525878906,32.89375686645508,58689765,0.0,0.0
2021-12-06,33.68000030517578,33.75,32.88999938964844,33.0,32.25835418701172,41379097,0.0,0.0
2021-12-07,33.209999084472656,33.27000045776367,32.22999954223633,32.54999923706055,31.81847381591797,38392672,0.0,0.0
2021-12-08,32.70000076293945,33.130001068115234,32.54999923706055,32.720001220703125,31.98465919494629,33612758,0.0,0.0
2021-12-09,32.70000076293945,32.959999084472656,32.31999969482422,32.77000045776367,32.033531188964844,41475165,0.0,0.0
2021-12-10,32.540000915527344,32.599998474121094,31.84000015258789,32.130001068115234,31.407913208007812,55841904,0.0,0.0
2021-12-13,32.0,32.41999816894531,31.940000534057617,32.18000030517578,31.456787109375,29289678,0.0,0.0
2021-12-14,32.029998779296875,32.16999816894531,31.860000610351562,31.969999313354492,31.251508712768555,23873603,0.0,0.0
2021-12-15,31.969999313354492,32.27000045776367,31.68000030517578,31.739999771118164,31.026676177978516,27509047,0.0,0.0
2021-12-16,31.75,31.959999084472656,31.540000915527344,31.719999313354492,31.00712776184082,27002093,0.0,0.0
2021-12-17,31.690000534057617,31.799999237060547,31.139999389648438,31.15999984741211,30.459712982177734,33785090,0.0,0.0
2021-12-20,31.040000915527344,31.15999984741211,30.899999618530273,30.920000076293945,30.225107192993164,23099708,0.0,0.0
2021-12-21,30.8799991607666,31.280000686645508,30.829999923706055,31.270000457763672,30.56723976135254,19127409,0.0,0.0
2021-12-22,31.270000457763672,31.5,31.059999465942383,31.110000610351562,30.41083526611328,24086088,0.0,0.0
2021-12-23,31.030000686645508,31.18000030517578,30.520000457763672,30.6200008392334,29.931848526000977,31582179,0.0,0.0
2021-12-24,30.65999984741211,30.84000015258789,30.280000686645508,30.290000915527344,29.60926628112793,24339402,0.0,0.0
2021-12-27,30.190000534057617,30.510000228881836,30.149999618530273,30.489999771118164,29.80476951599121,15401143,0.0,0.0
2021-12-28,30.5,30.780000686645508,30.479999542236328,30.729999542236328,30.03937530517578,17771056,0.0,0.0
2021-12-29,30.700000762939453,30.700000762939453,30.420000076293945,30.459999084472656,29.77544403076172,14104459,0.0,0.0
2021-12-30,30.459999084472656,30.950000762939453,30.40999984741211,30.780000686645508,30.0882511138916,21327411,0.0,0.0
2021-12-31,30.709999084472656,31.09000015258789,30.65999984741211,31.020000457763672,30.322858810424805,20880560,0.0,0.0
2022-01-04,31.100000381469727,31.18000030517578,30.709999084472656,30.950000762939453,30.25443458557129,19584078,0.0,0.0
2022-01-05,30.889999389648438,31.059999465942383,30.290000915527344,30.450000762939453,29.765670776367188,22341390,0.0,0.0
2022-01-06,30.299999237060547,30.56999969482422,30.149999618530273,30.350000381469727,29.66791534423828,18464435,0.0,0.0
2022-01-07,30.3799991607666,30.56999969482422,30.280000686645508,30.31999969482422,29.63858985900879,16788668,0.0,0.0
2022-01-10,30.299999237060547,30.440000534057617,28.200000762939453,29.149999618530273,28.49488639831543,46752777,0.0,0.0
2022-01-11,29.020000457763672,29.18000030517578,28.510000228881836,28.600000381469727,27.957246780395508,28517637,0.0,0.0
2022-01-12,28.729999542236328,29.190000534057617,28.649999618530273,29.079999923706055,28.426456451416016,17739225,0.0,0.0
2022-01-13,29.06999969482422,29.25,28.8799991607666,28.920000076293945,28.27005386352539,15658915,0.0,0.0
2022-01-14,28.790000915527344,29.170000076293945,28.739999771118164,28.829999923706055,28.18207550048828,16217221,0.0,0.0
2022-01-17,28.829999923706055,29.139999389648438,28.829999923706055,29.100000381469727,28.44601058959961,17165520,0.0,0.0
2022-01-18,29.059999465942383,29.579999923706055,29.0,29.299999237060547,28.641511917114258,21927806,0.0,0.0
2022-01-19,29.1200008392334,29.190000534057617,28.579999923706055,28.780000686645508,28.133201599121094,19610851,0.0,0.0
2022-01-20,28.6299991607666,28.8700008392334,28.260000228881836,28.290000915527344,27.654212951660156,18785671,0.0,0.0
2022-01-21,28.200000762939453,28.5,28.15999984741211,28.18000030517578,27.54668617248535,15467131,0.0,0.0
2022-01-24,28.010000228881836,28.350000381469727,27.799999237060547,28.049999237060547,27.419605255126953,15528944,0.0,0.0
2022-01-25,28.329999923706055,28.799999237060547,27.8799991607666,27.899999618530273,27.27297592163086,23778098,0.0,0.0
2022-01-26,27.979999542236328,28.469999313354492,27.899999618530273,28.40999984741211,27.77151870727539,16786094,0.0,0.0
2022-01-27,28.3799991607666,28.43000030517578,27.200000762939453,27.239999771118164,26.627809524536133,22340972,0.0,0.0
2022-01-28,27.40999984741211,27.600000381469727,26.709999084472656,26.850000381469727,26.2465763092041,20375239,0.0,0.0
2022-02-07,27.229999542236328,27.56999969482422,27.059999465942383,27.209999084472656,26.59848403930664,17618273,0.0,0.0
2022-02-08,27.270000457763672,27.649999618530273,27.0,27.649999618530273,27.028594970703125,17437324,0.0,0.0
2022-02-09,27.530000686645508,27.940000534057617,27.469999313354492,27.93000030517578,27.30230140686035,17887567,0.0,0.0
2022-02-10,27.979999542236328,28.170000076293945,27.799999237060547,27.950000762939453,27.321855545043945,15363306,0.0,0.0
2022-02-11,27.790000915527344,28.18000030517578,27.729999542236328,27.790000915527344,27.165451049804688,15975899,0.0,0.0
2022-02-14,27.549999237060547,27.729999542236328,27.100000381469727,27.440000534057617,26.823314666748047,13558459,0.0,0.0
2022-02-15,27.530000686645508,28.059999465942383,27.530000686645508,27.889999389648438,27.263202667236328,14844222,0.0,0.0
2022-02-16,28.100000381469727,28.15999984741211,27.770000457763672,27.84000015258789,27.214324951171875,12342759,0.0,0.0
2022-02-17,27.760000228881836,28.049999237060547,27.600000381469727,27.610000610351562,26.98949432373047,17291722,0.0,0.0
2022-02-18,27.209999084472656,27.600000381469727,27.149999618530273,27.600000381469727,26.979719161987305,13581358,0.0,0.0
2022-02-21,27.5,27.950000762939453,27.420000076293945,27.850000381469727,27.224102020263672,14903686,0.0,0.0
2022-02-22,27.65999984741211,27.670000076293945,27.219999313354492,27.280000686645508,26.666913986206055,19149372,0.0,0.0
2022-02-23,27.25,28.5,27.25,28.450000762939453,27.810617446899414,44676466,0.0,0.0
2022-02-24,28.190000534057617,28.40999984741211,27.5,27.84000015258789,27.214324951171875,36051770,0.0,0.0
2022-02-25,28.200000762939453,28.469999313354492,28.010000228881836,28.100000381469727,27.468481063842773,24876361,0.0,0.0
2022-02-28,28.030000686645508,28.25,27.860000610351562,27.989999771118164,27.36095428466797,15259913,0.0,0.0
2022-03-01,28.0,28.1200008392334,27.799999237060547,28.079999923706055,27.448932647705078,14904123,0.0,0.0
2022-03-02,27.8799991607666,27.8799991607666,27.59000015258789,27.75,27.1263484954834,13769158,0.0,0.0
2022-03-03,27.8700008392334,28.030000686645508,27.5,27.510000228881836,26.891742706298828,14270876,0.0,0.0
2022-03-04,27.309999465942383,27.920000076293945,27.229999542236328,27.399999618530273,26.78421401977539,17934960,0.0,0.0
2022-03-07,27.280000686645508,27.280000686645508,26.100000381469727,26.15999984741211,25.57208251953125,29632620,0.0,0.0
2022-03-08,26.030000686645508,26.280000686645508,25.010000228881836,25.5,24.926916122436523,25907709,0.0,0.0
2022-03-09,25.709999084472656,26.149999618530273,24.3799991607666,25.670000076293945,25.093095779418945,27651216,0.0,0.0
2022-03-10,26.149999618530273,26.329999923706055,25.739999771118164,25.75,25.171297073364258,17686354,0.0,0.0
2022-03-11,25.239999771118164,25.899999618530273,25.049999237060547,25.8799991607666,25.298376083374023,17438397,0.0,0.0
2022-03-14,25.600000381469727,26.049999237060547,25.260000228881836,25.260000228881836,24.69230842590332,15926893,0.0,0.0
2022-03-15,25.030000686645508,25.190000534057617,23.649999618530273,23.700000762939453,23.167369842529297,26818839,0.0,0.0
2022-03-16,24.010000228881836,24.600000381469727,23.139999389648438,24.530000686645508,23.978713989257812,29298109,0.0,0.0
2022-03-17,25.020000457763672,25.81999969482422,24.90999984741211,25.420000076293945,24.848712921142578,34866785,0.0,0.0
2022-03-18,25.34000015258789,25.719999313354492,25.18000030517578,25.540000915527344,24.966014862060547,16790624,0.0,0.0
2022-03-21,25.600000381469727,25.989999771118164,25.56999969482422,25.81999969482422,25.23972511291504,20246174,0.0,0.0
2022-03-22,25.670000076293945,25.940000534057617,25.559999465942383,25.670000076293945,25.093095779418945,14257476,0.0,0.0
2022-03-23,25.670000076293945,25.899999618530273,25.530000686645508,25.760000228881836,25.181072235107422,13618083,0.0,0.0
2022-03-24,25.6200008392334,25.6200008392334,25.31999969482422,25.350000381469727,24.78028678894043,12320017,0.0,0.0
2022-03-25,25.600000381469727,25.84000015258789,25.270000457763672,25.270000457763672,24.702083587646484,13426924,0.0,0.0
2022-03-28,24.979999542236328,25.399999618530273,24.84000015258789,25.350000381469727,24.78028678894043,12271651,0.0,0.0
2022-03-29,25.420000076293945,25.56999969482422,24.799999237060547,24.90999984741211,24.350173950195312,13628875,0.0,0.0
2022-03-30,25.079999923706055,25.34000015258789,24.950000762939453,25.329999923706055,24.7607364654541,13376029,0.0,0.0
2022-03-31,25.399999618530273,25.420000076293945,24.549999237060547,24.579999923706055,24.027591705322266,21793352,0.0,0.0
2022-04-01,24.479999542236328,24.75,24.100000381469727,24.5,23.94938850402832,17320230,0.0,0.0
2022-04-06,24.450000762939453,24.5,23.93000030517578,24.25,23.705007553100586,19225165,0.0,0.0
2022-04-07,24.049999237060547,24.329999923706055,23.6299991607666,23.6299991607666,23.09894371032715,14960662,0.0,0.0
2022-04-08,23.709999084472656,24.0,23.229999542236328,23.829999923706055,23.29444694519043,16815774,0.0,0.0
2022-04-11,23.739999771118164,23.739999771118164,22.600000381469727,22.700000762939453,22.189844131469727,22112141,0.0,0.0
2022-04-12,22.700000762939453,23.420000076293945,22.520000457763672,23.40999984741211,22.883886337280273,16819452,0.0,0.0
2022-04-13,23.299999237060547,23.6200008392334,23.040000915527344,23.09000015258789,22.571075439453125,13134803,0.0,0.0
2022-04-14,23.350000381469727,23.93000030517578,23.149999618530273,23.68000030517578,23.14781951904297,17643028,0.0,0.0
2022-04-15,23.399999618530273,23.90999984741211,23.299999237060547,23.75,23.21624183654785,14104121,0.0,0.0
2022-04-18,23.739999771118164,24.389999389648438,23.56999969482422,24.25,23.705007553100586,20483466,0.0,0.0
2022-04-19,24.149999618530273,24.329999923706055,23.850000381469727,23.920000076293945,23.382423400878906,13613427,0.0,0.0
2022-04-20,24.0,24.309999465942383,23.649999618530273,23.729999542236328,23.196691513061523,11496741,0.0,0.0
2022-04-21,23.549999237060547,24.139999389648438,23.170000076293945,23.239999771118164,22.71770477294922,16073623,0.0,0.0
2022-04-22,23.020000457763672,23.440000534057617,22.59000015258789,22.760000228881836,22.24849510192871,16125000,0.0,0.0
2022-04-25,22.450000762939453,22.450000762939453,20.670000076293945,20.8700008392334,20.400968551635742,24343984,0.0,0.0
2022-04-26,20.860000610351562,21.1200008392334,19.899999618530273,19.950000762939453,19.501646041870117,23674566,0.0,0.0
2022-04-27,19.510000228881836,21.059999465942383,19.489999771118164,21.020000457763672,20.547595977783203,29952630,0.0,0.0
2022-04-28,20.799999237060547,21.200000762939453,20.600000381469727,20.850000381469727,20.381418228149414,19120142,0.0,0.0
2022-04-29,21.1299991607666,21.739999771118164,21.010000228881836,21.6200008392334,21.134113311767578,21186372,0.0,0.0
2022-05-05,23.100000381469727,23.780000686645508,22.6200008392334,23.6200008392334,23.08916664123535,72228077,0.0,0.0
2022-05-06,22.799999237060547,23.219999313354492,22.75,22.8700008392334,22.356021881103516,42488568,0.0,0.0
2022-05-09,22.65999984741211,23.209999084472656,22.65999984741211,22.959999084472656,22.443998336791992,20631380,0.0,0.0
2022-05-10,22.600000381469727,23.649999618530273,22.510000228881836,23.5,22.97186279296875,32006510,0.0,0.0
2022-05-11,23.5,24.420000076293945,23.399999618530273,23.719999313354492,23.186920166015625,44643661,0.0,0.0
2022-05-12,23.530000686645508,24.280000686645508,23.510000228881836,23.959999084472656,23.421524047851562,28607899,0.0,0.0
2022-05-13,24.18000030517578,24.229999542236328,23.729999542236328,23.860000610351562,23.323772430419922,22179562,0.0,0.0
2022-05-16,24.0,24.200000762939453,23.5,23.579999923706055,23.05006217956543,20620562,0.0,0.0
2022-05-17,23.65999984741211,24.110000610351562,23.540000915527344,24.059999465942383,23.519277572631836,23174416,0.0,0.0
2022-05-18,24.049999237060547,24.25,23.90999984741211,23.959999084472656,23.421524047851562,17059240,0.0,0.0
2022-05-19,23.549999237060547,24.360000610351562,23.399999618530273,24.299999237060547,23.753883361816406,28037907,0.0,0.0
2022-05-20,24.3799991607666,24.969999313354492,24.3799991607666,24.75,24.193769454956055,26700680,0.0,0.0
2022-05-23,24.75,24.959999084472656,24.5,24.770000457763672,24.213321685791016,19015722,0.0,0.0
2022-05-24,24.68000030517578,24.899999618530273,23.690000534057617,23.719999313354492,23.186920166015625,28947885,0.0,0.0
2022-05-25,23.75,24.15999984741211,23.709999084472656,23.84000015258789,23.30422019958496,16102925,0.0,0.0
2022-05-26,23.899999618530273,24.100000381469727,23.3799991607666,23.829999923706055,23.29444694519043,17242239,0.0,0.0
2022-05-27,23.899999618530273,24.170000076293945,23.420000076293945,23.59000015258789,23.059843063354492,16760833,0.0,0.0
2022-05-30,23.700000762939453,24.040000915527344,23.530000686645508,23.799999237060547,23.265117645263672,16443625,0.0,0.0
2022-05-31,23.600000381469727,24.200000762939453,23.25,24.200000762939453,23.656131744384766,29639653,0.0,0.0
2022-06-01,24.059999465942383,24.239999771118164,23.860000610351562,23.989999771118164,23.450851440429688,19685817,0.0,0.0
2022-06-02,23.93000030517578,24.489999771118164,23.799999237060547,24.420000076293945,23.87118911743164,27972331,0.0,0.0
2022-06-06,24.5,25.280000686645508,24.450000762939453,25.270000457763672,24.702083587646484,45036774,0.0,0.0
2022-06-07,25.299999237060547,25.350000381469727,24.709999084472656,24.850000381469727,24.291521072387695,32107394,0.0,0.0
2022-06-08,24.760000228881836,24.93000030517578,24.260000228881836,24.700000762939453,24.144895553588867,29763095,0.0,0.0
2022-06-09,24.670000076293945,24.670000076293945,23.959999084472656,24.079999923706055,23.53883171081543,24964329,0.0,0.0
2022-06-10,23.860000610351562,24.350000381469727,23.799999237060547,24.350000381469727,23.80276107788086,24162740,0.0,0.0
2022-06-13,24.010000228881836,24.540000915527344,23.90999984741211,24.31999969482422,23.773435592651367,20459123,0.0,0.0
2022-06-14,24.059999465942383,24.15999984741211,23.209999084472656,24.1200008392334,23.577930450439453,30296142,0.0,0.0
2022-06-15,24.09000015258789,25.799999237060547,24.040000915527344,25.260000228881836,24.69230842590332,71004605,0.0,0.0
2022-06-16,25.399999618530273,25.709999084472656,25.139999389648438,25.3700008392334,24.799837112426758,43223480,0.0,0.0
2022-06-17,25.0,25.299999237060547,24.729999542236328,25.290000915527344,24.721635818481445,32017610,0.0,0.0
2022-06-20,25.350000381469727,25.649999618530273,25.049999237060547,25.3700008392334,24.799837112426758,32070924,0.0,0.0
2022-06-21,25.420000076293945,25.450000762939453,24.81999969482422,25.239999771118164,24.67275619506836,26409175,0.0,0.0
2022-06-22,25.190000534057617,25.229999542236328,24.5,24.5,23.94938850402832,25518870,0.0,0.0
2022-06-23,24.350000381469727,24.950000762939453,24.31999969482422,24.950000762939453,24.3892765045166,21836515,0.0,0.0
2022-06-24,25.09000015258789,25.520000457763672,25.040000915527344,25.239999771118164,24.67275619506836,34690293,0.0,0.0
2022-06-27,25.329999923706055,26.030000686645508,25.239999771118164,25.799999237060547,25.220170974731445,45349453,0.0,0.0
2022-06-28,25.889999389648438,26.889999389648438,25.389999389648438,26.700000762939453,26.099945068359375,59244547,0.0,0.0
2022-06-29,26.5,27.59000015258789,26.420000076293945,26.950000762939453,26.344327926635742,81763100,0.0,0.0
2022-06-30,26.950000762939453,27.350000381469727,26.729999542236328,27.0,26.393203735351562,49324020,0.0,0.0
2022-07-01,27.030000686645508,27.229999542236328,26.65999984741211,26.780000686645508,26.17814826965332,33501729,0.0,0.0
2022-07-04,26.350000381469727,26.3700008392334,25.8799991607666,26.299999237060547,25.708934783935547,38256465,0.0,0.0
2022-07-05,26.200000762939453,26.600000381469727,25.8700008392334,26.190000534057617,25.601411819458008,29729190,0.0,0.0
2022-07-06,26.09000015258789,26.950000762939453,26.010000228881836,26.690000534057617,26.09016990661621,42041407,0.0,0.0
2022-07-07,26.780000686645508,26.8700008392334,26.15999984741211,26.299999237060547,25.708934783935547,27501904,0.0,0.0
2022-07-08,26.389999389648438,26.739999771118164,26.18000030517578,26.200000762939453,25.611183166503906,25028369,0.0,0.0
2022-07-11,26.0,26.030000686645508,25.209999084472656,25.399999618530273,24.82916259765625,26983103,0.0,0.0
2022-07-12,25.34000015258789,25.610000610351562,24.899999618530273,24.90999984741211,24.350173950195312,20285950,0.0,0.0
2022-07-13,24.799999237060547,25.100000381469727,24.600000381469727,24.8700008392334,24.31107521057129,17146140,0.0,0.0
2022-07-14,24.81999969482422,24.979999542236328,24.610000610351562,24.790000915527344,24.4293270111084,14946659,0.2,0.0
2022-07-15,24.700000762939453,25.110000610351562,24.3799991607666,24.3799991607666,24.025293350219727,21090380,0.0,0.0
2022-07-18,24.389999389648438,25.280000686645508,23.940000534057617,25.079999923706055,24.715105056762695,27124168,0.0,0.0
2022-07-19,25.049999237060547,25.260000228881836,24.850000381469727,25.170000076293945,24.803800582885742,17980962,0.0,0.0
2022-07-20,25.25,25.65999984741211,25.110000610351562,25.25,24.88263511657715,20913532,0.0,0.0
2022-07-21,25.1299991607666,25.790000915527344,24.899999618530273,25.290000915527344,24.92205238342285,28304030,0.0,0.0
2022-07-22,25.290000915527344,25.540000915527344,24.690000534057617,24.860000610351562,24.498306274414062,20047837,0.0,0.0
2022-07-25,24.829999923706055,25.0,24.360000610351562,24.450000762939453,24.094274520874023,14424899,0.0,0.0
2022-07-26,24.549999237060547,24.790000915527344,24.139999389648438,24.790000915527344,24.4293270111084,14221449,0.0,0.0
2022-07-27,24.6200008392334,24.739999771118164,24.079999923706055,24.280000686645508,23.926748275756836,15590587,0.0,0.0
2022-07-28,24.489999771118164,26.0,24.469999313354492,25.600000381469727,25.227542877197266,56336766,0.0,0.0
2022-07-29,25.559999465942383,25.719999313354492,25.15999984741211,25.219999313354492,24.853071212768555,25981330,0.0,0.0
2022-08-01,25.030000686645508,25.280000686645508,24.290000915527344,25.219999313354492,24.853071212768555,24036043,0.0,0.0
2022-08-02,24.81999969482422,24.90999984741211,23.809999465942383,24.09000015258789,23.739511489868164,38202092,0.0,0.0
2022-08-03,24.049999237060547,25.540000915527344,24.049999237060547,24.809999465942383,24.449033737182617,45330922,0.0,0.0
2022-08-04,24.959999084472656,26.670000076293945,24.93000030517578,26.299999237060547,25.9173583984375,79065194,0.0,0.0
2022-08-05,26.700000762939453,28.920000076293945,26.3700008392334,28.559999465942383,28.14447784423828,147870117,0.0,0.0
2022-08-08,29.360000610351562,30.18000030517578,28.559999465942383,28.850000381469727,28.43025779724121,159820766,0.0,0.0
2022-08-09,28.209999084472656,29.940000534057617,27.700000762939453,29.549999237060547,29.120073318481445,131677550,0.0,0.0
2022-08-10,28.610000610351562,29.6299991607666,28.229999542236328,28.530000686645508,28.11491584777832,112325813,0.0,0.0
2022-08-11,28.520000457763672,29.920000076293945,28.520000457763672,29.139999389648438,28.71603775024414,105938033,0.0,0.0
2022-08-12,29.0,29.770000457763672,28.90999984741211,29.0,28.578075408935547,86877516,0.0,0.0
2022-08-15,28.899999618530273,29.25,28.43000030517578,28.489999771118164,28.07549476623535,60840995,0.0,0.0
2022-08-16,28.489999771118164,28.709999084472656,28.170000076293945,28.290000915527344,27.878406524658203,48679444,0.0,0.0
2022-08-17,28.229999542236328,28.3799991607666,27.65999984741211,28.170000076293945,27.760149002075195,47834020,0.0,0.0
2022-08-18,28.049999237060547,28.649999618530273,27.549999237060547,28.40999984741211,27.996660232543945,58799555,0.0,0.0
2022-08-19,27.940000534057617,28.579999923706055,27.110000610351562,27.139999389648438,26.745136260986328,71236685,0.0,0.0
2022-08-22,26.899999618530273,27.5,26.700000762939453,26.959999084472656,26.5677547454834,35526858,0.0,0.0
2022-08-23,26.829999923706055,26.950000762939453,26.34000015258789,26.450000762939453,26.06517791748047,44138517,0.0,0.0
2022-08-24,26.5,26.540000915527344,25.260000228881836,25.43000030517578,25.060016632080078,51681560,0.0,0.0
2022-08-25,25.600000381469727,25.649999618530273,24.90999984741211,25.229999542236328,24.862924575805664,31880596,0.0,0.0
2022-08-26,25.399999618530273,25.510000228881836,24.920000076293945,24.940000534057617,24.577146530151367,32111654,0.0,0.0
2022-08-29,24.489999771118164,24.950000762939453,24.399999618530273,24.670000076293945,24.311073303222656,23077795,0.0,0.0
2022-08-30,24.770000457763672,25.239999771118164,24.709999084472656,24.899999618530273,24.5377254486084,28138791,0.0,0.0
2022-08-31,24.690000534057617,24.959999084472656,24.40999984741211,24.790000915527344,24.4293270111084,25486652,0.0,0.0
2022-09-01,24.760000228881836,25.190000534057617,24.549999237060547,24.6299991607666,24.271652221679688,24444049,0.0,0.0
2022-09-02,24.520000457763672,25.079999923706055,24.520000457763672,24.8799991607666,24.518016815185547,23346063,0.0,0.0
2022-09-05,24.799999237060547,24.799999237060547,24.170000076293945,24.5,24.14354705810547,23538647,0.0,0.0
2022-09-06,24.56999969482422,24.770000457763672,24.3700008392334,24.770000457763672,24.40962028503418,19852538,0.0,0.0
2022-09-07,24.799999237060547,25.420000076293945,24.790000915527344,25.229999542236328,24.862924575805664,34600504,0.0,0.0
2022-09-08,25.100000381469727,25.139999389648438,24.920000076293945,25.049999237060547,24.685543060302734,17058187,0.0,0.0
2022-09-09,25.079999923706055,25.1200008392334,24.700000762939453,25.079999923706055,24.715105056762695,16824096,0.0,0.0
2022-09-13,25.18000030517578,25.389999389648438,24.979999542236328,25.030000686645508,24.665836334228516,15941917,0.0,0.0
2022-09-14,24.5,24.93000030517578,24.420000076293945,24.739999771118164,24.380054473876953,15387651,0.0,0.0
2022-09-15,24.760000228881836,24.899999618530273,24.020000457763672,24.260000228881836,23.90703773498535,22141295,0.0,0.0
2022-09-16,24.229999542236328,24.3799991607666,23.540000915527344,23.579999923706055,23.23693084716797,18521791,0.0,0.0
2022-09-19,23.399999618530273,23.690000534057617,22.81999969482422,22.860000610351562,22.527408599853516,18532444,0.0,0.0
2022-09-20,23.030000686645508,23.149999618530273,22.68000030517578,22.979999542236328,22.645660400390625,14872754,0.0,0.0
2022-09-21,22.799999237060547,23.059999465942383,22.40999984741211,22.920000076293945,22.586532592773438,12546184,0.0,0.0
2022-09-22,22.799999237060547,23.15999984741211,22.709999084472656,22.940000534057617,22.606243133544922,11153627,0.0,0.0
2022-09-23,22.90999984741211,23.020000457763672,22.239999771118164,22.34000015258789,22.014970779418945,14614124,0.0,0.0
2022-09-26,22.170000076293945,22.350000381469727,21.8799991607666,21.959999084472656,21.640501022338867,12096833,0.0,0.0
2022-09-27,22.0,22.40999984741211,21.93000030517578,22.399999618530273,22.074098587036133,13730531,0.0,0.0
2022-09-28,22.299999237060547,22.299999237060547,21.700000762939453,21.700000762939453,21.38428497314453,12393396,0.0,0.0
2022-09-29,21.899999618530273,22.079999923706055,21.549999237060547,21.639999389648438,21.325157165527344,10887173,0.0,0.0
2022-09-30,21.559999465942383,21.850000381469727,21.420000076293945,21.43000030517578,21.118213653564453,9807752,0.0,0.0
2022-10-10,21.43000030517578,21.43000030517578,20.520000457763672,20.540000915527344,20.24116325378418,17979157,0.0,0.0
2022-10-11,20.6299991607666,20.729999542236328,20.40999984741211,20.639999389648438,20.339706420898438,9561267,0.0,0.0
2022-10-12,20.559999465942383,21.34000015258789,20.520000457763672,21.31999969482422,21.009809494018555,19123245,0.0,0.0
2022-10-13,21.100000381469727,21.559999465942383,21.010000228881836,21.309999465942383,20.999958038330078,14335622,0.0,0.0
2022-10-14,21.510000228881836,21.829999923706055,21.399999618530273,21.790000915527344,21.47297477722168,18018435,0.0,0.0
2022-10-17,21.84000015258789,22.18000030517578,21.690000534057617,22.110000610351562,21.78831672668457,17078375,0.0,0.0
2022-10-18,22.190000534057617,22.219999313354492,21.75,21.809999465942383,21.49268341064453,13914900,0.0,0.0
2022-10-19,21.81999969482422,22.010000228881836,21.559999465942383,21.559999465942383,21.246320724487305,11619148,0.0,0.0
2022-10-20,21.5,22.770000457763672,21.43000030517578,22.579999923706055,22.251482009887695,41310420,0.0,0.0
2022-10-21,22.399999618530273,22.559999465942383,22.040000915527344,22.260000228881836,21.93613624572754,21964907,0.0,0.0
2022-10-24,22.260000228881836,22.739999771118164,21.799999237060547,21.950000762939453,21.630647659301758,21792897,0.0,0.0
2022-10-25,21.809999465942383,22.100000381469727,21.399999618530273,21.6299991607666,21.315303802490234,15618867,0.0,0.0
2022-10-26,21.68000030517578,22.489999771118164,21.549999237060547,22.260000228881836,21.93613624572754,24846878,0.0,0.0
2022-10-27,22.219999313354492,23.959999084472656,22.219999313354492,23.360000610351562,23.020132064819336,51845277,0.0,0.0
2022-10-28,23.18000030517578,24.420000076293945,23.010000228881836,23.6299991607666,23.286203384399414,62483189,0.0,0.0
2022-10-31,23.600000381469727,24.239999771118164,23.440000534057617,24.079999923706055,23.729660034179688,41232095,0.0,0.0
2022-11-01,23.799999237060547,24.030000686645508,23.540000915527344,23.969999313354492,23.621257781982422,35932470,0.0,0.0
2022-11-02,24.049999237060547,24.579999923706055,23.68000030517578,23.690000534057617,23.3453311920166,46303917,0.0,0.0
2022-11-03,23.40999984741211,24.09000015258789,23.31999969482422,23.950000762939453,23.60154914855957,38629434,0.0,0.0
2022-11-04,23.850000381469727,24.1299991607666,23.59000015258789,24.030000686645508,23.68038558959961,34738829,0.0,0.0
2022-11-07,24.020000457763672,24.440000534057617,23.920000076293945,24.190000534057617,23.838058471679688,31353132,0.0,0.0
2022-11-08,24.18000030517578,24.25,23.780000686645508,23.940000534057617,23.591693878173828,17429769,0.0,0.0
2022-11-09,23.889999389648438,23.950000762939453,23.639999389648438,23.780000686645508,23.43402099609375,16683631,0.0,0.0
2022-11-10,23.56999969482422,23.920000076293945,23.190000534057617,23.219999313354492,22.882169723510742,24653442,0.0,0.0
2022-11-11,24.0,24.110000610351562,23.600000381469727,23.600000381469727,23.256641387939453,31410644,0.0,0.0
2022-11-14,23.6200008392334,24.09000015258789,23.5,23.81999969482422,23.473440170288086,20950240,0.0,0.0
2022-11-15,23.799999237060547,26.079999923706055,23.709999084472656,25.739999771118164,25.36550521850586,91267986,0.0,0.0
2022-11-16,25.950000762939453,25.950000762939453,25.18000030517578,25.229999542236328,24.862924575805664,43471144,0.0,0.0
2022-11-17,25.100000381469727,25.68000030517578,24.940000534057617,25.6299991607666,25.25710678100586,38077378,0.0,0.0
2022-11-18,25.950000762939453,25.979999542236328,25.260000228881836,25.329999923706055,24.961469650268555,33983404,0.0,0.0
2022-11-21,25.280000686645508,25.5,24.940000534057617,25.079999923706055,24.715105056762695,19564088,0.0,0.0
2022-11-22,25.079999923706055,25.559999465942383,24.90999984741211,25.100000381469727,24.734817504882812,21882910,0.0,0.0
2022-11-23,25.110000610351562,25.200000762939453,24.3799991607666,24.729999542236328,24.37019920349121,22207742,0.0,0.0
2022-11-24,24.780000686645508,24.920000076293945,24.579999923706055,24.719999313354492,24.3603458404541,12898007,0.0,0.0
2022-11-25,24.65999984741211,25.100000381469727,24.31999969482422,24.360000610351562,24.005582809448242,17782619,0.0,0.0
2022-11-28,23.8799991607666,24.780000686645508,23.790000915527344,24.610000610351562,24.2519474029541,19032827,0.0,0.0
2022-11-29,24.68000030517578,25.049999237060547,24.399999618530273,24.989999771118164,24.626419067382812,20979296,0.0,0.0
2022-11-30,25.0,25.139999389648438,24.809999465942383,25.0,24.63627052307129,16393593,0.0,0.0
2022-12-01,25.200000762939453,25.469999313354492,24.850000381469727,24.90999984741211,24.54758071899414,21076303,0.0,0.0
2022-12-02,24.780000686645508,25.09000015258789,24.3700008392334,24.440000534057617,24.08441925048828,21117772,0.0,0.0
2022-12-05,24.510000228881836,24.8700008392334,24.3700008392334,24.860000610351562,24.498306274414062,19764710,0.0,0.0
2022-12-06,24.700000762939453,25.34000015258789,24.68000030517578,24.979999542236328,24.61656379699707,26606268,0.0,0.0
2022-12-07,24.75,24.8799991607666,24.450000762939453,24.479999542236328,24.123838424682617,22242102,0.0,0.0
2022-12-08,24.399999618530273,24.559999465942383,23.850000381469727,23.940000534057617,23.591693878173828,23922862,0.0,0.0
2022-12-09,23.959999084472656,24.309999465942383,23.920000076293945,24.219999313354492,23.867618560791016,19665382,0.0,0.0
2022-12-12,24.059999465942383,24.739999771118164,23.989999771118164,24.420000076293945,24.06471061706543,21023381,0.0,0.0
2022-12-13,24.329999923706055,24.479999542236328,24.15999984741211,24.170000076293945,23.81834602355957,11789444,0.0,0.0
2022-12-14,24.899999618530273,25.200000762939453,24.530000686645508,24.540000915527344,24.182964324951172,40464895,0.0,0.0
2022-12-15,24.299999237060547,25.829999923706055,24.260000228881836,25.399999618530273,25.030452728271484,56048384,0.0,0.0
2022-12-16,25.1200008392334,25.280000686645508,24.920000076293945,25.190000534057617,24.823509216308594,24793126,0.0,0.0
2022-12-19,25.100000381469727,25.110000610351562,24.1299991607666,24.190000534057617,23.838058471679688,22850548,0.0,0.0
2022-12-20,24.020000457763672,24.610000610351562,23.829999923706055,24.139999389648438,23.788782119750977,17751186,0.0,0.0
2022-12-21,24.139999389648438,24.350000381469727,23.600000381469727,23.889999389648438,23.542421340942383,15555311,0.0,0.0
2022-12-22,23.8799991607666,24.079999923706055,23.329999923706055,23.440000534057617,23.09897232055664,15031790,0.0,0.0
2022-12-23,23.18000030517578,23.389999389648438,22.799999237060547,22.940000534057617,22.606243133544922,14939249,0.0,0.0
2022-12-26,22.950000762939453,23.530000686645508,22.93000030517578,23.43000030517578,23.089113235473633,12122877,0.0,0.0
2022-12-27,23.450000762939453,23.6200008392334,23.219999313354492,23.450000762939453,23.108823776245117,11668101,0.0,0.0
2022-12-28,23.389999389648438,23.420000076293945,23.059999465942383,23.149999618530273,22.813188552856445,10574873,0.0,0.0
2022-12-29,23.079999923706055,23.280000686645508,22.959999084472656,23.049999237060547,22.714641571044922,9218366,0.0,0.0
2022-12-30,23.239999771118164,23.270000457763672,22.979999542236328,23.049999237060547,22.714641571044922,9109892,0.0,0.0
2023-01-03,23.079999923706055,23.479999542236328,22.93000030517578,23.420000076293945,23.079259872436523,12943599,0.0,0.0
2023-01-04,23.399999618530273,23.959999084472656,23.399999618530273,23.540000915527344,23.1975154876709,18334343,0.0,0.0
2023-01-05,23.43000030517578,24.200000762939453,23.3799991607666,24.0,23.650821685791016,23371806,0.0,0.0
2023-01-06,23.899999618530273,24.200000762939453,23.829999923706055,23.979999542236328,23.631113052368164,17336277,0.0,0.0
2023-01-09,24.049999237060547,24.299999237060547,23.899999618530273,24.020000457763672,23.670528411865234,14160124,0.0,0.0
2023-01-10,24.450000762939453,25.270000457763672,24.3700008392334,25.100000381469727,24.734817504882812,56330180,0.0,0.0
2023-01-11,25.350000381469727,27.31999969482422,25.239999771118164,26.149999618530273,25.769540786743164,103263020,0.0,0.0
2023-01-12,26.149999618530273,26.459999084472656,25.760000228881836,26.280000686645508,25.89764976501465,51981442,0.0,0.0
2023-01-13,26.450000762939453,26.579999923706055,25.899999618530273,26.260000228881836,25.877939224243164,41990206,0.0,0.0
2023-01-16,26.049999237060547,26.649999618530273,26.0,26.489999771118164,26.104595184326172,42492215,0.0,0.0
2023-01-17,26.5,27.06999969482422,26.450000762939453,26.690000534057617,26.30168342590332,38890390,0.0,0.0
2023-01-18,26.65999984741211,26.790000915527344,26.440000534057617,26.5,26.11444854736328,24119950,0.0,0.0
2023-01-19,26.5,26.969999313354492,26.309999465942383,26.90999984741211,26.518484115600586,31004898,0.0,0.0
2023-01-20,26.8799991607666,27.280000686645508,26.809999465942383,27.25,26.85353660583496,33763058,0.0,0.0
2023-01-30,27.690000534057617,27.809999465942383,27.100000381469727,27.15999984741211,26.76484489440918,39233031,0.0,0.0
2023-01-31,27.1299991607666,27.399999618530273,26.68000030517578,26.68000030517578,26.29183006286621,38640066,0.0,0.0
2023-02-01,26.829999923706055,27.75,26.81999969482422,27.59000015258789,27.188589096069336,43250997,0.0,0.0
2023-02-02,27.90999984741211,28.030000686645508,27.450000762939453,27.610000610351562,27.208297729492188,39900371,0.0,0.0
2023-02-03,27.5,27.920000076293945,27.329999923706055,27.8700008392334,27.46451759338379,35425609,0.0,0.0
2023-02-06,27.6200008392334,27.75,27.299999237060547,27.450000762939453,27.050626754760742,24103200,0.0,0.0
2023-02-07,27.450000762939453,27.59000015258789,27.170000076293945,27.3700008392334,26.971790313720703,21040051,0.0,0.0
2023-02-08,27.459999084472656,27.75,26.8799991607666,26.950000762939453,26.55790138244629,27342822,0.0,0.0
2023-02-09,26.850000381469727,28.100000381469727,26.799999237060547,28.09000015258789,27.68131446838379,48948769,0.0,0.0
2023-02-10,28.0,28.579999923706055,27.90999984741211,28.18000030517578,27.770008087158203,40364448,0.0,0.0
2023-02-13,27.959999084472656,28.329999923706055,27.729999542236328,28.229999542236328,27.819276809692383,34144363,0.0,0.0
2023-02-14,28.229999542236328,29.81999969482422,28.229999542236328,28.860000610351562,28.440113067626953,72399139,0.0,0.0
2023-02-15,28.799999237060547,29.3799991607666,28.59000015258789,29.290000915527344,28.86385726928711,46093700,0.0,0.0
2023-02-16,29.059999465942383,29.200000762939453,27.799999237060547,28.030000686645508,27.622188568115234,49840405,0.0,0.0
2023-02-17,28.06999969482422,28.34000015258789,27.15999984741211,27.170000076293945,26.774700164794922,37975104,0.0,0.0
2023-02-20,27.049999237060547,28.790000915527344,26.979999542236328,28.6299991607666,28.213459014892578,48172274,0.0,0.0
2023-02-21,28.43000030517578,29.09000015258789,28.25,28.65999984741211,28.243022918701172,34398339,0.0,0.0
2023-02-22,28.399999618530273,28.780000686645508,27.899999618530273,28.40999984741211,27.996660232543945,30006140,0.0,0.0
2023-02-23,28.399999618530273,28.559999465942383,27.959999084472656,28.139999389648438,27.7305850982666,19313628,0.0,0.0
2023-02-24,28.399999618530273,28.719999313354492,27.979999542236328,28.25,27.838985443115234,32316712,0.0,0.0
2023-02-27,28.0,28.399999618530273,27.670000076293945,27.709999084472656,27.306842803955078,25433831,0.0,0.0
2023-02-28,27.860000610351562,28.440000534057617,27.6299991607666,28.139999389648438,27.7305850982666,28983571,0.0,0.0
2023-03-01,28.15999984741211,29.260000228881836,28.049999237060547,29.18000030517578,28.755455017089844,56354382,0.0,0.0
2023-03-02,29.450000762939453,29.709999084472656,28.739999771118164,28.809999465942383,28.390838623046875,34420223,0.0,0.0
2023-03-03,29.34000015258789,29.799999237060547,28.799999237060547,29.530000686645508,29.100364685058594,63157287,0.0,0.0
2023-03-06,29.469999313354492,29.469999313354492,28.34000015258789,28.90999984741211,28.4893856048584,46578970,0.0,0.0
2023-03-07,28.780000686645508,29.040000915527344,27.600000381469727,27.600000381469727,27.198444366455078,46236897,0.0,0.0
2023-03-08,27.399999618530273,27.920000076293945,27.350000381469727,27.770000457763672,27.3659725189209,24055549,0.0,0.0
2023-03-09,27.770000457763672,28.889999389648438,27.709999084472656,28.209999084472656,27.79956817626953,38287663,0.0,0.0
2023-03-10,28.0,28.959999084472656,27.899999618530273,28.190000534057617,27.779861450195312,38883522,0.0,0.0
2023-03-13,28.15999984741211,28.5,27.920000076293945,28.489999771118164,28.07549476623535,25566637,0.0,0.0
2023-03-14,28.450000762939453,29.190000534057617,27.84000015258789,28.969999313354492,28.548511505126953,56172819,0.0,0.0
2023-03-15,29.0,29.549999237060547,28.760000228881836,29.079999923706055,28.656911849975586,52796449,0.0,0.0
2023-03-16,28.860000610351562,31.309999465942383,28.760000228881836,30.59000015258789,30.144943237304688,130191719,0.0,0.0
2023-03-17,30.799999237060547,31.290000915527344,30.350000381469727,30.90999984741211,30.460285186767578,92640770,0.0,0.0
2023-03-20,30.979999542236328,33.31999969482422,30.700000762939453,32.7599983215332,32.28336715698242,139302617,0.0,0.0
2023-03-21,32.20000076293945,32.630001068115234,31.600000381469727,32.209999084472656,31.741369247436523,79429555,0.0,0.0
2023-03-22,32.0,32.79999923706055,31.6200008392334,32.790000915527344,32.312931060791016,73256807,0.0,0.0
2023-03-23,32.29999923706055,34.38999938964844,32.189998626708984,33.83000183105469,33.337806701660156,117720723,0.0,0.0
2023-03-24,33.5,34.279998779296875,32.869998931884766,33.400001525878906,32.9140625,74905099,0.0,0.0
2023-03-27,33.0099983215332,33.880001068115234,32.47999954223633,32.709999084472656,32.23409652709961,71041393,0.0,0.0
2023-03-28,32.70000076293945,33.959999084472656,32.529998779296875,33.18000030517578,32.697265625,61726284,0.0,0.0
2023-03-29,32.900001525878906,33.56999969482422,32.08000183105469,32.810001373291016,32.332645416259766,64698790,0.0,0.0
2023-03-30,33.0,33.54999923706055,32.310001373291016,32.869998931884766,32.39176940917969,48338168,0.0,0.0
2023-03-31,32.650001525878906,32.86000061035156,31.899999618530273,32.45000076293945,31.977882385253906,52294350,0.0,0.0
2023-04-03,32.560001373291016,34.7400016784668,32.560001373291016,34.54999923706055,34.04732894897461,113275225,0.0,0.0
2023-04-04,34.400001525878906,35.599998474121094,34.11000061035156,34.939998626708984,34.4316520690918,102031951,0.0,0.0
2023-04-06,34.63999938964844,38.279998779296875,34.529998779296875,37.22999954223633,36.68833541870117,124745937,0.0,0.0
2023-04-07,37.5,38.54999923706055,37.0099983215332,37.66999816894531,37.1219367980957,87406709,0.0,0.0
2023-04-10,37.81999969482422,37.959999084472656,35.439998626708984,35.599998474121094,35.08204650878906,90920393,0.0,0.0
2023-04-11,35.54999923706055,36.40999984741211,35.20000076293945,35.779998779296875,35.25943374633789,57039875,0.0,0.0
2023-04-12,35.5,37.15999984741211,35.060001373291016,36.599998474121094,36.06749725341797,65692313,0.0,0.0
2023-04-13,36.5099983215332,36.5099983215332,34.52000045776367,34.900001525878906,34.39223861694336,67684221,0.0,0.0
2023-04-14,35.189998626708984,36.56999969482422,34.0,36.119998931884766,35.594486236572266,80194301,0.0,0.0
2023-04-17,36.130001068115234,36.13999938964844,34.79999923706055,35.130001068115234,34.618892669677734,53579741,0.0,0.0
2023-04-18,34.97999954223633,34.97999954223633,33.5,34.290000915527344,33.79111099243164,71561485,0.0,0.0
2023-04-19,34.2599983215332,35.119998931884766,34.150001525878906,34.380001068115234,33.879798889160156,51259712,0.0,0.0
2023-04-20,34.36000061035156,35.20000076293945,33.880001068115234,34.689998626708984,34.18528747558594,71826802,0.0,0.0
2023-04-21,34.27000045776367,34.27000045776367,32.0099983215332,32.279998779296875,31.810352325439453,106538046,0.0,0.0
2023-04-24,32.43000030517578,34.20000076293945,32.25,32.529998779296875,32.05671691894531,73606993,0.0,0.0
2023-04-25,32.52000045776367,32.529998779296875,31.0,31.489999771118164,31.03184700012207,64117036,0.0,0.0
2023-04-26,28.34000015258789,29.579999923706055,28.34000015258789,28.34000015258789,27.92767906188965,98811613,0.0,0.0
2023-04-27,27.719999313354492,28.260000228881836,26.799999237060547,27.0,26.607173919677734,93721407,0.0,0.0
2023-04-28,26.829999923706055,27.790000915527344,26.809999465942383,27.549999237060547,27.149171829223633,64947346,0.0,0.0
2023-05-04,27.399999618530273,27.940000534057617,26.809999465942383,27.030000686645508,26.63673973083496,45190414,0.0,0.0
2023-05-05,27.0,27.559999465942383,26.3700008392334,26.690000534057617,26.30168342590332,41004861,0.0,0.0
2023-05-08,26.719999313354492,27.459999084472656,26.719999313354492,27.030000686645508,26.63673973083496,36857702,0.0,0.0
2023-05-09,27.040000915527344,27.809999465942383,26.799999237060547,27.229999542236328,26.83382797241211,45190119,0.0,0.0
2023-05-10,27.25,27.559999465942383,26.860000610351562,27.09000015258789,26.695863723754883,32783560,0.0,0.0
2023-05-11,27.3700008392334,27.56999969482422,27.030000686645508,27.299999237060547,26.902807235717773,33791742,0.0,0.0
2023-05-12,27.3799991607666,28.81999969482422,27.350000381469727,28.110000610351562,27.701026916503906,76136617,0.0,0.0
2023-05-15,27.84000015258789,28.489999771118164,27.299999237060547,28.40999984741211,27.996660232543945,45936571,0.0,0.0
2023-05-16,28.40999984741211,30.149999618530273,28.34000015258789,29.850000381469727,29.415708541870117,83480079,0.0,0.0
2023-05-17,29.600000381469727,30.149999618530273,29.389999389648438,29.690000534057617,29.258037567138672,44253163,0.0,0.0
2023-05-18,29.75,30.25,29.399999618530273,29.700000762939453,29.267892837524414,34706135,0.0,0.0
2023-05-19,30.0,30.889999389648438,29.989999771118164,30.520000457763672,30.075963973999023,50966868,0.0,0.0
2023-05-22,30.700000762939453,31.030000686645508,29.360000610351562,29.700000762939453,29.267892837524414,44706915,0.0,0.0
2023-05-23,29.770000457763672,29.979999542236328,29.329999923706055,29.5,29.07080078125,24600594,0.0,0.0
2023-05-24,29.399999618530273,29.8799991607666,29.010000228881836,29.360000610351562,28.932836532592773,28100254,0.0,0.0
2023-05-25,29.389999389648438,30.200000762939453,29.3799991607666,29.989999771118164,29.553672790527344,37014750,0.0,0.0
2023-05-26,30.200000762939453,30.520000457763672,29.780000686645508,30.3799991607666,29.937997817993164,32504127,0.0,0.0
2023-05-29,30.950000762939453,31.81999969482422,30.889999389648438,31.200000762939453,30.74606704711914,49131566,0.0,0.0
2023-05-30,31.200000762939453,31.360000610351562,30.479999542236328,31.360000610351562,30.90374183654785,35483870,0.0,0.0
2023-05-31,31.299999237060547,31.770000457763672,30.729999542236328,31.200000762939453,30.74606704711914,32390768,0.0,0.0
2023-06-01,30.920000076293945,30.979999542236328,30.360000610351562,30.559999465942383,30.11537742614746,36953440,0.0,0.0
2023-06-02,30.559999465942383,30.75,29.969999313354492,30.530000686645508,30.0858154296875,26749438,0.0,0.0
2023-06-05,30.600000381469727,31.399999618530273,30.59000015258789,31.020000457763672,30.56868553161621,37411260,0.0,0.0
2023-06-06,30.799999237060547,30.8799991607666,29.479999542236328,29.549999237060547,29.120073318481445,43732701,0.0,0.0
2023-06-07,30.030000686645508,32.0,30.030000686645508,31.520000457763672,31.061410903930664,77838207,0.0,0.0
2023-06-08,31.260000228881836,31.729999542236328,30.5,31.329999923706055,30.874177932739258,46508663,0.0,0.0
2023-06-09,31.18000030517578,31.860000610351562,30.68000030517578,31.799999237060547,31.337337493896484,54158573,0.0,0.0
2023-06-12,31.969999313354492,32.97999954223633,31.799999237060547,32.619998931884766,32.145408630371094,65041219,0.0,0.0
2023-06-13,32.5,33.83000183105469,32.20000076293945,33.470001220703125,32.98303985595703,64921781,0.0,0.0
2023-06-14,33.72999954223633,33.97999954223633,32.220001220703125,32.560001373291016,32.08627700805664,53665204,0.0,0.0
2023-06-15,32.79999923706055,32.900001525878906,31.899999618530273,32.20000076293945,31.73151969909668,39131698,0.0,0.0
2023-06-16,32.13999938964844,32.52000045776367,31.729999542236328,32.43000030517578,31.95816993713379,30983857,0.0,0.0
2023-06-19,32.34000015258789,33.9900016784668,31.8799991607666,33.5099983215332,33.022457122802734,58238566,0.0,0.0
2023-06-20,33.0,34.18000030517578,32.95000076293945,34.0,33.505332946777344,52403470,0.0,0.0
2023-06-21,33.79999923706055,34.08000183105469,33.0,33.54999923706055,33.257511138916016,38122948,0.2,0.0
2023-06-26,32.900001525878906,32.90999984741211,31.739999771118164,32.0099983215332,31.730934143066406,41445041,0.0,0.0
2023-06-27,32.0099983215332,32.70000076293945,31.860000610351562,32.04999923706055,31.770586013793945,22982932,0.0,0.0
2023-06-28,32.220001220703125,32.349998474121094,30.600000381469727,31.079999923706055,30.809045791625977,38346788,0.0,0.0
2023-06-29,31.0,31.799999237060547,30.700000762939453,30.8700008392334,30.600875854492188,28511390,0.0,0.0
2023-06-30,30.780000686645508,31.309999465942383,30.5,31.170000076293945,30.89826011657715,21917077,0.0,0.0
2023-07-03,31.15999984741211,31.959999084472656,31.049999237060547,31.65999984741211,31.383987426757812,28944283,0.0,0.0
2023-07-04,31.600000381469727,32.380001068115234,31.299999237060547,32.189998626708984,31.909364700317383,24189860,0.0,0.0
2023-07-05,32.189998626708984,32.470001220703125,31.68000030517578,31.829999923706055,31.55250358581543,20816417,0.0,0.0
2023-07-06,31.639999389648438,32.06999969482422,31.600000381469727,31.700000762939453,31.42363929748535,15851409,0.0,0.0
2023-07-07,31.450000762939453,31.59000015258789,30.559999465942383,30.75,30.481922149658203,23693355,0.0,0.0
2023-07-10,30.75,30.989999771118164,30.40999984741211,30.559999465942383,30.293577194213867,16559223,0.0,0.0
2023-07-11,30.559999465942383,31.8799991607666,30.559999465942383,31.809999465942383,31.532678604125977,29854108,0.0,0.0
2023-07-12,31.799999237060547,32.099998474121094,31.260000228881836,31.3700008392334,31.096515655517578,18559745,0.0,0.0
2023-07-13,31.68000030517578,33.16999816894531,31.3700008392334,32.959999084472656,32.67265319824219,49709384,0.0,0.0
2023-07-14,34.02000045776367,36.11000061035156,34.02000045776367,34.70000076293945,34.397483825683594,103668522,0.0,0.0
2023-07-17,34.38999938964844,35.099998474121094,33.56999969482422,34.97999954223633,34.675045013427734,50852432,0.0,0.0
2023-07-18,35.29999923706055,37.08000183105469,35.29999923706055,35.54999923706055,35.240074157714844,81475149,0.0,0.0
2023-07-19,35.54999923706055,36.279998779296875,34.880001068115234,35.15999984741211,34.85347366333008,52129025,0.0,0.0
2023-07-20,35.15999984741211,35.5,33.79999923706055,33.959999084472656,33.663936614990234,42033733,0.0,0.0
2023-07-21,34.18000030517578,35.099998474121094,33.650001525878906,34.470001220703125,34.169490814208984,38569706,0.0,0.0
2023-07-24,34.0099983215332,35.20000076293945,34.0,34.29999923706055,34.000972747802734,26467876,0.0,0.0
2023-07-25,34.70000076293945,34.790000915527344,33.4900016784668,34.15999984741211,33.8621940612793,37194650,0.0,0.0
2023-07-26,34.29999923706055,34.599998474121094,33.86000061035156,34.150001525878906,33.85227966308594,26043918,0.0,0.0
2023-07-27,34.099998474121094,34.209999084472656,33.33000183105469,33.470001220703125,33.17820739746094,25093224,0.0,0.0
2023-07-28,33.470001220703125,33.88999938964844,32.91999816894531,33.47999954223633,33.18812561035156,26572697,0.0,0.0
2023-07-31,33.400001525878906,33.77000045776367,32.380001068115234,32.9900016784668,32.702396392822266,38709322,0.0,0.0
2023-08-01,32.90999984741211,33.439998626708984,32.86000061035156,33.20000076293945,32.91056442260742,20519197,0.0,0.0
2023-08-02,33.099998474121094,33.599998474121094,33.0099983215332,33.36000061035156,33.06916427612305,21487990,0.0,0.0
2023-08-03,33.06999969482422,33.68000030517578,32.650001525878906,33.25,32.96012496948242,18048895,0.0,0.0
2023-08-04,33.400001525878906,34.54999923706055,33.400001525878906,34.33000183105469,34.03071212768555,42184242,0.0,0.0
2023-08-07,34.36000061035156,34.439998626708984,33.65999984741211,33.86000061035156,33.5648078918457,24187318,0.0,0.0
2023-08-08,34.08000183105469,34.279998779296875,32.9900016784668,33.0099983215332,32.72221374511719,22218976,0.0,0.0
2023-08-09,32.70000076293945,33.20000076293945,32.36000061035156,32.45000076293945,32.16709899902344,21904393,0.0,0.0
2023-08-10,32.45000076293945,33.029998779296875,32.380001068115234,32.560001373291016,32.27613830566406,17674248,0.0,0.0
2023-08-11,32.459999084472656,32.5,31.790000915527344,31.790000915527344,31.512855529785156,18241880,0.0,0.0
2023-08-14,31.200000762939453,32.04999923706055,31.059999465942383,31.969999313354492,31.6912841796875,14817136,0.0,0.0
2023-08-15,32.119998931884766,32.2599983215332,30.780000686645508,31.170000076293945,30.89826011657715,24101210,0.0,0.0
2023-08-16,31.18000030517578,31.260000228881836,30.68000030517578,30.920000076293945,30.65043830871582,12783588,0.0,0.0
2023-08-17,30.6200008392334,31.75,30.610000610351562,31.5,31.22538185119629,14763418,0.0,0.0
2023-08-18,31.489999771118164,31.690000534057617,30.3700008392334,30.399999618530273,30.134971618652344,17351785,0.0,0.0
2023-08-21,30.40999984741211,30.739999771118164,30.100000381469727,30.110000610351562,29.847501754760742,9708522,0.0,0.0
2023-08-22,30.360000610351562,31.0,30.040000915527344,30.90999984741211,30.64052391052246,15661587,0.0,0.0
2023-08-23,30.739999771118164,30.770000457763672,29.530000686645508,30.079999923706055,29.817760467529297,17926934,0.0,0.0
2023-08-24,30.229999542236328,31.1299991607666,30.209999084472656,30.860000610351562,30.59096336364746,16377370,0.0,0.0
2023-08-25,30.600000381469727,30.600000381469727,29.549999237060547,29.809999465942383,29.55011558532715,16372206,0.0,0.0
2023-08-28,31.43000030517578,31.8799991607666,30.010000228881836,30.06999969482422,29.807849884033203,22927092,0.0,0.0
2023-08-29,30.030000686645508,31.25,30.0,31.06999969482422,30.799129486083984,20601528,0.0,0.0
2023-08-30,32.0,32.709999084472656,31.649999618530273,32.4900016784668,32.20675277709961,43429720,0.0,0.0
2023-08-31,32.0,33.33000183105469,31.90999984741211,32.599998474121094,32.315792083740234,34077998,0.0,0.0
2023-09-01,32.70000076293945,33.02000045776367,32.150001525878906,32.380001068115234,32.097713470458984,19011258,0.0,0.0
2023-09-04,32.540000915527344,33.619998931884766,32.5,33.619998931884766,33.326900482177734,31936654,0.0,0.0
2023-09-05,33.95000076293945,34.43000030517578,33.040000915527344,33.310001373291016,33.01960372924805,47374179,0.0,0.0
2023-09-06,33.31999969482422,33.79999923706055,33.11000061035156,33.65999984741211,33.36655044555664,33186679,0.0,0.0
2023-09-07,33.130001068115234,33.349998474121094,32.5,32.5099983215332,32.22657012939453,30042496,0.0,0.0
2023-09-08,32.29999923706055,32.84000015258789,31.950000762939453,32.47999954223633,32.19683837890625,19998103,0.0,0.0
2023-09-11,32.459999084472656,32.9900016784668,32.45000076293945,32.70000076293945,32.414920806884766,17052402,0.0,0.0
2023-09-12,33.029998779296875,33.400001525878906,32.310001373291016,32.5,32.2166633605957,19733664,0.0,0.0
2023-09-13,32.11000061035156,32.2599983215332,30.90999984741211,31.139999389648438,30.868520736694336,37496877,0.0,0.0
2023-09-14,31.190000534057617,31.459999084472656,30.3799991607666,30.559999465942383,30.293577194213867,24047314,0.0,0.0
2023-09-15,30.700000762939453,31.149999618530273,30.229999542236328,30.530000686645508,30.263839721679688,23847665,0.0,0.0
2023-09-18,30.299999237060547,30.469999313354492,29.770000457763672,30.010000228881836,29.748371124267578,22203512,0.0,0.0
2023-09-19,30.010000228881836,30.010000228881836,28.969999313354492,29.229999542236328,28.97517204284668,27498455,0.0,0.0
2023-09-20,29.010000228881836,29.34000015258789,28.81999969482422,28.829999923706055,28.578659057617188,17012258,0.0,0.0
2023-09-21,28.799999237060547,30.360000610351562,28.700000762939453,29.860000610351562,29.599679946899414,35437936,0.0,0.0
2023-09-22,29.799999237060547,30.280000686645508,29.459999084472656,30.18000030517578,29.916889190673828,25569850,0.0,0.0
2023-09-25,30.190000534057617,30.299999237060547,29.920000076293945,30.15999984741211,29.897066116333008,17211251,0.0,0.0
2023-09-26,30.110000610351562,30.440000534057617,29.959999084472656,30.200000762939453,29.936716079711914,16578882,0.0,0.0
2023-09-27,30.170000076293945,30.979999542236328,30.100000381469727,30.540000915527344,30.273752212524414,19994002,0.0,0.0
2023-09-28,30.6200008392334,30.950000762939453,30.309999465942383,30.5,30.234100341796875,15808839,0.0,0.0
2023-10-09,30.450000762939453,30.739999771118164,30.200000762939453,30.450000762939453,30.184537887573242,15206986,0.0,0.0
2023-10-10,30.450000762939453,30.690000534057617,30.229999542236328,30.459999084472656,30.194446563720703,16801540,0.0,0.0
2023-10-11,30.510000228881836,30.920000076293945,30.260000228881836,30.889999389648438,30.62070083618164,26654744,0.0,0.0
2023-10-12,30.8700008392334,30.889999389648438,29.950000762939453,30.440000534057617,30.174625396728516,29958669,0.0,0.0
2023-10-13,30.100000381469727,30.6299991607666,29.899999618530273,30.540000915527344,30.273752212524414,21798728,0.0,0.0
2023-10-16,30.450000762939453,30.489999771118164,29.450000762939453,29.670000076293945,29.411334991455078,20282410,0.0,0.0
2023-10-17,29.790000915527344,29.899999618530273,29.329999923706055,29.829999923706055,29.5699405670166,15089759,0.0,0.0
2023-10-18,29.68000030517578,30.229999542236328,29.110000610351562,29.1200008392334,28.866132736206055,15787195,0.0,0.0
2023-10-19,28.899999618530273,30.0,28.899999618530273,29.1200008392334,28.866132736206055,19729374,0.0,0.0
2023-10-20,29.100000381469727,29.299999237060547,28.329999923706055,28.450000762939453,28.20197296142578,18195644,0.0,0.0
2023-10-23,28.219999313354492,28.450000762939453,27.420000076293945,27.700000762939453,27.458511352539062,19324693,0.0,0.0
2023-10-24,27.700000762939453,28.65999984741211,27.31999969482422,28.280000686645508,28.03345489501953,20936850,0.0,0.0
2023-10-25,28.450000762939453,28.8700008392334,28.040000915527344,28.290000915527344,28.043367385864258,15254827,0.0,0.0
2023-10-26,28.100000381469727,28.5,27.719999313354492,28.079999923706055,27.8351993560791,15470286,0.0,0.0
2023-10-27,27.979999542236328,28.65999984741211,27.780000686645508,28.510000228881836,28.261449813842773,19462925,0.0,0.0
2023-10-30,28.600000381469727,30.729999542236328,28.559999465942383,30.610000610351562,30.343141555786133,50853794,0.0,0.0
2023-10-31,30.6200008392334,30.93000030517578,30.34000015258789,30.799999237060547,30.531484603881836,28114803,0.0,0.0
2023-11-01,30.610000610351562,31.049999237060547,30.420000076293945,30.579999923706055,30.31340217590332,16118068,0.0,0.0
2023-11-02,30.780000686645508,31.010000228881836,30.5,30.549999237060547,30.283662796020508,21628910,0.0,0.0
2023-11-03,30.559999465942383,31.3700008392334,30.450000762939453,31.280000686645508,31.00730323791504,28137381,0.0,0.0
2023-11-06,31.799999237060547,32.25,31.219999313354492,31.8799991607666,31.602067947387695,29800209,0.0,0.0
2023-11-07,31.709999084472656,32.349998474121094,31.65999984741211,32.27000045776367,31.988670349121094,24152189,0.0,0.0
2023-11-08,32.060001373291016,32.369998931884766,31.700000762939453,31.90999984741211,31.631807327270508,21041343,0.0,0.0
2023-11-09,31.989999771118164,32.2400016784668,31.399999618530273,31.56999969482422,31.29477310180664,21670980,0.0,0.0
2023-11-10,31.540000915527344,31.93000030517578,31.260000228881836,31.520000457763672,31.245206832885742,17057949,0.0,0.0
2023-11-13,31.700000762939453,31.75,31.219999313354492,31.540000915527344,31.26503562927246,14387402,0.0,0.0
2023-11-14,31.540000915527344,31.809999465942383,31.350000381469727,31.68000030517578,31.403812408447266,13518473,0.0,0.0
2023-11-15,31.979999542236328,32.220001220703125,31.600000381469727,31.809999465942383,31.532678604125977,19286610,0.0,0.0
2023-11-16,31.690000534057617,32.099998474121094,31.5,31.700000762939453,31.42363929748535,12322108,0.0,0.0
2023-11-17,31.649999618530273,32.119998931884766,31.530000686645508,31.969999313354492,31.6912841796875,16308305,0.0,0.0
2023-11-20,31.969999313354492,32.16999816894531,31.549999237060547,31.68000030517578,31.403812408447266,18187975,0.0,0.0
2023-11-21,31.68000030517578,32.77000045776367,31.530000686645508,31.690000534057617,31.413726806640625,29127901,0.0,0.0
2023-11-22,31.469999313354492,32.04999923706055,31.0,31.360000610351562,31.08660316467285,18138348,0.0,0.0
2023-11-23,31.389999389648438,31.729999542236328,31.030000686645508,31.5,31.22538185119629,17517130,0.0,0.0
2023-11-24,31.40999984741211,31.489999771118164,30.75,30.760000228881836,30.491832733154297,16604162,0.0,0.0
2023-11-27,30.559999465942383,30.950000762939453,30.40999984741211,30.8799991607666,30.61078643798828,14392762,0.0,0.0
2023-11-28,30.940000534057617,31.280000686645508,30.549999237060547,30.799999237060547,30.531484603881836,13235579,0.0,0.0
2023-11-29,30.790000915527344,31.25,30.709999084472656,30.780000686645508,30.511661529541016,13936801,0.0,0.0
2023-11-30,30.780000686645508,30.780000686645508,30.200000762939453,30.540000915527344,30.273752212524414,12320730,0.0,0.0
2023-12-01,30.450000762939453,30.68000030517578,30.18000030517578,30.540000915527344,30.273752212524414,11813061,0.0,0.0
2023-12-04,30.540000915527344,31.049999237060547,30.040000915527344,30.09000015258789,29.827674865722656,15121257,0.0,0.0
2023-12-05,30.06999969482422,30.06999969482422,29.31999969482422,29.440000534057617,29.18334197998047,15658076,0.0,0.0
2023-12-06,29.299999237060547,29.5,28.8799991607666,28.989999771118164,28.73726463317871,17023034,0.0,0.0
2023-12-07,29.030000686645508,29.170000076293945,28.56999969482422,28.719999313354492,28.46961784362793,16069643,0.0,0.0
2023-12-08,28.8700008392334,29.860000610351562,28.829999923706055,29.75,29.490638732910156,33888539,0.0,0.0
2023-12-11,29.450000762939453,30.299999237060547,29.100000381469727,30.200000762939453,29.936716079711914,23723060,0.0,0.0
2023-12-12,30.1299991607666,30.280000686645508,29.799999237060547,29.989999771118164,29.728548049926758,15228281,0.0,0.0
2023-12-13,29.899999618530273,30.049999237060547,29.600000381469727,29.770000457763672,29.510465621948242,10851022,0.0,0.0
2023-12-14,29.8799991607666,30.139999389648438,29.6299991607666,29.799999237060547,29.540203094482422,10927226,0.0,0.0
2023-12-15,29.510000228881836,29.829999923706055,29.34000015258789,29.469999313354492,29.21307945251465,9171177,0.0,0.0
2023-12-18,29.3700008392334,29.440000534057617,29.059999465942383,29.18000030517578,28.925607681274414,7831012,0.0,0.0
2023-12-19,29.15999984741211,29.5,28.93000030517578,29.200000762939453,28.945436477661133,11518295,0.0,0.0
2023-12-20,29.200000762939453,29.309999465942383,28.729999542236328,28.739999771118164,28.489442825317383,7820480,0.0,0.0
2023-12-21,28.600000381469727,29.09000015258789,28.559999465942383,28.8700008392334,28.61831283569336,12459460,0.0,0.0
2023-12-22,28.799999237060547,29.1200008392334,28.510000228881836,28.56999969482422,28.320924758911133,14107014,0.0,0.0
2023-12-25,28.399999618530273,28.920000076293945,28.399999618530273,28.790000915527344,28.53900909423828,10014090,0.0,0.0
2023-12-26,28.790000915527344,28.799999237060547,27.860000610351562,27.940000534057617,27.69641876220703,13572870,0.0,0.0
2023-12-27,27.940000534057617,28.65999984741211,27.90999984741211,28.600000381469727,28.350664138793945,14477722,0.0,0.0
2023-12-28,28.610000610351562,29.31999969482422,28.510000228881836,29.239999771118164,28.985084533691406,13953146,0.0,0.0
2023-12-29,29.260000228881836,29.920000076293945,29.219999313354492,29.860000610351562,29.599679946899414,17147857,0.0,0.0
2024-01-02,29.889999389648438,29.979999542236328,29.530000686645508,29.530000686645508,29.27255630493164,10266068,0.0,0.0
2024-01-03,29.40999984741211,29.549999237060547,27.65999984741211,27.979999542236328,27.736068725585938,28169627,0.0,0.0
2024-01-04,27.979999542236328,28.0,26.549999237060547,27.079999923706055,26.843915939331055,30149259,0.0,0.0
2024-01-05,26.989999771118164,27.389999389648438,26.559999465942383,26.729999542236328,26.496967315673828,16668022,0.0,0.0
2024-01-08,26.729999542236328,26.75,25.75,25.90999984741211,25.68411636352539,20775925,0.0,0.0
2024-01-09,26.110000610351562,26.43000030517578,25.43000030517578,25.780000686645508,25.555252075195312,23994809,0.0,0.0
2024-01-10,25.459999084472656,25.799999237060547,25.149999618530273,25.610000610351562,25.38673210144043,15568820,0.0,0.0
2024-01-11,25.610000610351562,26.170000076293945,25.3700008392334,26.0,25.773330688476562,16807071,0.0,0.0
2024-01-12,25.979999542236328,26.0,25.700000762939453,25.719999313354492,25.495771408081055,14440485,0.0,0.0
2024-01-15,25.469999313354492,26.459999084472656,25.399999618530273,26.1299991607666,25.902196884155273,19916189,0.0,0.0
2024-01-16,26.0,26.15999984741211,25.530000686645508,25.950000762939453,25.72376823425293,13836356,0.0,0.0
2024-01-17,25.969999313354492,26.079999923706055,25.030000686645508,25.030000686645508,24.81178855895996,15506726,0.0,0.0
2024-01-18,24.90999984741211,25.549999237060547,24.219999313354492,25.489999771118164,25.267776489257812,28435479,0.0,0.0
2024-01-19,25.579999923706055,26.6200008392334,25.56999969482422,26.139999389648438,25.912109375,29266447,0.0,0.0
2024-01-22,26.139999389648438,26.290000915527344,25.219999313354492,25.549999237060547,25.327255249023438,23251345,0.0,0.0
2024-01-23,25.229999542236328,25.75,24.959999084472656,25.440000534057617,25.21821403503418,20062657,0.0,0.0
2024-01-24,25.100000381469727,25.219999313354492,23.579999923706055,24.510000228881836,24.296321868896484,42082621,0.0,0.0
2024-01-25,24.399999618530273,25.75,24.100000381469727,25.719999313354492,25.495771408081055,28725283,0.0,0.0
2024-01-26,25.510000228881836,25.540000915527344,24.399999618530273,24.6200008392334,24.405363082885742,35976644,0.0,0.0
2024-01-29,24.6299991607666,24.920000076293945,23.75,23.940000534057617,23.731290817260742,23040534,0.0,0.0
2024-01-30,23.81999969482422,24.040000915527344,23.360000610351562,23.399999618530273,23.195999145507812,17128894,0.0,0.0
2024-01-31,23.25,23.510000228881836,22.399999618530273,22.479999542236328,22.28401756286621,23775162,0.0,0.0
2024-02-01,22.31999969482422,23.299999237060547,22.299999237060547,22.670000076293945,22.472362518310547,21220211,0.0,0.0
2024-02-02,22.809999465942383,23.030000686645508,21.0,21.780000686645508,21.59012222290039,28956629,0.0,0.0
2024-02-05,21.549999237060547,21.729999542236328,19.950000762939453,20.959999084472656,20.77726936340332,39428187,0.0,0.0
2024-02-06,20.799999237060547,22.75,20.6299991607666,22.68000030517578,22.482275009155273,30017778,0.0,0.0
2024-02-07,22.75,23.719999313354492,22.459999084472656,23.5,23.29512596130371,30097995,0.0,0.0
2024-02-08,23.68000030517578,24.65999984741211,23.610000610351562,23.979999542236328,23.77094268798828,24949117,0.0,0.0
2024-02-19,24.450000762939453,24.5,23.75,24.479999542236328,24.266582489013672,25579473,0.0,0.0
2024-02-20,24.229999542236328,24.260000228881836,23.75,24.1299991607666,23.919633865356445,24871962,0.0,0.0
2024-02-21,23.860000610351562,24.719999313354492,23.65999984741211,24.31999969482422,24.10797691345215,25343576,0.0,0.0
2024-02-22,24.31999969482422,25.100000381469727,24.31999969482422,24.989999771118164,24.772138595581055,31222631,0.0,0.0
2024-02-23,25.299999237060547,25.329999923706055,24.799999237060547,25.1299991607666,24.91091537475586,18196568,0.0,0.0
2024-02-26,25.010000228881836,25.43000030517578,24.8799991607666,25.079999923706055,24.861351013183594,18641594,0.0,0.0
2024-02-27,24.969999313354492,26.100000381469727,24.829999923706055,26.09000015258789,25.862548828125,30836642,0.0,0.0
2024-02-28,26.100000381469727,26.5,25.09000015258789,25.100000381469727,24.88117790222168,30445863,0.0,0.0
2024-02-29,25.020000457763672,26.209999084472656,24.979999542236328,26.15999984741211,25.931936264038086,26071647,0.0,0.0
2024-03-01,26.290000915527344,26.950000762939453,26.15999984741211,26.690000534057617,26.45731544494629,33344786,0.0,0.0
2024-03-04,26.81999969482422,28.489999771118164,26.81999969482422,27.889999389648438,27.646854400634766,54649779,0.0,0.0
2024-03-05,30.68000030517578,30.68000030517578,30.06999969482422,30.68000030517578,30.41253089904785,69420299,0.0,0.0
2024-03-06,30.450000762939453,30.450000762939453,28.68000030517578,28.8799991607666,28.62822151184082,109948493,0.0,0.0
2024-03-07,28.950000762939453,29.100000381469727,27.31999969482422,27.540000915527344,27.299907684326172,81709002,0.0,0.0
2024-03-08,27.559999465942383,29.1200008392334,27.3799991607666,28.989999771118164,28.73726463317871,77963216,0.0,0.0
2024-03-11,28.1299991607666,28.700000762939453,27.899999618530273,28.65999984741211,28.410140991210938,49158932,0.0,0.0
2024-03-12,28.549999237060547,29.6200008392334,28.3799991607666,28.780000686645508,28.529094696044922,49121232,0.0,0.0
2024-03-13,28.920000076293945,29.0,28.420000076293945,28.579999923706055,28.330839157104492,32004850,0.0,0.0
2024-03-14,28.100000381469727,28.5,27.690000534057617,27.959999084472656,27.71624183654785,32323379,0.0,0.0
2024-03-15,27.940000534057617,28.010000228881836,27.420000076293945,27.969999313354492,27.726158142089844,22144563,0.0,0.0
2024-03-18,28.280000686645508,28.739999771118164,28.079999923706055,28.739999771118164,28.489442825317383,31391198,0.0,0.0
2024-03-19,28.75,28.93000030517578,28.25,28.25,28.00371551513672,23735962,0.0,0.0
2024-03-20,28.25,28.25,28.25,28.25,28.00371551513672,0,0.0,0.0
2024-03-21,28.25,28.25,28.25,28.25,28.00371551513672,0,0.0,0.0
2024-03-22,28.25,28.25,28.25,28.25,28.00371551513672,0,0.0,0.0
2024-03-25,28.25,28.25,28.25,28.25,28.00371551513672,0,0.0,0.0
2024-03-26,28.25,28.25,28.25,28.25,28.00371551513672,0,0.0,0.0
2024-03-27,31.079999923706055,31.079999923706055,28.989999771118164,29.110000610351562,28.856216430664062,155192574,0.0,0.0
2024-03-28,28.190000534057617,30.0,27.110000610351562,29.030000686645508,28.776914596557617,97660197,0.0,0.0
2024-03-29,28.610000610351562,28.649999618530273,28.0,28.1299991607666,27.8847599029541,34638026,0.0,0.0
2024-04-01,28.0,28.59000015258789,27.350000381469727,28.1200008392334,27.87485122680664,57730811,0.0,0.0
2024-04-02,27.860000610351562,27.8700008392334,27.010000228881836,27.100000381469727,26.86374282836914,50767277,0.0,0.0
2024-04-03,27.18000030517578,27.690000534057617,27.020000457763672,27.18000030517578,26.94304656982422,33954170,0.0,0.0
2024-04-08,27.010000228881836,27.100000381469727,26.06999969482422,26.079999923706055,25.852632522583008,35619357,0.0,0.0
2024-04-09,25.90999984741211,26.299999237060547,25.670000076293945,26.209999084472656,25.98149871826172,24724518,0.0,0.0
2024-04-10,26.110000610351562,26.1200008392334,25.059999465942383,25.170000076293945,24.95056915283203,31428918,0.0,0.0
2024-04-11,25.010000228881836,25.790000915527344,25.010000228881836,25.389999389648438,25.16864776611328,29690847,0.0,0.0
2024-04-12,25.420000076293945,25.8799991607666,25.420000076293945,25.530000686645508,25.307430267333984,23272995,0.0,0.0
2024-04-15,25.479999542236328,26.049999237060547,25.209999084472656,25.739999771118164,25.51559829711914,31067843,0.0,0.0
2024-04-16,25.399999618530273,25.549999237060547,24.700000762939453,24.709999084472656,24.494577407836914,28588750,0.0,0.0
2024-04-17,24.81999969482422,25.6299991607666,24.81999969482422,25.59000015258789,25.366907119750977,26763846,0.0,0.0
2024-04-18,25.34000015258789,25.920000076293945,25.09000015258789,25.549999237060547,25.327255249023438,24053637,0.0,0.0
2024-04-19,25.280000686645508,25.360000610351562,24.360000610351562,24.540000915527344,24.326059341430664,33974875,0.0,0.0
2024-04-22,24.0,24.40999984741211,23.690000534057617,24.059999465942383,23.850242614746094,28116020,0.0,0.0
2024-04-23,24.149999618530273,24.479999542236328,23.389999389648438,23.520000457763672,23.314952850341797,28191859,0.0,0.0
2024-04-24,23.68000030517578,24.3799991607666,23.56999969482422,24.3799991607666,24.167455673217773,31266390,0.0,0.0
2024-04-25,23.700000762939453,24.65999984741211,23.290000915527344,24.309999465942383,24.098064422607422,36578124,0.0,0.0
2024-04-26,24.149999618530273,25.350000381469727,24.1299991607666,25.170000076293945,24.95056915283203,36348795,0.0,0.0
2024-04-29,25.309999465942383,26.25,25.200000762939453,26.200000762939453,25.971590042114258,38588237,0.0,0.0
2024-04-30,26.25,26.270000457763672,25.639999389648438,25.770000457763672,25.545337677001953,25777502,0.0,0.0
2024-05-06,26.200000762939453,26.760000228881836,26.190000534057617,26.68000030517578,26.447404861450195,36257230,0.0,0.0
2024-05-07,26.6200008392334,26.84000015258789,26.299999237060547,26.670000076293945,26.437490463256836,28693769,0.0,0.0
2024-05-08,26.65999984741211,26.8700008392334,26.1299991607666,26.200000762939453,25.971590042114258,21481762,0.0,0.0
2024-05-09,26.18000030517578,26.739999771118164,26.110000610351562,26.670000076293945,26.437490463256836,20653078,0.0,0.0
2024-05-10,26.75,26.959999084472656,26.149999618530273,26.229999542236328,26.001325607299805,26035281,0.0,0.0
2024-05-13,25.979999542236328,26.18000030517578,25.559999465942383,25.899999618530273,25.67420196533203,19476962,0.0,0.0
2024-05-14,25.940000534057617,26.43000030517578,25.889999389648438,25.950000762939453,25.72376823425293,18011711,0.0,0.0
2024-05-15,25.899999618530273,26.889999389648438,25.639999389648438,26.209999084472656,25.98149871826172,33783850,0.0,0.0
2024-05-16,26.299999237060547,26.399999618530273,25.799999237060547,25.84000015258789,25.614727020263672,26396400,0.0,0.0
2024-05-17,25.770000457763672,25.969999313354492,25.3799991607666,25.969999313354492,25.74359130859375,19137550,0.0,0.0
2024-05-20,26.399999618530273,26.489999771118164,25.920000076293945,26.110000610351562,25.882373809814453,20681388,0.0,0.0
2024-05-21,26.0,26.100000381469727,25.799999237060547,25.899999618530273,25.67420196533203,12143053,0.0,0.0
2024-05-22,25.90999984741211,26.100000381469727,25.670000076293945,26.030000686645508,25.803070068359375,19531367,0.0,0.0
2024-05-23,26.059999465942383,26.059999465942383,25.3700008392334,25.389999389648438,25.16864776611328,21560893,0.0,0.0
2024-05-24,25.06999969482422,25.489999771118164,24.479999542236328,24.530000686645508,24.316146850585938,25293568,0.0,0.0
2024-05-27,24.5,25.15999984741211,24.010000228881836,25.1299991607666,24.91091537475586,31274579,0.0,0.0
2024-05-28,25.280000686645508,26.18000030517578,25.06999969482422,25.149999618530273,24.930740356445312,40992614,0.0,0.0
2024-05-29,25.100000381469727,25.3700008392334,24.959999084472656,25.209999084472656,24.990217208862305,22817121,0.0,0.0
2024-05-30,25.0,26.219999313354492,24.829999923706055,26.079999923706055,25.852632522583008,50364897,0.0,0.0
2024-05-31,26.0,26.299999237060547,25.75,25.969999313354492,25.74359130859375,30881281,0.0,0.0
2024-06-03,25.979999542236328,26.979999542236328,25.979999542236328,26.84000015258789,26.606006622314453,58122735,0.0,0.0
2024-06-04,26.950000762939453,26.950000762939453,26.40999984741211,26.850000381469727,26.615922927856445,34899344,0.0,0.0
2024-06-05,26.75,27.760000228881836,26.700000762939453,27.219999313354492,26.982694625854492,49591444,0.0,0.0
2024-06-06,27.399999618530273,28.18000030517578,27.399999618530273,27.950000762939453,27.706331253051758,65473529,0.0,0.0
2024-06-07,27.850000381469727,28.239999771118164,27.43000030517578,27.75,27.508075714111328,46276244,0.0,0.0
2024-06-11,27.8799991607666,28.75,27.760000228881836,28.6299991607666,28.380401611328125,53878194,0.0,0.0
2024-06-12,28.670000076293945,30.299999237060547,28.670000076293945,28.84000015258789,28.588573455810547,89341382,0.0,0.0
2024-06-13,29.200000762939453,29.899999618530273,29.049999237060547,29.1200008392334,28.866132736206055,62291355,0.0,0.0
2024-06-14,29.149999618530273,29.290000915527344,28.68000030517578,29.049999237060547,28.796741485595703,48979129,0.0,0.0
2024-06-17,29.049999237060547,31.899999618530273,28.75,31.280000686645508,31.00730323791504,98033148,0.0,0.0
2024-06-18,31.200000762939453,31.40999984741211,30.809999465942383,31.399999618530273,31.126253128051758,58095648,0.0,0.0
2024-06-19,31.299999237060547,32.02000045776367,31.049999237060547,31.75,31.473201751708984,73979582,0.0,0.0
2024-06-20,31.299999237060547,31.8799991607666,30.93000030517578,31.079999923706055,30.809045791625977,53015408,0.0,0.0
2024-06-21,30.6299991607666,31.25,30.239999771118164,31.0,30.7297420501709,38197822,0.0,0.0
2024-06-24,30.969999313354492,31.799999237060547,30.799999237060547,30.989999771118164,30.71982765197754,55817070,0.0,0.0
2024-06-25,30.809999465942383,31.399999618530273,29.639999389648438,30.0,29.73845863342285,64186820,0.0,0.0
2024-06-26,30.190000534057617,31.84000015258789,29.690000534057617,31.329999923706055,31.05686378479004,51769877,0.0,0.0
2024-06-27,31.209999084472656,32.599998474121094,31.020000457763672,31.43000030517578,31.255754470825195,66167038,0.1,0.0
2024-06-28,31.200000762939453,31.969999313354492,30.959999084472656,31.709999084472656,31.53420066833496,45139177,0.0,0.0
2024-07-01,31.510000228881836,31.75,30.56999969482422,31.3700008392334,31.196088790893555,35581085,0.0,0.0
2024-07-02,31.299999237060547,31.6200008392334,30.559999465942383,30.709999084472656,30.53974723815918,28876433,0.0,0.0
2024-07-03,30.770000457763672,32.81999969482422,30.510000228881836,32.380001068115234,32.20048904418945,69087700,0.0,0.0
2024-07-04,32.11000061035156,32.54999923706055,31.700000762939453,31.850000381469727,31.67342758178711,40098154,0.0,0.0
2024-07-05,31.850000381469727,31.850000381469727,31.850000381469727,31.850000381469727,31.67342758178711,0,0.0,0.0
2024-07-08,31.5,31.889999389648438,31.139999389648438,31.219999313354492,31.046918869018555,28901833,0.0,0.0
2024-07-09,31.1299991607666,33.27000045776367,30.90999984741211,33.11000061035156,32.92644119262695,70699687,0.0,0.0
2024-07-10,32.810001373291016,33.189998626708984,32.599998474121094,32.779998779296875,32.598270416259766,36498850,0.0,0.0
2024-07-11,33.29999923706055,34.18000030517578,32.7400016784668,33.709999084472656,33.52311325073242,60189065,0.0,0.0
2024-07-12,33.29999923706055,33.709999084472656,32.79999923706055,33.56999969482422,33.38389205932617,32869951,0.0,0.0
2024-07-15,33.47999954223633,34.95000076293945,33.36000061035156,34.75,34.557350158691406,52764186,0.0,0.0
2024-07-16,34.29999923706055,36.189998626708984,34.29999923706055,36.029998779296875,35.83024978637695,65916686,0.0,0.0
2024-07-17,35.869998931884766,36.70000076293945,34.34000015258789,34.66999816894531,34.47779083251953,61715559,0.0,0.0
2024-07-18,34.0,35.68000030517578,32.93000030517578,35.29999923706055,35.10429763793945,80754116,0.0,0.0
2024-07-19,34.29999923706055,35.59000015258789,33.29999923706055,35.11000061035156,34.91535186767578,69429222,0.0,0.0
2024-07-22,35.0,36.11000061035156,34.880001068115234,35.75,35.55180740356445,44491626,0.0,0.0
2024-07-23,35.4900016784668,35.4900016784668,33.63999938964844,33.68000030517578,33.493282318115234,57165514,0.0,0.0
2024-07-24,33.599998474121094,34.38999938964844,33.310001373291016,33.79999923706055,33.61261749267578,45167461,0.0,0.0
2024-07-25,33.400001525878906,33.400001525878906,31.799999237060547,32.09000015258789,31.91209602355957,56613329,0.0,0.0
2024-07-26,32.29999923706055,32.540000915527344,31.68000030517578,32.20000076293945,32.021488189697266,32232940,0.0,0.0
2024-07-29,32.349998474121094,33.70000076293945,32.08000183105469,32.54999923706055,32.369544982910156,38477423,0.0,0.0
2024-07-30,32.310001373291016,32.90999984741211,31.829999923706055,32.81999969482422,32.63805389404297,31691240,0.0,0.0
2024-07-31,32.599998474121094,33.7400016784668,32.34000015258789,33.38999938964844,33.20488739013672,39575527,0.0,0.0
2024-08-01,33.79999923706055,34.34000015258789,33.43000030517578,33.91999816894531,33.73195266723633,36093437,0.0,0.0
2024-08-02,33.25,33.45000076293945,32.08000183105469,32.220001220703125,32.041378021240234,45946800,0.0,0.0
2024-08-05,31.780000686645508,32.02000045776367,29.639999389648438,29.790000915527344,29.624849319458008,71875553,0.0,0.0
2024-08-06,30.5,30.649999618530273,29.5,30.049999237060547,29.883405685424805,33041806,0.0,0.0
2024-08-07,30.010000228881836,30.219999313354492,29.420000076293945,29.56999969482422,29.40606689453125,28718381,0.0,0.0
2024-08-08,29.25,30.780000686645508,29.18000030517578,30.1299991607666,29.962961196899414,37092815,0.0,0.0
2024-08-09,30.799999237060547,31.360000610351562,30.600000381469727,30.850000381469727,30.678970336914062,39786411,0.0,0.0
2024-08-12,30.829999923706055,31.229999542236328,30.6299991607666,30.8799991607666,30.708803176879883,20015396,0.0,0.0
2024-08-13,30.850000381469727,31.579999923706055,30.719999313354492,31.389999389648438,31.21597671508789,22658598,0.0,0.0
2024-08-14,31.510000228881836,31.540000915527344,30.899999618530273,31.020000457763672,30.84803009033203,19643326,0.0,0.0
2024-08-15,30.809999465942383,31.3700008392334,30.459999084472656,30.649999618530273,30.480077743530273,25701461,0.0,0.0
2024-08-16,30.81999969482422,31.25,30.5,30.6200008392334,30.450244903564453,18083146,0.0,0.0
2024-08-19,30.350000381469727,31.299999237060547,30.200000762939453,30.860000610351562,30.688915252685547,22599586,0.0,0.0
2024-08-20,30.860000610351562,31.100000381469727,30.15999984741211,30.360000610351562,30.191686630249023,18496648,0.0,0.0
2024-08-21,30.200000762939453,31.290000915527344,30.100000381469727,30.579999923706055,30.41046714782715,23664005,0.0,0.0
2024-08-22,30.549999237060547,30.549999237060547,29.809999465942383,30.15999984741211,29.992795944213867,20335346,0.0,0.0
2024-08-23,29.920000076293945,30.739999771118164,29.899999618530273,30.56999969482422,30.400524139404297,18613563,0.0,0.0
2024-08-26,31.149999618530273,32.279998779296875,31.030000686645508,31.260000228881836,31.086698532104492,39570993,0.0,0.0
2024-08-27,31.299999237060547,31.299999237060547,30.0,30.100000381469727,29.933128356933594,28288728,0.0,0.0
2024-08-28,30.010000228881836,30.3799991607666,29.809999465942383,30.149999618530273,29.982851028442383,17321353,0.0,0.0
2024-08-29,29.84000015258789,31.09000015258789,29.729999542236328,30.920000076293945,30.74858283996582,26946028,0.0,0.0
2024-08-30,30.729999542236328,33.08000183105469,30.729999542236328,32.650001525878906,32.468994140625,50763389,0.0,0.0
2024-09-02,32.529998779296875,32.75,30.979999542236328,31.030000686645508,30.857975006103516,38364191,0.0,0.0
2024-09-03,30.950000762939453,31.299999237060547,30.709999084472656,31.010000228881836,30.838083267211914,24378379,0.0,0.0
2024-09-04,30.31999969482422,30.729999542236328,30.0,30.479999542236328,30.311023712158203,20891904,0.0,0.0
2024-09-05,30.59000015258789,30.790000915527344,30.170000076293945,30.450000762939453,30.281190872192383,18562096,0.0,0.0
2024-09-06,30.459999084472656,30.559999465942383,29.760000228881836,29.770000457763672,29.604957580566406,19181870,0.0,0.0
2024-09-09,29.559999465942383,30.020000457763672,29.219999313354492,29.420000076293945,29.256898880004883,21261796,0.0,0.0
2024-09-10,29.469999313354492,29.700000762939453,28.860000610351562,29.59000015258789,29.425954818725586,23261334,0.0,0.0
2024-09-11,29.510000228881836,29.729999542236328,29.149999618530273,29.31999969482422,29.157453536987305,14258994,0.0,0.0
2024-09-12,29.65999984741211,29.729999542236328,29.040000915527344,29.059999465942383,28.898895263671875,14067554,0.0,0.0
2024-09-13,29.010000228881836,29.8700008392334,28.889999389648438,28.959999084472656,28.799448013305664,23338931,0.0,0.0
2024-09-18,29.0,29.1299991607666,27.43000030517578,27.780000686645508,27.625993728637695,43767481,0.0,0.0
2024-09-19,28.06999969482422,28.3799991607666,27.610000610351562,27.8700008392334,27.71549415588379,29885978,0.0,0.0
2024-09-20,27.920000076293945,28.290000915527344,27.469999313354492,28.059999465942383,27.904438018798828,24474454,0.0,0.0
2024-09-23,28.059999465942383,28.600000381469727,27.719999313354492,27.790000915527344,27.635936737060547,24387765,0.0,0.0
2024-09-24,28.079999923706055,29.020000457763672,27.5,29.0,28.8392276763916,43369718,0.0,0.0
2024-09-25,29.25,30.329999923706055,29.229999542236328,29.799999237060547,29.634790420532227,53343197,0.0,0.0
2024-09-26,29.809999465942383,30.6299991607666,29.600000381469727,30.6200008392334,30.450244903564453,41591105,0.0,0.0
2024-09-27,30.979999542236328,32.130001068115234,30.780000686645508,32.119998931884766,31.941930770874023,29463744,0.0,0.0
2024-09-30,33.75,35.33000183105469,32.90999984741211,35.33000183105469,35.13413619995117,89256281,0.0,0.0
2024-10-08,38.86000061035156,38.86000061035156,37.54999923706055,38.86000061035156,38.64456558227539,66960473,0.0,0.0
2024-10-09,39.93000030517578,42.0,37.790000915527344,39.29999923706055,39.082122802734375,165205135,0.0,0.0
2024-10-10,39.31999969482422,39.81999969482422,36.150001525878906,38.16999816894531,37.95838928222656,95675959,0.0,0.0
2024-10-11,37.619998931884766,38.68000030517578,36.02000045776367,36.54999923706055,36.34737014770508,68346194,0.0,0.0
2024-10-14,36.54999923706055,37.5,35.560001373291016,37.439998626708984,37.23243713378906,63249879,0.0,0.0
2024-10-15,37.43000030517578,39.4900016784668,36.95000076293945,37.86000061035156,37.650108337402344,84398234,0.0,0.0
2024-10-16,36.7599983215332,37.86000061035156,36.54999923706055,37.18000030517578,36.973876953125,45855171,0.0,0.0
2024-10-17,37.720001220703125,37.9900016784668,37.0,37.0,36.79487609863281,44447297,0.0,0.0
2024-10-18,37.150001525878906,40.70000076293945,37.130001068115234,40.029998779296875,39.808074951171875,118700834,0.0,0.0
2024-10-21,41.0,41.70000076293945,39.86000061035156,39.95000076293945,39.728519439697266,146009015,0.0,0.0
2024-10-22,39.380001068115234,39.97999954223633,38.630001068115234,38.97999954223633,38.76390075683594,86272802,0.0,0.0
2024-10-23,38.9900016784668,39.279998779296875,38.279998779296875,38.65999984741211,38.44567108154297,71764485,0.0,0.0
2024-10-24,38.38999938964844,39.09000015258789,38.209999084472656,38.650001525878906,38.43572998046875,51954243,0.0,0.0
2024-10-25,38.77000045776367,39.25,38.290000915527344,39.09000015258789,38.873291015625,55396443,0.0,0.0
2024-10-28,38.93000030517578,38.93000030517578,37.5,38.52000045776367,38.306453704833984,73570970,0.0,0.0
2024-10-29,38.529998779296875,39.88999938964844,38.040000915527344,38.619998931884766,38.4058952331543,88662432,0.0,0.0
2024-10-30,38.20000076293945,38.97999954223633,37.70000076293945,38.2599983215332,38.04788589477539,64495578,0.0,0.0
2024-10-31,38.150001525878906,40.79999923706055,37.61000061035156,39.91999816894531,39.69868850708008,117597573,0.0,0.0
2024-11-01,41.900001525878906,41.900001525878906,38.5,38.59000015258789,38.376060485839844,113728682,0.0,0.0
2024-11-04,38.599998474121094,39.5,38.099998474121094,38.849998474121094,38.634620666503906,60254633,0.0,0.0
2024-11-05,38.86000061035156,41.36000061035156,38.54999923706055,41.06999969482422,40.842315673828125,119830445,0.0,0.0
2024-11-06,41.099998474121094,45.150001525878906,40.70000076293945,43.560001373291016,43.318511962890625,165675041,0.0,0.0
2024-11-07,42.599998474121094,44.25,41.75,43.83000183105469,43.58700942993164,118829163,0.0,0.0
2024-11-08,44.790000915527344,45.689998626708984,43.4900016784668,43.61000061035156,43.36823654174805,119651640,0.0,0.0
2024-11-11,44.959999084472656,47.91999816894531,44.52000045776367,46.54999923706055,46.29193115234375,132303030,0.0,0.0
2024-11-12,46.58000183105469,47.54999923706055,45.0099983215332,46.099998474121094,45.844425201416016,99999906,0.0,0.0
2024-11-13,45.619998931884766,45.709999084472656,43.7400016784668,44.34000015258789,44.09418487548828,87731005,0.0,0.0
2024-11-14,44.72999954223633,45.209999084472656,43.0099983215332,43.09000015258789,42.85111618041992,72183784,0.0,0.0
2024-11-15,43.880001068115234,46.45000076293945,43.0099983215332,43.189998626708984,42.950557708740234,108336661,0.0,0.0
2024-11-18,42.290000915527344,42.83000183105469,40.36000061035156,40.7599983215332,40.53403091430664,85193216,0.0,0.0
2024-11-19,40.70000076293945,42.11000061035156,40.45000076293945,41.97999954223633,41.74726486206055,63771141,0.0,0.0
2024-11-20,41.959999084472656,41.9900016784668,40.90999984741211,41.630001068115234,41.399208068847656,58461353,0.0,0.0
2024-11-21,41.5,41.529998779296875,40.66999816894531,41.04999923706055,40.822418212890625,55671938,0.0,0.0
2024-11-22,41.04999923706055,41.5,38.83000183105469,38.91999816894531,38.70423126220703,70601205,0.0,0.0
2024-11-25,38.880001068115234,39.09000015258789,36.900001525878906,37.720001220703125,37.51088333129883,72806217,0.0,0.0
2024-11-26,37.7400016784668,38.5,37.47999954223633,37.56999969482422,37.36171340942383,40512291,0.0,0.0
2024-11-27,37.439998626708984,38.16999816894531,36.81999969482422,38.15999984741211,37.948448181152344,53150689,0.0,0.0
2024-11-28,38.18000030517578,39.189998626708984,37.790000915527344,38.369998931884766,38.15727996826172,57574427,0.0,0.0
2024-11-29,38.29999923706055,39.54999923706055,37.83000183105469,38.97999954223633,38.76390075683594,56235191,0.0,0.0
2024-12-02,39.189998626708984,40.5,39.189998626708984,40.189998626708984,39.96718978881836,63726890,0.0,0.0
2024-12-03,40.22999954223633,40.959999084472656,39.279998779296875,39.72999954223633,39.509742736816406,58213636,0.0,0.0
2024-12-04,40.58000183105469,40.83000183105469,39.279998779296875,39.29999923706055,39.082122802734375,51648404,0.0,0.0
2024-12-05,39.09000015258789,39.77000045776367,39.0,39.310001373291016,39.092071533203125,31240889,0.0,0.0
2024-12-06,39.33000183105469,39.95000076293945,38.849998474121094,39.560001373291016,39.3406867980957,45811564,0.0,0.0
2024-12-09,39.54999923706055,39.54999923706055,38.29999923706055,38.630001068115234,38.41584014892578,36837191,0.0,0.0
2024-12-10,39.83000183105469,39.97999954223633,38.439998626708984,38.54999923706055,38.336280822753906,45442658,0.0,0.0
2024-12-11,38.36000061035156,38.790000915527344,38.04999923706055,38.459999084472656,38.24678421020508,38879681,0.0,0.0
2024-12-12,38.45000076293945,38.709999084472656,38.0099983215332,38.58000183105469,38.366119384765625,34320584,0.0,0.0
2024-12-13,38.5,38.65999984741211,37.900001525878906,38.0,37.78933334350586,41236742,0.0,0.0
2024-12-16,38.0099983215332,38.56999969482422,37.650001525878906,37.84000015258789,37.630218505859375,34638305,0.0,0.0
2024-12-17,37.68000030517578,38.36000061035156,37.59000015258789,37.7400016784668,37.5307731628418,31836121,0.0,0.0
2024-12-18,37.900001525878906,38.43000030517578,37.52000045776367,38.189998626708984,37.978275299072266,41970266,0.0,0.0
2024-12-19,37.619998931884766,39.0,37.5099983215332,38.869998931884766,38.65450668334961,61115916,0.0,0.0
2024-12-20,38.79999923706055,40.54999923706055,38.380001068115234,39.97999954223633,39.75835418701172,93949507,0.0,0.0
2024-12-23,40.0,40.20000076293945,38.849998474121094,39.029998779296875,38.813621520996094,57373972,0.0,0.0
2024-12-24,39.099998474121094,39.290000915527344,38.04999923706055,39.2400016784668,39.022457122802734,50299365,0.0,0.0
2024-12-25,39.25,39.45000076293945,38.709999084472656,38.93000030517578,38.714176177978516,34364702,0.0,0.0
2024-12-26,38.79999923706055,40.099998474121094,38.689998626708984,39.93000030517578,39.70863342285156,61167992,0.0,0.0
2024-12-27,39.68000030517578,41.52000045776367,39.68000030517578,40.45000076293945,40.22574996948242,94710175,0.0,0.0
2024-12-30,41.5,43.47999954223633,41.0,42.970001220703125,42.731781005859375,150542962,0.0,0.0
2024-12-31,42.97999954223633,43.08000183105469,40.849998474121094,40.86000061035156,40.63347625732422,95529516,0.0,0.0
2025-01-02,40.86000061035156,40.91999816894531,37.77000045776367,38.22999954223633,38.01805877685547,87935179,0.0,0.0
2025-01-03,38.13999938964844,38.369998931884766,36.22999954223633,36.36000061035156,36.15842819213867,62704464,0.0,0.0
2025-01-06,36.20000076293945,36.9900016784668,35.349998474121094,35.65999984741211,35.462303161621094,41407243,0.0,0.0
2025-01-07,35.9900016784668,37.400001525878906,35.77000045776367,37.369998931884766,37.16282653808594,50876906,0.0,0.0
2025-01-08,36.880001068115234,37.4900016784668,35.88999938964844,36.959999084472656,36.755096435546875,49484894,0.0,0.0
2025-01-09,36.709999084472656,38.08000183105469,36.61000061035156,37.689998626708984,37.48105239868164,52990529,0.0,0.0
2025-01-10,37.70000076293945,41.459999084472656,37.689998626708984,40.08000183105469,39.85780334472656,182273195,0.0,0.0
2025-01-13,39.400001525878906,40.08000183105469,38.349998474121094,38.900001525878906,38.68434143066406,103905994,0.0,0.0
2025-01-14,39.04999923706055,40.65999984741211,38.119998931884766,40.599998474121094,40.37491989135742,119725549,0.0,0.0
2025-01-15,40.040000915527344,40.720001220703125,39.630001068115234,39.9900016784668,39.76830291748047,70548592,0.0,0.0
2025-01-16,41.06999969482422,41.9900016784668,39.5099983215332,40.09000015258789,39.86774444580078,94068194,0.0,0.0
2025-01-17,39.5099983215332,41.47999954223633,39.400001525878906,40.38999938964844,40.166080474853516,85723252,0.0,0.0
2025-01-20,40.599998474121094,42.20000076293945,40.29999923706055,41.619998931884766,41.38926315307617,96494727,0.0,0.0
2025-01-21,41.70000076293945,42.0,40.790000915527344,41.290000915527344,41.061092376708984,81146850,0.0,0.0
2025-01-22,40.83000183105469,41.29999923706055,40.209999084472656,40.810001373291016,40.5837516784668,62149767,0.0,0.0
2025-01-23,41.459999084472656,41.54999923706055,39.400001525878906,39.400001525878906,39.18157196044922,78506547,0.0,0.0
2025-01-24,39.220001220703125,40.970001220703125,39.189998626708984,40.630001068115234,40.40475082397461,72123651,0.0,0.0
2025-01-27,40.599998474121094,40.630001068115234,38.79999923706055,38.83000183105469,38.6147346496582,59484262,0.0,0.0
2025-02-05,39.869998931884766,40.18000030517578,39.189998626708984,39.59000015258789,39.370513916015625,47860522,0.0,0.0
2025-02-06,39.5,42.31999969482422,39.29999923706055,42.279998779296875,42.04560470581055,106010157,0.0,0.0
2025-02-07,42.20000076293945,42.90999984741211,41.20000076293945,41.91999816894531,41.687599182128906,104597670,0.0,0.0
2025-02-10,42.0,42.25,41.209999084472656,41.529998779296875,41.29976272583008,62393649,0.0,0.0
2025-02-11,41.529998779296875,41.650001525878906,40.41999816894531,40.599998474121094,40.37491989135742,59632909,0.0,0.0
2025-02-12,40.5,41.54999923706055,40.40999984741211,41.459999084472656,41.23015213012695,78489198,0.0,0.0
2025-02-13,41.0099983215332,41.099998474121094,40.099998474121094,40.11000061035156,39.88763427734375,62328034,0.0,0.0
2025-02-14,40.0,40.5,39.459999084472656,40.2599983215332,40.036800384521484,51550462,0.0,0.0
2025-02-17,40.2599983215332,40.650001525878906,40.08000183105469,40.5099983215332,40.2854118347168,57602893,0.0,0.0
2025-02-18,40.5,41.130001068115234,39.0,39.099998474121094,38.88323211669922,72281454,0.0,0.0
2025-02-19,38.9900016784668,40.18000030517578,38.900001525878906,40.06999969482422,39.84785842895508,71031278,0.0,0.0
2025-02-20,39.81999969482422,39.91999816894531,38.7599983215332,39.34000015258789,39.12190246582031,64230093,0.0,0.0
2025-02-21,39.380001068115234,40.95000076293945,39.18000030517578,40.65999984741211,40.43458557128906,100093314,0.0,0.0
2025-02-24,40.7400016784668,41.22999954223633,40.0099983215332,40.83000183105469,40.6036491394043,86005960,0.0,0.0
2025-02-25,40.18000030517578,41.34000015258789,40.099998474121094,40.18000030517578,39.957244873046875,77985541,0.0,0.0
2025-02-26,40.150001525878906,40.349998474121094,39.529998779296875,40.08000183105469,39.85780334472656,61256307,0.0,0.0
2025-02-27,40.08000183105469,40.130001068115234,38.880001068115234,39.099998474121094,38.88323211669922,61083242,0.0,0.0
2025-02-28,38.849998474121094,38.95000076293945,37.27000045776367,37.290000915527344,37.08327102661133,69003266,0.0,0.0
2025-03-03,37.36000061035156,37.84000015258789,36.900001525878906,37.27000045776367,37.063377380371094,40867370,0.0,0.0
2025-03-04,36.900001525878906,37.880001068115234,36.83000183105469,37.79999923706055,37.59043884277344,39461583,0.0,0.0
2025-03-05,37.79999923706055,38.18000030517578,37.40999984741211,37.720001220703125,37.51088333129883,29633866,0.0,0.0
2025-03-06,37.97999954223633,38.459999084472656,37.900001525878906,38.380001068115234,38.1672248840332,45002504,0.0,0.0
2025-03-07,38.20000076293945,38.20000076293945,37.400001525878906,37.70000076293945,37.490997314453125,45007393,0.0,0.0
2025-03-10,37.599998474121094,37.88999938964844,37.15999984741211,37.400001525878906,37.19266128540039,27826080,0.0,0.0
2025-03-11,36.93000030517578,37.58000183105469,36.810001373291016,37.45000076293945,37.24238204956055,23514608,0.0,0.0
2025-03-12,37.58000183105469,37.849998474121094,37.33000183105469,37.43000030517578,37.22249221801758,31145238,0.0,0.0
2025-03-13,37.349998474121094,37.400001525878906,36.540000915527344,36.72999954223633,36.526371002197266,33462668,0.0,0.0
2025-03-14,36.70000076293945,37.529998779296875,36.630001068115234,37.400001525878906,37.19266128540039,35415486,0.0,0.0
2025-03-17,37.619998931884766,37.689998626708984,37.130001068115234,37.31999969482422,37.113101959228516,24031759,0.0,0.0
2025-03-18,37.38999938964844,37.880001068115234,37.38999938964844,37.5099983215332,37.30204391479492,25760605,0.0,0.0
2025-03-19,37.5,37.5,37.04999923706055,37.16999816894531,36.963932037353516,21358982,0.0,0.0
2025-03-20,37.18000030517578,37.279998779296875,36.97999954223633,37.0099983215332,36.8048210144043,20606993,0.0,0.0
2025-03-21,36.90999984741211,37.040000915527344,36.099998474121094,36.2599983215332,36.05897521972656,31276901,0.0,0.0
2025-03-24,36.25,36.619998931884766,35.529998779296875,36.599998474121094,36.3970947265625,28007676,0.0,0.0
2025-03-25,36.599998474121094,36.599998474121094,35.97999954223633,36.0099983215332,35.81036376953125,18953827,0.0,0.0
2025-03-26,35.900001525878906,36.2400016784668,35.880001068115234,35.91999816894531,35.720863342285156,15049044,0.0,0.0
2025-03-27,35.81999969482422,36.400001525878906,35.540000915527344,36.04999923706055,35.85014343261719,19578611,0.0,0.0
2025-03-28,36.099998474121094,36.2400016784668,35.880001068115234,35.900001525878906,35.70097732543945,15185811,0.0,0.0
2025-03-31,35.849998474121094,36.09000015258789,34.43000030517578,35.0099983215332,34.8159065246582,32509962,0.0,0.0
2025-04-01,35.0,35.20000076293945,34.86000061035156,35.0,34.80596160888672,17271525,0.0,0.0
2025-04-02,35.0099983215332,35.31999969482422,34.93000030517578,35.22999954223633,35.03468704223633,15112534,0.0,0.0
2025-04-03,34.97999954223633,35.29999923706055,34.06999969482422,34.369998931884766,34.1794548034668,27634501,0.0,0.0
2025-04-07,31.309999465942383,32.400001525878906,30.93000030517578,30.93000030517578,30.758527755737305,41439780,0.0,0.0
2025-04-08,30.93000030517578,31.290000915527344,29.079999923706055,30.0,29.833683013916016,73055334,0.0,0.0
2025-04-09,29.5,31.309999465942383,28.899999618530273,31.079999923706055,30.907695770263672,68987230,0.0,0.0
2025-04-10,32.0,32.970001220703125,31.600000381469727,31.959999084472656,31.782817840576172,59010878,0.0,0.0
2025-04-11,31.959999084472656,34.130001068115234,31.860000610351562,33.349998474121094,33.16511154174805,70133598,0.0,0.0
2025-04-14,34.400001525878906,34.400001525878906,33.099998474121094,33.349998474121094,33.16511154174805,48566543,0.0,0.0
2025-04-15,33.150001525878906,33.2400016784668,32.65999984741211,32.849998474121094,32.66788101196289,24396093,0.0,0.0
2025-04-16,32.869998931884766,33.06999969482422,32.20000076293945,32.849998474121094,32.66788101196289,27052313,0.0,0.0
2025-04-17,32.599998474121094,33.150001525878906,32.5,32.79999923706055,32.61815643310547,21627245,0.0,0.0
2025-04-18,32.599998474121094,32.86000061035156,32.34000015258789,32.79999923706055,32.61815643310547,16523801,0.0,0.0
2025-04-21,32.79999923706055,33.18000030517578,32.630001068115234,33.150001525878906,32.96622085571289,18495558,0.0,0.0
2025-04-22,33.150001525878906,33.150001525878906,32.70000076293945,32.77000045776367,32.58832931518555,20290436,0.0,0.0
2025-04-23,32.93000030517578,33.25,32.79999923706055,33.11000061035156,32.92644119262695,23087384,0.0,0.0
2025-04-24,33.22999954223633,33.22999954223633,32.599998474121094,32.810001373291016,32.62810516357422,17623421,0.0,0.0
2025-04-25,32.83000183105469,33.22999954223633,32.70000076293945,33.0,32.81705093383789,19388698,0.0,0.0
2025-04-28,33.0,33.09000015258789,32.68000030517578,32.720001220703125,32.538604736328125,15020036,0.0,0.0
2025-04-29,32.900001525878906,33.06999969482422,32.650001525878906,33.02000045776367,32.83694076538086,18541014,0.0,0.0
2025-04-30,33.04999923706055,33.65999984741211,32.939998626708984,33.43000030517578,33.24467086791992,27866729,0.0,0.0
2025-05-06,33.630001068115234,34.34000015258789,33.630001068115234,34.31999969482422,34.129730224609375,33288837,0.0,0.0
2025-05-07,35.0,35.02000045776367,33.86000061035156,34.22999954223633,34.04023361206055,33681437,0.0,0.0
2025-05-08,34.02000045776367,34.33000183105469,33.95000076293945,34.27000045776367,34.08000946044922,20321515,0.0,0.0
2025-05-09,34.27000045776367,34.27000045776367,33.52000045776367,33.689998626708984,33.50322723388672,19535161,0.0,0.0
2025-05-12,34.0,34.25,33.97999954223633,34.150001525878906,33.96067810058594,21762942,0.0,0.0
2025-05-13,34.599998474121094,34.599998474121094,33.95000076293945,34.06999969482422,33.88111877441406,20775851,0.0,0.0
2025-05-14,34.029998779296875,34.34000015258789,33.970001220703125,34.22999954223633,34.04023361206055,19153032,0.0,0.0
2025-05-15,34.349998474121094,34.349998474121094,33.43000030517578,33.470001220703125,33.284446716308594,21190090,0.0,0.0
2025-05-16,33.599998474121094,33.83000183105469,33.380001068115234,33.68000030517578,33.493282318115234,13870500,0.0,0.0
2025-05-19,33.5,33.75,32.90999984741211,33.459999084472656,33.27450180053711,18411103,0.0,0.0
2025-05-20,33.5,33.59000015258789,33.29999923706055,33.34000015258789,33.15516662597656,16244582,0.0,0.0
2025-05-21,33.349998474121094,33.349998474121094,33.0,33.06999969482422,32.88666534423828,14570379,0.0,0.0
2025-05-22,33.06999969482422,33.45000076293945,32.81999969482422,32.88999938964844,32.707664489746094,16736358,0.0,0.0
2025-05-23,33.209999084472656,33.2599983215332,32.599998474121094,32.630001068115234,32.449100494384766,21606167,0.0,0.0
2025-05-26,32.70000076293945,32.95000076293945,32.599998474121094,32.790000915527344,32.60821533203125,13996750,0.0,0.0
2025-05-27,32.70000076293945,32.70000076293945,32.29999923706055,32.349998474121094,32.170658111572266,12079122,0.0,0.0
2025-05-28,32.5,32.5,32.02000045776367,32.060001373291016,31.882265090942383,11266254,0.0,0.0
2025-05-29,32.06999969482422,32.70000076293945,32.060001373291016,32.689998626708984,32.508766174316406,17938521,0.0,0.0
2025-05-30,32.529998779296875,32.540000915527344,32.13999938964844,32.15999984741211,31.981708526611328,12569677,0.0,0.0
2025-06-03,32.0,32.400001525878906,31.920000076293945,32.029998779296875,31.852428436279297,15024638,0.0,0.0
2025-06-04,32.09000015258789,32.540000915527344,32.029998779296875,32.43000030517578,32.250213623046875,15791681,0.0,0.0
2025-06-05,32.43000030517578,33.06999969482422,32.310001373291016,33.02000045776367,32.83694076538086,20644791,0.0,0.0
2025-06-06,33.04999923706055,33.130001068115234,32.81999969482422,32.939998626708984,32.75738525390625,14570611,0.0,0.0
2025-06-09,32.939998626708984,33.15999984741211,32.900001525878906,32.959999084472656,32.77727127075195,14918634,0.0,0.0
2025-06-10,33.0,33.0099983215332,32.189998626708984,32.380001068115234,32.20048904418945,18506593,0.0,0.0
2025-06-11,32.36000061035156,32.599998474121094,32.11000061035156,32.29999923706055,32.120933532714844,21046639,0.0,0.0
2025-06-12,32.29999923706055,32.560001373291016,32.04999923706055,32.119998931884766,31.941930770874023,18440943,0.0,0.0
2025-06-13,32.0099983215332,32.650001525878906,31.899999618530273,31.899999618530273,31.7231502532959,23010589,0.0,0.0
2025-06-16,31.709999084472656,32.290000915527344,31.65999984741211,31.940000534057617,31.762928009033203,18182949,0.0,0.0
2025-06-17,31.950000762939453,32.220001220703125,31.81999969482422,31.889999389648438,31.71320343017578,15882778,0.0,0.0
2025-06-18,31.799999237060547,32.54999923706055,31.760000228881836,32.310001373291016,32.13087844848633,23331727,0.0,0.0
2025-06-19,32.20000076293945,32.459999084472656,31.829999923706055,31.950000762939453,31.772872924804688,20035665,0.0,0.0
2025-06-20,31.799999237060547,32.130001068115234,31.5,31.540000915527344,31.483394622802734,15618657,0.12,0.0
2025-06-23,31.3799991607666,32.66999816894531,31.200000762939453,32.5,32.44166946411133,41098350,0.0,0.0
2025-06-24,32.54999923706055,32.970001220703125,32.4900016784668,32.900001525878906,32.8409538269043,28530675,0.0,0.0
2025-06-25,32.970001220703125,33.29999923706055,32.720001220703125,33.220001220703125,33.16038131713867,35670096,0.0,0.0
2025-06-26,33.310001373291016,33.400001525878906,32.93000030517578,32.959999084472656,32.900840759277344,26210900,0.0,0.0
2025-06-27,33.34000015258789,34.08000183105469,33.0,33.599998474121094,33.539695739746094,46409194,0.0,0.0
2025-06-30,33.779998779296875,34.0,33.56999969482422,33.689998626708984,33.62953186035156,30024016,0.0,0.0
2025-07-01,33.70000076293945,34.380001068115234,33.369998931884766,33.970001220703125,33.909034729003906,39286790,0.0,0.0
2025-07-02,33.81999969482422,33.81999969482422,33.22999954223633,33.310001373291016,33.25021743774414,26212329,0.0,0.0
2025-07-03,33.33000183105469,33.650001525878906,33.22999954223633,33.529998779296875,33.46982192993164,21316115,0.0,0.0
2025-07-04,33.5,33.650001525878906,33.099998474121094,33.22999954223633,33.17036056518555,20300143,0.0,0.0
2025-07-07,33.150001525878906,33.31999969482422,32.880001068115234,32.95000076293945,32.89086151123047,15458230,0.0,0.0
2025-07-08,33.04999923706055,33.599998474121094,33.0099983215332,33.54999923706055,33.489784240722656,24446618,0.0,0.0
2025-07-09,33.54999923706055,33.63999938964844,33.099998474121094,33.18000030517578,33.12044906616211,19428706,0.0,0.0
2025-07-10,33.189998626708984,33.349998474121094,33.029998779296875,33.08000183105469,33.0206298828125,20641001,0.0,0.0
2025-07-11,33.09000015258789,33.70000076293945,33.0,33.5099983215332,33.44985580444336,31462010,0.0,0.0
2025-07-14,33.59000015258789,33.70000076293945,33.400001525878906,33.400001525878906,33.340057373046875,18902230,0.0,0.0
2025-07-15,33.400001525878906,33.709999084472656,33.25,33.63999938964844,33.57962417602539,27976977,0.0,0.0
2025-07-16,33.599998474121094,34.13999938964844,33.5,33.59000015258789,33.52971649169922,30670399,0.0,0.0
2025-07-17,33.5,34.08000183105469,33.33000183105469,33.959999084472656,33.8990478515625,40208799,0.0,0.0
2025-07-18,34.09000015258789,34.189998626708984,33.79999923706055,33.93000030517578,33.869102478027344,28219169,0.0,0.0
2025-07-21,33.939998626708984,34.25,33.81999969482422,34.06999969482422,34.008853912353516,25515987,0.0,0.0
2025-07-22,34.099998474121094,34.52000045776367,33.9900016784668,34.25,34.18852996826172,37186191,0.0,0.0
2025-07-23,34.2599983215332,34.41999816894531,33.93000030517578,34.02000045776367,33.95894241333008,36673917,0.0,0.0
2025-07-24,34.099998474121094,34.779998779296875,34.08000183105469,34.70000076293945,34.63772201538086,48968064,0.0,0.0
2025-07-25,34.779998779296875,34.97999954223633,34.41999816894531,34.81999969482422,34.75750732421875,38499014,0.0,0.0
2025-07-28,34.95000076293945,35.45000076293945,34.72999954223633,35.0099983215332,34.94716262817383,46255246,0.0,0.0
2025-07-29,34.849998474121094,35.849998474121094,34.849998474121094,35.79999923706055,35.73574447631836,66342712,0.0,0.0
2025-07-30,35.869998931884766,36.09000015258789,35.29999923706055,35.540000915527344,35.47621536254883,61286102,0.0,0.0
2025-07-31,35.5,35.97999954223633,34.790000915527344,35.06999969482422,35.007057189941406,61067918,0.0,0.0
2025-08-01,35.0099983215332,35.25,34.369998931884766,34.540000915527344,34.47800827026367,35873193,0.0,0.0
2025-08-04,34.349998474121094,34.939998626708984,34.349998474121094,34.720001220703125,34.657684326171875,23086292,0.0,0.0
2025-08-05,34.79999923706055,34.83000183105469,34.58000183105469,34.7400016784668,34.67765426635742,22989521,0.0,0.0
2025-08-06,34.72999954223633,35.04999923706055,34.459999084472656,34.959999084472656,34.89725112915039,34358086,0.0,0.0
2025-08-07,34.880001068115234,35.47999954223633,34.83000183105469,35.18000030517578,35.116859436035156,45973884,0.0,0.0
2025-08-08,35.04999923706055,35.06999969482422,34.599998474121094,34.599998474121094,34.537899017333984,31680712,0.0,0.0
2025-08-11,34.54999923706055,34.95000076293945,34.5099983215332,34.77000045776367,34.70759582519531,25413756,0.0,0.0
2025-08-12,34.779998779296875,35.349998474121094,34.52000045776367,35.099998474121094,35.03700256347656,44800132,0.0,0.0
2025-08-13,35.119998931884766,35.65999984741211,34.9900016784668,35.56999969482422,35.506160736083984,57729412,0.0,0.0
2025-08-14,35.650001525878906,36.119998931884766,35.11000061035156,35.279998779296875,35.21668243408203,69073829,0.0,0.0
2025-08-15,35.130001068115234,36.0,35.130001068115234,35.86000061035156,35.79563903808594,53130560,0.0,0.0
2025-08-18,36.70000076293945,37.33000183105469,36.41999816894531,36.900001525878906,36.833778381347656,101271946,0.0,0.0
2025-08-19,36.900001525878906,37.20000076293945,36.33000183105469,36.33000183105469,36.26479721069336,69393774,0.0,0.0
2025-08-20,36.2599983215332,37.79999923706055,36.150001525878906,37.70000076293945,37.63233947753906,89100133,0.0,0.0
2025-08-21,37.04999923706055,37.45000076293945,36.369998931884766,36.58000183105469,36.514347076416016,105457067,0.0,0.0
2025-08-22,36.29999923706055,39.20000076293945,36.16999816894531,38.84000015258789,38.770294189453125,209117219,0.0,0.0
2025-08-25,39.9900016784668,40.40999984741211,38.459999084472656,39.0,38.93000411987305,183577786,0.0,0.0
2025-08-26,38.5,39.58000183105469,38.130001068115234,38.9900016784668,38.92002487182617,125253581,0.0,0.0
2025-08-27,39.0,40.5,38.599998474121094,38.599998474121094,38.530723571777344,150393048,0.0,0.0
2025-08-28,38.54999923706055,40.18000030517578,38.15999984741211,40.18000030517578,40.107887268066406,157605980,0.0,0.0
2025-08-29,40.22999954223633,40.77000045776367,39.459999084472656,39.900001525878906,39.82838821411133,114774429,0.0,0.0
2025-09-01,42.0,42.689998626708984,40.400001525878906,41.150001525878906,41.076148986816406,155686011,0.0,0.0
2025-09-02,40.68000030517578,41.470001220703125,38.5,39.02000045776367,38.94997024536133,123529024,0.0,0.0
2025-09-03,39.029998779296875,39.79999923706055,38.029998779296875,38.349998474121094,38.281166076660156,89852179,0.0,0.0
2025-09-04,38.25,38.470001220703125,35.70000076293945,36.25,36.184940338134766,106546647,0.0,0.0
2025-09-05,36.310001373291016,37.34000015258789,35.959999084472656,37.18000030517578,37.1132698059082,65632093,0.0,0.0
2025-09-08,37.5,37.93000030517578,37.0099983215332,37.630001068115234,37.56246566772461,59735432,0.0,0.0
2025-09-09,37.349998474121094,37.380001068115234,36.52000045776367,36.61000061035156,36.54429626464844,49776671,0.0,0.0
2025-09-10,36.630001068115234,37.130001068115234,36.5099983215332,36.599998474121094,36.5343132019043,36582081,0.0,0.0
2025-09-11,36.619998931884766,38.060001373291016,36.25,38.04999923706055,37.98170852661133,82889949,0.0,0.0
2025-09-12,38.060001373291016,38.470001220703125,37.79999923706055,37.880001068115234,37.812015533447266,76163057,0.0,0.0
2025-09-15,38.58000183105469,38.7599983215332,37.7400016784668,37.81999969482422,37.75212097167969,62709655,0.0,0.0
2025-09-16,37.75,39.0,37.68000030517578,38.70000076293945,38.63054275512695,77177903,0.0,0.0
2025-09-17,38.58000183105469,39.06999969482422,38.09000015258789,38.77000045776367,38.700416564941406,65856196,0.0,0.0
2025-09-18,38.9900016784668,40.369998931884766,38.099998474121094,39.130001068115234,39.05976867675781,141211852,0.0,0.0
2025-09-19,39.43000030517578,39.7400016784668,38.68000030517578,38.72999954223633,38.66048812866211,85149177,0.0,0.0
2025-09-22,38.880001068115234,39.880001068115234,38.5,39.65999984741211,39.58881759643555,88723472,0.0,0.0
2025-09-23,39.70000076293945,39.79999923706055,38.11000061035156,39.20000076293945,39.12964630126953,89206084,0.0,0.0
2025-09-24,39.150001525878906,41.689998626708984,39.0,41.20000076293945,41.12605667114258,185184984,0.0,0.0
2025-09-25,41.22999954223633,44.4900016784668,40.880001068115234,42.81999969482422,42.74314498901367,238196421,0.0,0.0
2025-09-26,42.400001525878906,43.20000076293945,41.29999923706055,41.33000183105469,41.28474807739258,131969267,0.03,0.0
2025-09-29,41.33000183105469,41.66999816894531,40.43000030517578,40.88999938964844,40.8452262878418,102754051,0.0,0.0
2025-09-30,41.84000015258789,44.97999954223633,41.13999938964844,44.09000015258789,44.041725158691406,215434169,0.0,0.0
2025-10-09,45.310001373291016,47.599998474121094,45.0,47.0,46.94853973388672,230258658,0.0,0.0
2025-10-10,45.54999923706055,45.849998474121094,43.47999954223633,43.77000045776367,43.722076416015625,166155591,0.0,0.0
2025-10-13,40.959999084472656,43.93000030517578,40.959999084472656,43.61000061035156,43.562252044677734,120308229,0.0,0.0
2025-10-14,44.29999923706055,44.47999954223633,40.58000183105469,40.790000915527344,40.745338439941406,137290704,0.0,0.0
2025-10-15,41.029998779296875,41.939998626708984,39.90999984741211,41.91999816894531,41.87409973144531,84115639,0.0,0.0
2025-10-16,41.70000076293945,42.599998474121094,41.349998474121094,41.720001220703125,41.674320220947266,74077490,0.0,0.0
2025-10-17,41.04999923706055,41.58000183105469,39.470001220703125,39.5,39.456748962402344,83649260,0.0,0.0
2025-10-20,40.25,40.56999969482422,39.38999938964844,39.59000015258789,39.54664993286133,59487514,0.0,0.0
2025-10-21,39.650001525878906,40.5,39.529998779296875,40.5,40.45565414428711,65598869,0.0,0.0
2025-10-22,40.189998626708984,40.5,39.560001373291016,39.93000030517578,39.88628005981445,46589992,0.0,0.0
2025-10-23,39.599998474121094,39.84000015258789,38.86000061035156,39.83000183105469,39.78639221191406,45822407,0.0,0.0
2025-10-24,40.400001525878906,41.099998474121094,40.099998474121094,40.95000076293945,40.9051628112793,75658558,0.0,0.0
2025-10-27,41.880001068115234,42.5,41.0,42.09000015258789,42.043914794921875,123359141,0.0,0.0
2025-10-28,42.02000045776367,42.93000030517578,41.599998474121094,41.88999938964844,41.84413146972656,95768243,0.0,0.0
2025-10-29,41.630001068115234,42.38999938964844,41.41999816894531,41.79999923706055,41.75423049926758,67862839,0.0,0.0
2025-10-30,42.09000015258789,42.599998474121094,41.54999923706055,41.599998474121094,41.55445098876953,92839206,0.0,0.0
2025-10-31,41.29999923706055,41.310001373291016,40.0,40.02000045776367,39.97618103027344,80387834,0.0,0.0
2025-11-03,39.79999923706055,39.810001373291016,38.439998626708984,39.45000076293945,39.40680694580078,66861761,0.0,0.0
2025-11-04,39.58000183105469,41.209999084472656,39.439998626708984,39.81999969482422,39.776397705078125,71868602,0.0,0.0
2025-11-05,38.560001373291016,39.22999954223633,38.5,38.880001068115234,38.83742904663086,49717864,0.0,0.0
2025-11-06,39.27000045776367,39.70000076293945,38.90999984741211,39.689998626708984,39.646541595458984,48840818,0.0,0.0
2025-11-07,39.2400016784668,39.25,38.79999923706055,38.91999816894531,38.877384185791016,35648645,0.0,0.0
2025-11-10,39.150001525878906,39.58000183105469,38.880001068115234,39.189998626708984,39.14708709716797,38152359,0.0,0.0
2025-11-11,39.5,39.689998626708984,38.5099983215332,38.52000045776367,38.47782516479492,39938220,0.0,0.0
2025-11-12,38.29999923706055,38.29999923706055,37.459999084472656,37.689998626708984,37.64873123168945,40462795,0.0,0.0
2025-11-13,37.66999816894531,38.41999816894531,37.61000061035156,38.2400016784668,38.1981315612793,34916245,0.0,0.0
2025-11-14,37.79999923706055,37.810001373291016,37.029998779296875,37.04999923706055,37.009429931640625,48226236,0.0,0.0
2025-11-17,37.0,37.33000183105469,36.77000045776367,37.08000183105469,37.03940200805664,28551304,0.0,0.0
2025-11-18,37.0099983215332,37.52000045776367,36.810001373291016,37.16999816894531,37.12929916381836,28868445,0.0,0.0
2025-11-19,37.0099983215332,37.20000076293945,36.38999938964844,36.59000015258789,36.5499382019043,29693719,0.0,0.0
2025-11-20,36.9900016784668,37.08000183105469,36.11000061035156,36.119998931884766,36.080448150634766,26871999,0.0,0.0
2025-11-21,35.599998474121094,35.79999923706055,34.79999923706055,34.849998474121094,34.81184005737305,42233532,0.0,0.0
2025-11-24,35.0099983215332,35.2599983215332,34.58000183105469,35.04999923706055,35.01162338256836,28559949,0.0,0.0
2025-11-25,35.439998626708984,35.93000030517578,35.279998779296875,35.5099983215332,35.47111892700195,32948443,0.0,0.0
2025-11-26,35.47999954223633,36.08000183105469,35.2599983215332,35.79999923706055,35.760799407958984,36563489,0.0,0.0
2025-11-27,35.849998474121094,36.560001373291016,35.72999954223633,35.75,35.71085739135742,36700158,0.0,0.0
2025-11-28,35.61000061035156,35.97999954223633,35.43000030517578,35.90999984741211,35.87068176269531,23399785,0.0,0.0
2025-12-01,36.97999954223633,37.220001220703125,36.5,37.099998474121094,37.05937576293945,48395869,0.0,0.0
2025-12-02,37.0,37.0,36.400001525878906,36.459999084472656,36.42007827758789,27538492,0.0,0.0
2025-12-03,36.529998779296875,37.779998779296875,36.459999084472656,36.61000061035156,36.569915771484375,35654280,0.0,0.0
2025-12-04,36.47999954223633,36.9900016784668,36.0099983215332,36.9900016784668,36.949501037597656,28584518,0.0,0.0
2025-12-05,36.9900016784668,36.9900016784668,36.220001220703125,36.7400016784668,36.699771881103516,28128675,0.0,0.0
2025-12-08,36.72999954223633,37.470001220703125,36.61000061035156,37.279998779296875,37.23917770385742,38282025,0.0,0.0
2025-12-09,37.119998931884766,37.38999938964844,36.79999923706055,36.900001525878906,36.85960006713867,29713283,0.0,0.0
2025-12-10,36.70000076293945,37.29999923706055,36.45000076293945,37.189998626708984,37.14927673339844,30528865,0.0,0.0
2025-12-11,37.15999984741211,37.16999816894531,36.369998931884766,36.40999984741211,36.37013244628906,26025243,0.0,0.0
2025-12-12,36.41999816894531,36.95000076293945,35.97999954223633,36.81999969482422,36.779685974121094,33601146,0.0,0.0
2025-12-15,36.47999954223633,36.56999969482422,36.0099983215332,36.040000915527344,36.00053787231445,25048397,0.0,0.0
2025-12-16,36.0,36.150001525878906,35.099998474121094,35.380001068115234,35.34126281738281,27127806,0.0,0.0
2025-12-17,35.29999923706055,36.04999923706055,35.130001068115234,35.93000030517578,35.89065933227539,27849810,0.0,0.0
2025-12-18,35.599998474121094,36.150001525878906,35.56999969482422,35.66999816894531,35.630943298339844,22518805,0.0,0.0
2025-12-19,35.970001220703125,36.349998474121094,35.7400016784668,35.7599983215332,35.72084426879883,24064359,0.0,0.0
2025-12-22,36.04999923706055,36.88999938964844,36.029998779296875,36.790000915527344,36.749717712402344,41516939,0.0,0.0
2025-12-23,36.79999923706055,36.9900016784668,36.470001220703125,36.630001068115234,36.58989334106445,28296372,0.0,0.0
2025-12-24,36.84000015258789,37.20000076293945,36.70000076293945,37.119998931884766,37.07935333251953,32623248,0.0,0.0
2025-12-25,37.15999984741211,37.400001525878906,36.939998626708984,37.130001068115234,37.08934783935547,27905801,0.0,0.0
2025-12-26,36.959999084472656,37.2599983215332,36.65999984741211,36.79999923706055,36.75970458984375,30489723,0.0,0.0
2025-12-29,36.810001373291016,37.11000061035156,36.54999923706055,36.619998931884766,36.57990264892578,28355191,0.0,0.0
2025-12-30,36.529998779296875,37.2400016784668,36.5099983215332,37.099998474121094,37.05937576293945,33480259,0.0,0.0
2025-12-31,37.2599983215332,37.349998474121094,36.70000076293945,36.779998779296875,36.73972702026367,28095490,0.0,0.0
2026-01-05,37.20000076293945,38.599998474121094,37.20000076293945,38.36000061035156,38.317996978759766,79525985,0.0,0.0
2026-01-06,38.599998474121094,38.689998626708984,38.060001373291016,38.439998626708984,38.397911071777344,58452059,0.0,0.0
2026-01-07,39.060001373291016,39.59000015258789,38.5,39.08000183105469,39.03721237182617,97859100,0.0,0.0
2026-01-08,38.79999923706055,39.599998474121094,38.68000030517578,38.97999954223633,38.937320709228516,64056495,0.0,0.0
2026-01-09,39.25,41.4900016784668,39.25,41.18000030517578,41.134910583496094,134851185,0.0,0.0
2026-01-12,41.97999954223633,45.279998779296875,41.97999954223633,43.68000030517578,43.632171630859375,167549851,0.0,0.0
2026-01-13,43.5,43.79999923706055,41.97999954223633,42.20000076293945,42.15379333496094,101869675,0.0,0.0
2026-01-14,42.20000076293945,43.310001373291016,41.529998779296875,41.97999954223633,41.93403244018555,86562008,0.0,0.0
2026-01-15,41.709999084472656,44.15999984741211,41.470001220703125,43.9900016784668,43.94183349609375,125270549,0.0,0.0
2026-01-16,45.0,48.38999938964844,44.79999923706055,48.38999938964844,48.33701705932617,197080479,0.0,0.0
2026-01-19,49.15999984741211,50.7599983215332,47.959999084472656,48.83000183105469,48.77653503417969,239101352,0.0,0.0
2026-01-20,48.83000183105469,50.279998779296875,48.400001525878906,49.4900016784668,49.435813903808594,178916455,0.0,0.0
2026-01-21,49.0099983215332,53.56999969482422,48.58000183105469,52.61000061035156,52.55239486694336,231403760,0.0,0.0
2026-01-22,54.59000015258789,54.630001068115234,48.90999984741211,49.400001525878906,49.34591293334961,251036977,0.0,0.0
2026-01-23,49.400001525878906,50.349998474121094,48.45000076293945,49.02000045776367,48.96632766723633,165477934,0.0,0.0
2026-01-26,48.83000183105469,49.31999969482422,47.04999923706055,47.310001373291016,47.258201599121094,125961710,0.0,0.0
2026-01-27,47.18000030517578,48.65999984741211,46.150001525878906,48.20000076293945,48.14722442626953,129552119,0.0,0.0
2026-01-28,49.2599983215332,51.400001525878906,49.189998626708984,50.04999923706055,49.99519729614258,151152671,0.0,0.0
2026-01-29,49.400001525878906,51.0,48.79999923706055,48.97999954223633,48.926368713378906,90323132,0.0,0.0
2026-01-30,48.95000076293945,50.13999938964844,47.900001525878906,49.47999954223633,49.42582321166992,92342017,0.0,0.0
2026-02-02,48.439998626708984,48.75,46.209999084472656,46.34000015258789,46.28926086425781,95664825,0.0,0.0
2026-02-03,47.45000076293945,47.81999969482422,46.84000015258789,47.689998626708984,47.637779235839844,64265594,0.0,0.0
2026-02-04,46.9900016784668,47.130001068115234,45.400001525878906,45.869998931884766,45.81977462768555,69844609,0.0,0.0
2026-02-05,44.880001068115234,45.09000015258789,43.869998931884766,44.65999984741211,44.61109924316406,64707601,0.0,0.0
2026-02-06,43.9900016784668,44.68000030517578,43.5,44.060001373291016,44.011756896972656,48646811,0.0,0.0
2026-02-09,45.20000076293945,46.959999084472656,44.5,46.7599983215332,46.708797454833984,77345433,0.0,0.0
2026-02-10,46.77000045776367,47.4900016784668,46.099998474121094,46.2400016784668,46.18937301635742,44473388,0.0,0.0
2026-02-11,45.86000061035156,46.86000061035156,45.79999923706055,46.189998626708984,46.13942337036133,33914795,0.0,0.0
2026-02-12,46.5,46.970001220703125,46.189998626708984,46.630001068115234,46.57894515991211,48274790,0.0,0.0
2026-02-13,46.0,46.970001220703125,45.79999923706055,46.130001068115234,46.079490661621094,43143897,0.0,0.0
2026-02-24,46.900001525878906,47.41999816894531,46.04999923706055,46.7400016784668,46.68882369995117,55100734,0.0,0.0
2026-02-25,47.45000076293945,47.630001068115234,45.400001525878906,46.91999816894531,46.868621826171875,83846812,0.0,0.0
2026-02-26,46.900001525878906,49.97999954223633,46.599998474121094,48.720001220703125,48.666656494140625,100939758,0.0,0.0
2026-02-27,47.7599983215332,48.2400016784668,46.310001373291016,48.15999984741211,48.107269287109375,81754727,0.0,0.0
2026-03-02,46.779998779296875,47.68000030517578,46.70000076293945,46.77000045776367,46.71879196166992,63626436,0.0,0.0
2026-03-03,47.29999923706055,49.88999938964844,46.939998626708984,47.56999969482422,47.517913818359375,155758016,0.0,0.0
2026-03-04,45.90999984741211,49.45000076293945,45.90999984741211,47.86000061035156,47.80759811401367,99526481,0.0,0.0
2026-03-05,49.29999923706055,50.33000183105469,48.220001220703125,48.70000076293945,48.64667892456055,114724045,0.0,0.0
2026-03-06,48.099998474121094,49.09000015258789,46.86000061035156,47.040000915527344,46.988494873046875,92025304,0.0,0.0
2026-03-09,45.630001068115234,45.630001068115234,42.70000076293945,45.0,44.95072937011719,107581854,0.0,0.0
2026-03-10,46.0,46.599998474121094,45.349998474121094,46.0,45.94963455200195,71321624,0.0,0.0
2026-03-11,46.459999084472656,48.2599983215332,46.33000183105469,46.810001373291016,46.75874710083008,91787914,0.0,0.0
2026-03-12,46.599998474121094,47.68000030517578,45.439998626708984,45.72999954223633,45.679927825927734,65357402,0.0,0.0
2026-03-13,45.27000045776367,46.79999923706055,44.790000915527344,45.47999954223633,45.43020248413086,54306364,0.0,0.0
2026-03-16,45.310001373291016,46.459999084472656,44.150001525878906,45.75,45.69990539550781,70527085,0.0,0.0
2026-03-17,46.029998779296875,46.040000915527344,43.689998626708984,43.75,43.70209503173828,62111435,0.0,0.0
2026-03-18,44.25,46.16999816894531,43.93000030517578,45.77000045776367,45.719886779785156,79123287,0.0,0.0
2026-03-19,44.790000915527344,45.16999816894531,44.0,44.189998626708984,44.1416130065918,53194153,0.0,0.0
2026-03-20,44.65999984741211,44.75,42.0,42.029998779296875,41.983978271484375,77282375,0.0,0.0
2026-03-23,40.47999954223633,41.18000030517578,38.66999816894531,39.08000183105469,39.03721237182617,75710390,0.0,0.0
2026-03-24,39.900001525878906,39.970001220703125,38.38999938964844,39.45000076293945,39.40680694580078,46118069,0.0,0.0
2026-03-25,39.900001525878906,41.2599983215332,39.869998931884766,40.63999938964844,40.59550094604492,53328858,0.0,0.0
2026-03-26,40.400001525878906,40.7599983215332,39.2400016784668,39.43000030517578,39.38682556152344,37774932,0.0,0.0
2026-03-27,38.849998474121094,39.939998626708984,38.599998474121094,39.529998779296875,39.486717224121094,36794000,0.0,0.0
2026-03-30,38.65999984741211,39.970001220703125,38.45000076293945,39.84000015258789,39.79637908935547,33889063,0.0,0.0
2026-03-31,39.5,39.599998474121094,38.54999923706055,38.75,38.70757293701172,40400504,0.0,0.0
2026-04-01,39.880001068115234,39.88999938964844,39.2400016784668,39.4900016784668,39.44676208496094,36706954,0.0,0.0
2026-04-02,39.529998779296875,39.529998779296875,38.279998779296875,38.47999954223633,38.4378662109375,32891527,0.0,0.0
2026-04-03,38.880001068115234,38.97999954223633,38.02000045776367,38.290000915527344,38.248077392578125,26170612,0.0,0.0
2026-04-07,38.70000076293945,39.060001373291016,38.540000915527344,38.81999969482422,38.77749252319336,27382119,0.0,0.0
2026-04-08,40.04999923706055,41.97999954223633,40.029998779296875,41.97999954223633,41.93403244018555,71371225,0.0,0.0
2026-04-09,41.16999816894531,42.470001220703125,41.04999923706055,41.90999984741211,41.864112854003906,49753341,0.0,0.0
2026-04-10,42.7400016784668,43.790000915527344,42.7400016784668,43.02000045776367,42.972896575927734,66766919,0.0,0.0
2026-04-13,42.5,43.5,42.5,42.849998474121094,42.80308151245117,44321080,0.0,0.0
2026-04-14,43.599998474121094,45.08000183105469,43.29999923706055,44.34000015258789,44.29145050048828,82549995,0.0,0.0
2026-04-15,44.5,44.70000076293945,43.36000061035156,43.59000015258789,43.54227066040039,68066554,0.0,0.0
2026-04-16,43.599998474121094,44.02000045776367,43.20000076293945,43.72999954223633,43.6821174621582,44243272,0.0,0.0
2026-04-17,43.68000030517578,44.599998474121094,43.25,43.97999954223633,43.93184280395508,61394169,0.0,0.0
2026-04-20,44.0,45.0,43.4900016784668,44.4900016784668,44.441287994384766,61180808,0.0,0.0
2026-04-21,44.5,44.599998474121094,43.130001068115234,44.029998779296875,43.981788635253906,46511624,0.0,0.0
2026-04-22,43.84000015258789,45.68000030517578,43.77000045776367,45.5099983215332,45.460166931152344,76861446,0.0,0.0
2026-04-23,45.560001373291016,45.779998779296875,44.040000915527344,44.40999984741211,44.36137390136719,66315595,0.0,0.0
2026-04-24,44.81999969482422,45.869998931884766,44.5099983215332,44.88999938964844,44.84084701538086,70028949,0.0,0.0
2026-04-27,46.0,46.95000076293945,45.54999923706055,46.31999969482422,46.269283294677734,102131277,0.0,0.0
2026-04-28,46.099998474121094,46.4900016784668,44.7599983215332,45.099998474121094,45.05061721801758,80439998,0.0,0.0
2026-04-29,44.20000076293945,44.630001068115234,43.09000015258789,44.36000061035156,44.31142807006836,86287559,0.0,0.0
2026-04-30,44.650001525878906,45.86000061035156,44.11000061035156,45.560001373291016,45.51011657714844,101403022,0.0,0.0
2026-05-06,47.86000061035156,49.18000030517578,47.849998474121094,48.20000076293945,48.14722442626953,149998286,0.0,0.0
2026-05-07,48.900001525878906,49.5,47.470001220703125,48.7599983215332,48.706607818603516,132166219,0.0,0.0
2026-05-08,48.0,51.59000015258789,47.099998474121094,50.75,50.69443130493164,168654906,0.0,0.0
2026-05-11,53.79999923706055,55.83000183105469,53.189998626708984,55.83000183105469,55.76887130737305,162994255,0.0,0.0
2026-05-12,56.7599983215332,56.9900016784668,54.599998474121094,55.2400016784668,55.17951583862305,224398600,0.0,0.0
2026-05-13,53.5099983215332,57.970001220703125,53.20000076293945,57.4900016784668,57.42705535888672,218212309,0.0,0.0
2026-05-14,57.790000915527344,57.790000915527344,54.279998779296875,54.310001373291016,54.25053405761719,174451474,0.0,0.0
2026-05-15,55.16999816894531,59.72999954223633,54.630001068115234,58.04999923706055,57.9864387512207,251079832,0.0,0.0
2026-05-18,57.470001220703125,61.959999084472656,57.0099983215332,58.33000183105469,58.26613235473633,240294280,0.0,0.0
2026-05-19,56.90999984741211,61.0,56.08000183105469,60.810001373291016,60.7434196472168,231949700,0.0,0.0
2026-05-20,59.779998779296875,66.88999938964844,59.77000045776367,66.22000122070312,66.14749145507812,285968244,0.0,0.0
2026-05-21,66.87999725341797,71.27999877929688,65.66999816894531,66.83999633789062,66.76680755615234,312505756,0.0,0.0
2026-05-22,67.05000305175781,73.13999938964844,63.95000076293945,72.87999725341797,72.80020141601562,286927908,0.0,0.0
2026-05-25,74.0,80.16999816894531,71.0,80.16999816894531,80.08221435546875,275139063,0.0,0.0
2026-05-26,83.0,88.19000244140625,81.1500015258789,88.19000244140625,88.09343719482422,339836664,0.0,0.0
2026-05-27,86.5,94.9000015258789,83.5,86.16000366210938,86.06566619873047,351341166,0.0,0.0
2026-05-28,83.01000213623047,87.5,81.0,84.73999786376953,84.64720916748047,272264649,0.0,0.0
2026-05-29,86.0,89.7699966430664,80.33000183105469,82.05000305175781,81.96016693115234,310358553,0.0,0.0
2026-06-01,80.0999984741211,83.51000213623047,75.0,75.6500015258789,75.56716918945312,295336496,0.0,0.0
2026-06-02,76.86000061035156,77.54000091552734,72.6500015258789,75.3499984741211,75.26749420166016,253251201,0.0,0.0
2026-06-03,76.2300033569336,82.88999938964844,76.2300033569336,80.12999725341797,80.0422592163086,325350062,0.0,0.0
2026-06-04,79.0,81.86000061035156,77.80000305175781,80.08000183105469,79.99231719970703,227052025,0.0,0.0
2026-06-05,79.66000366210938,80.41999816894531,75.08000183105469,75.6500015258789,75.56716918945312,205371194,0.0,0.0
2026-06-08,70.91999816894531,73.0,69.69999694824219,70.30000305175781,70.22303009033203,168129755,0.0,0.0
2026-06-09,72.9800033569336,75.6500015258789,71.4000015258789,75.29000091552734,75.20756530761719,166474326,0.0,0.0
2026-06-10,73.5,76.44000244140625,72.47000122070312,74.05000305175781,73.96892547607422,150274848,0.0,0.0
2026-06-11,72.5999984741211,74.26000213623047,71.0,71.94999694824219,71.8712158203125,127999146,0.0,0.0
2026-06-12,75.0,75.87999725341797,68.8499984741211,68.91999816894531,68.84453582763672,186316644,0.0,0.0
2026-06-15,70.30000305175781,74.47000122070312,67.94999694824219,74.31999969482422,74.2386245727539,178153124,0.0,0.0
2026-06-16,75.05999755859375,78.37999725341797,74.95999908447266,76.93000030517578,76.84576416015625,191709382,0.0,0.0
2026-06-17,76.0,82.83000183105469,76.0,81.76000213623047,81.67047882080078,222806726,0.0,0.0
2026-06-18,81.88999938964844,85.55000305175781,81.02999877929688,83.02999877929688,82.9390869140625,234078050,0.0,0.0
2026-06-22,85.87999725341797,91.33000183105469,85.5999984741211,91.33000183105469,91.2300033569336,237219439,0.0,0.0
2026-06-23,91.95999908447266,91.95999908447266,84.37999725341797,86.08999633789062,86.08999633789062,222117468,0.1,0.0
2026-06-24,84.0,94.69999694824219,84.0,94.69999694824219,94.69999694824219,257325263,0.0,0.0
2026-06-25,100.0,104.16999816894531,99.98999786376953,104.16999816894531,104.16999816894531,119722972,0.0,0.0
2026-06-26,106.91999816894531,109.33000183105469,100.68000030517578,100.88999938964844,100.88999938964844,335828451,0.0,0.0
2026-06-29,103.0,105.80000305175781,92.4000015258789,103.25,103.25,326160484,0.0,0.0
2026-06-30,101.29000091552734,105.06999969482422,96.44999694824219,103.55000305175781,103.55000305175781,228510859,0.0,0.0
2026-07-01,105.5,111.11000061035156,101.68000030517578,106.63999938964844,106.63999938964844,245979037,0.0,0.0
2026-07-02,99.0,101.0,95.9800033569336,95.9800033569336,95.9800033569336,190804372,0.0,0.0
2026-07-03,93.4000015258789,94.9800033569336,88.3499984741211,90.87999725341797,90.87999725341797,178226527,0.0,0.0
2026-07-06,94.8499984741211,97.9000015258789,90.87999725341797,95.08999633789062,95.08999633789062,208421379,0.0,0.0
2026-07-07,92.0,102.87999725341797,91.80000305175781,100.98999786376953,100.98999786376953,227205544,0.0,0.0
2026-07-08,100.9000015258789,102.68000030517578,91.0,94.11000061035156,94.11000061035156,207165389,0.0,0.0
2026-07-09,97.69999694824219,103.5199966430664,94.5999984741211,103.5199966430664,103.5199966430664,206375823,0.0,0.0
2026-07-10,108.87999725341797,113.87000274658203,101.11000061035156,101.11000061035156,101.11000061035156,305852847,0.0,0.0
2026-07-13,98.12000274658203,106.66000366210938,98.12000274658203,99.05000305175781,99.05000305175781,243121889,0.0,0.0
2026-07-14,98.0,103.27999877929688,91.6500015258789,102.69999694824219,102.69999694824219,278263194,0.0,0.0
2026-07-15,105.0,105.05000305175781,92.43000030517578,92.45999908447266,92.45999908447266,238580981,0.0,0.0
2026-07-16,87.45999908447266,90.41000366210938,83.20999908447266,83.20999908447266,83.20999908447266,185426440,0.0,0.0
2026-07-17,82.0,90.1500015258789,77.70999908447266,85.48999786376953,85.48999786376953,252546378,0.0,0.0
2026-07-20,86.0,86.98999786376953,76.94000244140625,76.98999786376953,76.98999786376953,201899735,0.0,0.0
2026-07-21,76.69999694824219,84.69000244140625,69.29000091552734,84.69000244140625,84.69000244140625,268854169,0.0,0.0
2026-07-22,84.0,89.87999725341797,82.66000366210938,85.77999877929688,85.77999877929688,257780881,0.0,0.0
2026-07-23,85.77999877929688,86.87999725341797,80.30000305175781,80.80999755859375,80.80999755859375,168530327,0.0,0.0
2026-07-24,78.0199966430664,84.80000305175781,78.0199966430664,82.9000015258789,82.9000015258789,172161393,0.0,0.0
2026-07-27,81.76000213623047,84.19999694824219,77.0999984741211,82.3499984741211,82.3499984741211,142857990,0.0,0.0
2026-07-28,79.30000305175781,82.87000274658203,75.55999755859375,76.83000183105469,76.83000183105469,137595027,0.0,0.0
2026-07-29,76.69999694824219,77.44999694824219,69.69999694824219,71.68000030517578,71.68000030517578,167062769,0.0,0.0
2026-07-30,70.0,71.33000183105469,64.51000213623047,64.51000213623047,64.51000213623047,159793915,0.0,0.0
2026-07-31,70.2699966430664,70.2699966430664,65.55999755859375,65.70999908447266,65.70999908447266,160360275,0.0,0.0
2026-08-03,64.0999984741211,65.41999816894531,60.84000015258789,61.0,61.0,135091372,0.0,0.0
2026-08-04,61.9900016784668,66.0999984741211,61.150001525878906,65.41000366210938,65.41000366210938,143599301,0.0,0.0
2026-08-05,65.70999908447266,70.58999633789062,65.69999694824219,68.97000122070312,68.97000122070312,176105264,0.0,0.0
2026-08-06,67.01000213623047,75.87000274658203,67.01000213623047,75.87000274658203,75.87000274658203,235907084,0.0,0.0
2026-08-07,75.1500015258789,78.73999786376953,73.97000122070312,77.75,77.75,228341425,0.0,0.0
2026-08-10,78.41999816894531,79.48999786376953,76.0,78.5199966430664,78.5199966430664,143099767,0.0,0.0
2026-08-11,77.0999984741211,80.63999938964844,76.5999984741211,77.66999816894531,77.66999816894531,130786817,0.0,0.0
2026-08-12,78.0,79.08000183105469,76.69999694824219,78.18000030517578,78.18000030517578,104098338,0.0,0.0
2026-08-13,79.30000305175781,81.87999725341797,77.7699966430664,77.81999969482422,77.81999969482422,150048941,0.0,0.0
2026-08-14,78.98999786376953,79.27999877929688,76.4000015258789,78.70999908447266,78.70999908447266,114479283,0.0,0.0
2026-08-17,78.93000030517578,86.4800033569336,78.93000030517578,85.8499984741211,85.8499984741211,191158336,0.0,0.0
2026-08-18,85.69000244140625,87.5,84.19999694824219,85.41999816894531,85.41999816894531,150833240,0.0,0.0
2026-08-19,81.11000061035156,83.2300033569336,76.94999694824219,77.73999786376953,77.73999786376953,159170816,0.0,0.0
2026-08-20,79.80000305175781,82.12999725341797,77.81999969482422,79.4800033569336,79.4800033569336,123466986,0.0,0.0
2026-08-21,78.29000091552734,80.5,77.51000213623047,78.56999969482422,78.56999969482422,97015960,0.0,0.0
2026-08-24,78.55999755859375,78.55999755859375,72.2699966430664,73.80000305175781,73.80000305175781,111989577,0.0,0.0
2026-08-25,72.56999969482422,75.30000305175781,71.05999755859375,74.05000305175781,74.05000305175781,86180801,0.0,0.0
2026-08-26,74.25,74.8499984741211,72.80000305175781,73.62000274658203,73.62000274658203,67139274,0.0,0.0
2026-08-27,74.27999877929688,76.81999969482422,73.94999694824219,76.54000091552734,76.54000091552734,97465042,0.0,0.0
2026-08-28,76.5999984741211,77.9800033569336,74.8499984741211,74.93000030517578,74.93000030517578,89201867,0.0,0.0
2026-08-31,72.18000030517578,76.0,72.18000030517578,75.75,75.75,73855942,0.0,0.0
2026-09-01,75.75,76.37999725341797,73.0,73.29000091552734,73.29000091552734,57878705,0.0,0.0
2026-09-02,71.75,72.48999786376953,71.01000213623047,71.30999755859375,71.30999755859375,55345363,0.0,0.0
2026-09-03,72.27999877929688,72.5199966430664,70.31999969482422,71.2699966430664,71.2699966430664,49810483,0.0,0.0
2026-09-04,71.38999938964844,71.91999816894531,66.62999725341797,67.36000061035156,67.36000061035156,116291883,0.0,0.0
2026-09-07,68.58999633789062,69.48999786376953,67.66000366210938,69.0,69.0,82169643,0.0,0.0
2026-09-08,69.56999969482422,70.30000305175781,68.11000061035156,68.5999984741211,68.5999984741211,73836064,0.0,0.0
2026-09-09,69.0999984741211,70.27999877929688,68.19000244140625,68.63999938964844,68.63999938964844,61367465,0.0,0.0
2026-09-10,68.0,69.44000244140625,67.12000274658203,68.12000274658203,68.12000274658203,48193622,0.0,0.0
2026-09-11,66.5,68.12000274658203,65.5,67.73999786376953,67.73999786376953,66541365,0.0,0.0
