Date,Open,High,Low,Close,Adj Close,Volume,Dividends,Stock Splits
2020-09-01,15.850000381469727,15.850000381469727,15.600000381469727,15.739999771118164,15.440918922424316,44975226,0.0,0.0
2020-09-02,15.720000267028809,15.720000267028809,15.229999542236328,15.270000457763672,14.979848861694336,111371788,0.0,0.0
2020-09-03,15.199999809265137,15.199999809265137,14.699999809265137,14.720000267028809,14.440300941467285,102030138,0.0,0.0
2020-09-04,14.390000343322754,15.069999694824219,14.289999961853027,14.899999618530273,14.616880416870117,73619740,0.0,0.0
2020-09-07,14.979999542236328,15.199999809265137,14.710000038146973,14.850000381469727,14.567829132080078,76651220,0.0,0.0
2020-09-08,14.819999694824219,14.880000114440918,14.300000190734863,14.479999542236328,14.204858779907227,71636442,0.0,0.0
2020-09-09,14.289999961853027,14.350000381469727,13.859999656677246,13.880000114440918,13.616260528564453,82760250,0.0,0.0
2020-09-10,14.09000015258789,14.1899995803833,13.59000015258789,13.600000381469727,13.341581344604492,62443801,0.0,0.0
2020-09-11,13.579999923706055,14.09000015258789,13.529999732971191,14.079999923706055,13.812459945678711,60099315,0.0,0.0
2020-09-14,14.09000015258789,14.399999618530273,14.039999961853027,14.25,13.979229927062988,57098930,0.0,0.0
2020-09-15,14.199999809265137,14.350000381469727,14.010000228881836,14.199999809265137,13.930180549621582,45534363,0.0,0.0
2020-09-16,14.100000381469727,14.25,13.899999618530273,13.960000038146973,13.694741249084473,39234974,0.0,0.0
2020-09-17,13.899999618530273,14.319999694824219,13.819999694824219,14.149999618530273,13.88113021850586,56384545,0.0,0.0
2020-09-18,14.149999618530273,14.350000381469727,14.029999732971191,14.34000015258789,14.067520141601562,52155784,0.0,0.0
2020-09-21,14.359999656677246,14.930000305175781,14.359999656677246,14.4399995803833,14.165620803833008,87765083,0.0,0.0
2020-09-22,14.300000190734863,14.399999618530273,14.100000381469727,14.140000343322754,13.871321678161621,44808734,0.0,0.0
2020-09-23,14.25,14.359999656677246,14.119999885559082,14.260000228881836,13.98904037475586,35752581,0.0,0.0
2020-09-24,14.109999656677246,14.1899995803833,13.899999618530273,13.920000076293945,13.655502319335938,38794790,0.0,0.0
2020-09-25,14.0,14.039999961853027,13.65999984741211,13.770000457763672,13.50835132598877,31622473,0.0,0.0
2020-09-28,13.680000305175781,13.84000015258789,13.279999732971191,13.319999694824219,13.066900253295898,36835074,0.0,0.0
2020-09-29,13.40999984741211,13.880000114440918,13.380000114440918,13.779999732971191,13.51816177368164,50080123,0.0,0.0
2020-09-30,13.779999732971191,13.920000076293945,13.619999885559082,13.6899995803833,13.429871559143066,30760489,0.0,0.0
2020-10-09,14.0,14.119999885559082,13.869999885559082,13.920000076293945,13.655502319335938,42407002,0.0,0.0
2020-10-12,14.020000457763672,14.529999732971191,14.010000228881836,14.479999542236328,14.204858779907227,75396998,0.0,0.0
2020-10-13,14.489999771118164,14.539999961853027,14.300000190734863,14.489999771118164,14.214669227600098,60067911,0.0,0.0
2020-10-14,14.350000381469727,14.390000343322754,14.140000343322754,14.199999809265137,13.930180549621582,42766338,0.0,0.0
2020-10-15,14.25,14.550000190734863,14.109999656677246,14.119999885559082,13.851700782775879,64613998,0.0,0.0
2020-10-16,14.199999809265137,14.770000457763672,14.039999961853027,14.630000114440918,14.352010726928711,107482552,0.0,0.0
2020-10-19,14.75,14.819999694824219,14.420000076293945,14.609999656677246,14.332388877868652,67528011,0.0,0.0
2020-10-20,14.529999732971191,14.699999809265137,14.329999923706055,14.640000343322754,14.361820220947266,44764656,0.0,0.0
2020-10-21,14.609999656677246,14.619999885559082,14.15999984741211,14.289999961853027,14.018470764160156,43820674,0.0,0.0
2020-10-22,14.180000305175781,14.539999961853027,14.15999984741211,14.460000038146973,14.185240745544434,40437434,0.0,0.0
2020-10-23,14.420000076293945,14.600000381469727,14.199999809265137,14.25,13.979229927062988,32915186,0.0,0.0
2020-10-26,14.180000305175781,14.270000457763672,13.850000381469727,13.920000076293945,13.655502319335938,33626219,0.0,0.0
2020-10-27,13.850000381469727,14.300000190734863,13.720000267028809,14.289999961853027,14.018470764160156,44075417,0.0,0.0
2020-10-28,14.199999809265137,14.479999542236328,14.039999961853027,14.350000381469727,14.077330589294434,42017036,0.0,0.0
2020-10-29,14.140000343322754,14.4399995803833,14.100000381469727,14.329999923706055,14.057710647583008,37045295,0.0,0.0
2020-10-30,14.350000381469727,14.699999809265137,14.270000457763672,14.380000114440918,14.10676097869873,84678451,0.0,0.0
2020-11-02,14.34000015258789,14.640000343322754,14.119999885559082,14.59000015258789,14.31277084350586,72759605,0.0,0.0
2020-11-03,14.680000305175781,14.930000305175781,14.479999542236328,14.670000076293945,14.391249656677246,83622513,0.0,0.0
2020-11-04,14.680000305175781,14.729999542236328,14.390000343322754,14.399999618530273,14.126379013061523,51867090,0.0,0.0
2020-11-05,14.539999961853027,14.739999771118164,14.380000114440918,14.630000114440918,14.352010726928711,57172053,0.0,0.0
2020-11-06,14.640000343322754,15.649999618530273,14.449999809265137,15.630000114440918,15.333008766174316,184687185,0.0,0.0
2020-11-09,16.190000534057617,17.110000610351562,16.020000457763672,16.700000762939453,16.38267707824707,304115571,0.0,0.0
2020-11-10,16.420000076293945,16.540000915527344,15.890000343322754,15.899999618530273,15.59787654876709,189049144,0.0,0.0
2020-11-11,15.9399995803833,16.1299991607666,15.170000076293945,15.260000228881836,14.970038414001465,129030019,0.0,0.0
2020-11-12,15.449999809265137,15.579999923706055,15.1899995803833,15.420000076293945,15.126999855041504,68946579,0.0,0.0
2020-11-13,15.279999732971191,15.699999809265137,15.119999885559082,15.539999961853027,15.244718551635742,78243543,0.0,0.0
2020-11-16,15.470000267028809,15.539999961853027,15.199999809265137,15.380000114440918,15.08775806427002,53391147,0.0,0.0
2020-11-17,15.300000190734863,15.699999809265137,14.699999809265137,15.680000305175781,15.382058143615723,109357804,0.0,0.0
2020-11-18,15.449999809265137,15.789999961853027,15.359999656677246,15.4399995803833,15.146618843078613,71405088,0.0,0.0
2020-11-19,15.229999542236328,15.640000343322754,15.1899995803833,15.279999732971191,14.98965835571289,53684248,0.0,0.0
2020-11-20,15.289999961853027,15.449999809265137,15.170000076293945,15.229999542236328,14.940608978271484,42196941,0.0,0.0
2020-11-23,15.229999542236328,15.520000457763672,15.020000457763672,15.399999618530273,15.107378959655762,64309827,0.0,0.0
2020-11-24,15.5,15.890000343322754,15.470000267028809,15.65999984741211,15.362439155578613,107835061,0.0,0.0
2020-11-25,15.5600004196167,16.229999542236328,15.420000076293945,15.880000114440918,15.578258514404297,139775279,0.0,0.0
2020-11-26,15.859999656677246,16.139999389648438,15.699999809265137,15.800000190734863,15.499778747558594,85618138,0.0,0.0
2020-11-27,15.729999542236328,15.90999984741211,15.510000228881836,15.739999771118164,15.440918922424316,60547438,0.0,0.0
2020-11-30,16.110000610351562,16.219999313354492,15.75,15.979999542236328,15.676358222961426,88821419,0.0,0.0
2020-12-01,15.75,16.149999618530273,15.699999809265137,16.100000381469727,15.794079780578613,86688885,0.0,0.0
2020-12-02,16.1299991607666,16.459999084472656,16.049999237060547,16.280000686645508,15.970657348632812,114654687,0.0,0.0
2020-12-03,16.15999984741211,16.8799991607666,16.110000610351562,16.350000381469727,16.039329528808594,149279755,0.0,0.0
2020-12-04,16.110000610351562,16.329999923706055,15.789999961853027,15.979999542236328,15.676358222961426,94630600,0.0,0.0
2020-12-07,16.280000686645508,16.43000030517578,15.8100004196167,15.84000015258789,15.539018630981445,75379983,0.0,0.0
2020-12-08,15.819999694824219,15.970000267028809,15.550000190734863,15.550000190734863,15.254528999328613,66533751,0.0,0.0
2020-12-09,15.5,15.550000190734863,14.9399995803833,14.949999809265137,14.665929794311523,76497659,0.0,0.0
2020-12-10,14.899999618530273,15.149999618530273,14.760000228881836,14.880000114440918,14.597260475158691,54362078,0.0,0.0
2020-12-11,14.859999656677246,14.899999618530273,14.0,14.180000305175781,13.910560607910156,110182652,0.0,0.0
2020-12-14,14.1899995803833,14.300000190734863,14.039999961853027,14.170000076293945,13.900751113891602,58420499,0.0,0.0
2020-12-15,14.119999885559082,14.170000076293945,13.739999771118164,13.960000038146973,13.694741249084473,70912036,0.0,0.0
2020-12-16,13.979999542236328,14.0,13.760000228881836,13.819999694824219,13.55739974975586,36033652,0.0,0.0
2020-12-17,13.800000190734863,14.050000190734863,13.600000381469727,13.930000305175781,13.665311813354492,51294940,0.0,0.0
2020-12-18,14.210000038146973,14.300000190734863,13.84000015258789,13.9399995803833,13.675121307373047,64083542,0.0,0.0
2020-12-21,13.869999885559082,14.3100004196167,13.760000228881836,14.119999885559082,13.851700782775879,60980721,0.0,0.0
2020-12-22,14.029999732971191,14.09000015258789,13.630000114440918,13.649999618530273,13.390631675720215,61703011,0.0,0.0
2020-12-23,13.609999656677246,14.25,13.220000267028809,14.079999923706055,13.812459945678711,125449175,0.0,0.0
2020-12-24,13.960000038146973,14.130000114440918,13.65999984741211,13.6899995803833,13.429871559143066,51023676,0.0,0.0
2020-12-25,13.699999809265137,13.989999771118164,13.460000038146973,13.8100004196167,13.547592163085938,48666408,0.0,0.0
2020-12-28,13.8100004196167,13.8100004196167,13.329999923706055,13.34000015258789,13.086522102355957,60532505,0.0,0.0
2020-12-29,13.350000381469727,13.630000114440918,13.3100004196167,13.399999618530273,13.145381927490234,50679266,0.0,0.0
2020-12-30,13.34000015258789,13.510000228881836,13.010000228881836,13.369999885559082,13.115951538085938,72622604,0.0,0.0
2020-12-31,13.399999618530273,13.680000305175781,13.25,13.619999885559082,13.361200332641602,74015446,0.0,0.0
2021-01-04,13.65999984741211,13.979999542236328,13.460000038146973,13.84000015258789,13.577020645141602,74063072,0.0,0.0
2021-01-05,13.710000038146973,14.579999923706055,13.680000305175781,14.529999732971191,14.25390911102295,139998442,0.0,0.0
2021-01-06,14.6899995803833,14.6899995803833,14.0,14.0600004196167,13.792840957641602,98726806,0.0,0.0
2021-01-07,14.170000076293945,14.289999961853027,13.8100004196167,13.869999885559082,13.606451988220215,69370641,0.0,0.0
2021-01-08,13.989999771118164,14.34000015258789,13.890000343322754,14.079999923706055,13.812459945678711,75475286,0.0,0.0
2021-01-11,14.079999923706055,14.449999809265137,13.819999694824219,14.119999885559082,13.851700782775879,97015145,0.0,0.0
2021-01-12,13.989999771118164,14.09000015258789,13.710000038146973,13.90999984741211,13.64569091796875,87578481,0.0,0.0
2021-01-13,13.890000343322754,15.25,13.869999885559082,14.960000038146973,14.675739288330078,240942524,0.0,0.0
2021-01-14,14.880000114440918,15.989999771118164,14.75,15.970000267028809,15.666547775268555,330875840,0.0,0.0
2021-01-15,15.9399995803833,15.9399995803833,15.130000114440918,15.199999809265137,14.911179542541504,190335529,0.0,0.0
2021-01-18,15.109999656677246,16.229999542236328,15.079999923706055,15.90999984741211,15.607687950134277,203888482,0.0,0.0
2021-01-19,15.90999984741211,16.299999237060547,15.720000267028809,16.049999237060547,15.745028495788574,195886556,0.0,0.0
2021-01-20,15.649999618530273,15.649999618530273,15.010000228881836,15.399999618530273,15.107378959655762,188110836,0.0,0.0
2021-01-21,15.399999618530273,15.5,15.020000457763672,15.15999984741211,14.871939659118652,149237763,0.0,0.0
2021-01-22,15.199999809265137,15.289999961853027,14.220000267028809,14.25,13.979229927062988,185875431,0.0,0.0
2021-01-25,14.25,14.779999732971191,13.869999885559082,14.420000076293945,14.145999908447266,136252494,0.0,0.0
2021-01-26,14.430000305175781,14.630000114440918,13.899999618530273,14.149999618530273,13.88113021850586,92642089,0.0,0.0
2021-01-27,14.5,14.579999923706055,13.930000305175781,14.149999618530273,13.88113021850586,79345609,0.0,0.0
2021-01-28,13.979999542236328,14.75,13.949999809265137,14.300000190734863,14.028281211853027,117593644,0.0,0.0
2021-01-29,14.399999618530273,14.40999984741211,13.949999809265137,14.1899995803833,13.920370101928711,76404666,0.0,0.0
2021-02-01,14.210000038146973,14.550000190734863,14.079999923706055,14.539999961853027,14.26371955871582,72738724,0.0,0.0
2021-02-02,14.4399995803833,14.649999618530273,14.319999694824219,14.59000015258789,14.31277084350586,71679584,0.0,0.0
2021-02-03,14.5600004196167,14.579999923706055,13.359999656677246,13.399999618530273,13.145381927490234,160521247,0.0,0.0
2021-02-04,13.25,13.550000190734863,12.520000457763672,13.25,12.998231887817383,129928843,0.0,0.0
2021-02-05,13.15999984741211,13.15999984741211,12.729999542236328,12.739999771118164,12.49792194366455,59265936,0.0,0.0
2021-02-08,12.760000228881836,13.079999923706055,12.75,12.770000457763672,12.527353286743164,50017458,0.0,0.0
2021-02-09,12.770000457763672,13.050000190734863,12.65999984741211,12.960000038146973,12.71374225616455,52099445,0.0,0.0
2021-02-10,12.979999542236328,13.079999923706055,12.819999694824219,13.010000228881836,12.76279354095459,49287543,0.0,0.0
2021-02-18,13.260000228881836,13.489999771118164,13.199999809265137,13.270000457763672,13.017853736877441,68182987,0.0,0.0
2021-02-19,13.300000190734863,13.550000190734863,13.079999923706055,13.529999732971191,13.27291202545166,63829235,0.0,0.0
2021-02-22,13.539999961853027,13.6899995803833,13.289999961853027,13.329999923706055,13.076711654663086,81953797,0.0,0.0
2021-02-23,13.199999809265137,13.350000381469727,13.079999923706055,13.140000343322754,12.8903226852417,46142084,0.0,0.0
2021-02-24,13.199999809265137,13.5,13.149999618530273,13.279999732971191,13.027661323547363,58712373,0.0,0.0
2021-02-25,13.350000381469727,13.350000381469727,13.039999961853027,13.039999961853027,12.792221069335938,45385027,0.0,0.0
2021-02-26,12.819999694824219,13.010000228881836,12.800000190734863,12.899999618530273,12.654882431030273,41871560,0.0,0.0
2021-03-01,12.920000076293945,13.289999961853027,12.920000076293945,13.270000457763672,13.017853736877441,52276214,0.0,0.0
2021-03-02,13.350000381469727,13.430000305175781,13.020000457763672,13.119999885559082,12.870701789855957,44049246,0.0,0.0
2021-03-03,12.979999542236328,13.25,12.880000114440918,13.210000038146973,12.958992004394531,45847141,0.0,0.0
2021-03-04,13.130000114440918,13.350000381469727,12.979999542236328,13.039999961853027,12.792221069335938,42246023,0.0,0.0
2021-03-05,12.899999618530273,13.15999984741211,12.869999885559082,13.069999694824219,12.821653366088867,29754629,0.0,0.0
2021-03-08,13.119999885559082,13.140000343322754,12.800000190734863,12.800000190734863,12.556782722473145,41324524,0.0,0.0
2021-03-09,12.789999961853027,12.850000381469727,11.890000343322754,12.140000343322754,11.909324645996094,58432966,0.0,0.0
2021-03-10,12.220000267028809,12.329999923706055,11.729999542236328,11.770000457763672,11.546354293823242,42775090,0.0,0.0
2021-03-11,11.779999732971191,12.260000228881836,11.569999694824219,12.130000114440918,11.899514198303223,48978081,0.0,0.0
2021-03-12,12.130000114440918,12.130000114440918,11.8100004196167,11.869999885559082,11.644454002380371,34476406,0.0,0.0
2021-03-15,11.75,11.760000228881836,11.359999656677246,11.479999542236328,11.261863708496094,45493574,0.0,0.0
2021-03-16,11.479999542236328,11.630000114440918,11.300000190734863,11.430000305175781,11.212814331054688,28138236,0.0,0.0
2021-03-17,11.430000305175781,11.640000343322754,11.40999984741211,11.539999961853027,11.320723533630371,30721186,0.0,0.0
2021-03-18,11.529999732971191,11.539999961853027,11.34000015258789,11.390000343322754,11.173574447631836,29666133,0.0,0.0
2021-03-19,11.239999771118164,11.449999809265137,11.119999885559082,11.260000228881836,11.04604434967041,31085464,0.0,0.0
2021-03-22,11.25,11.380000114440918,11.199999809265137,11.369999885559082,11.153955459594727,24222288,0.0,0.0
2021-03-23,11.5,11.84000015258789,11.430000305175781,11.59000015258789,11.369773864746094,56529769,0.0,0.0
2021-03-24,11.5,11.529999732971191,11.3100004196167,11.380000114440918,11.163764953613281,28629384,0.0,0.0
2021-03-25,11.3100004196167,11.5,11.210000038146973,11.270000457763672,11.055855751037598,27729508,0.0,0.0
2021-03-26,11.300000190734863,11.510000228881836,11.279999732971191,11.449999809265137,11.23243236541748,30657743,0.0,0.0
2021-03-29,11.510000228881836,11.760000228881836,11.510000228881836,11.640000343322754,11.418825149536133,43666128,0.0,0.0
2021-03-30,11.600000381469727,11.630000114440918,11.369999885559082,11.470000267028809,11.252055168151855,36669415,0.0,0.0
2021-03-31,11.479999542236328,11.880000114440918,11.34000015258789,11.680000305175781,11.458065032958984,52524406,0.0,0.0
2021-04-01,11.729999542236328,12.079999923706055,11.65999984741211,12.010000228881836,11.781794548034668,74086373,0.0,0.0
2021-04-02,12.09000015258789,13.09000015258789,12.09000015258789,12.770000457763672,12.527353286743164,128812176,0.0,0.0
2021-04-06,12.899999618530273,12.960000038146973,12.550000190734863,12.59000015258789,12.350772857666016,69556309,0.0,0.0
2021-04-07,12.550000190734863,12.729999542236328,12.390000343322754,12.640000343322754,12.399824142456055,46042842,0.0,0.0
2021-04-08,12.550000190734863,12.680000305175781,12.40999984741211,12.430000305175781,12.19381332397461,37765100,0.0,0.0
2021-04-09,12.460000038146973,12.640000343322754,12.260000228881836,12.399999618530273,12.164382934570312,38678123,0.0,0.0
2021-04-12,12.390000343322754,12.529999732971191,12.130000114440918,12.199999809265137,11.968183517456055,33817226,0.0,0.0
2021-04-13,12.119999885559082,12.350000381469727,12.010000228881836,12.180000305175781,11.948563575744629,29603077,0.0,0.0
2021-04-14,12.489999771118164,12.630000114440918,12.319999694824219,12.380000114440918,12.144762992858887,48502511,0.0,0.0
2021-04-15,12.300000190734863,12.460000038146973,12.0600004196167,12.40999984741211,12.174192428588867,40293198,0.0,0.0
2021-04-16,12.3100004196167,12.40999984741211,12.180000305175781,12.369999885559082,12.134953498840332,29039413,0.0,0.0
2021-04-19,12.350000381469727,12.59000015258789,12.25,12.569999694824219,12.33115291595459,44652167,0.0,0.0
2021-04-20,12.479999542236328,12.529999732971191,12.180000305175781,12.1899995803833,11.958372116088867,48202343,0.0,0.0
2021-04-21,12.109999656677246,12.260000228881836,12.0600004196167,12.15999984741211,11.928942680358887,27724141,0.0,0.0
2021-04-22,12.170000076293945,12.430000305175781,12.170000076293945,12.239999771118164,12.007423400878906,35071751,0.0,0.0
2021-04-23,12.229999542236328,12.350000381469727,12.09000015258789,12.279999732971191,12.046662330627441,34035005,0.0,0.0
2021-04-26,12.3100004196167,12.630000114440918,12.300000190734863,12.5,12.262483596801758,68796924,0.0,0.0
2021-04-27,12.470000267028809,12.470000267028809,12.149999618530273,12.210000038146973,11.97799301147461,42840445,0.0,0.0
2021-04-28,12.25,12.739999771118164,12.079999923706055,12.670000076293945,12.429252624511719,77695203,0.0,0.0
2021-04-29,12.670000076293945,12.880000114440918,12.470000267028809,12.489999771118164,12.252674102783203,64487647,0.0,0.0
2021-04-30,12.5,12.890000343322754,12.5,12.800000190734863,12.556782722473145,81930645,0.0,0.0
2021-05-06,12.609999656677246,12.869999885559082,12.539999961853027,12.670000076293945,12.429252624511719,47752645,0.0,0.0
2021-05-07,12.680000305175781,12.890000343322754,12.270000457763672,12.3100004196167,12.076094627380371,57732559,0.0,0.0
2021-05-10,12.180000305175781,12.180000305175781,11.800000190734863,11.829999923706055,11.605213165283203,61324391,0.0,0.0
2021-05-11,11.75,11.960000038146973,11.710000038146973,11.869999885559082,11.644454002380371,31819584,0.0,0.0
2021-05-12,11.829999923706055,12.0600004196167,11.619999885559082,12.010000228881836,11.781794548034668,41187324,0.0,0.0
2021-05-13,11.8100004196167,12.3100004196167,11.770000457763672,11.989999771118164,11.762173652648926,39618996,0.0,0.0
2021-05-14,12.270000457763672,12.289999961853027,12.029999732971191,12.180000305175781,11.948563575744629,34899992,0.0,0.0
2021-05-17,12.239999771118164,12.550000190734863,12.210000038146973,12.300000190734863,12.066283226013184,51536180,0.0,0.0
2021-05-18,12.039999961853027,12.199999809265137,11.989999771118164,12.140000343322754,11.909324645996094,30436242,0.0,0.0
2021-05-19,12.119999885559082,12.220000267028809,12.0600004196167,12.109999656677246,11.87989330291748,28877448,0.0,0.0
2021-05-20,12.029999732971191,12.079999923706055,11.770000457763672,11.829999923706055,11.605213165283203,40168123,0.0,0.0
2021-05-21,12.050000190734863,12.050000190734863,11.760000228881836,11.8100004196167,11.585594177246094,26026859,0.0,0.0
2021-05-24,11.739999771118164,12.119999885559082,11.710000038146973,12.119999885559082,11.889703750610352,40405722,0.0,0.0
2021-05-25,12.210000038146973,12.59000015258789,12.140000343322754,12.5600004196167,12.321343421936035,82766195,0.0,0.0
2021-05-26,12.75,13.199999809265137,12.670000076293945,12.6899995803833,12.448871612548828,125144560,0.0,0.0
2021-05-27,12.699999809265137,13.270000457763672,12.699999809265137,13.0600004196167,12.81184196472168,137082392,0.0,0.0
2021-05-28,12.869999885559082,12.979999542236328,12.680000305175781,12.710000038146973,12.46849250793457,82512276,0.0,0.0
2021-05-31,12.84000015258789,13.020000457763672,12.720000267028809,12.8100004196167,12.566593170166016,57172626,0.0,0.0
2021-06-01,12.800000190734863,13.039999961853027,12.600000381469727,12.880000114440918,12.635262489318848,67597750,0.0,0.0
2021-06-02,12.979999542236328,13.170000076293945,12.699999809265137,12.739999771118164,12.49792194366455,63193493,0.0,0.0
2021-06-03,12.699999809265137,12.949999809265137,12.649999618530273,12.65999984741211,12.419443130493164,47425126,0.0,0.0
2021-06-04,12.600000381469727,12.979999542236328,12.529999732971191,12.8100004196167,12.566593170166016,59551012,0.0,0.0
2021-06-07,13.319999694824219,13.569999694824219,13.130000114440918,13.399999618530273,13.145381927490234,164226838,0.0,0.0
2021-06-08,13.470000267028809,13.630000114440918,13.130000114440918,13.140000343322754,12.8903226852417,95036856,0.0,0.0
2021-06-09,13.100000381469727,13.470000267028809,13.069999694824219,13.199999809265137,12.949182510375977,66935409,0.0,0.0
2021-06-10,13.170000076293945,13.300000190734863,13.069999694824219,13.229999542236328,12.97861099243164,64218301,0.0,0.0
2021-06-11,13.149999618530273,13.199999809265137,12.569999694824219,12.59000015258789,12.350772857666016,86011557,0.0,0.0
2021-06-15,12.649999618530273,13.100000381469727,12.579999923706055,12.8100004196167,12.566593170166016,69470331,0.0,0.0
2021-06-16,12.829999923706055,13.079999923706055,12.59000015258789,12.640000343322754,12.399824142456055,53958851,0.0,0.0
2021-06-17,12.569999694824219,13.789999961853027,12.550000190734863,13.609999656677246,13.351391792297363,187215560,0.0,0.0
2021-06-18,13.640000343322754,13.789999961853027,13.420000076293945,13.569999694824219,13.333704948425293,138797160,0.022,0.0
2021-06-21,13.600000381469727,13.630000114440918,13.260000228881836,13.430000305175781,13.196144104003906,92740418,0.0,0.0
2021-06-22,13.479999542236328,13.489999771118164,13.050000190734863,13.210000038146973,12.979973793029785,82662685,0.0,0.0
2021-06-23,13.270000457763672,13.989999771118164,13.220000267028809,13.739999771118164,13.500744819641113,169602582,0.0,0.0
2021-06-24,13.760000228881836,14.239999771118164,13.6899995803833,13.859999656677246,13.61865520477295,154839377,0.0,0.0
2021-06-25,13.9399995803833,15.25,13.9399995803833,15.25,14.984451293945312,362250381,0.0,0.0
2021-06-28,15.5600004196167,15.760000228881836,15.100000381469727,15.270000457763672,15.004103660583496,362604552,0.0,0.0
2021-06-29,15.0600004196167,15.0600004196167,14.550000190734863,14.670000076293945,14.414551734924316,208144446,0.0,0.0
2021-06-30,15.109999656677246,15.710000038146973,14.90999984741211,15.390000343322754,15.122014045715332,265864718,0.0,0.0
2021-07-01,15.119999885559082,15.4399995803833,14.75,14.760000228881836,14.502984046936035,179496877,0.0,0.0
2021-07-02,15.0,15.239999771118164,14.670000076293945,14.859999656677246,14.601241111755371,123251904,0.0,0.0
2021-07-05,14.9399995803833,15.479999542236328,14.739999771118164,15.34000015258789,15.072884559631348,163781019,0.0,0.0
2021-07-06,15.300000190734863,15.579999923706055,14.970000267028809,15.550000190734863,15.279227256774902,161490733,0.0,0.0
2021-07-07,15.300000190734863,15.960000038146973,15.100000381469727,15.869999885559082,15.593655586242676,166322234,0.0,0.0
2021-07-08,15.729999542236328,16.25,15.609999656677246,16.020000457763672,15.741044998168945,171564200,0.0,0.0
2021-07-09,15.800000190734863,16.059999465942383,15.329999923706055,15.5600004196167,15.289052963256836,128375504,0.0,0.0
2021-07-12,15.640000343322754,15.850000381469727,15.319999694824219,15.5600004196167,15.289052963256836,112068634,0.0,0.0
2021-07-13,15.0,15.0,14.109999656677246,14.3100004196167,14.060819625854492,221726833,0.0,0.0
2021-07-14,14.300000190734863,14.470000267028809,14.119999885559082,14.289999961853027,14.041168212890625,98457740,0.0,0.0
2021-07-15,14.180000305175781,14.430000305175781,14.130000114440918,14.270000457763672,14.021515846252441,74527404,0.0,0.0
2021-07-16,14.289999961853027,14.529999732971191,14.149999618530273,14.1899995803833,13.94290828704834,88278132,0.0,0.0
2021-07-19,14.09000015258789,14.09000015258789,13.569999694824219,13.770000457763672,13.53022289276123,101758318,0.0,0.0
2021-07-20,13.609999656677246,14.0,13.600000381469727,13.979999542236328,13.736565589904785,73521760,0.0,0.0
2021-07-21,13.989999771118164,14.350000381469727,13.859999656677246,14.130000114440918,13.883954048156738,106207117,0.0,0.0
2021-07-22,14.0,14.34000015258789,13.600000381469727,14.25,14.001863479614258,97273614,0.0,0.0
2021-07-23,14.25,14.380000114440918,13.779999732971191,13.800000190734863,13.559700965881348,89704395,0.0,0.0
2021-07-26,13.800000190734863,14.079999923706055,13.390000343322754,14.020000457763672,13.775870323181152,102015309,0.0,0.0
2021-07-27,14.050000190734863,14.949999809265137,13.930000305175781,14.359999656677246,14.10994815826416,205068175,0.0,0.0
2021-07-28,14.020000457763672,14.039999961853027,13.25,13.5,13.264924049377441,119332171,0.0,0.0
2021-07-29,13.680000305175781,14.34000015258789,13.619999885559082,14.029999732971191,13.785694122314453,121221922,0.0,0.0
2021-07-30,14.140000343322754,14.350000381469727,14.010000228881836,14.210000038146973,13.962560653686523,112624627,0.0,0.0
2021-08-02,14.220000267028809,14.489999771118164,14.109999656677246,14.4399995803833,14.188555717468262,123064202,0.0,0.0
2021-08-03,14.260000228881836,14.350000381469727,13.579999923706055,13.729999542236328,13.490918159484863,146810645,0.0,0.0
2021-08-04,13.699999809265137,13.970000267028809,13.649999618530273,13.899999618530273,13.657958030700684,81485319,0.0,0.0
2021-08-05,13.789999961853027,13.859999656677246,13.600000381469727,13.680000305175781,13.441789627075195,70346776,0.0,0.0
2021-08-06,13.819999694824219,14.420000076293945,13.739999771118164,14.079999923706055,13.83482551574707,130278412,0.0,0.0
2021-08-09,13.90999984741211,13.9399995803833,13.630000114440918,13.819999694824219,13.579350471496582,73165910,0.0,0.0
2021-08-10,13.739999771118164,13.859999656677246,13.600000381469727,13.739999771118164,13.500744819641113,64640436,0.0,0.0
2021-08-11,13.710000038146973,13.739999771118164,13.40999984741211,13.470000267028809,13.23544692993164,80891024,0.0,0.0
2021-08-12,13.489999771118164,13.6899995803833,13.4399995803833,13.510000228881836,13.274749755859375,59923522,0.0,0.0
2021-08-13,13.430000305175781,13.449999809265137,12.899999618530273,12.949999809265137,12.724501609802246,117660649,0.0,0.0
2021-08-16,12.949999809265137,13.180000305175781,12.739999771118164,13.0,12.77363109588623,64651682,0.0,0.0
2021-08-17,13.010000228881836,13.050000190734863,12.479999542236328,12.520000457763672,12.301989555358887,79297127,0.0,0.0
2021-08-18,12.550000190734863,12.680000305175781,12.380000114440918,12.470000267028809,12.252859115600586,58046397,0.0,0.0
2021-08-19,12.460000038146973,12.619999885559082,12.399999618530273,12.5,12.28233814239502,45719302,0.0,0.0
2021-08-20,12.75,12.899999618530273,12.630000114440918,12.710000038146973,12.488680839538574,71673097,0.0,0.0
2021-08-23,12.75,12.890000343322754,12.619999885559082,12.850000381469727,12.626242637634277,51142133,0.0,0.0
2021-08-24,12.880000114440918,12.960000038146973,12.710000038146973,12.899999618530273,12.675371170043945,52845326,0.0,0.0
2021-08-25,12.960000038146973,12.960000038146973,12.710000038146973,12.789999961853027,12.56728744506836,42241753,0.0,0.0
2021-08-26,12.8100004196167,12.920000076293945,12.529999732971191,12.5600004196167,12.341293334960938,52121691,0.0,0.0
2021-08-27,12.520000457763672,12.680000305175781,12.359999656677246,12.680000305175781,12.459202766418457,43948867,0.0,0.0
2021-08-30,12.699999809265137,12.859999656677246,12.609999656677246,12.6899995803833,12.46902847290039,56697245,0.0,0.0
2021-08-31,12.6899995803833,12.770000457763672,12.289999961853027,12.75,12.527983665466309,62665617,0.0,0.0
2021-09-01,12.670000076293945,12.699999809265137,12.420000076293945,12.569999694824219,12.351118087768555,45892601,0.0,0.0
2021-09-02,12.5,12.550000190734863,12.369999885559082,12.430000305175781,12.213557243347168,45656165,0.0,0.0
2021-09-03,12.460000038146973,12.630000114440918,12.399999618530273,12.489999771118164,12.272512435913086,44764323,0.0,0.0
2021-09-06,12.5,12.640000343322754,12.4399995803833,12.630000114440918,12.410073280334473,46169971,0.0,0.0
2021-09-07,12.649999618530273,12.75,12.579999923706055,12.739999771118164,12.518157958984375,46126871,0.0,0.0
2021-09-08,12.8100004196167,12.899999618530273,12.739999771118164,12.859999656677246,12.636069297790527,52538288,0.0,0.0
2021-09-09,12.84000015258789,12.850000381469727,12.65999984741211,12.729999542236328,12.508333206176758,38871508,0.0,0.0
2021-09-10,12.739999771118164,13.180000305175781,12.6899995803833,13.109999656677246,12.881714820861816,92710962,0.0,0.0
2021-09-13,13.149999618530273,13.180000305175781,12.829999923706055,12.930000305175781,12.704850196838379,57756909,0.0,0.0
2021-09-14,12.960000038146973,13.09000015258789,12.720000267028809,12.760000228881836,12.537809371948242,56212362,0.0,0.0
2021-09-15,12.680000305175781,12.739999771118164,12.510000228881836,12.619999885559082,12.400246620178223,40045498,0.0,0.0
2021-09-16,12.630000114440918,12.65999984741211,12.380000114440918,12.380000114440918,12.16442584991455,40686487,0.0,0.0
2021-09-17,12.369999885559082,12.489999771118164,12.300000190734863,12.449999809265137,12.233206748962402,26915708,0.0,0.0
2021-09-22,12.3100004196167,12.529999732971191,12.260000228881836,12.420000076293945,12.203730583190918,21299989,0.0,0.0
2021-09-23,12.529999732971191,12.630000114440918,12.40999984741211,12.550000190734863,12.331465721130371,36519742,0.0,0.0
2021-09-24,12.550000190734863,12.619999885559082,12.399999618530273,12.399999618530273,12.184077262878418,24557415,0.0,0.0
2021-09-27,12.449999809265137,12.550000190734863,12.300000190734863,12.3100004196167,12.095645904541016,27492504,0.0,0.0
2021-09-28,12.319999694824219,12.479999542236328,12.260000228881836,12.359999656677246,12.144775390625,20024106,0.0,0.0
2021-09-29,12.289999961853027,12.300000190734863,12.050000190734863,12.100000381469727,11.889302253723145,35037184,0.0,0.0
2021-09-30,12.130000114440918,12.199999809265137,12.079999923706055,12.09000015258789,11.879475593566895,21701156,0.0,0.0
2021-10-08,12.199999809265137,12.350000381469727,12.130000114440918,12.180000305175781,11.96790885925293,23150661,0.0,0.0
2021-10-11,12.1899995803833,12.300000190734863,12.180000305175781,12.25,12.036689758300781,19310063,0.0,0.0
2021-10-12,12.300000190734863,12.34000015258789,12.069999694824219,12.170000076293945,11.958083152770996,24565722,0.0,0.0
2021-10-13,12.399999618530273,12.609999656677246,12.3100004196167,12.550000190734863,12.331465721130371,57275152,0.0,0.0
2021-10-14,12.5600004196167,12.75,12.489999771118164,12.5,12.28233814239502,54715357,0.0,0.0
2021-10-15,12.550000190734863,12.979999542236328,12.4399995803833,12.84000015258789,12.616416931152344,87065502,0.0,0.0
2021-10-18,12.800000190734863,12.859999656677246,12.59000015258789,12.859999656677246,12.636069297790527,49563635,0.0,0.0
2021-10-19,12.779999732971191,12.949999809265137,12.770000457763672,12.789999961853027,12.56728744506836,35275328,0.0,0.0
2021-10-20,12.829999923706055,12.850000381469727,12.5600004196167,12.59000015258789,12.370770454406738,38511467,0.0,0.0
2021-10-21,12.59000015258789,12.800000190734863,12.460000038146973,12.479999542236328,12.26268482208252,39918923,0.0,0.0
2021-10-22,12.600000381469727,12.869999885559082,12.550000190734863,12.760000228881836,12.537809371948242,56610563,0.0,0.0
2021-10-25,12.65999984741211,12.699999809265137,12.460000038146973,12.649999618530273,12.429725646972656,39925730,0.0,0.0
2021-10-26,12.600000381469727,12.850000381469727,12.59000015258789,12.739999771118164,12.518157958984375,48471537,0.0,0.0
2021-10-27,12.609999656677246,12.6899995803833,12.5,12.550000190734863,12.331465721130371,33961040,0.0,0.0
2021-10-28,12.579999923706055,12.760000228881836,12.229999542236328,12.319999694824219,12.10547161102295,45914742,0.0,0.0
2021-10-29,12.380000114440918,12.920000076293945,12.369999885559082,12.850000381469727,12.626242637634277,83285173,0.0,0.0
2021-11-01,12.850000381469727,13.170000076293945,12.720000267028809,13.100000381469727,12.8718900680542,85505432,0.0,0.0
2021-11-02,13.130000114440918,13.380000114440918,12.970000267028809,13.079999923706055,12.852237701416016,88850753,0.0,0.0
2021-11-03,13.130000114440918,13.239999771118164,12.930000305175781,13.050000190734863,12.822759628295898,48484184,0.0,0.0
2021-11-04,13.149999618530273,13.25,13.0600004196167,13.170000076293945,12.94067096710205,54857342,0.0,0.0
2021-11-05,14.020000457763672,14.479999542236328,13.699999809265137,13.90999984741211,13.66778564453125,284803918,0.0,0.0
2021-11-08,13.699999809265137,13.699999809265137,13.130000114440918,13.300000190734863,13.06840705871582,168987315,0.0,0.0
2021-11-09,13.1899995803833,14.460000038146973,13.15999984741211,13.979999542236328,13.736565589904785,207936348,0.0,0.0
2021-11-10,13.800000190734863,14.84000015258789,13.75,14.5,14.247511863708496,235459533,0.0,0.0
2021-11-11,14.3100004196167,14.770000457763672,14.100000381469727,14.359999656677246,14.10994815826416,174602670,0.0,0.0
2021-11-12,14.199999809265137,14.489999771118164,14.109999656677246,14.1899995803833,13.94290828704834,112570348,0.0,0.0
2021-11-15,14.270000457763672,14.34000015258789,14.0,14.15999984741211,13.913432121276855,93955573,0.0,0.0
2021-11-16,14.109999656677246,14.239999771118164,13.710000038146973,13.760000228881836,13.520397186279297,107238954,0.0,0.0
2021-11-17,13.760000228881836,14.239999771118164,13.710000038146973,14.09000015258789,13.844651222229004,84954832,0.0,0.0
2021-11-18,13.979999542236328,14.180000305175781,13.789999961853027,13.8100004196167,13.569525718688965,70436314,0.0,0.0
2021-11-19,13.760000228881836,14.25,13.710000038146973,14.09000015258789,13.844651222229004,83211570,0.0,0.0
2021-11-22,14.0600004196167,14.319999694824219,14.029999732971191,14.239999771118164,13.992037773132324,102106741,0.0,0.0
2021-11-23,14.1899995803833,14.430000305175781,14.079999923706055,14.09000015258789,13.844651222229004,94080269,0.0,0.0
2021-11-24,14.029999732971191,14.289999961853027,13.859999656677246,13.899999618530273,13.657958030700684,87760705,0.0,0.0
2021-11-25,13.84000015258789,14.180000305175781,13.800000190734863,13.930000305175781,13.687437057495117,80242642,0.0,0.0
2021-11-26,13.850000381469727,13.930000305175781,13.529999732971191,13.649999618530273,13.412311553955078,86416440,0.0,0.0
2021-11-29,13.319999694824219,13.710000038146973,13.300000190734863,13.630000114440918,13.392660140991211,58097369,0.0,0.0
2021-11-30,13.630000114440918,14.039999961853027,13.630000114440918,13.8100004196167,13.569525718688965,73341633,0.0,0.0
2021-12-01,13.75,13.920000076293945,13.630000114440918,13.710000038146973,13.471267700195312,53216566,0.0,0.0
2021-12-02,13.65999984741211,13.720000267028809,13.520000457763672,13.539999961853027,13.304227828979492,46634015,0.0,0.0
2021-12-03,13.550000190734863,13.800000190734863,13.529999732971191,13.5600004196167,13.32387924194336,63718249,0.0,0.0
2021-12-06,13.529999732971191,13.649999618530273,13.399999618530273,13.40999984741211,13.176491737365723,52240289,0.0,0.0
2021-12-07,13.479999542236328,13.520000457763672,13.130000114440918,13.180000305175781,12.950496673583984,53813193,0.0,0.0
2021-12-08,13.25,13.350000381469727,13.220000267028809,13.319999694824219,13.088058471679688,42732413,0.0,0.0
2021-12-09,13.25,13.5,13.210000038146973,13.479999542236328,13.245271682739258,56730199,0.0,0.0
2021-12-10,13.399999618530273,13.40999984741211,13.260000228881836,13.399999618530273,13.166664123535156,46753957,0.0,0.0
2021-12-13,13.399999618530273,13.460000038146973,13.300000190734863,13.3100004196167,13.078231811523438,46490818,0.0,0.0
2021-12-14,13.25,13.34000015258789,13.15999984741211,13.289999961853027,13.05858039855957,32387780,0.0,0.0
2021-12-15,13.289999961853027,13.319999694824219,13.0600004196167,13.0600004196167,12.832586288452148,49544900,0.0,0.0
2021-12-16,13.109999656677246,13.130000114440918,12.800000190734863,13.119999885559082,12.89154052734375,60561428,0.0,0.0
2021-12-17,13.079999923706055,13.079999923706055,12.819999694824219,12.850000381469727,12.626242637634277,50588105,0.0,0.0
2021-12-20,12.800000190734863,12.890000343322754,12.600000381469727,12.670000076293945,12.449377059936523,38970933,0.0,0.0
2021-12-21,12.65999984741211,12.770000457763672,12.619999885559082,12.75,12.527983665466309,26722972,0.0,0.0
2021-12-22,12.760000228881836,12.970000267028809,12.760000228881836,12.8100004196167,12.586938858032227,34587535,0.0,0.0
2021-12-23,12.829999923706055,12.859999656677246,12.739999771118164,12.739999771118164,12.518157958984375,24725678,0.0,0.0
2021-12-24,12.710000038146973,12.789999961853027,12.510000228881836,12.609999656677246,12.390420913696289,34520186,0.0,0.0
2021-12-27,12.600000381469727,12.65999984741211,12.5,12.539999961853027,12.321640014648438,26650955,0.0,0.0
2021-12-28,12.579999923706055,12.789999961853027,12.569999694824219,12.699999809265137,12.478853225708008,29769310,0.0,0.0
2021-12-29,12.680000305175781,12.6899995803833,12.520000457763672,12.539999961853027,12.321640014648438,25764650,0.0,0.0
2021-12-30,12.520000457763672,12.680000305175781,12.489999771118164,12.670000076293945,12.449377059936523,28547125,0.0,0.0
2021-12-31,12.6899995803833,12.729999542236328,12.619999885559082,12.710000038146973,12.488680839538574,26642033,0.0,0.0
2022-01-04,12.710000038146973,12.760000228881836,12.550000190734863,12.739999771118164,12.518157958984375,39750819,0.0,0.0
2022-01-05,12.739999771118164,12.899999618530273,12.600000381469727,12.670000076293945,12.449377059936523,49136731,0.0,0.0
2022-01-06,12.640000343322754,12.789999961853027,12.510000228881836,12.699999809265137,12.478853225708008,37062984,0.0,0.0
2022-01-07,12.699999809265137,12.720000267028809,12.539999961853027,12.5600004196167,12.341293334960938,31737349,0.0,0.0
2022-01-10,12.550000190734863,12.550000190734863,12.220000267028809,12.430000305175781,12.213557243347168,36018027,0.0,0.0
2022-01-11,12.4399995803833,12.4399995803833,12.270000457763672,12.289999961853027,12.075993537902832,28659699,0.0,0.0
2022-01-12,12.359999656677246,12.399999618530273,12.260000228881836,12.390000343322754,12.174251556396484,24908717,0.0,0.0
2022-01-13,12.399999618530273,12.420000076293945,12.289999961853027,12.300000190734863,12.085820198059082,21499818,0.0,0.0
2022-01-14,12.279999732971191,12.390000343322754,12.239999771118164,12.270000457763672,12.056342124938965,20949642,0.0,0.0
2022-01-17,12.239999771118164,12.359999656677246,12.210000038146973,12.34000015258789,12.125123977661133,22586029,0.0,0.0
2022-01-18,12.350000381469727,12.5,12.3100004196167,12.4399995803833,12.223381996154785,35244967,0.0,0.0
2022-01-19,12.380000114440918,12.380000114440918,12.229999542236328,12.3100004196167,12.095645904541016,27011405,0.0,0.0
2022-01-20,12.300000190734863,12.350000381469727,12.100000381469727,12.170000076293945,11.958083152770996,25017602,0.0,0.0
2022-01-21,12.149999618530273,12.260000228881836,12.109999656677246,12.229999542236328,12.01703929901123,20155896,0.0,0.0
2022-01-24,12.180000305175781,12.270000457763672,12.130000114440918,12.140000343322754,11.928605079650879,16716468,0.0,0.0
2022-01-25,12.210000038146973,12.270000457763672,11.920000076293945,11.930000305175781,11.72226333618164,31043021,0.0,0.0
2022-01-26,11.9399995803833,12.050000190734863,11.779999732971191,11.880000114440918,11.67313289642334,21983319,0.0,0.0
2022-01-27,11.869999885559082,11.880000114440918,11.4399995803833,11.4399995803833,11.24079418182373,32415644,0.0,0.0
2022-01-28,11.630000114440918,11.640000343322754,11.319999694824219,11.40999984741211,11.21131706237793,22285466,0.0,0.0
2022-02-07,11.59000015258789,11.739999771118164,11.520000457763672,11.649999618530273,11.447137832641602,23892317,0.0,0.0
2022-02-08,11.65999984741211,11.699999809265137,11.479999542236328,11.699999809265137,11.496267318725586,20762531,0.0,0.0
2022-02-09,11.649999618530273,11.819999694824219,11.619999885559082,11.8100004196167,11.604351997375488,22019078,0.0,0.0
2022-02-10,11.8100004196167,11.899999618530273,11.770000457763672,11.84000015258789,11.633830070495605,19758109,0.0,0.0
2022-02-11,11.8100004196167,11.84000015258789,11.680000305175781,11.699999809265137,11.496267318725586,19282385,0.0,0.0
2022-02-14,11.619999885559082,11.739999771118164,11.520000457763672,11.6899995803833,11.486441612243652,14090968,0.0,0.0
2022-02-15,11.65999984741211,11.899999618530273,11.649999618530273,11.859999656677246,11.653481483459473,21961387,0.0,0.0
2022-02-16,11.890000343322754,11.970000267028809,11.829999923706055,11.869999885559082,11.663307189941406,17558482,0.0,0.0
2022-02-17,11.819999694824219,11.9399995803833,11.75,11.819999694824219,11.614178657531738,19543504,0.0,0.0
2022-02-18,11.760000228881836,11.90999984741211,11.720000267028809,11.880000114440918,11.67313289642334,16117690,0.0,0.0
2022-02-21,11.859999656677246,12.149999618530273,11.84000015258789,12.09000015258789,11.879475593566895,29757340,0.0,0.0
2022-02-22,12.010000228881836,12.130000114440918,11.920000076293945,12.039999961853027,11.830347061157227,22871470,0.0,0.0
2022-02-23,12.039999961853027,12.300000190734863,12.029999732971191,12.260000228881836,12.046515464782715,41562442,0.0,0.0
2022-02-24,12.180000305175781,12.260000228881836,11.789999961853027,11.960000038146973,11.751738548278809,45263210,0.0,0.0
2022-02-25,12.029999732971191,12.199999809265137,11.949999809265137,12.0,11.791044235229492,24851635,0.0,0.0
2022-02-28,11.979999542236328,12.119999885559082,11.899999618530273,11.960000038146973,11.751738548278809,17361666,0.0,0.0
2022-03-01,11.960000038146973,12.029999732971191,11.890000343322754,11.949999809265137,11.741913795471191,19772493,0.0,0.0
2022-03-02,11.859999656677246,11.9399995803833,11.84000015258789,11.859999656677246,11.653481483459473,17255237,0.0,0.0
2022-03-03,11.899999618530273,11.9399995803833,11.670000076293945,11.680000305175781,11.476615905761719,26507405,0.0,0.0
2022-03-04,11.630000114440918,11.829999923706055,11.59000015258789,11.649999618530273,11.447137832641602,20599085,0.0,0.0
2022-03-07,11.619999885559082,11.619999885559082,11.329999923706055,11.380000114440918,11.181839942932129,26510635,0.0,0.0
2022-03-08,11.350000381469727,11.449999809265137,10.979999542236328,11.079999923706055,10.887064933776855,32722069,0.0,0.0
2022-03-09,11.15999984741211,11.260000228881836,10.449999809265137,10.890000343322754,10.700372695922852,38262151,0.0,0.0
2022-03-10,11.119999885559082,11.220000267028809,11.029999732971191,11.0600004196167,10.867412567138672,25871312,0.0,0.0
2022-03-11,10.979999542236328,11.34000015258789,10.880000114440918,11.329999923706055,11.132710456848145,38654710,0.0,0.0
2022-03-14,11.199999809265137,11.399999618530273,11.15999984741211,11.170000076293945,10.975496292114258,19885822,0.0,0.0
2022-03-15,11.109999656677246,11.1899995803833,10.59000015258789,10.600000381469727,10.415421485900879,33786437,0.0,0.0
2022-03-16,10.779999732971191,10.979999542236328,10.239999771118164,10.949999809265137,10.759326934814453,40948753,0.0,0.0
2022-03-17,11.0,11.25,11.0,11.029999732971191,10.837932586669922,31522906,0.0,0.0
2022-03-18,10.979999542236328,11.149999618530273,10.9399995803833,11.069999694824219,10.877238273620605,20395347,0.0,0.0
2022-03-21,11.100000381469727,11.210000038146973,11.010000228881836,11.09000015258789,10.896888732910156,23066225,0.0,0.0
2022-03-22,11.100000381469727,11.260000228881836,11.029999732971191,11.1899995803833,10.995147705078125,21973506,0.0,0.0
2022-03-23,11.149999618530273,11.1899995803833,11.079999923706055,11.130000114440918,10.936192512512207,16388295,0.0,0.0
2022-03-24,11.069999694824219,11.079999923706055,10.90999984741211,10.9399995803833,10.74950122833252,17305560,0.0,0.0
2022-03-25,10.979999542236328,11.079999923706055,10.859999656677246,10.859999656677246,10.670894622802734,13416655,0.0,0.0
2022-03-28,10.8100004196167,10.9399995803833,10.699999809265137,10.920000076293945,10.729849815368652,14045028,0.0,0.0
2022-03-29,10.850000381469727,10.9399995803833,10.520000457763672,10.59000015258789,10.405595779418945,27100862,0.0,0.0
2022-03-30,10.630000114440918,10.75,10.619999885559082,10.75,10.562809944152832,15870936,0.0,0.0
2022-03-31,10.670000076293945,10.720000267028809,10.5,10.510000228881836,10.326990127563477,17687002,0.0,0.0
2022-04-01,10.470000267028809,10.579999923706055,10.359999656677246,10.569999694824219,10.385944366455078,16756447,0.0,0.0
2022-04-06,10.510000228881836,10.539999961853027,10.359999656677246,10.420000076293945,10.238555908203125,18261210,0.0,0.0
2022-04-07,10.329999923706055,10.470000267028809,10.09000015258789,10.09000015258789,9.914301872253418,24678315,0.0,0.0
2022-04-08,10.1899995803833,10.199999809265137,9.850000381469727,10.039999961853027,9.865172386169434,24270821,0.0,0.0
2022-04-11,10.0,10.0,9.510000228881836,9.569999694824219,9.403356552124023,28626301,0.0,0.0
2022-04-12,9.5600004196167,9.829999923706055,9.510000228881836,9.800000190734863,9.629351615905762,21694639,0.0,0.0
2022-04-13,9.729999542236328,9.779999732971191,9.630000114440918,9.649999618530273,9.481964111328125,12364484,0.0,0.0
2022-04-14,9.680000305175781,9.779999732971191,9.609999656677246,9.710000038146973,9.54092025756836,17952935,0.0,0.0
2022-04-15,9.630000114440918,9.729999542236328,9.510000228881836,9.630000114440918,9.462312698364258,17116644,0.0,0.0
2022-04-18,9.630000114440918,9.819999694824219,9.520000457763672,9.800000190734863,9.629351615905762,20401919,0.0,0.0
2022-04-19,9.760000228881836,9.850000381469727,9.699999809265137,9.729999542236328,9.56057071685791,16839572,0.0,0.0
2022-04-20,9.789999961853027,9.84000015258789,9.619999885559082,9.649999618530273,9.481964111328125,16404483,0.0,0.0
2022-04-21,9.609999656677246,9.739999771118164,9.279999732971191,9.329999923706055,9.167535781860352,23212338,0.0,0.0
2022-04-22,9.359999656677246,9.420000076293945,9.15999984741211,9.300000190734863,9.13805866241455,21196209,0.0,0.0
2022-04-25,9.15999984741211,9.15999984741211,8.449999809265137,8.449999809265137,8.30285930633545,36073645,0.0,0.0
2022-04-26,8.579999923706055,8.600000381469727,7.949999809265137,7.980000019073486,7.8410444259643555,40192019,0.0,0.0
2022-04-27,7.829999923706055,8.479999542236328,7.75,8.460000038146973,8.3126859664917,43362578,0.0,0.0
2022-04-28,8.460000038146973,8.720000267028809,8.380000114440918,8.539999961853027,8.3912935256958,34643538,0.0,0.0
2022-04-29,8.5,8.600000381469727,8.279999732971191,8.550000190734863,8.40112018585205,46600817,0.0,0.0
2022-05-05,8.569999694824219,8.680000305175781,8.399999618530273,8.460000038146973,8.3126859664917,37637993,0.0,0.0
2022-05-06,8.170000076293945,8.180000305175781,8.020000457763672,8.039999961853027,7.899999141693115,37162290,0.0,0.0
2022-05-09,8.039999961853027,8.289999961853027,7.849999904632568,8.25,8.106342315673828,50835099,0.0,0.0
2022-05-10,8.149999618530273,8.539999961853027,8.100000381469727,8.40999984741211,8.263556480407715,52704409,0.0,0.0
2022-05-11,8.40999984741211,8.829999923706055,8.40999984741211,8.550000190734863,8.40112018585205,56276196,0.0,0.0
2022-05-12,8.460000038146973,8.6899995803833,8.449999809265137,8.630000114440918,8.47972583770752,33507571,0.0,0.0
2022-05-13,8.640000343322754,8.699999809265137,8.520000457763672,8.5600004196167,8.410944938659668,21963428,0.0,0.0
2022-05-16,8.65999984741211,8.739999771118164,8.40999984741211,8.460000038146973,8.3126859664917,25592267,0.0,0.0
2022-05-17,8.510000228881836,8.630000114440918,8.40999984741211,8.600000381469727,8.450247764587402,26931238,0.0,0.0
2022-05-18,8.579999923706055,8.720000267028809,8.539999961853027,8.65999984741211,8.50920295715332,27162866,0.0,0.0
2022-05-19,8.550000190734863,8.829999923706055,8.510000228881836,8.770000457763672,8.617288589477539,36232886,0.0,0.0
2022-05-20,8.8100004196167,8.960000038146973,8.779999732971191,8.90999984741211,8.754850387573242,36146611,0.0,0.0
2022-05-23,8.930000305175781,8.930000305175781,8.760000228881836,8.880000114440918,8.725372314453125,29242002,0.0,0.0
2022-05-24,8.859999656677246,8.920000076293945,8.430000305175781,8.449999809265137,8.30285930633545,38547944,0.0,0.0
2022-05-25,8.449999809265137,8.579999923706055,8.430000305175781,8.520000457763672,8.3716402053833,19034020,0.0,0.0
2022-05-26,8.539999961853027,8.6899995803833,8.350000381469727,8.619999885559082,8.469900131225586,31409269,0.0,0.0
2022-05-27,8.710000038146973,8.729999542236328,8.40999984741211,8.479999542236328,8.332337379455566,24906073,0.0,0.0
2022-05-30,8.489999771118164,8.550000190734863,8.399999618530273,8.449999809265137,8.30285930633545,20204753,0.0,0.0
2022-05-31,8.4399995803833,8.640000343322754,8.34000015258789,8.630000114440918,8.47972583770752,36469011,0.0,0.0
2022-06-01,8.630000114440918,8.729999542236328,8.569999694824219,8.619999885559082,8.469900131225586,25264431,0.0,0.0
2022-06-02,8.579999923706055,8.819999694824219,8.5600004196167,8.8100004196167,8.656591415405273,37439029,0.0,0.0
2022-06-06,8.84000015258789,9.0600004196167,8.8100004196167,9.020000457763672,8.862934112548828,46930636,0.0,0.0
2022-06-07,9.029999732971191,9.180000305175781,8.949999809265137,9.0,8.843282699584961,44718184,0.0,0.0
2022-06-08,8.960000038146973,9.039999961853027,8.8100004196167,8.930000305175781,8.77450180053711,28652974,0.0,0.0
2022-06-09,8.960000038146973,8.960000038146973,8.65999984741211,8.75,8.597635269165039,28664160,0.0,0.0
2022-06-10,8.6899995803833,8.880000114440918,8.670000076293945,8.859999656677246,8.705720901489258,33434375,0.0,0.0
2022-06-13,8.779999732971191,8.90999984741211,8.699999809265137,8.770000457763672,8.617288589477539,29916888,0.0,0.0
2022-06-14,8.720000267028809,8.770000457763672,8.40999984741211,8.760000228881836,8.607461929321289,38633975,0.0,0.0
2022-06-15,8.75,9.09000015258789,8.739999771118164,8.930000305175781,8.77450180053711,54900200,0.0,0.0
2022-06-16,8.930000305175781,9.140000343322754,8.90999984741211,9.010000228881836,8.853108406066895,45336553,0.0,0.0
2022-06-17,8.920000076293945,9.050000190734863,8.829999923706055,9.050000190734863,8.892412185668945,32642128,0.0,0.0
2022-06-20,9.079999923706055,9.170000076293945,8.989999771118164,9.140000343322754,8.980846405029297,41338296,0.0,0.0
2022-06-21,9.109999656677246,9.210000038146973,9.0,9.109999656677246,8.95136547088623,36100140,0.0,0.0
2022-06-22,9.100000381469727,9.109999656677246,8.869999885559082,8.880000114440918,8.725372314453125,31510805,0.0,0.0
2022-06-23,8.859999656677246,9.09000015258789,8.850000381469727,9.09000015258789,8.93171501159668,30175552,0.0,0.0
2022-06-24,9.119999885559082,9.350000381469727,9.09000015258789,9.34000015258789,9.177362442016602,66156129,0.0,0.0
2022-06-27,9.40999984741211,9.449999809265137,9.239999771118164,9.270000457763672,9.10858154296875,44201840,0.0,0.0
2022-06-28,9.279999732971191,9.569999694824219,9.170000076293945,9.5,9.334575653076172,57086826,0.0,0.0
2022-06-29,9.460000038146973,9.680000305175781,9.300000190734863,9.3100004196167,9.191422462463379,64530875,0.045,0.0
2022-06-30,9.3100004196167,9.550000190734863,9.279999732971191,9.380000114440918,9.260530471801758,40122797,0.0,0.0
2022-07-01,9.359999656677246,9.449999809265137,9.210000038146973,9.25,9.132185935974121,32883656,0.0,0.0
2022-07-04,9.180000305175781,9.180000305175781,9.010000228881836,9.130000114440918,9.013716697692871,34138466,0.0,0.0
2022-07-05,9.119999885559082,9.229999542236328,8.960000038146973,9.079999923706055,8.964351654052734,32236153,0.0,0.0
2022-07-06,9.0600004196167,9.239999771118164,9.010000228881836,9.09000015258789,8.974224090576172,33987579,0.0,0.0
2022-07-07,9.09000015258789,9.140000343322754,8.989999771118164,9.09000015258789,8.974224090576172,24199046,0.0,0.0
2022-07-08,9.100000381469727,9.229999542236328,9.079999923706055,9.119999885559082,9.003843307495117,28665835,0.0,0.0
2022-07-11,9.100000381469727,9.100000381469727,8.859999656677246,8.899999618530273,8.78664493560791,29593241,0.0,0.0
2022-07-12,8.899999618530273,8.920000076293945,8.630000114440918,8.640000343322754,8.529956817626953,31169242,0.0,0.0
2022-07-13,8.649999618530273,8.699999809265137,8.600000381469727,8.649999618530273,8.539828300476074,16950373,0.0,0.0
2022-07-14,8.649999618530273,8.710000038146973,8.609999656677246,8.630000114440918,8.520084381103516,15407628,0.0,0.0
2022-07-15,8.630000114440918,8.6899995803833,8.479999542236328,8.479999542236328,8.371994018554688,23381783,0.0,0.0
2022-07-18,8.479999542236328,8.770000457763672,8.460000038146973,8.729999542236328,8.618809700012207,26352517,0.0,0.0
2022-07-19,8.699999809265137,8.880000114440918,8.6899995803833,8.819999694824219,8.707663536071777,23909689,0.0,0.0
2022-07-20,8.869999885559082,8.989999771118164,8.829999923706055,8.850000381469727,8.737282752990723,23808179,0.0,0.0
2022-07-21,8.800000190734863,8.989999771118164,8.75,8.880000114440918,8.766899108886719,28563576,0.0,0.0
2022-07-22,8.890000343322754,8.979999542236328,8.699999809265137,8.770000457763672,8.65830135345459,21887402,0.0,0.0
2022-07-25,8.779999732971191,8.789999961853027,8.550000190734863,8.59000015258789,8.48059368133545,17908150,0.0,0.0
2022-07-26,8.600000381469727,8.649999618530273,8.520000457763672,8.640000343322754,8.529956817626953,14587822,0.0,0.0
2022-07-27,8.600000381469727,8.619999885559082,8.550000190734863,8.569999694824219,8.460847854614258,12451592,0.0,0.0
2022-07-28,8.630000114440918,9.229999542236328,8.630000114440918,9.010000228881836,8.895243644714355,66688816,0.0,0.0
2022-07-29,8.960000038146973,9.020000457763672,8.850000381469727,8.859999656677246,8.74715518951416,31427998,0.0,0.0
2022-08-01,8.8100004196167,8.949999809265137,8.65999984741211,8.9399995803833,8.826133728027344,25163380,0.0,0.0
2022-08-02,8.880000114440918,8.920000076293945,8.600000381469727,8.739999771118164,8.628682136535645,36516899,0.0,0.0
2022-08-03,8.779999732971191,9.079999923706055,8.770000457763672,8.890000343322754,8.776772499084473,51411138,0.0,0.0
2022-08-04,8.979999542236328,9.34000015258789,8.930000305175781,9.319999694824219,9.201294898986816,97605538,0.0,0.0
2022-08-05,9.369999885559082,10.25,9.319999694824219,10.25,10.119450569152832,173802475,0.0,0.0
2022-08-08,10.630000114440918,10.970000267028809,10.359999656677246,10.520000457763672,10.386012077331543,281622419,0.0,0.0
2022-08-09,10.199999809265137,11.449999809265137,10.050000190734863,11.0600004196167,10.919135093688965,229939022,0.0,0.0
2022-08-10,10.680000305175781,11.210000038146973,10.59000015258789,10.739999771118164,10.603208541870117,212181138,0.0,0.0
2022-08-11,10.670000076293945,11.300000190734863,10.65999984741211,10.920000076293945,10.78091812133789,188818096,0.0,0.0
2022-08-12,10.800000190734863,11.140000343322754,10.649999618530273,10.680000305175781,10.543973922729492,146603563,0.0,0.0
2022-08-15,10.680000305175781,10.800000190734863,10.329999923706055,10.380000114440918,10.247795104980469,109312305,0.0,0.0
2022-08-16,10.380000114440918,10.539999961853027,10.3100004196167,10.449999809265137,10.316903114318848,90220500,0.0,0.0
2022-08-17,10.399999618530273,10.489999771118164,10.199999809265137,10.390000343322754,10.257668495178223,82147111,0.0,0.0
2022-08-18,10.260000228881836,10.479999542236328,10.15999984741211,10.350000381469727,10.218177795410156,74000571,0.0,0.0
2022-08-19,10.300000190734863,10.579999923706055,10.09000015258789,10.109999656677246,9.981233596801758,72141141,0.0,0.0
2022-08-22,10.0600004196167,10.25,9.899999618530273,10.140000343322754,10.010852813720703,41043939,0.0,0.0
2022-08-23,10.09000015258789,10.239999771118164,10.0600004196167,10.149999618530273,10.020724296569824,36085752,0.0,0.0
2022-08-24,10.130000114440918,10.149999618530273,9.65999984741211,9.680000305175781,9.556711196899414,62905389,0.0,0.0
2022-08-25,9.800000190734863,9.8100004196167,9.470000267028809,9.630000114440918,9.507347106933594,40900905,0.0,0.0
2022-08-26,9.680000305175781,9.75,9.5,9.529999732971191,9.408620834350586,32584179,0.0,0.0
2022-08-29,9.399999618530273,9.619999885559082,9.350000381469727,9.460000038146973,9.33951187133789,30584803,0.0,0.0
2022-08-30,9.460000038146973,9.609999656677246,9.430000305175781,9.489999771118164,9.36913013458252,29757036,0.0,0.0
2022-08-31,9.5,9.649999618530273,9.350000381469727,9.600000381469727,9.477729797363281,43342722,0.0,0.0
2022-09-01,9.579999923706055,9.739999771118164,9.4399995803833,9.449999809265137,9.329639434814453,32773371,0.0,0.0
2022-09-02,9.449999809265137,9.6899995803833,9.40999984741211,9.640000343322754,9.517220497131348,36316845,0.0,0.0
2022-09-05,9.600000381469727,9.6899995803833,9.460000038146973,9.600000381469727,9.477729797363281,26141606,0.0,0.0
2022-09-06,9.609999656677246,9.6899995803833,9.550000190734863,9.649999618530273,9.527091979980469,26095635,0.0,0.0
2022-09-07,9.649999618530273,9.920000076293945,9.619999885559082,9.800000190734863,9.67518138885498,47551509,0.0,0.0
2022-09-08,9.75,9.760000228881836,9.550000190734863,9.550000190734863,9.428366661071777,30561691,0.0,0.0
2022-09-09,9.5600004196167,9.59000015258789,9.449999809265137,9.569999694824219,9.448111534118652,19888106,0.0,0.0
2022-09-13,9.569999694824219,9.670000076293945,9.479999542236328,9.5,9.379003524780273,19185668,0.0,0.0
2022-09-14,9.359999656677246,9.399999618530273,9.119999885559082,9.239999771118164,9.122314453125,37006599,0.0,0.0
2022-09-15,9.359999656677246,9.359999656677246,8.84000015258789,9.010000228881836,8.895243644714355,35274079,0.0,0.0
2022-09-16,9.0,9.0600004196167,8.800000190734863,8.800000190734863,8.687918663024902,23972064,0.0,0.0
2022-09-19,8.800000190734863,8.899999618530273,8.630000114440918,8.699999809265137,8.589192390441895,21182826,0.0,0.0
2022-09-20,8.729999542236328,8.800000190734863,8.680000305175781,8.739999771118164,8.628682136535645,15612233,0.0,0.0
2022-09-21,8.680000305175781,8.789999961853027,8.59000015258789,8.75,8.638555526733398,15624450,0.0,0.0
2022-09-22,8.649999618530273,8.800000190734863,8.640000343322754,8.6899995803833,8.57931900024414,14775760,0.0,0.0
2022-09-23,8.65999984741211,8.739999771118164,8.420000076293945,8.479999542236328,8.371994018554688,20806297,0.0,0.0
2022-09-26,8.399999618530273,8.479999542236328,8.329999923706055,8.34000015258789,8.23377799987793,15859094,0.0,0.0
2022-09-27,8.369999885559082,8.489999771118164,8.3100004196167,8.479999542236328,8.371994018554688,18501167,0.0,0.0
2022-09-28,8.420000076293945,8.430000305175781,8.140000343322754,8.140000343322754,8.036325454711914,21562116,0.0,0.0
2022-09-29,8.25,8.270000457763672,8.100000381469727,8.140000343322754,8.036325454711914,14424112,0.0,0.0
2022-09-30,8.119999885559082,8.210000038146973,8.100000381469727,8.100000381469727,7.996833801269531,13275042,0.0,0.0
2022-10-10,8.100000381469727,8.149999618530273,7.78000020980835,7.809999942779541,7.7105278968811035,20717304,0.0,0.0
2022-10-11,7.889999866485596,7.949999809265137,7.800000190734863,7.940000057220459,7.83887243270874,13242705,0.0,0.0
2022-10-12,7.929999828338623,8.279999732971191,7.900000095367432,8.270000457763672,8.164669036865234,27464113,0.0,0.0
2022-10-13,8.260000228881836,8.329999923706055,8.199999809265137,8.25,8.144923210144043,17566950,0.0,0.0
2022-10-14,8.3100004196167,8.430000305175781,8.270000457763672,8.390000343322754,8.283141136169434,20504909,0.0,0.0
2022-10-17,8.350000381469727,8.510000228881836,8.329999923706055,8.489999771118164,8.381867408752441,18267394,0.0,0.0
2022-10-18,8.569999694824219,8.600000381469727,8.380000114440918,8.420000076293945,8.312758445739746,18255744,0.0,0.0
2022-10-19,8.430000305175781,8.489999771118164,8.329999923706055,8.329999923706055,8.223904609680176,15129958,0.0,0.0
2022-10-20,8.3100004196167,8.9399995803833,8.229999542236328,8.880000114440918,8.766899108886719,74689883,0.0,0.0
2022-10-21,8.8100004196167,8.880000114440918,8.600000381469727,8.710000038146973,8.599065780639648,42051930,0.0,0.0
2022-10-24,8.649999618530273,8.90999984741211,8.579999923706055,8.649999618530273,8.539828300476074,30422073,0.0,0.0
2022-10-25,8.5600004196167,8.6899995803833,8.430000305175781,8.600000381469727,8.490466117858887,20279635,0.0,0.0
2022-10-26,8.579999923706055,8.970000267028809,8.520000457763672,8.84000015258789,8.727408409118652,43271126,0.0,0.0
2022-10-27,8.770000457763672,9.220000267028809,8.760000228881836,9.050000190734863,8.934734344482422,59522872,0.0,0.0
2022-10-28,8.800000190734863,9.050000190734863,8.630000114440918,8.680000305175781,8.569446563720703,43693603,0.0,0.0
2022-10-31,8.649999618530273,8.920000076293945,8.649999618530273,8.819999694824219,8.707663536071777,32625591,0.0,0.0
2022-11-01,8.699999809265137,8.890000343322754,8.680000305175781,8.890000343322754,8.776772499084473,30892268,0.0,0.0
2022-11-02,8.869999885559082,9.029999732971191,8.800000190734863,8.829999923706055,8.717535972595215,37854458,0.0,0.0
2022-11-03,8.739999771118164,8.979999542236328,8.710000038146973,8.90999984741211,8.796517372131348,36870960,0.0,0.0
2022-11-04,8.869999885559082,8.970000267028809,8.829999923706055,8.920000076293945,8.806390762329102,33497858,0.0,0.0
2022-11-07,8.899999618530273,9.010000228881836,8.869999885559082,8.880000114440918,8.766899108886719,28277819,0.0,0.0
2022-11-08,8.869999885559082,8.899999618530273,8.739999771118164,8.770000457763672,8.65830135345459,20690464,0.0,0.0
2022-11-09,8.760000228881836,8.829999923706055,8.710000038146973,8.8100004196167,8.69779109954834,21102863,0.0,0.0
2022-11-10,8.760000228881836,8.819999694824219,8.640000343322754,8.640000343322754,8.529956817626953,20858022,0.0,0.0
2022-11-11,8.800000190734863,8.890000343322754,8.75,8.75,8.638555526733398,32416358,0.0,0.0
2022-11-14,8.649999618530273,8.890000343322754,8.649999618530273,8.770000457763672,8.65830135345459,23234423,0.0,0.0
2022-11-15,8.720000267028809,9.199999809265137,8.720000267028809,9.170000076293945,9.053206443786621,77585227,0.0,0.0
2022-11-16,9.170000076293945,9.170000076293945,9.0,9.039999961853027,8.924860954284668,42047576,0.0,0.0
2022-11-17,9.0,9.239999771118164,8.920000076293945,9.239999771118164,9.122314453125,49846061,0.0,0.0
2022-11-18,9.180000305175781,9.289999961853027,9.100000381469727,9.130000114440918,9.013716697692871,43504606,0.0,0.0
2022-11-21,9.0600004196167,9.170000076293945,8.979999542236328,9.069999694824219,8.954480171203613,25149330,0.0,0.0
2022-11-22,9.0600004196167,9.170000076293945,8.9399995803833,8.979999542236328,8.865626335144043,26981277,0.0,0.0
2022-11-23,8.960000038146973,9.020000457763672,8.739999771118164,8.84000015258789,8.727408409118652,27251476,0.0,0.0
2022-11-24,8.869999885559082,8.920000076293945,8.75,8.760000228881836,8.648428916931152,15228109,0.0,0.0
2022-11-25,8.760000228881836,8.859999656677246,8.710000038146973,8.739999771118164,8.628682136535645,16102792,0.0,0.0
2022-11-28,8.65999984741211,8.670000076293945,8.550000190734863,8.59000015258789,8.48059368133545,17861899,0.0,0.0
2022-11-29,8.600000381469727,8.829999923706055,8.600000381469727,8.8100004196167,8.69779109954834,20347521,0.0,0.0
2022-11-30,8.779999732971191,8.880000114440918,8.760000228881836,8.8100004196167,8.69779109954834,15162934,0.0,0.0
2022-12-01,8.869999885559082,8.949999809265137,8.819999694824219,8.819999694824219,8.707663536071777,19116623,0.0,0.0
2022-12-02,8.819999694824219,8.899999618530273,8.770000457763672,8.84000015258789,8.727408409118652,12981632,0.0,0.0
2022-12-05,8.850000381469727,8.899999618530273,8.779999732971191,8.869999885559082,8.757026672363281,23377820,0.0,0.0
2022-12-06,8.869999885559082,9.029999732971191,8.819999694824219,8.949999809265137,8.836007118225098,31288173,0.0,0.0
2022-12-07,8.899999618530273,8.930000305175781,8.819999694824219,8.819999694824219,8.707663536071777,19283233,0.0,0.0
2022-12-08,8.829999923706055,8.850000381469727,8.670000076293945,8.680000305175781,8.569446563720703,18210247,0.0,0.0
2022-12-09,8.680000305175781,8.770000457763672,8.65999984741211,8.760000228881836,8.648428916931152,17151191,0.0,0.0
2022-12-12,8.729999542236328,8.90999984741211,8.710000038146973,8.850000381469727,8.737282752990723,23129108,0.0,0.0
2022-12-13,8.829999923706055,8.859999656677246,8.739999771118164,8.760000228881836,8.648428916931152,11998649,0.0,0.0
2022-12-14,8.949999809265137,9.149999618530273,8.949999809265137,9.010000228881836,8.895243644714355,69932516,0.0,0.0
2022-12-15,8.9399995803833,9.449999809265137,8.890000343322754,9.319999694824219,9.201294898986816,89405366,0.0,0.0
2022-12-16,9.199999809265137,9.210000038146973,9.029999732971191,9.100000381469727,8.984097480773926,44314220,0.0,0.0
2022-12-19,9.09000015258789,9.109999656677246,8.8100004196167,8.869999885559082,8.757026672363281,26730379,0.0,0.0
2022-12-20,8.779999732971191,8.960000038146973,8.760000228881836,8.880000114440918,8.766899108886719,20660360,0.0,0.0
2022-12-21,8.84000015258789,8.930000305175781,8.609999656677246,8.6899995803833,8.57931900024414,22977631,0.0,0.0
2022-12-22,8.710000038146973,8.739999771118164,8.430000305175781,8.470000267028809,8.36212158203125,23249395,0.0,0.0
2022-12-23,8.399999618530273,8.510000228881836,8.289999961853027,8.40999984741211,8.302885055541992,16039313,0.0,0.0
2022-12-26,8.40999984741211,8.59000015258789,8.40999984741211,8.550000190734863,8.441102981567383,12379600,0.0,0.0
2022-12-27,8.550000190734863,8.600000381469727,8.470000267028809,8.5600004196167,8.450976371765137,12411549,0.0,0.0
2022-12-28,8.5,8.550000190734863,8.40999984741211,8.430000305175781,8.3226318359375,11101792,0.0,0.0
2022-12-29,8.399999618530273,8.470000267028809,8.239999771118164,8.25,8.144923210144043,20457200,0.0,0.0
2022-12-30,8.3100004196167,8.34000015258789,8.210000038146973,8.289999961853027,8.18441390991211,13886875,0.0,0.0
2023-01-03,8.289999961853027,8.449999809265137,8.229999542236328,8.449999809265137,8.342376708984375,13328914,0.0,0.0
2023-01-04,8.449999809265137,8.65999984741211,8.430000305175781,8.5,8.391739845275879,21128511,0.0,0.0
2023-01-05,8.479999542236328,8.569999694824219,8.4399995803833,8.550000190734863,8.441102981567383,13138428,0.0,0.0
2023-01-06,8.529999732971191,8.619999885559082,8.489999771118164,8.529999732971191,8.421357154846191,14713634,0.0,0.0
2023-01-09,8.5600004196167,8.609999656677246,8.529999732971191,8.550000190734863,8.441102981567383,13261446,0.0,0.0
2023-01-10,8.550000190734863,8.720000267028809,8.539999961853027,8.65999984741211,8.549701690673828,22835987,0.0,0.0
2023-01-11,8.609999656677246,8.930000305175781,8.609999656677246,8.720000267028809,8.608938217163086,32458210,0.0,0.0
2023-01-12,8.670000076293945,8.6899995803833,8.550000190734863,8.5600004196167,8.450976371765137,17607135,0.0,0.0
2023-01-13,8.569999694824219,8.609999656677246,8.520000457763672,8.59000015258789,8.48059368133545,10260553,0.0,0.0
2023-01-16,8.520000457763672,8.729999542236328,8.520000457763672,8.680000305175781,8.569446563720703,17358919,0.0,0.0
2023-01-17,8.65999984741211,8.84000015258789,8.65999984741211,8.779999732971191,8.668172836303711,23434153,0.0,0.0
2023-01-18,8.779999732971191,8.819999694824219,8.729999542236328,8.779999732971191,8.668172836303711,12836793,0.0,0.0
2023-01-19,8.75,8.920000076293945,8.729999542236328,8.890000343322754,8.776772499084473,18825980,0.0,0.0
2023-01-20,8.930000305175781,8.960000038146973,8.859999656677246,8.90999984741211,8.796517372131348,18982724,0.0,0.0
2023-01-30,9.029999732971191,9.09000015258789,8.970000267028809,8.970000267028809,8.855753898620605,29924220,0.0,0.0
2023-01-31,8.979999542236328,9.039999961853027,8.90999984741211,8.920000076293945,8.806390762329102,16721787,0.0,0.0
2023-02-01,8.979999542236328,9.229999542236328,8.949999809265137,9.1899995803833,9.072951316833496,43662200,0.0,0.0
2023-02-02,9.220000267028809,9.380000114440918,9.210000038146973,9.229999542236328,9.112441062927246,42340105,0.0,0.0
2023-02-03,9.220000267028809,9.319999694824219,9.100000381469727,9.289999961853027,9.17167854309082,30114417,0.0,0.0
2023-02-06,9.229999542236328,9.300000190734863,9.140000343322754,9.149999618530273,9.033459663391113,19353594,0.0,0.0
2023-02-07,9.15999984741211,9.239999771118164,9.100000381469727,9.15999984741211,9.043333053588867,17109729,0.0,0.0
2023-02-08,9.180000305175781,9.270000457763672,9.029999732971191,9.050000190734863,8.934734344482422,23923606,0.0,0.0
2023-02-09,9.0,9.390000343322754,9.0,9.359999656677246,9.240785598754883,50466551,0.0,0.0
2023-02-10,9.34000015258789,9.59000015258789,9.329999923706055,9.470000267028809,9.349385261535645,52598607,0.0,0.0
2023-02-13,9.470000267028809,9.630000114440918,9.40999984741211,9.609999656677246,9.487602233886719,43950548,0.0,0.0
2023-02-14,9.579999923706055,10.270000457763672,9.569999694824219,9.720000267028809,9.59620189666748,98211587,0.0,0.0
2023-02-15,9.680000305175781,9.960000038146973,9.670000076293945,9.899999618530273,9.773907661437988,61061721,0.0,0.0
2023-02-16,9.819999694824219,9.920000076293945,9.470000267028809,9.539999961853027,9.41849422454834,67485133,0.0,0.0
2023-02-17,9.5600004196167,9.640000343322754,9.350000381469727,9.359999656677246,9.240785598754883,38009257,0.0,0.0
2023-02-20,9.369999885559082,9.699999809265137,9.270000457763672,9.65999984741211,9.536964416503906,49966679,0.0,0.0
2023-02-21,9.630000114440918,9.739999771118164,9.5,9.59000015258789,9.467856407165527,33492503,0.0,0.0
2023-02-22,9.479999542236328,9.65999984741211,9.399999618530273,9.569999694824219,9.448111534118652,27769836,0.0,0.0
2023-02-23,9.539999961853027,9.5600004196167,9.399999618530273,9.449999809265137,9.329639434814453,24268000,0.0,0.0
2023-02-24,9.520000457763672,9.640000343322754,9.420000076293945,9.5,9.379003524780273,34893866,0.0,0.0
2023-02-27,9.4399995803833,9.739999771118164,9.40999984741211,9.510000228881836,9.388875961303711,42066962,0.0,0.0
2023-02-28,9.59000015258789,9.710000038146973,9.420000076293945,9.579999923706055,9.457983016967773,33379681,0.0,0.0
2023-03-01,9.529999732971191,9.789999961853027,9.5,9.779999732971191,9.655436515808105,53647563,0.0,0.0
2023-03-02,9.779999732971191,9.829999923706055,9.649999618530273,9.670000076293945,9.54683780670166,32575783,0.0,0.0
2023-03-03,9.8100004196167,10.039999961853027,9.770000457763672,10.0,9.872634887695312,90362875,0.0,0.0
2023-03-06,10.0,10.1899995803833,9.84000015258789,9.880000114440918,9.754162788391113,59679751,0.0,0.0
2023-03-07,9.84000015258789,9.869999885559082,9.479999542236328,9.5,9.379003524780273,45082573,0.0,0.0
2023-03-08,9.5,9.680000305175781,9.460000038146973,9.649999618530273,9.527091979980469,24577511,0.0,0.0
2023-03-09,9.630000114440918,9.770000457763672,9.609999656677246,9.65999984741211,9.536964416503906,27759881,0.0,0.0
2023-03-10,9.5600004196167,9.729999542236328,9.510000228881836,9.609999656677246,9.487602233886719,29149316,0.0,0.0
2023-03-13,9.550000190734863,9.65999984741211,9.5,9.630000114440918,9.507347106933594,25005177,0.0,0.0
2023-03-14,9.579999923706055,9.949999809265137,9.350000381469727,9.859999656677246,9.734417915344238,60221378,0.0,0.0
2023-03-15,9.899999618530273,10.029999732971191,9.800000190734863,9.84000015258789,9.714673042297363,52123420,0.0,0.0
2023-03-16,9.739999771118164,10.270000457763672,9.720000267028809,10.149999618530273,10.020724296569824,136152868,0.0,0.0
2023-03-17,10.149999618530273,10.229999542236328,10.020000457763672,10.09000015258789,9.961488723754883,82307580,0.0,0.0
2023-03-20,10.039999961853027,10.369999885559082,10.039999961853027,10.359999656677246,10.228049278259277,101862721,0.0,0.0
2023-03-21,10.300000190734863,10.449999809265137,10.1899995803833,10.4399995803833,10.307029724121094,69373623,0.0,0.0
2023-03-22,10.4399995803833,10.479999542236328,10.3100004196167,10.399999618530273,10.267539978027344,48774024,0.0,0.0
2023-03-23,10.350000381469727,10.529999732971191,10.229999542236328,10.369999885559082,10.237921714782715,90322469,0.0,0.0
2023-03-24,10.40999984741211,10.430000305175781,10.220000267028809,10.239999771118164,10.109578132629395,68137125,0.0,0.0
2023-03-27,10.25,10.390000343322754,10.149999618530273,10.270000457763672,10.139196395874023,56017012,0.0,0.0
2023-03-28,10.25,10.25,9.960000038146973,10.020000457763672,9.892379760742188,57492852,0.0,0.0
2023-03-29,10.050000190734863,10.229999542236328,9.850000381469727,10.109999656677246,9.981233596801758,58589054,0.0,0.0
2023-03-30,10.119999885559082,10.289999961853027,10.020000457763672,10.100000381469727,9.97136116027832,41405633,0.0,0.0
2023-03-31,10.039999961853027,10.149999618530273,9.989999771118164,10.100000381469727,9.97136116027832,32592716,0.0,0.0
2023-04-03,10.130000114440918,10.479999542236328,10.130000114440918,10.4399995803833,10.307029724121094,84403490,0.0,0.0
2023-04-04,10.470000267028809,10.649999618530273,10.380000114440918,10.5,10.366267204284668,93645970,0.0,0.0
2023-04-06,10.539999961853027,11.029999732971191,10.430000305175781,10.880000114440918,10.741426467895508,141187511,0.0,0.0
2023-04-07,10.949999809265137,10.979999542236328,10.729999542236328,10.819999694824219,10.682190895080566,84288101,0.0,0.0
2023-04-10,10.880000114440918,10.979999542236328,10.5,10.539999961853027,10.405756950378418,83991112,0.0,0.0
2023-04-11,10.5600004196167,10.710000038146973,10.430000305175781,10.5600004196167,10.42550277709961,53539988,0.0,0.0
2023-04-12,10.529999732971191,10.720000267028809,10.399999618530273,10.630000114440918,10.494610786437988,52224452,0.0,0.0
2023-04-13,10.529999732971191,10.65999984741211,10.260000228881836,10.270000457763672,10.139196395874023,63091724,0.0,0.0
2023-04-14,10.390000343322754,10.739999771118164,10.15999984741211,10.6899995803833,10.55384635925293,81319521,0.0,0.0
2023-04-17,10.699999809265137,10.729999542236328,10.40999984741211,10.5,10.366267204284668,58521016,0.0,0.0
2023-04-18,10.420000076293945,10.489999771118164,10.220000267028809,10.300000190734863,10.168813705444336,44839581,0.0,0.0
2023-04-19,10.300000190734863,10.449999809265137,10.239999771118164,10.260000228881836,10.12932300567627,45465133,0.0,0.0
2023-04-20,10.220000267028809,10.40999984741211,10.130000114440918,10.3100004196167,10.178686141967773,53758480,0.0,0.0
2023-04-21,10.220000267028809,10.239999771118164,9.470000267028809,9.479999542236328,9.359256744384766,96934716,0.0,0.0
2023-04-24,9.479999542236328,9.600000381469727,9.300000190734863,9.369999885559082,9.25065803527832,39958229,0.0,0.0
2023-04-25,9.369999885559082,9.470000267028809,9.109999656677246,9.239999771118164,9.122314453125,36842598,0.0,0.0
2023-04-26,9.050000190734863,9.09000015258789,8.670000076293945,8.90999984741211,8.796517372131348,59733733,0.0,0.0
2023-04-27,8.880000114440918,9.100000381469727,8.859999656677246,8.949999809265137,8.836007118225098,37185400,0.0,0.0
2023-04-28,8.579999923706055,8.979999542236328,8.479999542236328,8.960000038146973,8.845880508422852,43089081,0.0,0.0
2023-05-04,8.90999984741211,8.949999809265137,8.729999542236328,8.800000190734863,8.687918663024902,29235240,0.0,0.0
2023-05-05,8.789999961853027,8.949999809265137,8.779999732971191,8.819999694824219,8.707663536071777,24962054,0.0,0.0
2023-05-08,8.819999694824219,8.979999542236328,8.800000190734863,8.899999618530273,8.78664493560791,27938058,0.0,0.0
2023-05-09,8.899999618530273,9.210000038146973,8.880000114440918,9.119999885559082,9.003843307495117,45846664,0.0,0.0
2023-05-10,9.149999618530273,9.199999809265137,8.949999809265137,9.100000381469727,8.984097480773926,28598407,0.0,0.0
2023-05-11,9.149999618530273,9.1899995803833,9.050000190734863,9.069999694824219,8.954480171203613,19542972,0.0,0.0
2023-05-12,9.050000190734863,9.239999771118164,9.039999961853027,9.109999656677246,8.993968963623047,23690350,0.0,0.0
2023-05-15,9.079999923706055,9.5,9.079999923706055,9.4399995803833,9.319766998291016,46395140,0.0,0.0
2023-05-16,9.489999771118164,9.869999885559082,9.460000038146973,9.65999984741211,9.536964416503906,64313241,0.0,0.0
2023-05-17,9.600000381469727,9.710000038146973,9.5600004196167,9.640000343322754,9.517220497131348,26418339,0.0,0.0
2023-05-18,9.640000343322754,9.729999542236328,9.510000228881836,9.550000190734863,9.428366661071777,24531473,0.0,0.0
2023-05-19,9.550000190734863,9.729999542236328,9.539999961853027,9.65999984741211,9.536964416503906,30113393,0.0,0.0
2023-05-22,9.729999542236328,9.8100004196167,9.520000457763672,9.59000015258789,9.467856407165527,21483515,0.0,0.0
2023-05-23,9.550000190734863,9.569999694824219,9.40999984741211,9.420000076293945,9.30002212524414,19463701,0.0,0.0
2023-05-24,9.390000343322754,9.5600004196167,9.3100004196167,9.430000305175781,9.309895515441895,18652415,0.0,0.0
2023-05-25,9.5600004196167,9.640000343322754,9.270000457763672,9.4399995803833,9.319766998291016,20645108,0.0,0.0
2023-05-26,9.4399995803833,9.579999923706055,9.40999984741211,9.529999732971191,9.408620834350586,16794094,0.0,0.0
2023-05-29,9.729999542236328,9.800000190734863,9.649999618530273,9.75,9.625818252563477,42238298,0.0,0.0
2023-05-30,9.699999809265137,9.84000015258789,9.619999885559082,9.84000015258789,9.714673042297363,28196347,0.0,0.0
2023-05-31,9.84000015258789,9.84000015258789,9.539999961853027,9.720000267028809,9.59620189666748,28562601,0.0,0.0
2023-06-01,9.640000343322754,9.779999732971191,9.600000381469727,9.6899995803833,9.566582679748535,19487296,0.0,0.0
2023-06-02,9.6899995803833,9.760000228881836,9.5600004196167,9.630000114440918,9.507347106933594,21297897,0.0,0.0
2023-06-05,9.609999656677246,9.720000267028809,9.529999732971191,9.529999732971191,9.408620834350586,20776722,0.0,0.0
2023-06-06,9.510000228881836,9.529999732971191,9.239999771118164,9.25,9.132185935974121,22084878,0.0,0.0
2023-06-07,9.300000190734863,9.670000076293945,9.279999732971191,9.420000076293945,9.30002212524414,24675290,0.0,0.0
2023-06-08,9.369999885559082,9.40999984741211,9.100000381469727,9.1899995803833,9.072951316833496,21771607,0.0,0.0
2023-06-09,9.1899995803833,9.300000190734863,9.079999923706055,9.289999961853027,9.17167854309082,29510796,0.0,0.0
2023-06-12,9.260000228881836,9.5,9.25,9.390000343322754,9.270403861999512,24189629,0.0,0.0
2023-06-13,9.399999618530273,9.729999542236328,9.279999732971191,9.699999809265137,9.576456069946289,42569670,0.0,0.0
2023-06-14,9.670000076293945,9.75,9.520000457763672,9.6899995803833,9.566582679748535,32291738,0.0,0.0
2023-06-15,9.760000228881836,9.770000457763672,9.609999656677246,9.619999885559082,9.49747371673584,20217600,0.0,0.0
2023-06-16,9.609999656677246,9.640000343322754,9.470000267028809,9.619999885559082,9.49747371673584,27968554,0.0,0.0
2023-06-19,9.609999656677246,9.819999694824219,9.5,9.75,9.625818252563477,35927244,0.0,0.0
2023-06-20,9.699999809265137,9.760000228881836,9.5600004196167,9.609999656677246,9.487602233886719,24092759,0.0,0.0
2023-06-21,9.579999923706055,9.59000015258789,9.329999923706055,9.329999923706055,9.236156463623047,20670522,0.026,0.0
2023-06-26,9.279999732971191,9.279999732971191,9.079999923706055,9.149999618530273,9.057967185974121,23039316,0.0,0.0
2023-06-27,9.109999656677246,9.329999923706055,9.100000381469727,9.220000267028809,9.127263069152832,18966787,0.0,0.0
2023-06-28,9.210000038146973,9.260000228881836,8.920000076293945,9.050000190734863,8.958972930908203,21108083,0.0,0.0
2023-06-29,9.029999732971191,9.1899995803833,9.010000228881836,9.109999656677246,9.018369674682617,15584174,0.0,0.0
2023-06-30,9.100000381469727,9.229999542236328,9.0600004196167,9.199999809265137,9.107464790344238,14024290,0.0,0.0
2023-07-03,9.220000267028809,9.34000015258789,9.210000038146973,9.229999542236328,9.137162208557129,16799116,0.0,0.0
2023-07-04,9.239999771118164,9.5600004196167,9.229999542236328,9.4399995803833,9.345049858093262,30442180,0.0,0.0
2023-07-05,9.4399995803833,9.5,9.359999656677246,9.380000114440918,9.285654067993164,16114255,0.0,0.0
2023-07-06,9.34000015258789,9.609999656677246,9.3100004196167,9.479999542236328,9.384647369384766,21186196,0.0,0.0
2023-07-07,9.479999542236328,9.479999542236328,9.229999542236328,9.279999732971191,9.186659812927246,16449789,0.0,0.0
2023-07-10,9.270000457763672,9.329999923706055,9.119999885559082,9.170000076293945,9.077766418457031,13763055,0.0,0.0
2023-07-11,9.199999809265137,9.430000305175781,9.149999618530273,9.420000076293945,9.325252532958984,21298433,0.0,0.0
2023-07-12,9.40999984741211,9.5,9.289999961853027,9.3100004196167,9.216358184814453,17675219,0.0,0.0
2023-07-13,9.329999923706055,9.609999656677246,9.3100004196167,9.600000381469727,9.503440856933594,35263987,0.0,0.0
2023-07-14,9.649999618530273,10.199999809265137,9.640000343322754,9.779999732971191,9.68163013458252,71278916,0.0,0.0
2023-07-17,9.699999809265137,9.819999694824219,9.630000114440918,9.789999961853027,9.691530227661133,30909301,0.0,0.0
2023-07-18,9.84000015258789,10.260000228881836,9.84000015258789,10.069999694824219,9.968713760375977,82198530,0.0,0.0
2023-07-19,9.960000038146973,10.130000114440918,9.869999885559082,9.970000267028809,9.869719505310059,37514997,0.0,0.0
2023-07-20,9.9399995803833,10.020000457763672,9.699999809265137,9.729999542236328,9.632132530212402,35181077,0.0,0.0
2023-07-21,9.729999542236328,10.0,9.680000305175781,9.770000457763672,9.671731948852539,29867325,0.0,0.0
2023-07-24,9.699999809265137,9.869999885559082,9.65999984741211,9.670000076293945,9.572736740112305,22616504,0.0,0.0
2023-07-25,9.760000228881836,9.8100004196167,9.65999984741211,9.770000457763672,9.671731948852539,23125298,0.0,0.0
2023-07-26,9.770000457763672,9.829999923706055,9.670000076293945,9.6899995803833,9.592535972595215,18106230,0.0,0.0
2023-07-27,9.6899995803833,9.720000267028809,9.520000457763672,9.529999732971191,9.434144973754883,22032153,0.0,0.0
2023-07-28,9.529999732971191,9.59000015258789,9.420000076293945,9.539999961853027,9.44404411315918,20510635,0.0,0.0
2023-07-31,9.539999961853027,9.630000114440918,9.5,9.59000015258789,9.49354076385498,24139642,0.0,0.0
2023-08-01,9.609999656677246,9.630000114440918,9.520000457763672,9.5600004196167,9.46384334564209,16079124,0.0,0.0
2023-08-02,9.569999694824219,9.600000381469727,9.520000457763672,9.5600004196167,9.46384334564209,13184693,0.0,0.0
2023-08-03,9.539999961853027,9.600000381469727,9.479999542236328,9.5,9.404447555541992,16388444,0.0,0.0
2023-08-04,9.510000228881836,9.720000267028809,9.510000228881836,9.649999618530273,9.552938461303711,24575625,0.0,0.0
2023-08-07,9.670000076293945,9.6899995803833,9.59000015258789,9.680000305175781,9.582636833190918,15536315,0.0,0.0
2023-08-08,9.670000076293945,9.6899995803833,9.34000015258789,9.350000381469727,9.255955696105957,31326117,0.0,0.0
2023-08-09,9.350000381469727,9.380000114440918,9.25,9.350000381469727,9.255955696105957,14664727,0.0,0.0
2023-08-10,9.350000381469727,9.420000076293945,9.319999694824219,9.350000381469727,9.255955696105957,9024037,0.0,0.0
2023-08-11,9.34000015258789,9.390000343322754,9.15999984741211,9.15999984741211,9.067866325378418,14653541,0.0,0.0
2023-08-14,9.170000076293945,9.239999771118164,9.0,9.100000381469727,9.008469581604004,14515356,0.0,0.0
2023-08-15,9.109999656677246,9.149999618530273,8.960000038146973,9.029999732971191,8.939173698425293,13923514,0.0,0.0
2023-08-16,9.020000457763672,9.09000015258789,8.979999542236328,9.0,8.909476280212402,9804011,0.0,0.0
2023-08-17,8.970000267028809,9.0600004196167,8.890000343322754,9.029999732971191,8.939173698425293,10908020,0.0,0.0
2023-08-18,9.039999961853027,9.079999923706055,8.880000114440918,8.880000114440918,8.790682792663574,10673900,0.0,0.0
2023-08-21,8.869999885559082,8.970000267028809,8.770000457763672,8.779999732971191,8.691688537597656,9740139,0.0,0.0
2023-08-22,8.829999923706055,8.880000114440918,8.649999618530273,8.829999923706055,8.741185188293457,13470020,0.0,0.0
2023-08-23,8.789999961853027,8.800000190734863,8.619999885559082,8.619999885559082,8.53329849243164,9809436,0.0,0.0
2023-08-24,8.680000305175781,8.720000267028809,8.5,8.600000381469727,8.513500213623047,11849008,0.0,0.0
2023-08-25,8.550000190734863,8.569999694824219,8.289999961853027,8.329999923706055,8.2462158203125,17226424,0.0,0.0
2023-08-28,8.729999542236328,8.789999961853027,8.4399995803833,8.470000267028809,8.384806632995605,26492129,0.0,0.0
2023-08-29,8.430000305175781,8.779999732971191,8.399999618530273,8.739999771118164,8.652091026306152,24958296,0.0,0.0
2023-08-30,8.880000114440918,9.050000190734863,8.829999923706055,8.920000076293945,8.830281257629395,27125579,0.0,0.0
2023-08-31,8.880000114440918,9.029999732971191,8.850000381469727,8.979999542236328,8.889677047729492,23318512,0.0,0.0
2023-09-01,8.970000267028809,9.079999923706055,8.859999656677246,8.930000305175781,8.840181350708008,12006974,0.0,0.0
2023-09-04,9.0,9.09000015258789,8.949999809265137,9.079999923706055,8.988670349121094,17066816,0.0,0.0
2023-09-05,9.079999923706055,9.180000305175781,9.039999961853027,9.100000381469727,9.008469581604004,23090568,0.0,0.0
2023-09-06,9.0,9.279999732971191,8.970000267028809,9.260000228881836,9.166861534118652,31815756,0.0,0.0
2023-09-07,9.25,9.25,9.119999885559082,9.130000114440918,9.038168907165527,25455632,0.0,0.0
2023-09-08,9.130000114440918,9.199999809265137,9.100000381469727,9.140000343322754,9.04806900024414,14047122,0.0,0.0
2023-09-11,9.149999618530273,9.25,9.109999656677246,9.220000267028809,9.127263069152832,16782153,0.0,0.0
2023-09-12,9.329999923706055,9.470000267028809,9.170000076293945,9.180000305175781,9.087665557861328,21120155,0.0,0.0
2023-09-13,9.149999618530273,9.180000305175781,8.960000038146973,9.039999961853027,8.949073791503906,19832741,0.0,0.0
2023-09-14,9.039999961853027,9.0600004196167,8.920000076293945,8.979999542236328,8.889677047729492,11164988,0.0,0.0
2023-09-15,9.020000457763672,9.15999984741211,8.970000267028809,9.050000190734863,8.958972930908203,14663527,0.0,0.0
2023-09-18,9.0,9.09000015258789,8.930000305175781,9.069999694824219,8.978771209716797,12509876,0.0,0.0
2023-09-19,9.039999961853027,9.079999923706055,8.859999656677246,8.920000076293945,8.830281257629395,13320393,0.0,0.0
2023-09-20,8.880000114440918,8.970000267028809,8.84000015258789,8.850000381469727,8.760986328125,8822771,0.0,0.0
2023-09-21,8.819999694824219,9.020000457763672,8.819999694824219,8.9399995803833,8.850078582763672,16599441,0.0,0.0
2023-09-22,8.989999771118164,9.109999656677246,8.869999885559082,9.100000381469727,9.008469581604004,17806887,0.0,0.0
2023-09-25,9.100000381469727,9.109999656677246,8.979999542236328,9.0,8.909476280212402,12173188,0.0,0.0
2023-09-26,8.970000267028809,9.039999961853027,8.869999885559082,8.869999885559082,8.780783653259277,9982299,0.0,0.0
2023-09-27,8.880000114440918,9.0,8.850000381469727,8.90999984741211,8.820381164550781,10011314,0.0,0.0
2023-09-28,8.920000076293945,9.020000457763672,8.90999984741211,8.979999542236328,8.889677047729492,10882359,0.0,0.0
2023-10-09,8.989999771118164,9.079999923706055,8.930000305175781,9.010000228881836,8.9193754196167,13923593,0.0,0.0
2023-10-10,9.0600004196167,9.15999984741211,9.020000457763672,9.149999618530273,9.057967185974121,18895106,0.0,0.0
2023-10-11,9.180000305175781,9.270000457763672,9.100000381469727,9.229999542236328,9.137162208557129,20083301,0.0,0.0
2023-10-12,9.279999732971191,9.279999732971191,9.109999656677246,9.180000305175781,9.087665557861328,16480006,0.0,0.0
2023-10-13,9.199999809265137,9.319999694824219,9.130000114440918,9.260000228881836,9.166861534118652,20104296,0.0,0.0
2023-10-16,9.239999771118164,9.260000228881836,8.960000038146973,9.020000457763672,8.929274559020996,18344032,0.0,0.0
2023-10-17,9.039999961853027,9.109999656677246,8.970000267028809,9.0600004196167,8.968873023986816,11449230,0.0,0.0
2023-10-18,9.010000228881836,9.130000114440918,8.960000038146973,8.960000038146973,8.869878768920898,13047432,0.0,0.0
2023-10-19,8.90999984741211,9.210000038146973,8.880000114440918,9.020000457763672,8.929274559020996,25953110,0.0,0.0
2023-10-20,8.970000267028809,9.050000190734863,8.680000305175781,8.699999809265137,8.612493515014648,25345522,0.0,0.0
2023-10-23,8.699999809265137,8.729999542236328,8.489999771118164,8.529999732971191,8.444202423095703,14997476,0.0,0.0
2023-10-24,8.600000381469727,8.720000267028809,8.390000343322754,8.579999923706055,8.493699073791504,21095267,0.0,0.0
2023-10-25,8.699999809265137,8.800000190734863,8.649999618530273,8.770000457763672,8.68178939819336,19109804,0.0,0.0
2023-10-26,8.75,8.880000114440918,8.699999809265137,8.789999961853027,8.701587677001953,15935364,0.0,0.0
2023-10-27,8.75,8.930000305175781,8.720000267028809,8.880000114440918,8.790682792663574,16184638,0.0,0.0
2023-10-30,8.84000015258789,9.0,8.819999694824219,8.970000267028809,8.879777908325195,29326082,0.0,0.0
2023-10-31,8.960000038146973,9.029999732971191,8.869999885559082,8.930000305175781,8.840181350708008,17982601,0.0,0.0
2023-11-01,8.90999984741211,8.979999542236328,8.829999923706055,8.890000343322754,8.800582885742188,16795541,0.0,0.0
2023-11-02,8.890000343322754,8.960000038146973,8.8100004196167,8.829999923706055,8.741185188293457,12974827,0.0,0.0
2023-11-03,8.819999694824219,9.0600004196167,8.8100004196167,9.050000190734863,8.958972930908203,26206987,0.0,0.0
2023-11-06,9.100000381469727,9.239999771118164,9.069999694824219,9.220000267028809,9.127263069152832,29656094,0.0,0.0
2023-11-07,9.1899995803833,9.319999694824219,9.149999618530273,9.270000457763672,9.17676067352295,29433748,0.0,0.0
2023-11-08,9.239999771118164,9.270000457763672,9.130000114440918,9.1899995803833,9.097564697265625,22426770,0.0,0.0
2023-11-09,9.180000305175781,9.239999771118164,9.069999694824219,9.09000015258789,8.998570442199707,20383142,0.0,0.0
2023-11-10,9.100000381469727,9.199999809265137,9.050000190734863,9.079999923706055,8.988670349121094,17673781,0.0,0.0
2023-11-13,9.119999885559082,9.220000267028809,9.119999885559082,9.1899995803833,9.097564697265625,18712217,0.0,0.0
2023-11-14,9.15999984741211,9.319999694824219,9.140000343322754,9.279999732971191,9.186659812927246,21894647,0.0,0.0
2023-11-15,9.350000381469727,9.380000114440918,9.239999771118164,9.279999732971191,9.186659812927246,18706733,0.0,0.0
2023-11-16,9.25,9.319999694824219,9.210000038146973,9.229999542236328,9.137162208557129,14758179,0.0,0.0
2023-11-17,9.220000267028809,9.279999732971191,9.15999984741211,9.229999542236328,9.137162208557129,14293203,0.0,0.0
2023-11-20,9.300000190734863,9.300000190734863,9.199999809265137,9.260000228881836,9.166861534118652,18264726,0.0,0.0
2023-11-21,9.239999771118164,9.34000015258789,9.140000343322754,9.149999618530273,9.057967185974121,22549668,0.0,0.0
2023-11-22,9.100000381469727,9.25,9.020000457763672,9.100000381469727,9.008469581604004,22979160,0.0,0.0
2023-11-23,9.050000190734863,9.170000076293945,9.010000228881836,9.140000343322754,9.04806900024414,15242960,0.0,0.0
2023-11-24,9.119999885559082,9.130000114440918,8.9399995803833,8.949999809265137,8.859978675842285,16726652,0.0,0.0
2023-11-27,8.920000076293945,9.0600004196167,8.850000381469727,9.0,8.909476280212402,18895327,0.0,0.0
2023-11-28,8.989999771118164,9.109999656677246,8.960000038146973,9.079999923706055,8.988670349121094,17605126,0.0,0.0
2023-11-29,9.09000015258789,9.220000267028809,9.0600004196167,9.140000343322754,9.04806900024414,24428786,0.0,0.0
2023-11-30,9.130000114440918,9.130000114440918,8.850000381469727,8.9399995803833,8.850078582763672,25677816,0.0,0.0
2023-12-01,8.90999984741211,8.970000267028809,8.819999694824219,8.9399995803833,8.850078582763672,13191571,0.0,0.0
2023-12-04,9.010000228881836,9.119999885559082,8.90999984741211,8.949999809265137,8.859978675842285,20088785,0.0,0.0
2023-12-05,8.920000076293945,8.930000305175781,8.670000076293945,8.670000076293945,8.582795143127441,23514118,0.0,0.0
2023-12-06,8.630000114440918,8.739999771118164,8.569999694824219,8.649999618530273,8.562995910644531,19487273,0.0,0.0
2023-12-07,8.630000114440918,8.75,8.619999885559082,8.710000038146973,8.622393608093262,17808468,0.0,0.0
2023-12-08,8.699999809265137,8.920000076293945,8.699999809265137,8.920000076293945,8.830281257629395,35607133,0.0,0.0
2023-12-11,8.800000190734863,8.84000015258789,8.5,8.720000267028809,8.632291793823242,46382665,0.0,0.0
2023-12-12,8.710000038146973,8.869999885559082,8.699999809265137,8.800000190734863,8.71148681640625,23416879,0.0,0.0
2023-12-13,8.779999732971191,8.789999961853027,8.630000114440918,8.630000114440918,8.543198585510254,15030927,0.0,0.0
2023-12-14,8.6899995803833,8.739999771118164,8.619999885559082,8.630000114440918,8.543198585510254,11191858,0.0,0.0
2023-12-15,8.640000343322754,8.680000305175781,8.550000190734863,8.5600004196167,8.473901748657227,12064201,0.0,0.0
2023-12-18,8.539999961853027,8.569999694824219,8.420000076293945,8.449999809265137,8.365007400512695,17092623,0.0,0.0
2023-12-19,8.430000305175781,8.510000228881836,8.369999885559082,8.430000305175781,8.345210075378418,13046370,0.0,0.0
2023-12-20,8.430000305175781,8.460000038146973,8.3100004196167,8.3100004196167,8.226415634155273,11098100,0.0,0.0
2023-12-21,8.279999732971191,8.34000015258789,8.130000114440918,8.300000190734863,8.216516494750977,19104900,0.0,0.0
2023-12-22,8.329999923706055,8.350000381469727,8.199999809265137,8.229999542236328,8.14721965789795,14498327,0.0,0.0
2023-12-25,8.210000038146973,8.289999961853027,8.170000076293945,8.229999542236328,8.14721965789795,11906551,0.0,0.0
2023-12-26,8.260000228881836,8.260000228881836,8.010000228881836,8.029999732971191,7.94923210144043,18211453,0.0,0.0
2023-12-27,8.029999732971191,8.15999984741211,8.0,8.119999885559082,8.03832721710205,19482650,0.0,0.0
2023-12-28,8.130000114440918,8.40999984741211,8.109999656677246,8.369999885559082,8.285812377929688,22217210,0.0,0.0
2023-12-29,8.350000381469727,8.539999961853027,8.319999694824219,8.520000457763672,8.434304237365723,17409113,0.0,0.0
2024-01-02,8.5,8.529999732971191,8.430000305175781,8.4399995803833,8.355108261108398,18291363,0.0,0.0
2024-01-03,8.430000305175781,8.479999542236328,8.289999961853027,8.350000381469727,8.26601505279541,14703600,0.0,0.0
2024-01-04,8.350000381469727,8.369999885559082,8.119999885559082,8.170000076293945,8.087823867797852,15943015,0.0,0.0
2024-01-05,8.149999618530273,8.220000267028809,8.020000457763672,8.050000190734863,7.969031810760498,13997769,0.0,0.0
2024-01-08,8.0,8.039999961853027,7.699999809265137,7.699999809265137,7.622550964355469,24203309,0.0,0.0
2024-01-09,7.760000228881836,7.889999866485596,7.710000038146973,7.769999980926514,7.691847324371338,16383773,0.0,0.0
2024-01-10,7.78000020980835,7.809999942779541,7.610000133514404,7.670000076293945,7.592853546142578,13171700,0.0,0.0
2024-01-11,7.71999979019165,7.889999866485596,7.670000076293945,7.849999904632568,7.771042346954346,14649796,0.0,0.0
2024-01-12,7.860000133514404,7.869999885559082,7.71999979019165,7.730000019073486,7.652250289916992,10482935,0.0,0.0
2024-01-15,7.71999979019165,7.840000152587891,7.670000076293945,7.699999809265137,7.622550964355469,12721945,0.0,0.0
2024-01-16,7.710000038146973,7.739999771118164,7.53000020980835,7.630000114440918,7.553256034851074,15153782,0.0,0.0
2024-01-17,7.630000114440918,7.670000076293945,7.440000057220459,7.440000057220459,7.365166664123535,11455680,0.0,0.0
2024-01-18,7.380000114440918,7.46999979019165,7.150000095367432,7.389999866485596,7.315669536590576,25368321,0.0,0.0
2024-01-19,7.369999885559082,7.570000171661377,7.349999904632568,7.380000114440918,7.305770397186279,15182893,0.0,0.0
2024-01-22,7.340000152587891,7.380000114440918,6.869999885559082,6.96999979019165,6.8998942375183105,19275243,0.0,0.0
2024-01-23,6.949999809265137,7.090000152587891,6.840000152587891,7.039999961853027,6.9691901206970215,15190924,0.0,0.0
2024-01-24,7.059999942779541,7.110000133514404,6.820000171661377,7.099999904632568,7.028586387634277,18058873,0.0,0.0
2024-01-25,7.119999885559082,7.289999961853027,7.03000020980835,7.28000020980835,7.206776142120361,19576320,0.0,0.0
2024-01-26,7.25,7.300000190734863,7.170000076293945,7.179999828338623,7.107781887054443,17058743,0.0,0.0
2024-01-29,7.210000038146973,7.300000190734863,6.980000019073486,6.989999771118164,6.919692516326904,14578341,0.0,0.0
2024-01-30,6.880000114440918,7.039999961853027,6.75,6.760000228881836,6.692006587982178,16363749,0.0,0.0
2024-01-31,6.75,6.860000133514404,6.489999771118164,6.510000228881836,6.444521427154541,26288232,0.0,0.0
2024-02-01,6.429999828338623,6.630000114440918,6.380000114440918,6.5,6.434621334075928,22833387,0.0,0.0
2024-02-02,6.510000228881836,6.650000095367432,5.96999979019165,6.190000057220459,6.127739429473877,31938225,0.0,0.0
2024-02-05,6.139999866485596,6.170000076293945,5.650000095367432,5.849999904632568,5.791159152984619,38851521,0.0,0.0
2024-02-06,5.699999809265137,6.440000057220459,5.699999809265137,6.440000057220459,6.375225067138672,47706987,0.0,0.0
2024-02-07,6.5,7.079999923706055,6.420000076293945,7.079999923706055,7.008788108825684,66760127,0.0,0.0
2024-02-08,7.190000057220459,7.789999961853027,7.110000133514404,7.789999961853027,7.711646556854248,52443552,0.0,0.0
2024-02-19,8.569999694824219,8.569999694824219,8.569999694824219,8.569999694824219,8.483800888061523,18533888,0.0,0.0
2024-02-20,9.25,9.25,8.34000015258789,8.460000038146973,8.374907493591309,229260395,0.0,0.0
2024-02-21,8.020000457763672,8.510000228881836,7.800000190734863,8.220000267028809,8.137321472167969,163987315,0.0,0.0
2024-02-22,8.239999771118164,8.390000343322754,8.039999961853027,8.1899995803833,8.107623100280762,108601997,0.0,0.0
2024-02-23,8.140000343322754,8.449999809265137,8.020000457763672,8.180000305175781,8.097723960876465,106845524,0.0,0.0
2024-02-26,8.069999694824219,8.279999732971191,8.0,8.0600004196167,7.978931427001953,87231466,0.0,0.0
2024-02-27,8.020000457763672,8.270000457763672,7.949999809265137,8.270000457763672,8.186819076538086,97826557,0.0,0.0
2024-02-28,8.199999809265137,8.329999923706055,7.789999961853027,7.800000190734863,7.721546173095703,98093439,0.0,0.0
2024-02-29,7.679999828338623,8.1899995803833,7.670000076293945,8.180000305175781,8.097723960876465,83444203,0.0,0.0
2024-03-01,8.149999618530273,8.369999885559082,8.109999656677246,8.279999732971191,8.196717262268066,76087423,0.0,0.0
2024-03-04,8.229999542236328,8.449999809265137,8.149999618530273,8.279999732971191,8.196717262268066,73657159,0.0,0.0
2024-03-05,8.350000381469727,8.510000228881836,8.220000267028809,8.279999732971191,8.196717262268066,96492462,0.0,0.0
2024-03-06,8.130000114440918,8.239999771118164,8.0,8.140000343322754,8.058127403259277,58611442,0.0,0.0
2024-03-07,8.1899995803833,8.220000267028809,7.920000076293945,7.929999828338623,7.85023832321167,47370900,0.0,0.0
2024-03-08,7.920000076293945,8.270000457763672,7.909999847412109,8.239999771118164,8.157119750976562,66285160,0.0,0.0
2024-03-11,8.100000381469727,8.229999542236328,8.079999923706055,8.220000267028809,8.137321472167969,39710472,0.0,0.0
2024-03-12,8.229999542236328,8.350000381469727,8.170000076293945,8.229999542236328,8.14721965789795,43284789,0.0,0.0
2024-03-13,8.300000190734863,8.34000015258789,8.1899995803833,8.229999542236328,8.14721965789795,41961060,0.0,0.0
2024-03-14,8.140000343322754,8.210000038146973,8.0,8.100000381469727,8.018528938293457,37972026,0.0,0.0
2024-03-15,8.069999694824219,8.180000305175781,7.989999771118164,8.180000305175781,8.097723960876465,35784528,0.0,0.0
2024-03-18,8.1899995803833,8.319999694824219,8.180000305175781,8.3100004196167,8.226415634155273,47385428,0.0,0.0
2024-03-19,8.3100004196167,8.350000381469727,8.229999542236328,8.270000457763672,8.186819076538086,38023731,0.0,0.0
2024-03-20,8.260000228881836,8.319999694824219,8.210000038146973,8.300000190734863,8.216516494750977,32206319,0.0,0.0
2024-03-21,8.319999694824219,8.460000038146973,8.270000457763672,8.319999694824219,8.236315727233887,42284201,0.0,0.0
2024-03-22,8.369999885559082,8.470000267028809,8.220000267028809,8.260000228881836,8.176918983459473,45749720,0.0,0.0
2024-03-25,8.180000305175781,8.220000267028809,8.0,8.020000457763672,7.939333438873291,37935714,0.0,0.0
2024-03-26,8.010000228881836,8.100000381469727,7.869999885559082,7.929999828338623,7.85023832321167,29205659,0.0,0.0
2024-03-27,8.0,8.039999961853027,7.570000171661377,7.579999923706055,7.503758430480957,32157462,0.0,0.0
2024-03-28,7.550000190734863,7.860000133514404,7.510000228881836,7.71999979019165,7.642350196838379,31888874,0.0,0.0
2024-03-29,7.730000019073486,7.800000190734863,7.690000057220459,7.96999979019165,7.889835834503174,12972352,0.0,0.0
2024-04-01,7.980000019073486,8.069999694824219,7.949999809265137,8.029999732971191,7.94923210144043,25153968,0.0,0.0
2024-04-02,8.1899995803833,8.1899995803833,7.96999979019165,8.020000457763672,7.939333438873291,27454987,0.0,0.0
2024-04-03,8.010000228881836,8.100000381469727,7.929999828338623,8.010000228881836,7.929434299468994,27065525,0.0,0.0
2024-04-08,7.849999904632568,7.960000038146973,7.78000020980835,7.789999961853027,7.711646556854248,24597652,0.0,0.0
2024-04-09,7.800000190734863,7.860000133514404,7.730000019073486,7.820000171661377,7.741344928741455,16284973,0.0,0.0
2024-04-10,7.820000171661377,7.829999923706055,7.559999942779541,7.619999885559082,7.543356418609619,20967514,0.0,0.0
2024-04-11,7.630000114440918,7.690000057220459,7.519999980926514,7.539999961853027,7.464160919189453,21142210,0.0,0.0
2024-04-12,7.579999923706055,7.71999979019165,7.550000190734863,7.570000171661377,7.49385929107666,25523643,0.0,0.0
2024-04-15,7.539999961853027,7.690000057220459,7.400000095367432,7.510000228881836,7.434463024139404,25799735,0.0,0.0
2024-04-16,7.440000057220459,7.550000190734863,7.139999866485596,7.150000095367432,7.0780839920043945,29695755,0.0,0.0
2024-04-17,7.21999979019165,7.639999866485596,7.21999979019165,7.630000114440918,7.553256034851074,32116005,0.0,0.0
2024-04-18,7.599999904632568,7.650000095367432,7.46999979019165,7.519999980926514,7.444362163543701,21828487,0.0,0.0
2024-04-19,7.519999980926514,7.519999980926514,7.329999923706055,7.369999885559082,7.295871257781982,21557192,0.0,0.0
2024-04-22,7.269999980926514,7.440000057220459,7.150000095367432,7.320000171661377,7.246373653411865,17589836,0.0,0.0
2024-04-23,7.329999923706055,7.449999809265137,7.269999980926514,7.28000020980835,7.206776142120361,13426250,0.0,0.0
2024-04-24,7.289999961853027,7.5,7.28000020980835,7.5,7.424563407897949,20789567,0.0,0.0
2024-04-25,7.480000019073486,7.739999771118164,7.420000076293945,7.610000133514404,7.533457279205322,25383503,0.0,0.0
2024-04-26,7.579999923706055,7.880000114440918,7.559999942779541,7.869999885559082,7.790842056274414,32920121,0.0,0.0
2024-04-29,7.900000095367432,8.15999984741211,7.900000095367432,8.149999618530273,8.068024635314941,39937709,0.0,0.0
2024-04-30,8.15999984741211,8.279999732971191,8.119999885559082,8.1899995803833,8.107623100280762,33758104,0.0,0.0
2024-05-06,8.25,8.350000381469727,8.25,8.25,8.167019844055176,33602591,0.0,0.0
2024-05-07,8.300000190734863,8.319999694824219,8.1899995803833,8.239999771118164,8.157119750976562,25392147,0.0,0.0
2024-05-08,8.1899995803833,8.25,8.069999694824219,8.079999923706055,7.998729228973389,23170660,0.0,0.0
2024-05-09,8.09000015258789,8.289999961853027,8.09000015258789,8.270000457763672,8.186819076538086,24330880,0.0,0.0
2024-05-10,8.300000190734863,8.779999732971191,8.210000038146973,8.220000267028809,8.137321472167969,58878897,0.0,0.0
2024-05-13,8.180000305175781,8.229999542236328,8.050000190734863,8.140000343322754,8.058127403259277,28304422,0.0,0.0
2024-05-14,8.140000343322754,8.289999961853027,8.100000381469727,8.100000381469727,8.018528938293457,20769452,0.0,0.0
2024-05-15,8.109999656677246,8.3100004196167,8.020000457763672,8.09000015258789,8.008628845214844,26488904,0.0,0.0
2024-05-16,8.149999618530273,8.220000267028809,8.100000381469727,8.130000114440918,8.048227310180664,22477637,0.0,0.0
2024-05-17,8.130000114440918,8.289999961853027,8.100000381469727,8.270000457763672,8.186819076538086,23879680,0.0,0.0
2024-05-20,8.34000015258789,8.380000114440918,8.229999542236328,8.289999961853027,8.206616401672363,23935821,0.0,0.0
2024-05-21,8.239999771118164,8.359999656677246,8.239999771118164,8.319999694824219,8.236315727233887,20883762,0.0,0.0
2024-05-22,8.460000038146973,8.489999771118164,8.260000228881836,8.350000381469727,8.26601505279541,25747710,0.0,0.0
2024-05-23,8.369999885559082,8.40999984741211,8.180000305175781,8.199999809265137,8.117522239685059,27893459,0.0,0.0
2024-05-24,8.1899995803833,8.229999542236328,8.010000228881836,8.020000457763672,7.939333438873291,20666356,0.0,0.0
2024-05-27,8.029999732971191,8.210000038146973,7.900000095367432,8.199999809265137,8.117522239685059,28141134,0.0,0.0
2024-05-28,8.25,8.40999984741211,8.130000114440918,8.149999618530273,8.068024635314941,41403477,0.0,0.0
2024-05-29,8.069999694824219,8.210000038146973,8.020000457763672,8.039999961853027,7.959131717681885,27386158,0.0,0.0
2024-05-30,8.0,8.220000267028809,7.929999828338623,8.180000305175781,8.097723960876465,30555413,0.0,0.0
2024-05-31,8.149999618530273,8.289999961853027,8.140000343322754,8.180000305175781,8.097723960876465,22771313,0.0,0.0
2024-06-03,8.170000076293945,8.319999694824219,8.15999984741211,8.25,8.167019844055176,36300032,0.0,0.0
2024-06-04,8.25,8.25,8.069999694824219,8.170000076293945,8.087823867797852,26705748,0.0,0.0
2024-06-05,8.149999618530273,8.34000015258789,8.119999885559082,8.239999771118164,8.157119750976562,40443349,0.0,0.0
2024-06-06,8.300000190734863,8.359999656677246,8.079999923706055,8.109999656677246,8.028428077697754,48597480,0.0,0.0
2024-06-07,8.100000381469727,8.329999923706055,8.050000190734863,8.1899995803833,8.107623100280762,42987973,0.0,0.0
2024-06-11,8.1899995803833,8.5,8.140000343322754,8.489999771118164,8.404605865478516,86404955,0.0,0.0
2024-06-12,8.34000015258789,8.449999809265137,8.279999732971191,8.369999885559082,8.285812377929688,80448295,0.0,0.0
2024-06-13,8.369999885559082,8.420000076293945,8.289999961853027,8.34000015258789,8.256114959716797,63851271,0.0,0.0
2024-06-14,8.289999961853027,8.300000190734863,8.100000381469727,8.260000228881836,8.176918983459473,62646979,0.0,0.0
2024-06-17,8.1899995803833,8.5600004196167,8.170000076293945,8.489999771118164,8.404605865478516,84310385,0.0,0.0
2024-06-18,8.520000457763672,8.529999732971191,8.380000114440918,8.4399995803833,8.355108261108398,51399472,0.0,0.0
2024-06-19,8.470000267028809,8.59000015258789,8.300000190734863,8.5,8.414505004882812,72055572,0.0,0.0
2024-06-20,8.430000305175781,8.619999885559082,8.300000190734863,8.319999694824219,8.257688522338867,82838878,0.022,0.0
2024-06-21,8.180000305175781,8.430000305175781,8.0600004196167,8.390000343322754,8.327164649963379,54729179,0.0,0.0
2024-06-24,8.300000190734863,8.449999809265137,8.020000457763672,8.0600004196167,7.999636173248291,63216671,0.0,0.0
2024-06-25,8.0600004196167,8.130000114440918,7.679999828338623,7.739999771118164,7.682032108306885,56526949,0.0,0.0
2024-06-26,7.730000019073486,8.1899995803833,7.650000095367432,8.170000076293945,8.108811378479004,50336710,0.0,0.0
2024-06-27,8.100000381469727,8.300000190734863,8.0600004196167,8.09000015258789,8.029410362243652,48634310,0.0,0.0
2024-06-28,8.069999694824219,8.270000457763672,8.010000228881836,8.149999618530273,8.088960647583008,37613447,0.0,0.0
2024-07-01,8.1899995803833,8.1899995803833,7.96999979019165,8.119999885559082,8.059185981750488,34782808,0.0,0.0
2024-07-02,8.119999885559082,8.180000305175781,8.050000190734863,8.09000015258789,8.029410362243652,26840904,0.0,0.0
2024-07-03,8.069999694824219,8.279999732971191,8.010000228881836,8.1899995803833,8.128661155700684,42919600,0.0,0.0
2024-07-04,8.180000305175781,8.350000381469727,8.069999694824219,8.079999923706055,8.019485473632812,40809484,0.0,0.0
2024-07-05,8.09000015258789,8.100000381469727,7.880000114440918,8.020000457763672,7.959935665130615,30004943,0.0,0.0
2024-07-08,7.96999979019165,8.100000381469727,7.889999866485596,7.900000095367432,7.840834140777588,27290157,0.0,0.0
2024-07-09,7.889999866485596,8.449999809265137,7.840000152587891,8.430000305175781,8.366865158081055,80703400,0.0,0.0
2024-07-10,8.399999618530273,8.569999694824219,8.369999885559082,8.5,8.43634033203125,51068936,0.0,0.0
2024-07-11,8.609999656677246,8.699999809265137,8.479999542236328,8.640000343322754,8.575292587280273,59188508,0.0,0.0
2024-07-12,8.550000190734863,8.699999809265137,8.479999542236328,8.670000076293945,8.605067253112793,36365367,0.0,0.0
2024-07-15,8.800000190734863,8.84000015258789,8.630000114440918,8.720000267028809,8.654692649841309,58913401,0.0,0.0
2024-07-16,8.699999809265137,8.960000038146973,8.640000343322754,8.920000076293945,8.853195190429688,65453189,0.0,0.0
2024-07-17,8.890000343322754,8.989999771118164,8.779999732971191,8.8100004196167,8.744019508361816,56237311,0.0,0.0
2024-07-18,8.699999809265137,8.8100004196167,8.5,8.75,8.684468269348145,55095837,0.0,0.0
2024-07-19,8.720000267028809,8.970000267028809,8.680000305175781,8.84000015258789,8.773794174194336,59575607,0.0,0.0
2024-07-22,8.880000114440918,8.920000076293945,8.800000190734863,8.829999923706055,8.76386833190918,45822982,0.0,0.0
2024-07-23,8.819999694824219,8.829999923706055,8.5,8.520000457763672,8.456191062927246,47444901,0.0,0.0
2024-07-24,8.479999542236328,8.65999984741211,8.430000305175781,8.460000038146973,8.396639823913574,37237000,0.0,0.0
2024-07-25,8.380000114440918,8.4399995803833,8.1899995803833,8.210000038146973,8.14851188659668,39507384,0.0,0.0
2024-07-26,8.210000038146973,8.329999923706055,8.170000076293945,8.260000228881836,8.198137283325195,30753225,0.0,0.0
2024-07-29,8.239999771118164,8.34000015258789,8.180000305175781,8.1899995803833,8.128661155700684,30152734,0.0,0.0
2024-07-30,8.180000305175781,8.289999961853027,8.050000190734863,8.279999732971191,8.217988014221191,36918072,0.0,0.0
2024-07-31,8.229999542236328,8.65999984741211,8.210000038146973,8.649999618530273,8.585216522216797,54351370,0.0,0.0
2024-08-01,8.649999618530273,8.819999694824219,8.619999885559082,8.770000457763672,8.70431900024414,52243436,0.0,0.0
2024-08-02,8.680000305175781,8.789999961853027,8.510000228881836,8.510000228881836,8.446266174316406,40206784,0.0,0.0
2024-08-05,8.460000038146973,8.5,8.130000114440918,8.130000114440918,8.069110870361328,49805172,0.0,0.0
2024-08-06,8.229999542236328,8.319999694824219,7.869999885559082,7.96999979019165,7.910309314727783,65482769,0.0,0.0
2024-08-07,7.980000019073486,8.050000190734863,7.909999847412109,7.960000038146973,7.900384426116943,33282416,0.0,0.0
2024-08-08,7.909999847412109,8.109999656677246,7.809999942779541,8.0,7.940084934234619,35711774,0.0,0.0
2024-08-09,8.100000381469727,8.180000305175781,8.0,8.0,7.940084934234619,26944794,0.0,0.0
2024-08-12,7.949999809265137,8.010000228881836,7.860000133514404,7.889999866485596,7.83090877532959,23113777,0.0,0.0
2024-08-13,7.860000133514404,8.020000457763672,7.860000133514404,8.020000457763672,7.959935665130615,21382295,0.0,0.0
2024-08-14,8.029999732971191,8.050000190734863,7.869999885559082,7.869999885559082,7.811058521270752,24151536,0.0,0.0
2024-08-15,7.860000133514404,8.0600004196167,7.809999942779541,7.960000038146973,7.900384426116943,27252794,0.0,0.0
2024-08-16,7.949999809265137,8.020000457763672,7.840000152587891,7.940000057220459,7.8805341720581055,27227564,0.0,0.0
2024-08-19,7.96999979019165,8.140000343322754,7.929999828338623,8.020000457763672,7.959935665130615,34363588,0.0,0.0
2024-08-20,8.0,8.010000228881836,7.769999980926514,7.800000190734863,7.741582870483398,33925766,0.0,0.0
2024-08-21,7.739999771118164,7.869999885559082,7.659999847412109,7.730000019073486,7.672107219696045,21909697,0.0,0.0
2024-08-22,7.739999771118164,7.769999980926514,7.630000114440918,7.650000095367432,7.592706203460693,20936695,0.0,0.0
2024-08-23,7.650000095367432,7.849999904632568,7.599999904632568,7.809999942779541,7.751507759094238,25620799,0.0,0.0
2024-08-26,7.829999923706055,7.960000038146973,7.800000190734863,7.860000133514404,7.801133632659912,23372405,0.0,0.0
2024-08-27,7.820000171661377,7.829999923706055,7.599999904632568,7.630000114440918,7.5728559494018555,22181606,0.0,0.0
2024-08-28,7.480000019073486,7.659999847412109,7.480000019073486,7.559999942779541,7.503379821777344,23498152,0.0,0.0
2024-08-29,7.539999961853027,7.840000152587891,7.519999980926514,7.78000020980835,7.721733093261719,29117120,0.0,0.0
2024-08-30,7.789999961853027,8.050000190734863,7.769999980926514,7.96999979019165,7.910309314727783,40860979,0.0,0.0
2024-09-02,7.989999771118164,8.029999732971191,7.769999980926514,7.78000020980835,7.721733093261719,29674755,0.0,0.0
2024-09-03,7.789999961853027,7.909999847412109,7.769999980926514,7.849999904632568,7.791208267211914,17960875,0.0,0.0
2024-09-04,7.769999980926514,7.880000114440918,7.739999771118164,7.800000190734863,7.741582870483398,16614252,0.0,0.0
2024-09-05,7.840000152587891,7.909999847412109,7.760000228881836,7.800000190734863,7.741582870483398,18978726,0.0,0.0
2024-09-06,7.800000190734863,7.849999904632568,7.619999885559082,7.619999885559082,7.562930583953857,19219914,0.0,0.0
2024-09-09,7.619999885559082,7.679999828338623,7.480000019073486,7.510000228881836,7.453754901885986,20757200,0.0,0.0
2024-09-10,7.519999980926514,7.550000190734863,7.28000020980835,7.489999771118164,7.43390417098999,32416791,0.0,0.0
2024-09-11,7.510000228881836,7.559999942779541,7.440000057220459,7.539999961853027,7.483529567718506,19170534,0.0,0.0
2024-09-12,7.590000152587891,7.610000133514404,7.440000057220459,7.449999809265137,7.3942036628723145,21107475,0.0,0.0
2024-09-13,7.440000057220459,7.480000019073486,7.329999923706055,7.329999923706055,7.275102615356445,16875364,0.0,0.0
2024-09-18,7.360000133514404,7.409999847412109,7.190000057220459,7.309999942779541,7.255252361297607,16905948,0.0,0.0
2024-09-19,7.329999923706055,7.510000228881836,7.260000228881836,7.429999828338623,7.374353408813477,22686056,0.0,0.0
2024-09-20,7.440000057220459,7.46999979019165,7.340000152587891,7.389999866485596,7.334652900695801,16589959,0.0,0.0
2024-09-23,7.380000114440918,7.489999771118164,7.329999923706055,7.420000076293945,7.364428520202637,14336089,0.0,0.0
2024-09-24,7.449999809265137,7.690000057220459,7.409999847412109,7.690000057220459,7.632406711578369,37349703,0.0,0.0
2024-09-25,7.75,7.940000057220459,7.679999828338623,7.730000019073486,7.672107219696045,41238860,0.0,0.0
2024-09-26,7.739999771118164,8.0,7.710000038146973,7.989999771118164,7.930159568786621,40814152,0.0,0.0
2024-09-27,8.09000015258789,8.569999694824219,8.079999923706055,8.489999771118164,8.42641544342041,65213482,0.0,0.0
2024-09-30,8.869999885559082,9.34000015258789,8.789999961853027,9.34000015258789,9.270049095153809,124076983,0.0,0.0
2024-10-08,10.270000457763672,10.270000457763672,9.739999771118164,10.270000457763672,10.193083763122559,145038614,0.0,0.0
2024-10-09,10.829999923706055,11.199999809265137,10.119999885559082,10.520000457763672,10.441211700439453,318979548,0.0,0.0
2024-10-10,10.520000457763672,10.720000267028809,9.800000190734863,10.0,9.925106048583984,176447853,0.0,0.0
2024-10-11,9.800000190734863,10.0,9.319999694824219,9.479999542236328,9.409000396728516,115019110,0.0,0.0
2024-10-14,9.479999542236328,9.710000038146973,9.199999809265137,9.699999809265137,9.627352714538574,102500537,0.0,0.0
2024-10-15,9.699999809265137,10.069999694824219,9.569999694824219,9.729999542236328,9.657127380371094,116024920,0.0,0.0
2024-10-16,9.59000015258789,9.920000076293945,9.5,9.850000381469727,9.776229858398438,85317113,0.0,0.0
2024-10-17,10.010000228881836,10.149999618530273,9.890000343322754,9.989999771118164,9.915180206298828,116037943,0.0,0.0
2024-10-18,10.0,10.920000076293945,9.960000038146973,10.520000457763672,10.441211700439453,189697437,0.0,0.0
2024-10-21,10.8100004196167,11.3100004196167,10.789999961853027,11.210000038146973,11.126044273376465,261827726,0.0,0.0
2024-10-22,11.25,11.270000457763672,10.630000114440918,10.739999771118164,10.659564018249512,201748540,0.0,0.0
2024-10-23,10.670000076293945,10.920000076293945,10.600000381469727,10.680000305175781,10.600013732910156,120911491,0.0,0.0
2024-10-24,10.579999923706055,10.739999771118164,10.5,10.630000114440918,10.55038833618164,88944160,0.0,0.0
2024-10-25,10.75,10.869999885559082,10.630000114440918,10.859999656677246,10.778665542602539,108310946,0.0,0.0
2024-10-28,10.899999618530273,11.90999984741211,10.770000457763672,11.739999771118164,11.652073860168457,228121498,0.0,0.0
2024-10-29,12.199999809265137,12.90999984741211,12.010000228881836,12.90999984741211,12.813311576843262,266684443,0.0,0.0
2024-10-30,13.020000457763672,13.880000114440918,12.800000190734863,12.8100004196167,12.71406078338623,499687483,0.0,0.0
2024-10-31,12.600000381469727,14.09000015258789,12.550000190734863,13.729999542236328,13.62717056274414,524349615,0.0,0.0
2024-11-01,13.399999618530273,13.399999618530273,12.359999656677246,12.359999656677246,12.267430305480957,372543750,0.0,0.0
2024-11-04,12.0,12.760000228881836,11.90999984741211,12.600000381469727,12.505633354187012,190495234,0.0,0.0
2024-11-05,12.609999656677246,13.010000228881836,12.449999809265137,12.819999694824219,12.72398567199707,222109069,0.0,0.0
2024-11-06,12.899999618530273,13.449999809265137,12.710000038146973,13.260000228881836,13.160691261291504,291408144,0.0,0.0
2024-11-07,13.0600004196167,13.380000114440918,12.859999656677246,13.140000343322754,13.041589736938477,206024972,0.0,0.0
2024-11-08,13.239999771118164,13.600000381469727,13.130000114440918,13.199999809265137,13.101140022277832,232848524,0.0,0.0
2024-11-11,13.380000114440918,14.520000457763672,13.34000015258789,14.260000228881836,14.15320110321045,371725275,0.0,0.0
2024-11-12,14.300000190734863,14.34000015258789,13.550000190734863,13.729999542236328,13.62717056274414,274287856,0.0,0.0
2024-11-13,13.5600004196167,13.949999809265137,13.319999694824219,13.630000114440918,13.52791976928711,153593922,0.0,0.0
2024-11-14,13.5,13.5,12.880000114440918,12.920000076293945,12.823236465454102,149938487,0.0,0.0
2024-11-15,12.8100004196167,13.109999656677246,12.390000343322754,12.40999984741211,12.317056655883789,136699414,0.0,0.0
2024-11-18,12.390000343322754,12.470000267028809,11.8100004196167,11.920000076293945,11.830726623535156,135356631,0.0,0.0
2024-11-19,11.920000076293945,12.300000190734863,11.850000381469727,12.289999961853027,12.197955131530762,117950466,0.0,0.0
2024-11-20,12.289999961853027,12.489999771118164,12.15999984741211,12.369999885559082,12.277356147766113,101976563,0.0,0.0
2024-11-21,12.380000114440918,12.4399995803833,12.210000038146973,12.329999923706055,12.237655639648438,88956380,0.0,0.0
2024-11-22,12.350000381469727,12.420000076293945,11.720000267028809,11.760000228881836,11.671924591064453,103445189,0.0,0.0
2024-11-25,11.75,11.850000381469727,11.449999809265137,11.65999984741211,11.572673797607422,85983380,0.0,0.0
2024-11-26,11.680000305175781,11.850000381469727,11.600000381469727,11.609999656677246,11.52304744720459,56840740,0.0,0.0
2024-11-27,11.529999732971191,11.829999923706055,11.34000015258789,11.8100004196167,11.721550941467285,82924507,0.0,0.0
2024-11-28,11.829999923706055,11.949999809265137,11.65999984741211,11.699999809265137,11.612374305725098,73273652,0.0,0.0
2024-11-29,11.640000343322754,12.0,11.479999542236328,11.84000015258789,11.751325607299805,91374811,0.0,0.0
2024-12-02,11.84000015258789,12.140000343322754,11.8100004196167,12.079999923706055,11.989527702331543,85005427,0.0,0.0
2024-12-03,12.1899995803833,12.199999809265137,11.890000343322754,12.020000457763672,11.929977416992188,76965057,0.0,0.0
2024-12-04,12.239999771118164,12.380000114440918,11.920000076293945,11.970000267028809,11.880352020263672,98944249,0.0,0.0
2024-12-05,11.890000343322754,12.010000228881836,11.850000381469727,11.920000076293945,11.830726623535156,63889453,0.0,0.0
2024-12-06,11.920000076293945,12.09000015258789,11.779999732971191,12.020000457763672,11.929977416992188,73326577,0.0,0.0
2024-12-09,12.029999732971191,12.069999694824219,11.779999732971191,11.850000381469727,11.761251449584961,54281664,0.0,0.0
2024-12-10,12.25,12.300000190734863,11.899999618530273,11.949999809265137,11.860501289367676,80047799,0.0,0.0
2024-12-11,11.949999809265137,12.140000343322754,11.899999618530273,12.069999694824219,11.979602813720703,56492013,0.0,0.0
2024-12-12,12.050000190734863,12.09000015258789,11.869999885559082,12.069999694824219,11.979602813720703,61703728,0.0,0.0
2024-12-13,12.0600004196167,12.1899995803833,11.859999656677246,11.949999809265137,11.860501289367676,83715464,0.0,0.0
2024-12-16,11.949999809265137,12.029999732971191,11.760000228881836,11.800000190734863,11.711625099182129,57052769,0.0,0.0
2024-12-17,11.800000190734863,11.949999809265137,11.670000076293945,11.680000305175781,11.592524528503418,45429762,0.0,0.0
2024-12-18,11.680000305175781,11.960000038146973,11.640000343322754,11.890000343322754,11.80095100402832,57935248,0.0,0.0
2024-12-19,11.75,12.039999961853027,11.699999809265137,12.020000457763672,11.929977416992188,74217133,0.0,0.0
2024-12-20,12.029999732971191,12.3100004196167,11.960000038146973,12.199999809265137,12.10862922668457,130843553,0.0,0.0
2024-12-23,12.220000267028809,12.319999694824219,11.90999984741211,11.930000305175781,11.840651512145996,96713338,0.0,0.0
2024-12-24,11.970000267028809,12.119999885559082,11.729999542236328,12.09000015258789,11.9994535446167,79125822,0.0,0.0
2024-12-25,12.09000015258789,12.199999809265137,12.020000457763672,12.15999984741211,12.068928718566895,81016754,0.0,0.0
2024-12-26,12.15999984741211,12.59000015258789,12.020000457763672,12.579999923706055,12.485782623291016,153888564,0.0,0.0
2024-12-27,12.510000228881836,12.619999885559082,12.279999732971191,12.350000381469727,12.257506370544434,128078661,0.0,0.0
2024-12-30,12.279999732971191,12.5600004196167,12.180000305175781,12.350000381469727,12.257506370544434,82755174,0.0,0.0
2024-12-31,12.350000381469727,12.4399995803833,11.550000190734863,11.609999656677246,11.52304744720459,117701958,0.0,0.0
2025-01-02,11.5,11.5600004196167,10.710000038146973,10.8100004196167,10.729040145874023,121849488,0.0,0.0
2025-01-03,10.880000114440918,10.9399995803833,10.520000457763672,10.550000190734863,10.470986366271973,79843531,0.0,0.0
2025-01-06,10.520000457763672,10.710000038146973,10.4399995803833,10.550000190734863,10.470986366271973,49751296,0.0,0.0
2025-01-07,10.59000015258789,10.920000076293945,10.520000457763672,10.880000114440918,10.798516273498535,61462135,0.0,0.0
2025-01-08,10.800000190734863,10.920000076293945,10.449999809265137,10.779999732971191,10.699264526367188,61426514,0.0,0.0
2025-01-09,10.710000038146973,10.970000267028809,10.670000076293945,10.850000381469727,10.7687406539917,47320585,0.0,0.0
2025-01-10,10.800000190734863,11.390000343322754,10.779999732971191,10.829999923706055,10.748889923095703,94551230,0.0,0.0
2025-01-13,10.550000190734863,10.84000015258789,10.5,10.760000228881836,10.679414749145508,46818495,0.0,0.0
2025-01-14,10.819999694824219,11.279999732971191,10.720000267028809,11.260000228881836,11.17566967010498,80070724,0.0,0.0
2025-01-15,11.260000228881836,11.3100004196167,11.15999984741211,11.210000038146973,11.126044273376465,58288711,0.0,0.0
2025-01-16,11.270000457763672,11.279999732971191,11.0600004196167,11.170000076293945,11.086343765258789,60468793,0.0,0.0
2025-01-17,11.149999618530273,11.399999618530273,11.09000015258789,11.25,11.16574478149414,59995488,0.0,0.0
2025-01-20,11.380000114440918,11.479999542236328,11.300000190734863,11.390000343322754,11.304696083068848,55923875,0.0,0.0
2025-01-21,11.479999542236328,11.5,11.289999961853027,11.430000305175781,11.344396591186523,44301659,0.0,0.0
2025-01-22,11.329999923706055,11.489999771118164,11.300000190734863,11.430000305175781,11.344396591186523,40392254,0.0,0.0
2025-01-23,11.5600004196167,11.739999771118164,11.319999694824219,11.319999694824219,11.235219955444336,62690939,0.0,0.0
2025-01-24,11.479999542236328,11.600000381469727,11.420000076293945,11.579999923706055,11.49327278137207,69215916,0.0,0.0
2025-01-27,11.600000381469727,11.65999984741211,11.260000228881836,11.260000228881836,11.17566967010498,51735631,0.0,0.0
2025-02-05,11.4399995803833,11.489999771118164,11.350000381469727,11.380000114440918,11.294771194458008,51199831,0.0,0.0
2025-02-06,11.34000015258789,11.699999809265137,11.279999732971191,11.670000076293945,11.582598686218262,72572590,0.0,0.0
2025-02-07,11.670000076293945,11.9399995803833,11.5600004196167,11.739999771118164,11.652073860168457,92593899,0.0,0.0
2025-02-10,11.800000190734863,11.869999885559082,11.720000267028809,11.770000457763672,11.68185043334961,69928861,0.0,0.0
2025-02-11,11.770000457763672,11.789999961853027,11.520000457763672,11.539999961853027,11.453572273254395,61390848,0.0,0.0
2025-02-12,11.539999961853027,11.800000190734863,11.479999542236328,11.800000190734863,11.711625099182129,81880816,0.0,0.0
2025-02-13,11.800000190734863,11.8100004196167,11.539999961853027,11.550000190734863,11.46349811553955,62141537,0.0,0.0
2025-02-14,11.479999542236328,11.65999984741211,11.350000381469727,11.609999656677246,11.52304744720459,59061854,0.0,0.0
2025-02-17,11.59000015258789,11.680000305175781,11.5,11.579999923706055,11.49327278137207,58439098,0.0,0.0
2025-02-18,11.550000190734863,11.649999618530273,11.109999656677246,11.140000343322754,11.05656909942627,69181204,0.0,0.0
2025-02-19,11.140000343322754,11.5,11.109999656677246,11.470000267028809,11.3840970993042,64719722,0.0,0.0
2025-02-20,11.510000228881836,11.579999923706055,11.350000381469727,11.520000457763672,11.433722496032715,51523538,0.0,0.0
2025-02-21,11.5,11.8100004196167,11.479999542236328,11.760000228881836,11.671924591064453,97104465,0.0,0.0
2025-02-24,11.8100004196167,11.960000038146973,11.670000076293945,11.800000190734863,11.711625099182129,95428228,0.0,0.0
2025-02-25,11.609999656677246,11.880000114440918,11.579999923706055,11.699999809265137,11.612374305725098,72325216,0.0,0.0
2025-02-26,11.699999809265137,11.789999961853027,11.600000381469727,11.739999771118164,11.652073860168457,69612664,0.0,0.0
2025-02-27,11.770000457763672,11.789999961853027,11.289999961853027,11.510000228881836,11.423797607421875,82593320,0.0,0.0
2025-02-28,11.399999618530273,11.460000038146973,10.930000305175781,10.979999542236328,10.89776611328125,76997465,0.0,0.0
2025-03-03,10.979999542236328,11.15999984741211,10.899999618530273,10.979999542236328,10.89776611328125,54409040,0.0,0.0
2025-03-04,10.890000343322754,11.199999809265137,10.84000015258789,11.140000343322754,11.05656909942627,52684717,0.0,0.0
2025-03-05,11.15999984741211,11.300000190734863,11.0,11.130000114440918,11.046643257141113,41536477,0.0,0.0
2025-03-06,11.199999809265137,11.319999694824219,11.180000305175781,11.260000228881836,11.17566967010498,62609580,0.0,0.0
2025-03-07,11.199999809265137,11.220000267028809,11.029999732971191,11.079999923706055,10.997017860412598,52744192,0.0,0.0
2025-03-10,11.079999923706055,11.140000343322754,10.970000267028809,11.039999961853027,10.957317352294922,39284027,0.0,0.0
2025-03-11,10.930000305175781,11.100000381469727,10.890000343322754,11.039999961853027,10.957317352294922,35326368,0.0,0.0
2025-03-12,11.069999694824219,11.149999618530273,11.020000457763672,11.050000190734863,10.967242240905762,48494263,0.0,0.0
2025-03-13,11.010000228881836,11.050000190734863,10.720000267028809,10.8100004196167,10.729040145874023,56706284,0.0,0.0
2025-03-14,10.800000190734863,11.039999961853027,10.760000228881836,11.039999961853027,10.957317352294922,52592610,0.0,0.0
2025-03-17,11.09000015258789,11.15999984741211,11.020000457763672,11.140000343322754,11.05656909942627,48154796,0.0,0.0
2025-03-18,11.1899995803833,11.289999961853027,11.140000343322754,11.15999984741211,11.07641887664795,41205563,0.0,0.0
2025-03-19,11.130000114440918,11.170000076293945,11.029999732971191,11.0600004196167,10.977168083190918,30593668,0.0,0.0
2025-03-20,11.100000381469727,11.15999984741211,11.039999961853027,11.050000190734863,10.967242240905762,33575034,0.0,0.0
2025-03-21,11.0,11.079999923706055,10.8100004196167,10.850000381469727,10.7687406539917,40739160,0.0,0.0
2025-03-24,10.850000381469727,10.890000343322754,10.649999618530273,10.859999656677246,10.778665542602539,36058237,0.0,0.0
2025-03-25,10.869999885559082,10.899999618530273,10.729999542236328,10.760000228881836,10.679414749145508,26476421,0.0,0.0
2025-03-26,10.760000228881836,10.859999656677246,10.65999984741211,10.739999771118164,10.659564018249512,30556097,0.0,0.0
2025-03-27,10.710000038146973,10.890000343322754,10.609999656677246,10.800000190734863,10.719115257263184,30766937,0.0,0.0
2025-03-28,10.819999694824219,10.880000114440918,10.670000076293945,10.680000305175781,10.600013732910156,26629133,0.0,0.0
2025-03-31,10.65999984741211,10.699999809265137,10.420000076293945,10.600000381469727,10.520612716674805,33548392,0.0,0.0
2025-04-01,10.649999618530273,10.729999542236328,10.600000381469727,10.609999656677246,10.530536651611328,26841801,0.0,0.0
2025-04-02,10.630000114440918,10.680000305175781,10.5600004196167,10.59000015258789,10.510686874389648,23818402,0.0,0.0
2025-04-03,10.489999771118164,10.640000343322754,10.380000114440918,10.4399995803833,10.361809730529785,29722162,0.0,0.0
2025-04-07,9.890000343322754,9.890000343322754,9.399999618530273,9.399999618530273,9.329599380493164,49116255,0.0,0.0
2025-04-08,9.170000076293945,9.449999809265137,8.880000114440918,9.069999694824219,9.002071380615234,72827141,0.0,0.0
2025-04-09,8.899999618530273,9.420000076293945,8.479999542236328,9.289999961853027,9.220423698425293,77035456,0.0,0.0
2025-04-10,9.5,9.720000267028809,9.449999809265137,9.529999732971191,9.458625793457031,56361362,0.0,0.0
2025-04-11,9.449999809265137,10.289999961853027,9.430000305175781,10.039999961853027,9.96480655670166,106186138,0.0,0.0
2025-04-14,10.300000190734863,10.3100004196167,10.020000457763672,10.100000381469727,10.024356842041016,77417465,0.0,0.0
2025-04-15,10.100000381469727,10.119999885559082,9.90999984741211,9.970000267028809,9.895330429077148,39085285,0.0,0.0
2025-04-16,9.90999984741211,10.039999961853027,9.75,9.880000114440918,9.806004524230957,33936005,0.0,0.0
2025-04-17,9.8100004196167,10.010000228881836,9.800000190734863,9.819999694824219,9.746453285217285,28014200,0.0,0.0
2025-04-18,9.800000190734863,9.819999694824219,9.680000305175781,9.779999732971191,9.706753730773926,24715000,0.0,0.0
2025-04-21,9.789999961853027,9.970000267028809,9.729999542236328,9.960000038146973,9.885405540466309,23712334,0.0,0.0
2025-04-22,9.9399995803833,9.979999542236328,9.859999656677246,9.920000076293945,9.845705032348633,22845002,0.0,0.0
2025-04-23,9.970000267028809,10.020000457763672,9.899999618530273,9.930000305175781,9.855630874633789,23634701,0.0,0.0
2025-04-24,9.949999809265137,9.970000267028809,9.739999771118164,9.770000457763672,9.696828842163086,25192826,0.0,0.0
2025-04-25,9.789999961853027,9.920000076293945,9.739999771118164,9.84000015258789,9.766304016113281,21084935,0.0,0.0
2025-04-28,9.890000343322754,9.899999618530273,9.760000228881836,9.800000190734863,9.726603507995605,18454602,0.0,0.0
2025-04-29,9.779999732971191,9.869999885559082,9.729999542236328,9.800000190734863,9.726603507995605,18500290,0.0,0.0
2025-04-30,9.479999542236328,9.479999542236328,9.199999809265137,9.279999732971191,9.210497856140137,94994852,0.0,0.0
2025-05-06,9.260000228881836,9.579999923706055,9.25,9.569999694824219,9.558064460754395,69179531,0.058,0.0
2025-05-07,9.710000038146973,9.789999961853027,9.430000305175781,9.510000228881836,9.498139381408691,43704798,0.0,0.0
2025-05-08,9.5,9.609999656677246,9.449999809265137,9.569999694824219,9.558064460754395,30434126,0.0,0.0
2025-05-09,9.5600004196167,9.5600004196167,9.369999885559082,9.390000343322754,9.378289222717285,28329857,0.0,0.0
2025-05-12,9.4399995803833,9.529999732971191,9.4399995803833,9.529999732971191,9.51811408996582,27906160,0.0,0.0
2025-05-13,9.640000343322754,9.670000076293945,9.380000114440918,9.390000343322754,9.378289222717285,37439663,0.0,0.0
2025-05-14,9.390000343322754,9.510000228881836,9.319999694824219,9.4399995803833,9.428226470947266,30198578,0.0,0.0
2025-05-15,9.4399995803833,9.4399995803833,9.229999542236328,9.229999542236328,9.218487739562988,28843672,0.0,0.0
2025-05-16,9.210000038146973,9.279999732971191,9.149999618530273,9.149999618530273,9.138587951660156,24779888,0.0,0.0
2025-05-19,9.130000114440918,9.180000305175781,9.010000228881836,9.140000343322754,9.12860107421875,32308547,0.0,0.0
2025-05-20,9.149999618530273,9.229999542236328,9.109999656677246,9.220000267028809,9.208501815795898,22829017,0.0,0.0
2025-05-21,9.220000267028809,9.220000267028809,9.09000015258789,9.130000114440918,9.118613243103027,21434807,0.0,0.0
2025-05-22,9.039999961853027,9.180000305175781,9.010000228881836,9.010000228881836,8.998763084411621,24366965,0.0,0.0
2025-05-23,9.050000190734863,9.050000190734863,8.899999618530273,8.899999618530273,8.888899803161621,29960573,0.0,0.0
2025-05-26,8.899999618530273,8.970000267028809,8.869999885559082,8.920000076293945,8.908875465393066,22223983,0.0,0.0
2025-05-27,8.899999618530273,8.899999618530273,8.75,8.770000457763672,8.759062767028809,27554987,0.0,0.0
2025-05-28,8.779999732971191,8.829999923706055,8.65999984741211,8.6899995803833,8.67916202545166,24405599,0.0,0.0
2025-05-29,8.6899995803833,8.949999809265137,8.6899995803833,8.9399995803833,8.928850173950195,36610934,0.0,0.0
2025-05-30,8.899999618530273,8.899999618530273,8.739999771118164,8.739999771118164,8.72909927368164,25384924,0.0,0.0
2025-06-03,8.670000076293945,8.779999732971191,8.600000381469727,8.6899995803833,8.67916202545166,24786735,0.0,0.0
2025-06-04,8.699999809265137,8.8100004196167,8.6899995803833,8.789999961853027,8.779037475585938,22028271,0.0,0.0
2025-06-05,8.800000190734863,8.960000038146973,8.729999542236328,8.930000305175781,8.918863296508789,33550058,0.0,0.0
2025-06-06,8.9399995803833,9.0,8.880000114440918,8.9399995803833,8.928850173950195,25715611,0.0,0.0
2025-06-09,8.970000267028809,9.020000457763672,8.930000305175781,8.9399995803833,8.928850173950195,27740211,0.0,0.0
2025-06-10,8.949999809265137,9.0,8.720000267028809,8.789999961853027,8.779037475585938,30356949,0.0,0.0
2025-06-11,8.789999961853027,8.90999984741211,8.770000457763672,8.829999923706055,8.818987846374512,22441740,0.0,0.0
2025-06-12,8.800000190734863,8.899999618530273,8.760000228881836,8.819999694824219,8.809000015258789,20861978,0.0,0.0
2025-06-13,8.8100004196167,8.869999885559082,8.699999809265137,8.739999771118164,8.72909927368164,25618841,0.0,0.0
2025-06-16,8.699999809265137,8.789999961853027,8.680000305175781,8.760000228881836,8.749074935913086,18080872,0.0,0.0
2025-06-17,8.789999961853027,8.920000076293945,8.739999771118164,8.890000343322754,8.878912925720215,30460118,0.0,0.0
2025-06-18,8.890000343322754,9.0,8.8100004196167,8.960000038146973,8.94882583618164,37269785,0.0,0.0
2025-06-19,8.930000305175781,9.0,8.829999923706055,8.850000381469727,8.83896255493164,30551848,0.0,0.0
2025-06-20,8.84000015258789,8.979999542236328,8.760000228881836,8.760000228881836,8.749074935913086,25850473,0.0,0.0
2025-06-23,8.720000267028809,8.960000038146973,8.6899995803833,8.90999984741211,8.898887634277344,37568119,0.0,0.0
2025-06-24,8.920000076293945,9.079999923706055,8.920000076293945,9.079999923706055,9.068675994873047,45893091,0.0,0.0
2025-06-25,9.09000015258789,9.170000076293945,9.010000228881836,9.149999618530273,9.138587951660156,53387719,0.0,0.0
2025-06-26,9.149999618530273,9.1899995803833,9.039999961853027,9.050000190734863,9.038713455200195,41371460,0.0,0.0
2025-06-27,9.199999809265137,9.960000038146973,9.130000114440918,9.960000038146973,9.947578430175781,206924045,0.0,0.0
2025-06-30,10.260000228881836,10.359999656677246,10.010000228881836,10.100000381469727,10.087404251098633,248652665,0.0,0.0
2025-07-01,10.050000190734863,11.109999656677246,9.949999809265137,10.779999732971191,10.766554832458496,360478146,0.0,0.0
2025-07-02,10.449999809265137,10.449999809265137,10.079999923706055,10.109999656677246,10.097391128540039,217194852,0.0,0.0
2025-07-03,10.029999732971191,10.199999809265137,9.970000267028809,10.09000015258789,10.07741641998291,106618334,0.0,0.0
2025-07-04,10.039999961853027,10.069999694824219,9.869999885559082,9.890000343322754,9.877665519714355,102736789,0.0,0.0
2025-07-07,9.859999656677246,9.949999809265137,9.8100004196167,9.84000015258789,9.827728271484375,52500441,0.0,0.0
2025-07-08,9.880000114440918,9.949999809265137,9.84000015258789,9.920000076293945,9.907628059387207,72847831,0.0,0.0
2025-07-09,9.920000076293945,9.930000305175781,9.710000038146973,9.760000228881836,9.747827529907227,74467698,0.0,0.0
2025-07-10,9.75,9.819999694824219,9.670000076293945,9.770000457763672,9.75781536102295,58013016,0.0,0.0
2025-07-11,9.770000457763672,9.970000267028809,9.6899995803833,9.930000305175781,9.91761589050293,82078419,0.0,0.0
2025-07-14,9.979999542236328,9.989999771118164,9.850000381469727,9.880000114440918,9.867677688598633,43489084,0.0,0.0
2025-07-15,9.869999885559082,9.930000305175781,9.729999542236328,9.789999961853027,9.777790069580078,41987969,0.0,0.0
2025-07-16,9.829999923706055,10.0,9.8100004196167,9.890000343322754,9.877665519714355,56030144,0.0,0.0
2025-07-17,9.850000381469727,9.920000076293945,9.800000190734863,9.920000076293945,9.907628059387207,41428250,0.0,0.0
2025-07-18,9.920000076293945,10.109999656677246,9.920000076293945,9.989999771118164,9.977540969848633,62246387,0.0,0.0
2025-07-21,9.989999771118164,10.0,9.920000076293945,9.989999771118164,9.977540969848633,45999270,0.0,0.0
2025-07-22,10.0,10.050000190734863,9.920000076293945,10.0,9.987527847290039,56132030,0.0,0.0
2025-07-23,10.010000228881836,10.430000305175781,9.949999809265137,10.279999732971191,10.267178535461426,126668744,0.0,0.0
2025-07-24,10.289999961853027,10.34000015258789,10.180000305175781,10.300000190734863,10.287154197692871,76324867,0.0,0.0
2025-07-25,10.359999656677246,10.479999542236328,10.170000076293945,10.390000343322754,10.377041816711426,84058491,0.0,0.0
2025-07-28,10.399999618530273,10.460000038146973,10.319999694824219,10.34000015258789,10.327104568481445,63645969,0.0,0.0
2025-07-29,10.300000190734863,10.369999885559082,10.15999984741211,10.210000038146973,10.197266578674316,71809240,0.0,0.0
2025-07-30,10.180000305175781,10.270000457763672,9.989999771118164,10.100000381469727,10.087404251098633,60378788,0.0,0.0
2025-07-31,10.100000381469727,10.1899995803833,9.970000267028809,10.020000457763672,10.007503509521484,55476864,0.0,0.0
2025-08-01,10.020000457763672,10.09000015258789,9.850000381469727,9.90999984741211,9.897640228271484,48710526,0.0,0.0
2025-08-04,9.960000038146973,10.239999771118164,9.949999809265137,10.09000015258789,10.07741641998291,43394718,0.0,0.0
2025-08-05,10.079999923706055,10.25,10.029999732971191,10.170000076293945,10.157316207885742,45014199,0.0,0.0
2025-08-06,10.180000305175781,10.210000038146973,10.100000381469727,10.180000305175781,10.167304039001465,46383673,0.0,0.0
2025-08-07,10.149999618530273,10.289999961853027,10.140000343322754,10.229999542236328,10.217241287231445,67558991,0.0,0.0
2025-08-08,10.199999809265137,10.210000038146973,10.0,10.010000228881836,9.997515678405762,54194137,0.0,0.0
2025-08-11,9.979999542236328,10.130000114440918,9.960000038146973,10.09000015258789,10.07741641998291,37230353,0.0,0.0
2025-08-12,10.09000015258789,10.239999771118164,10.010000228881836,10.1899995803833,10.177290916442871,68328320,0.0,0.0
2025-08-13,10.1899995803833,10.239999771118164,10.130000114440918,10.210000038146973,10.197266578674316,66147149,0.0,0.0
2025-08-14,10.220000267028809,10.359999656677246,10.069999694824219,10.109999656677246,10.097391128540039,87115183,0.0,0.0
2025-08-15,10.050000190734863,10.34000015258789,10.029999732971191,10.329999923706055,10.317116737365723,93554515,0.0,0.0
2025-08-18,10.460000038146973,10.729999542236328,10.380000114440918,10.670000076293945,10.656692504882812,147509292,0.0,0.0
2025-08-19,10.760000228881836,11.109999656677246,10.65999984741211,10.8100004196167,10.796518325805664,172707582,0.0,0.0
2025-08-20,10.84000015258789,10.949999809265137,10.600000381469727,10.890000343322754,10.876419067382812,117111661,0.0,0.0
2025-08-21,10.90999984741211,11.09000015258789,10.729999542236328,10.789999961853027,10.776542663574219,109988341,0.0,0.0
2025-08-22,10.789999961853027,11.300000190734863,10.75,11.270000457763672,11.255945205688477,214491261,0.0,0.0
2025-08-25,11.579999923706055,12.130000114440918,11.300000190734863,11.399999618530273,11.385782241821289,264730478,0.0,0.0
2025-08-26,11.369999885559082,11.899999618530273,11.220000267028809,11.680000305175781,11.665432929992676,181394054,0.0,0.0
2025-08-27,11.710000038146973,11.9399995803833,11.359999656677246,11.369999885559082,11.355819702148438,189708326,0.0,0.0
2025-08-28,11.300000190734863,11.600000381469727,11.199999809265137,11.600000381469727,11.585533142089844,159927048,0.0,0.0
2025-08-29,11.630000114440918,11.9399995803833,11.40999984741211,11.84000015258789,11.825233459472656,197250872,0.0,0.0
2025-09-01,12.199999809265137,12.289999961853027,11.760000228881836,11.899999618530273,11.88515853881836,180761067,0.0,0.0
2025-09-02,11.75,11.850000381469727,11.210000038146973,11.260000228881836,11.245957374572754,149755941,0.0,0.0
2025-09-03,11.279999732971191,11.489999771118164,11.0,11.039999961853027,11.026230812072754,103926105,0.0,0.0
2025-09-04,11.039999961853027,11.140000343322754,10.449999809265137,10.640000343322754,10.626730918884277,117467554,0.0,0.0
2025-09-05,10.630000114440918,10.989999771118164,10.550000190734863,10.960000038146973,10.946331024169922,82454104,0.0,0.0
2025-09-08,10.920000076293945,11.050000190734863,10.819999694824219,10.960000038146973,10.946331024169922,71153292,0.0,0.0
2025-09-09,10.899999618530273,10.899999618530273,10.670000076293945,10.699999809265137,10.686655044555664,59805770,0.0,0.0
2025-09-10,10.75,10.84000015258789,10.640000343322754,10.65999984741211,10.64670467376709,48665673,0.0,0.0
2025-09-11,10.649999618530273,11.09000015258789,10.5600004196167,11.09000015258789,11.07616901397705,103605821,0.0,0.0
2025-09-12,11.100000381469727,11.350000381469727,11.010000228881836,11.199999809265137,11.186031341552734,104175380,0.0,0.0
2025-09-15,11.390000343322754,11.460000038146973,11.069999694824219,11.079999923706055,11.066181182861328,82327582,0.0,0.0
2025-09-16,11.050000190734863,11.25,11.029999732971191,11.25,11.235969543457031,70278213,0.0,0.0
2025-09-17,11.199999809265137,11.300000190734863,11.09000015258789,11.1899995803833,11.176043510437012,62589510,0.0,0.0
2025-09-18,11.199999809265137,11.609999656677246,11.100000381469727,11.270000457763672,11.255945205688477,170680912,0.0,0.0
2025-09-19,11.270000457763672,11.420000076293945,11.180000305175781,11.25,11.235969543457031,94217961,0.0,0.0
2025-09-22,11.260000228881836,11.420000076293945,11.149999618530273,11.40999984741211,11.395770072937012,92578507,0.0,0.0
2025-09-23,11.399999618530273,11.399999618530273,10.979999542236328,11.3100004196167,11.295894622802734,107468477,0.0,0.0
2025-09-24,11.210000038146973,11.850000381469727,11.180000305175781,11.779999732971191,11.765308380126953,217027122,0.0,0.0
2025-09-25,11.779999732971191,11.779999732971191,11.779999732971191,11.779999732971191,11.765308380126953,0,0.0,0.0
2025-09-26,11.779999732971191,11.779999732971191,11.779999732971191,11.779999732971191,11.765308380126953,0,0.0,0.0
2025-09-29,11.779999732971191,11.779999732971191,11.779999732971191,11.779999732971191,11.765308380126953,0,0.0,0.0
2025-09-30,11.779999732971191,11.779999732971191,11.779999732971191,11.779999732971191,11.765308380126953,0,0.0,0.0
2025-10-09,11.779999732971191,11.779999732971191,11.779999732971191,11.779999732971191,11.765308380126953,0,0.0,0.0
2025-10-10,11.779999732971191,11.779999732971191,11.779999732971191,11.779999732971191,11.765308380126953,0,0.0,0.0
2025-10-13,11.779999732971191,11.779999732971191,11.779999732971191,11.779999732971191,11.765308380126953,0,0.0,0.0
2025-10-14,11.779999732971191,11.779999732971191,11.779999732971191,11.779999732971191,11.765308380126953,0,0.0,0.0
2025-10-15,11.779999732971191,11.779999732971191,11.779999732971191,11.779999732971191,11.765308380126953,0,0.0,0.0
2025-10-16,11.779999732971191,11.779999732971191,11.779999732971191,11.779999732971191,11.765308380126953,0,0.0,0.0
2025-10-17,12.960000038146973,12.960000038146973,12.65999984741211,12.960000038146973,12.94383716583252,178919672,0.0,0.0
2025-10-20,13.1899995803833,13.510000228881836,12.4399995803833,12.649999618530273,12.634222984313965,441200988,0.0,0.0
2025-10-21,12.399999618530273,13.489999771118164,12.220000267028809,13.09000015258789,13.073675155639648,414476408,0.0,0.0
2025-10-22,12.65999984741211,12.760000228881836,12.239999771118164,12.270000457763672,12.254697799682617,266714529,0.0,0.0
2025-10-23,12.079999923706055,12.130000114440918,11.600000381469727,11.770000457763672,11.755321502685547,188033537,0.0,0.0
2025-10-24,11.84000015258789,12.100000381469727,11.789999961853027,11.930000305175781,11.915122032165527,159913565,0.0,0.0
2025-10-27,12.010000228881836,12.479999542236328,11.789999961853027,12.470000267028809,12.454447746276855,265249110,0.0,0.0
2025-10-28,12.479999542236328,12.869999885559082,12.300000190734863,12.5600004196167,12.544336318969727,258919804,0.0,0.0
2025-10-29,12.40999984741211,12.760000228881836,12.40999984741211,12.640000343322754,12.624236106872559,179447654,0.0,0.0
2025-10-30,12.640000343322754,12.720000267028809,12.270000457763672,12.270000457763672,12.254697799682617,158679340,0.0,0.0
2025-10-31,12.180000305175781,12.25,12.050000190734863,12.0600004196167,12.044960021972656,117263375,0.0,0.0
2025-11-03,12.050000190734863,12.380000114440918,11.630000114440918,12.25,12.234722137451172,157016935,0.0,0.0
2025-11-04,12.180000305175781,12.319999694824219,11.90999984741211,12.010000228881836,11.99502182006836,95565228,0.0,0.0
2025-11-05,11.760000228881836,11.949999809265137,11.65999984741211,11.84000015258789,11.825233459472656,93193440,0.0,0.0
2025-11-06,11.890000343322754,12.050000190734863,11.8100004196167,11.960000038146973,11.945083618164062,85736770,0.0,0.0
2025-11-07,11.829999923706055,12.479999542236328,11.720000267028809,12.199999809265137,12.184783935546875,163930468,0.0,0.0
2025-11-10,12.180000305175781,12.289999961853027,12.0,12.100000381469727,12.084909439086914,91904238,0.0,0.0
2025-11-11,12.149999618530273,12.229999542236328,11.869999885559082,11.920000076293945,11.905134201049805,88345656,0.0,0.0
2025-11-12,11.84000015258789,11.899999618530273,11.5,11.699999809265137,11.685407638549805,97637572,0.0,0.0
2025-11-13,11.710000038146973,11.970000267028809,11.670000076293945,11.819999694824219,11.805257797241211,71957564,0.0,0.0
2025-11-14,11.65999984741211,11.6899995803833,11.399999618530273,11.40999984741211,11.395770072937012,89773466,0.0,0.0
2025-11-17,11.399999618530273,11.539999961853027,11.34000015258789,11.390000343322754,11.375795364379883,47577639,0.0,0.0
2025-11-18,11.350000381469727,11.489999771118164,11.270000457763672,11.300000190734863,11.285906791687012,56114055,0.0,0.0
2025-11-19,11.25,11.329999923706055,11.0,11.109999656677246,11.09614372253418,61539748,0.0,0.0
2025-11-20,11.220000267028809,11.260000228881836,11.020000457763672,11.029999732971191,11.016243934631348,42765913,0.0,0.0
2025-11-21,10.880000114440918,10.970000267028809,10.609999656677246,10.619999885559082,10.606755256652832,66791260,0.0,0.0
2025-11-24,10.670000076293945,10.800000190734863,10.539999961853027,10.75,10.736593246459961,41902891,0.0,0.0
2025-11-25,10.8100004196167,10.979999542236328,10.770000457763672,10.829999923706055,10.816493034362793,47001883,0.0,0.0
2025-11-26,10.800000190734863,10.899999618530273,10.739999771118164,10.75,10.736593246459961,40372875,0.0,0.0
2025-11-27,10.880000114440918,11.09000015258789,10.829999923706055,10.869999885559082,10.856443405151367,68309015,0.0,0.0
2025-11-28,10.819999694824219,10.920000076293945,10.770000457763672,10.90999984741211,10.896392822265625,40522489,0.0,0.0
2025-12-01,11.020000457763672,11.270000457763672,10.960000038146973,11.260000228881836,11.245957374572754,73727868,0.0,0.0
2025-12-02,11.199999809265137,11.220000267028809,11.109999656677246,11.170000076293945,11.156068801879883,43312526,0.0,0.0
2025-12-03,11.15999984741211,11.239999771118164,10.989999771118164,11.039999961853027,11.026230812072754,41334226,0.0,0.0
2025-12-04,11.050000190734863,11.130000114440918,10.890000343322754,11.119999885559082,11.106131553649902,41529298,0.0,0.0
2025-12-05,11.069999694824219,11.130000114440918,10.9399995803833,11.109999656677246,11.09614372253418,40587223,0.0,0.0
2025-12-08,11.130000114440918,11.260000228881836,11.109999656677246,11.199999809265137,11.186031341552734,51792029,0.0,0.0
2025-12-09,11.119999885559082,11.229999542236328,11.050000190734863,11.050000190734863,11.036218643188477,46884641,0.0,0.0
2025-12-10,11.0,11.079999923706055,10.920000076293945,11.039999961853027,11.026230812072754,45430797,0.0,0.0
2025-12-11,11.079999923706055,11.09000015258789,10.850000381469727,10.859999656677246,10.846455574035645,38462128,0.0,0.0
2025-12-12,10.84000015258789,11.020000457763672,10.829999923706055,11.010000228881836,10.996269226074219,65824880,0.0,0.0
2025-12-15,10.869999885559082,10.920000076293945,10.770000457763672,10.789999961853027,10.776542663574219,39751266,0.0,0.0
2025-12-16,10.770000457763672,10.800000190734863,10.460000038146973,10.539999961853027,10.526854515075684,49556728,0.0,0.0
2025-12-17,10.529999732971191,10.770000457763672,10.470000267028809,10.729999542236328,10.716617584228516,41175863,0.0,0.0
2025-12-18,10.640000343322754,10.829999923706055,10.609999656677246,10.6899995803833,10.676667213439941,30561632,0.0,0.0
2025-12-19,10.75,10.8100004196167,10.6899995803833,10.699999809265137,10.686655044555664,38344239,0.0,0.0
2025-12-22,10.720000267028809,10.970000267028809,10.720000267028809,10.90999984741211,10.896392822265625,50281420,0.0,0.0
2025-12-23,10.899999618530273,11.050000190734863,10.850000381469727,10.9399995803833,10.926355361938477,50329634,0.0,0.0
2025-12-24,10.90999984741211,11.149999618530273,10.890000343322754,11.119999885559082,11.106131553649902,53794220,0.0,0.0
2025-12-25,11.130000114440918,11.180000305175781,11.050000190734863,11.119999885559082,11.106131553649902,41034562,0.0,0.0
2025-12-26,11.069999694824219,11.15999984741211,11.020000457763672,11.09000015258789,11.07616901397705,41638164,0.0,0.0
2025-12-29,11.09000015258789,11.170000076293945,10.970000267028809,11.029999732971191,11.016243934631348,42306214,0.0,0.0
2025-12-30,11.0,11.109999656677246,10.960000038146973,11.050000190734863,11.036218643188477,34686972,0.0,0.0
2025-12-31,11.039999961853027,11.140000343322754,10.970000267028809,10.970000267028809,10.956318855285645,39414698,0.0,0.0
2026-01-05,11.050000190734863,11.25,11.050000190734863,11.239999771118164,11.225981712341309,82738877,0.0,0.0
2026-01-06,11.260000228881836,11.420000076293945,11.1899995803833,11.369999885559082,11.355819702148438,76049347,0.0,0.0
2026-01-07,11.510000228881836,11.630000114440918,11.369999885559082,11.449999809265137,11.43571949005127,102351018,0.0,0.0
2026-01-08,11.350000381469727,11.619999885559082,11.300000190734863,11.510000228881836,11.495645523071289,78935504,0.0,0.0
2026-01-09,11.470000267028809,11.789999961853027,11.460000038146973,11.710000038146973,11.695395469665527,101495094,0.0,0.0
2026-01-12,11.760000228881836,12.149999618530273,11.760000228881836,12.140000343322754,12.124859809875488,158916427,0.0,0.0
2026-01-13,12.229999542236328,12.229999542236328,11.630000114440918,11.680000305175781,11.665432929992676,144334905,0.0,0.0
2026-01-14,11.65999984741211,11.930000305175781,11.539999961853027,11.6899995803833,11.675419807434082,107103420,0.0,0.0
2026-01-15,11.600000381469727,11.930000305175781,11.5600004196167,11.920000076293945,11.905134201049805,108783215,0.0,0.0
2026-01-16,12.050000190734863,12.84000015258789,11.920000076293945,12.699999809265137,12.684161186218262,328618000,0.0,0.0
2026-01-19,12.699999809265137,12.930000305175781,12.489999771118164,12.699999809265137,12.684161186218262,247279701,0.0,0.0
2026-01-20,12.600000381469727,13.079999923706055,12.579999923706055,12.890000343322754,12.873924255371094,227086227,0.0,0.0
2026-01-21,12.800000190734863,14.180000305175781,12.699999809265137,14.180000305175781,14.162315368652344,352346495,0.0,0.0
2026-01-22,14.949999809265137,14.949999809265137,13.699999809265137,13.850000381469727,13.832727432250977,582559076,0.0,0.0
2026-01-23,13.800000190734863,14.569999694824219,13.630000114440918,14.279999732971191,14.262189865112305,464062840,0.0,0.0
2026-01-26,14.199999809265137,14.489999771118164,13.239999771118164,13.329999923706055,13.313375473022461,334990284,0.0,0.0
2026-01-27,13.270000457763672,14.65999984741211,13.0600004196167,14.65999984741211,14.641716003417969,453229204,0.0,0.0
2026-01-28,15.100000381469727,15.800000190734863,15.050000190734863,15.199999809265137,15.181042671203613,680788274,0.0,0.0
2026-01-29,14.970000267028809,16.0,14.779999732971191,14.800000190734863,14.78154182434082,535575617,0.0,0.0
2026-01-30,14.789999961853027,15.489999771118164,14.600000381469727,15.170000076293945,15.151080131530762,454396645,0.0,0.0
2026-02-02,14.600000381469727,14.84000015258789,14.029999732971191,14.069999694824219,14.052452087402344,361820636,0.0,0.0
2026-02-03,14.430000305175781,15.069999694824219,14.210000038146973,14.720000267028809,14.701642036437988,296907973,0.0,0.0
2026-02-04,14.479999542236328,14.479999542236328,14.0,14.289999961853027,14.272177696228027,258176589,0.0,0.0
2026-02-05,13.859999656677246,14.050000190734863,13.5,13.90999984741211,13.892651557922363,198500325,0.0,0.0
2026-02-06,13.680000305175781,13.779999732971191,13.350000381469727,13.510000228881836,13.49315071105957,168691057,0.0,0.0
2026-02-09,13.829999923706055,14.25,13.65999984741211,14.09000015258789,14.072427749633789,206635070,0.0,0.0
2026-02-10,14.010000228881836,14.199999809265137,13.829999923706055,13.850000381469727,13.832727432250977,134836570,0.0,0.0
2026-02-11,14.029999732971191,14.229999542236328,13.779999732971191,13.800000190734863,13.78278923034668,152881156,0.0,0.0
2026-02-12,14.039999961853027,14.399999618530273,13.880000114440918,14.270000457763672,14.252202987670898,236284451,0.0,0.0
2026-02-13,14.029999732971191,14.640000343322754,13.9399995803833,14.350000381469727,14.332103729248047,219211067,0.0,0.0
2026-02-24,14.350000381469727,14.869999885559082,14.329999923706055,14.640000343322754,14.621742248535156,223523702,0.0,0.0
2026-02-25,14.699999809265137,14.920000076293945,14.359999656677246,14.680000305175781,14.661691665649414,233455802,0.0,0.0
2026-02-26,14.670000076293945,15.350000381469727,14.609999656677246,15.119999885559082,15.101142883300781,275188472,0.0,0.0
2026-02-27,14.819999694824219,15.180000305175781,14.609999656677246,15.180000305175781,15.161067962646484,198576450,0.0,0.0
2026-03-02,14.779999732971191,15.199999809265137,14.670000076293945,14.710000038146973,14.691654205322266,202430826,0.0,0.0
2026-03-03,14.720000267028809,15.279999732971191,14.0600004196167,14.130000114440918,14.112377166748047,235172563,0.0,0.0
2026-03-04,13.90999984741211,14.5600004196167,13.869999885559082,14.100000381469727,14.082415580749512,158975306,0.0,0.0
2026-03-05,14.449999809265137,14.680000305175781,14.149999618530273,14.239999771118164,14.222240447998047,168486848,0.0,0.0
2026-03-06,14.119999885559082,14.430000305175781,13.970000267028809,14.010000228881836,13.99252700805664,132625505,0.0,0.0
2026-03-09,13.630000114440918,13.850000381469727,13.069999694824219,13.760000228881836,13.742838859558105,176595986,0.0,0.0
2026-03-10,13.989999771118164,14.300000190734863,13.960000038146973,14.170000076293945,14.152327537536621,138025268,0.0,0.0
2026-03-11,14.1899995803833,14.420000076293945,14.0,14.079999923706055,14.062439918518066,114643235,0.0,0.0
2026-03-12,14.020000457763672,14.319999694824219,13.729999542236328,13.90999984741211,13.892651557922363,117246892,0.0,0.0
2026-03-13,13.6899995803833,14.050000190734863,13.600000381469727,13.649999618530273,13.632975578308105,104603829,0.0,0.0
2026-03-16,13.609999656677246,14.09000015258789,13.40999984741211,14.050000190734863,14.032477378845215,140351446,0.0,0.0
2026-03-17,14.170000076293945,14.170000076293945,13.479999542236328,13.489999771118164,13.473175048828125,115984548,0.0,0.0
2026-03-18,13.699999809265137,13.949999809265137,13.569999694824219,13.930000305175781,13.912627220153809,132076823,0.0,0.0
2026-03-19,13.75,13.930000305175781,13.470000267028809,13.539999961853027,13.523113250732422,114803135,0.0,0.0
2026-03-20,13.649999618530273,13.699999809265137,13.0,13.0,12.983786582946777,122242731,0.0,0.0
2026-03-23,12.699999809265137,12.869999885559082,12.109999656677246,12.1899995803833,12.174797058105469,139783569,0.0,0.0
2026-03-24,12.430000305175781,12.479999542236328,11.9399995803833,12.34000015258789,12.324609756469727,94411913,0.0,0.0
2026-03-25,12.380000114440918,12.829999923706055,12.380000114440918,12.65999984741211,12.644210815429688,96369816,0.0,0.0
2026-03-26,12.539999961853027,12.59000015258789,12.149999618530273,12.229999542236328,12.214746475219727,70031672,0.0,0.0
2026-03-27,11.989999771118164,12.390000343322754,11.930000305175781,12.25,12.234722137451172,67547082,0.0,0.0
2026-03-30,12.010000228881836,12.220000267028809,11.779999732971191,12.199999809265137,12.184783935546875,72431581,0.0,0.0
2026-03-31,12.149999618530273,12.170000076293945,11.630000114440918,11.640000343322754,11.625483512878418,104709967,0.0,0.0
2026-04-01,11.949999809265137,12.039999961853027,11.800000190734863,11.930000305175781,11.915122032165527,82293443,0.0,0.0
2026-04-02,11.930000305175781,11.930000305175781,11.430000305175781,11.550000190734863,11.535594940185547,67716581,0.0,0.0
2026-04-03,11.5600004196167,11.609999656677246,11.300000190734863,11.359999656677246,11.345831871032715,58127698,0.0,0.0
2026-04-07,11.449999809265137,11.579999923706055,11.390000343322754,11.460000038146973,11.445707321166992,48767599,0.0,0.0
2026-04-08,11.800000190734863,12.15999984741211,11.789999961853027,12.15999984741211,12.144834518432617,107139794,0.0,0.0
2026-04-09,12.0,12.34000015258789,11.920000076293945,12.130000114440918,12.114871978759766,115402931,0.0,0.0
2026-04-10,12.319999694824219,12.479999542236328,12.229999542236328,12.239999771118164,12.22473430633545,88562265,0.0,0.0
2026-04-13,12.130000114440918,12.529999732971191,12.09000015258789,12.359999656677246,12.344584465026855,84925720,0.0,0.0
2026-04-14,12.520000457763672,12.720000267028809,12.489999771118164,12.6899995803833,12.674173355102539,114690837,0.0,0.0
2026-04-15,12.739999771118164,12.800000190734863,12.380000114440918,12.460000038146973,12.444459915161133,99541518,0.0,0.0
2026-04-16,12.449999809265137,12.550000190734863,12.359999656677246,12.539999961853027,12.524360656738281,70188443,0.0,0.0
2026-04-17,12.5,12.850000381469727,12.460000038146973,12.739999771118164,12.72411060333252,108545528,0.0,0.0
2026-04-20,12.779999732971191,12.899999618530273,12.670000076293945,12.760000228881836,12.744086265563965,90776637,0.0,0.0
2026-04-21,12.699999809265137,12.729999542236328,12.34000015258789,12.550000190734863,12.534348487854004,92371439,0.0,0.0
2026-04-22,12.5,12.84000015258789,12.460000038146973,12.8100004196167,12.794024467468262,96958856,0.0,0.0
2026-04-23,12.880000114440918,12.920000076293945,12.390000343322754,12.470000267028809,12.454447746276855,92251537,0.0,0.0
2026-04-24,12.40999984741211,12.770000457763672,12.40999984741211,12.449999809265137,12.434473037719727,84633787,0.0,0.0
2026-04-27,12.649999618530273,12.970000267028809,12.59000015258789,12.890000343322754,12.873924255371094,145713137,0.0,0.0
2026-04-28,12.869999885559082,12.890000343322754,12.460000038146973,12.649999618530273,12.634222984313965,115562768,0.0,0.0
2026-04-29,12.649999618530273,12.90999984741211,12.569999694824219,12.770000457763672,12.754074096679688,110750530,0.0,0.0
2026-04-30,12.859999656677246,13.15999984741211,12.770000457763672,13.109999656677246,13.093648910522461,194773928,0.0,0.0
2026-05-06,13.680000305175781,14.0600004196167,13.579999923706055,13.619999885559082,13.603013038635254,280884709,0.0,0.0
2026-05-07,13.850000381469727,13.979999542236328,13.529999732971191,13.9399995803833,13.922614097595215,219316248,0.0,0.0
2026-05-08,13.699999809265137,13.850000381469727,13.449999809265137,13.739999771118164,13.722864151000977,184470958,0.0,0.0
2026-05-11,14.010000228881836,14.75,14.010000228881836,14.739999771118164,14.721616744995117,319499574,0.0,0.0
2026-05-12,14.800000190734863,14.800000190734863,14.3100004196167,14.430000305175781,14.412003517150879,223551422,0.0,0.0
2026-05-13,14.079999923706055,14.75,13.90999984741211,14.630000114440918,14.611754417419434,249372517,0.0,0.0
2026-05-14,14.670000076293945,14.880000114440918,14.25,14.260000228881836,14.242215156555176,208665762,0.0,0.0
2026-05-15,14.279999732971191,14.770000457763672,13.890000343322754,14.300000190734863,14.28216552734375,254828523,0.0,0.0
2026-05-18,14.300000190734863,15.050000190734863,14.220000267028809,14.6899995803833,14.67167854309082,293784128,0.0,0.0
2026-05-19,14.5,15.4399995803833,14.229999542236328,15.300000190734863,15.28091812133789,341909514,0.0,0.0
2026-05-20,15.149999618530273,16.780000686645508,15.050000190734863,15.880000114440918,15.86019515991211,500069584,0.0,0.0
2026-05-21,16.0,16.459999084472656,15.079999923706055,15.1899995803833,15.17105484008789,460179069,0.0,0.0
2026-05-22,15.430000305175781,15.520000457763672,14.680000305175781,15.430000305175781,15.41075611114502,342251171,0.0,0.0
2026-05-25,16.0,16.969999313354492,15.90999984741211,16.969999313354492,16.948835372924805,291241305,0.0,0.0
2026-05-26,18.670000076293945,18.670000076293945,18.15999984741211,18.670000076293945,18.64671516418457,603930931,0.0,0.0
2026-05-27,19.75,20.540000915527344,19.399999618530273,20.149999618530273,20.124868392944336,1210651571,0.0,0.0
2026-05-28,20.149999618530273,21.959999084472656,20.149999618530273,21.489999771118164,21.463197708129883,923732498,0.0,0.0
2026-05-29,21.06999969482422,21.5,19.34000015258789,19.34000015258789,19.315879821777344,801797716,0.0,0.0
2026-06-01,19.649999618530273,20.270000457763672,18.260000228881836,18.43000030517578,18.407014846801758,674793683,0.0,0.0
2026-06-02,18.25,18.649999618530273,17.510000228881836,18.329999923706055,18.307138442993164,554840869,0.0,0.0
2026-06-03,18.479999542236328,20.100000381469727,18.360000610351562,19.15999984741211,19.136104583740234,669444773,0.0,0.0
2026-06-04,18.65999984741211,19.5,18.549999237060547,19.260000228881836,19.235979080200195,431319881,0.0,0.0
2026-06-05,18.979999542236328,19.15999984741211,17.889999389648438,18.079999923706055,18.057451248168945,408868027,0.0,0.0
2026-06-08,16.920000076293945,17.549999237060547,16.549999237060547,16.799999237060547,16.7790470123291,331161123,0.0,0.0
2026-06-09,17.389999389648438,17.729999542236328,16.809999465942383,17.639999389648438,17.618000030517578,274634834,0.0,0.0
2026-06-10,17.309999465942383,17.760000228881836,16.850000381469727,17.110000610351562,17.110000610351562,237907122,0.022,0.0
2026-06-11,17.059999465942383,17.200000762939453,16.520000457763672,16.75,16.75,214048793,0.0,0.0
2026-06-12,17.350000381469727,17.530000686645508,16.010000228881836,16.059999465942383,16.059999465942383,303292745,0.0,0.0
2026-06-15,16.3799991607666,17.139999389648438,16.06999969482422,17.1299991607666,17.1299991607666,295044240,0.0,0.0
2026-06-16,17.299999237060547,18.049999237060547,17.200000762939453,17.81999969482422,17.81999969482422,344388823,0.0,0.0
2026-06-17,17.5,19.190000534057617,17.450000762939453,19.049999237060547,19.049999237060547,519774900,0.0,0.0
2026-06-18,19.299999237060547,19.940000534057617,19.049999237060547,19.610000610351562,19.610000610351562,471182458,0.0,0.0
2026-06-22,19.989999771118164,20.489999771118164,19.5,20.440000534057617,20.440000534057617,565622505,0.0,0.0
2026-06-23,20.079999923706055,20.8799991607666,19.280000686645508,19.540000915527344,19.540000915527344,414931088,0.0,0.0
2026-06-24,19.399999618530273,21.209999084472656,19.079999923706055,20.979999542236328,20.979999542236328,593693168,0.0,0.0
2026-06-25,21.3799991607666,22.649999618530273,20.729999542236328,22.399999618530273,22.399999618530273,548376575,0.0,0.0
2026-06-26,21.899999618530273,23.860000610351562,21.709999084472656,22.559999465942383,22.559999465942383,659178886,0.0,0.0
2026-06-29,22.729999542236328,23.5,20.579999923706055,21.920000076293945,21.920000076293945,609053936,0.0,0.0
2026-06-30,21.850000381469727,22.68000030517578,20.81999969482422,22.309999465942383,22.309999465942383,468346720,0.0,0.0
2026-07-01,22.540000915527344,23.639999389648438,21.280000686645508,21.860000610351562,21.860000610351562,526779207,0.0,0.0
2026-07-02,20.690000534057617,21.469999313354492,19.670000076293945,20.270000457763672,20.270000457763672,428533324,0.0,0.0
2026-07-03,20.280000686645508,20.540000915527344,19.440000534057617,19.510000228881836,19.510000228881836,323590189,0.0,0.0
2026-07-06,20.100000381469727,20.860000610351562,19.510000228881836,19.940000534057617,19.940000534057617,346767491,0.0,0.0
2026-07-07,19.84000015258789,21.93000030517578,19.459999084472656,21.93000030517578,21.93000030517578,562638385,0.0,0.0
2026-07-08,22.969999313354492,23.420000076293945,20.700000762939453,21.56999969482422,21.56999969482422,671512880,0.0,0.0
2026-07-09,21.75,23.729999542236328,21.40999984741211,23.729999542236328,23.729999542236328,462101284,0.0,0.0
2026-07-10,26.100000381469727,26.100000381469727,25.100000381469727,25.309999465942383,25.309999465942383,494881704,0.0,0.0
2026-07-13,25.06999969482422,26.809999465942383,23.850000381469727,24.1299991607666,24.1299991607666,815676586,0.0,0.0
2026-07-14,23.719999313354492,26.399999618530273,23.719999313354492,25.68000030517578,25.68000030517578,839060602,0.0,0.0
2026-07-15,25.040000915527344,25.219999313354492,23.110000610351562,23.110000610351562,23.110000610351562,641107986,0.0,0.0
2026-07-16,20.799999237060547,21.739999771118164,20.799999237060547,20.799999237060547,20.799999237060547,512588611,0.0,0.0
2026-07-17,19.5,19.8700008392334,18.719999313354492,18.719999313354492,18.719999313354492,530516432,0.0,0.0
2026-07-20,18.600000381469727,18.709999084472656,16.850000381469727,16.850000381469727,16.850000381469727,436123753,0.0,0.0
2026-07-21,16.799999237060547,18.5,15.170000076293945,18.350000381469727,18.350000381469727,696241399,0.0,0.0
2026-07-22,17.600000381469727,19.5,17.600000381469727,18.420000076293945,18.420000076293945,668730673,0.0,0.0
2026-07-23,18.549999237060547,18.719999313354492,17.420000076293945,17.690000534057617,17.690000534057617,416783660,0.0,0.0
2026-07-24,17.219999313354492,18.850000381469727,17.079999923706055,18.59000015258789,18.59000015258789,526619629,0.0,0.0
2026-07-27,18.299999237060547,18.81999969482422,17.190000534057617,18.59000015258789,18.59000015258789,448416791,0.0,0.0
2026-07-28,18.0,18.950000762939453,17.260000228881836,17.469999313354492,17.469999313354492,446012990,0.0,0.0
2026-07-29,17.709999084472656,17.93000030517578,16.049999237060547,16.56999969482422,16.56999969482422,419862964,0.0,0.0
2026-07-30,16.309999465942383,16.510000228881836,14.90999984741211,14.90999984741211,14.90999984741211,399613735,0.0,0.0
2026-07-31,16.010000228881836,16.149999618530273,15.460000038146973,15.470000267028809,15.470000267028809,376468426,0.0,0.0
2026-08-03,15.109999656677246,15.479999542236328,14.699999809265137,14.770000457763672,14.770000457763672,281236334,0.0,0.0
2026-08-04,14.970000267028809,15.649999618530273,14.8100004196167,15.529999732971191,15.529999732971191,313597630,0.0,0.0
2026-08-05,15.550000190734863,16.989999771118164,15.550000190734863,16.59000015258789,16.59000015258789,452176146,0.0,0.0
2026-08-06,16.100000381469727,17.65999984741211,16.09000015258789,17.260000228881836,17.260000228881836,473222342,0.0,0.0
2026-08-07,17.270000457763672,18.049999237060547,17.1200008392334,17.979999542236328,17.979999542236328,434953507,0.0,0.0
2026-08-10,18.18000030517578,18.190000534057617,17.510000228881836,18.059999465942383,18.059999465942383,318535792,0.0,0.0
2026-08-11,17.8799991607666,18.43000030517578,17.65999984741211,17.93000030517578,17.93000030517578,294633874,0.0,0.0
2026-08-12,18.06999969482422,18.389999389648438,17.850000381469727,18.299999237060547,18.299999237060547,259892930,0.0,0.0
2026-08-13,18.649999618530273,18.700000762939453,17.8700008392334,17.8799991607666,17.8799991607666,314202609,0.0,0.0
2026-08-14,18.1299991607666,18.389999389648438,17.600000381469727,17.979999542236328,17.979999542236328,245151924,0.0,0.0
2026-08-17,18.0,19.020000457763672,17.93000030517578,19.0,19.0,392030990,0.0,0.0
2026-08-18,19.0,19.219999313354492,18.5,18.700000762939453,18.700000762939453,318263411,0.0,0.0
2026-08-19,18.010000228881836,18.770000457763672,17.18000030517578,17.360000610351562,17.360000610351562,316686563,0.0,0.0
2026-08-20,17.600000381469727,17.889999389648438,17.139999389648438,17.350000381469727,17.350000381469727,203135948,0.0,0.0
2026-08-21,17.25,17.6200008392334,17.020000457763672,17.420000076293945,17.420000076293945,154722508,0.0,0.0
2026-08-24,17.520000457763672,17.68000030517578,16.469999313354492,16.8799991607666,16.8799991607666,197946339,0.0,0.0
2026-08-25,16.5,17.059999465942383,16.0,16.84000015258789,16.84000015258789,191422261,0.0,0.0
2026-08-26,16.90999984741211,16.969999313354492,16.43000030517578,16.65999984741211,16.65999984741211,138673732,0.0,0.0
2026-08-27,16.959999084472656,17.260000228881836,16.670000076293945,17.18000030517578,17.18000030517578,218271409,0.0,0.0
2026-08-28,17.1200008392334,17.440000534057617,16.90999984741211,16.920000076293945,16.920000076293945,195253519,0.0,0.0
2026-08-31,16.549999237060547,17.049999237060547,16.530000686645508,17.049999237060547,17.049999237060547,147061818,0.0,0.0
2026-09-01,17.049999237060547,17.049999237060547,16.459999084472656,16.520000457763672,16.520000457763672,151631047,0.0,0.0
2026-09-02,16.360000610351562,16.3700008392334,15.949999809265137,16.049999237060547,16.049999237060547,130542812,0.0,0.0
2026-09-03,16.270000457763672,16.290000915527344,15.829999923706055,16.020000457763672,16.020000457763672,118142071,0.0,0.0
2026-09-04,16.170000076293945,16.280000686645508,15.449999809265137,15.569999694824219,15.569999694824219,156522920,0.0,0.0
2026-09-07,15.880000114440918,16.1299991607666,15.75,16.079999923706055,16.079999923706055,165898126,0.0,0.0
2026-09-08,16.079999923706055,16.3700008392334,15.859999656677246,15.970000267028809,15.970000267028809,180640672,0.0,0.0
2026-09-09,16.100000381469727,16.450000762939453,16.010000228881836,16.170000076293945,16.170000076293945,185387395,0.0,0.0
2026-09-10,16.0,16.559999465942383,15.899999618530273,16.3799991607666,16.3799991607666,219944450,0.0,0.0
2026-09-11,16.010000228881836,16.260000228881836,15.600000381469727,16.200000762939453,16.200000762939453,203894160,0.0,0.0
